date,mine_name,base_capacity,rainfall_mm,rain_3d_mm,rain_7d_mm,soil_moisture_pct,equipment_downtime_hours,blast_delay_minutes,actual_rom_tonnes
2022-01-01,Balaghat,922.5,0.0,0.0,0.0,12.85,0.94,0.23,902.99
2022-01-02,Balaghat,922.5,0.0,0.0,0.0,13.14,2.21,11.96,851.62
2022-01-03,Balaghat,922.5,0.0,0.0,0.0,12.29,1.21,4.64,903.81
2022-01-04,Balaghat,922.5,4.52,1.51,1.13,15.7,0.23,11.34,893.15
2022-01-05,Balaghat,922.5,0.0,1.51,0.9,15.54,1.24,12.07,889.68
2022-01-06,Balaghat,922.5,0.0,1.51,0.75,15.65,1.11,3.22,891.62
2022-01-07,Balaghat,922.5,0.0,0.0,0.65,13.95,0.3,14.0,907.77
2022-01-08,Balaghat,922.5,0.0,0.0,0.65,13.96,1.59,9.06,862.9
2022-01-09,Balaghat,922.5,4.79,1.6,1.33,15.63,0.79,2.53,897.75
2022-01-10,Balaghat,922.5,0.0,1.6,1.33,13.26,1.38,13.26,882.06
2022-01-11,Balaghat,922.5,0.0,1.6,0.68,12.37,0.0,0.0,915.52
2022-01-12,Balaghat,922.5,0.0,0.0,0.68,11.2,1.62,5.83,854.43
2022-01-13,Balaghat,922.5,0.0,0.0,0.68,10.81,0.47,4.19,938.62
2022-01-14,Balaghat,922.5,0.0,0.0,0.68,8.93,1.58,19.78,853.75
2022-01-15,Balaghat,922.5,0.0,0.0,0.68,7.29,0.82,1.59,910.18
2022-01-16,Balaghat,922.5,0.0,0.0,0.0,9.25,0.36,0.49,912.16
2022-01-17,Balaghat,922.5,0.0,0.0,0.0,8.88,0.07,5.42,949.05
2022-01-18,Balaghat,922.5,0.0,0.0,0.0,9.53,0.11,0.0,935.64
2022-01-19,Balaghat,922.5,0.0,0.0,0.0,10.07,1.24,1.74,873.96
2022-01-20,Balaghat,922.5,0.0,0.0,0.0,9.67,3.1,9.9,844.9
2022-01-21,Balaghat,922.5,0.0,0.0,0.0,9.61,2.57,8.24,860.79
2022-01-22,Balaghat,922.5,0.0,0.0,0.0,10.79,0.47,4.09,915.76
2022-01-23,Balaghat,922.5,0.0,0.0,0.0,10.25,1.55,0.0,885.01
2022-01-24,Balaghat,922.5,0.0,0.0,0.0,8.04,1.09,8.32,903.2
2022-01-25,Balaghat,922.5,0.0,0.0,0.0,7.37,0.49,8.57,909.75
2022-01-26,Balaghat,922.5,0.0,0.0,0.0,9.18,0.0,8.65,901.97
2022-01-27,Balaghat,922.5,0.0,0.0,0.0,6.06,0.52,0.0,885.15
2022-01-28,Balaghat,922.5,0.0,0.0,0.0,4.15,1.38,3.19,922.81
2022-01-29,Balaghat,922.5,0.0,0.0,0.0,3.6,1.6,5.22,881.04
2022-01-30,Balaghat,922.5,0.0,0.0,0.0,3.0,1.42,9.54,873.23
2022-01-31,Balaghat,922.5,3.09,1.03,0.44,5.79,0.81,19.83,858.79
2022-02-01,Balaghat,922.5,0.0,1.03,0.44,5.99,0.32,6.93,905.78
2022-02-02,Balaghat,922.5,0.0,1.03,0.44,7.39,0.89,7.58,870.77
2022-02-03,Balaghat,922.5,0.0,0.0,0.44,6.56,0.68,26.19,908.11
2022-02-04,Balaghat,922.5,0.0,0.0,0.44,8.26,1.2,11.4,867.97
2022-02-05,Balaghat,922.5,0.0,0.0,0.44,7.53,3.1,12.62,829.89
2022-02-06,Balaghat,922.5,0.0,0.0,0.44,8.89,1.16,4.53,900.89
2022-02-07,Balaghat,922.5,0.0,0.0,0.0,9.09,1.58,17.47,882.85
2022-02-08,Balaghat,922.5,0.0,0.0,0.0,7.86,1.9,5.18,877.22
2022-02-09,Balaghat,922.5,0.0,0.0,0.0,7.85,2.04,18.37,870.07
2022-02-10,Balaghat,922.5,0.0,0.0,0.0,7.39,2.99,10.42,819.49
2022-02-11,Balaghat,922.5,0.0,0.0,0.0,6.4,0.33,0.0,923.89
2022-02-12,Balaghat,922.5,0.0,0.0,0.0,6.35,1.1,6.57,898.9
2022-02-13,Balaghat,922.5,1.82,0.61,0.26,6.84,2.03,8.73,839.61
2022-02-14,Balaghat,922.5,0.0,0.61,0.26,4.65,0.31,9.67,932.4
2022-02-15,Balaghat,922.5,1.72,1.18,0.51,4.85,2.37,0.26,868.01
2022-02-16,Balaghat,922.5,0.0,0.57,0.51,6.63,0.0,3.23,936.9
2022-02-17,Balaghat,922.5,0.0,0.57,0.51,5.59,0.4,7.29,932.45
2022-02-18,Balaghat,922.5,0.0,0.0,0.51,3.48,2.64,11.19,893.67
2022-02-19,Balaghat,922.5,0.0,0.0,0.51,3.36,0.68,10.64,884.97
2022-02-20,Balaghat,922.5,0.0,0.0,0.25,3.0,0.09,24.71,906.44
2022-02-21,Balaghat,922.5,0.0,0.0,0.25,3.0,0.91,16.43,936.96
2022-02-22,Balaghat,922.5,0.0,0.0,0.0,4.54,0.93,7.67,882.09
2022-02-23,Balaghat,922.5,0.0,0.0,0.0,5.0,1.75,4.07,900.3
2022-02-24,Balaghat,922.5,0.0,0.0,0.0,4.3,2.43,0.0,915.39
2022-02-25,Balaghat,922.5,0.0,0.0,0.0,3.37,1.23,10.83,894.9
2022-02-26,Balaghat,922.5,0.0,0.0,0.0,3.0,1.54,1.91,914.63
2022-02-27,Balaghat,922.5,0.0,0.0,0.0,4.57,1.62,3.11,895.21
2022-02-28,Balaghat,922.5,0.0,0.0,0.0,5.06,0.0,0.0,927.07
2022-03-01,Balaghat,922.5,0.0,0.0,0.0,4.45,0.33,14.19,914.1
2022-03-02,Balaghat,922.5,0.0,0.0,0.0,6.62,0.49,0.0,911.19
2022-03-03,Balaghat,922.5,0.0,0.0,0.0,6.29,0.65,8.21,906.0
2022-03-04,Balaghat,922.5,0.0,0.0,0.0,5.83,1.2,6.16,888.67
2022-03-05,Balaghat,922.5,0.0,0.0,0.0,3.0,0.0,8.02,900.5
2022-03-06,Balaghat,922.5,0.0,0.0,0.0,4.75,0.9,0.0,894.76
2022-03-07,Balaghat,922.5,0.0,0.0,0.0,4.76,0.0,16.39,918.73
2022-03-08,Balaghat,922.5,0.0,0.0,0.0,5.01,0.0,10.42,899.1
2022-03-09,Balaghat,922.5,0.0,0.0,0.0,5.57,1.68,5.59,872.93
2022-03-10,Balaghat,922.5,2.14,0.71,0.31,7.62,0.88,32.18,872.98
2022-03-11,Balaghat,922.5,0.0,0.71,0.31,6.93,0.42,9.31,909.44
2022-03-12,Balaghat,922.5,0.0,0.71,0.31,6.34,1.03,0.0,934.97
2022-03-13,Balaghat,922.5,0.0,0.0,0.31,7.97,0.34,7.59,903.43
2022-03-14,Balaghat,922.5,0.0,0.0,0.31,7.47,0.26,2.67,905.49
2022-03-15,Balaghat,922.5,0.0,0.0,0.31,7.96,0.61,23.46,898.44
2022-03-16,Balaghat,922.5,0.0,0.0,0.31,7.28,2.31,2.13,866.29
2022-03-17,Balaghat,922.5,0.0,0.0,0.0,7.79,2.81,13.05,816.72
2022-03-18,Balaghat,922.5,0.0,0.0,0.0,6.39,0.0,4.8,899.58
2022-03-19,Balaghat,922.5,0.0,0.0,0.0,7.26,0.48,5.61,920.81
2022-03-20,Balaghat,922.5,0.0,0.0,0.0,6.81,0.07,8.36,912.37
2022-03-21,Balaghat,922.5,0.0,0.0,0.0,3.67,0.69,4.44,884.64
2022-03-22,Balaghat,922.5,0.0,0.0,0.0,3.52,1.56,11.3,853.16
2022-03-23,Balaghat,922.5,0.0,0.0,0.0,4.51,1.66,14.85,886.04
2022-03-24,Balaghat,922.5,0.0,0.0,0.0,3.17,0.47,20.67,907.36
2022-03-25,Balaghat,922.5,0.0,0.0,0.0,4.48,1.82,9.78,868.07
2022-03-26,Balaghat,922.5,0.0,0.0,0.0,6.23,3.57,20.72,815.87
2022-03-27,Balaghat,922.5,0.0,0.0,0.0,5.92,0.12,26.35,902.72
2022-03-28,Balaghat,922.5,0.0,0.0,0.0,5.33,0.0,3.19,886.98
2022-03-29,Balaghat,922.5,6.62,2.21,0.95,8.55,0.47,14.63,920.73
2022-03-30,Balaghat,922.5,0.0,2.21,0.95,6.55,0.54,1.87,898.65
2022-03-31,Balaghat,922.5,0.0,2.21,0.95,5.67,0.65,0.0,870.84
2022-04-01,Balaghat,922.5,0.0,0.0,0.95,5.37,1.38,21.26,864.1
2022-04-02,Balaghat,922.5,0.0,0.0,0.95,4.65,2.71,35.04,838.6
2022-04-03,Balaghat,922.5,0.0,0.0,0.95,4.81,7.52,13.39,774.42
2022-04-04,Balaghat,922.5,0.0,0.0,0.95,4.86,1.05,2.14,900.92
2022-04-05,Balaghat,922.5,0.0,0.0,0.0,5.56,0.0,2.67,933.61
2022-04-06,Balaghat,922.5,0.0,0.0,0.0,3.0,0.0,7.25,933.85
2022-04-07,Balaghat,922.5,0.0,0.0,0.0,3.0,0.71,0.0,892.86
2022-04-08,Balaghat,922.5,0.0,0.0,0.0,3.0,1.32,5.38,863.91
2022-04-09,Balaghat,922.5,0.0,0.0,0.0,3.0,0.5,25.53,892.69
2022-04-10,Balaghat,922.5,0.0,0.0,0.0,3.0,1.02,21.29,893.85
2022-04-11,Balaghat,922.5,0.0,0.0,0.0,3.0,0.67,11.44,896.58
2022-04-12,Balaghat,922.5,0.0,0.0,0.0,3.0,1.12,18.83,894.99
2022-04-13,Balaghat,922.5,0.0,0.0,0.0,3.0,2.08,19.26,870.03
2022-04-14,Balaghat,922.5,0.0,0.0,0.0,3.22,0.25,7.33,902.48
2022-04-15,Balaghat,922.5,0.0,0.0,0.0,3.03,1.34,2.16,869.26
2022-04-16,Balaghat,922.5,0.0,0.0,0.0,3.0,1.86,8.8,860.23
2022-04-17,Balaghat,922.5,0.0,0.0,0.0,4.15,0.73,11.37,911.59
2022-04-18,Balaghat,922.5,0.0,0.0,0.0,4.66,0.0,10.23,946.72
2022-04-19,Balaghat,922.5,0.0,0.0,0.0,4.24,1.27,7.64,877.58
2022-04-20,Balaghat,922.5,0.0,0.0,0.0,4.75,1.14,6.36,872.12
2022-04-21,Balaghat,922.5,0.0,0.0,0.0,3.86,0.0,6.0,928.89
2022-04-22,Balaghat,922.5,0.0,0.0,0.0,4.01,0.44,5.04,909.3
2022-04-23,Balaghat,922.5,0.0,0.0,0.0,5.2,1.26,8.05,880.57
2022-04-24,Balaghat,922.5,0.0,0.0,0.0,5.7,0.55,4.24,898.12
2022-04-25,Balaghat,922.5,0.0,0.0,0.0,4.21,1.24,2.23,921.99
2022-04-26,Balaghat,922.5,0.0,0.0,0.0,4.45,0.92,25.81,871.5
2022-04-27,Balaghat,922.5,1.26,0.42,0.18,6.36,0.36,1.97,917.77
2022-04-28,Balaghat,922.5,0.0,0.42,0.18,9.35,0.54,6.31,908.27
2022-04-29,Balaghat,922.5,0.0,0.42,0.18,7.11,0.0,6.98,920.01
2022-04-30,Balaghat,922.5,0.0,0.0,0.18,8.15,3.54,20.98,844.61
2022-05-01,Balaghat,922.5,0.0,0.0,0.18,6.35,1.33,25.25,870.38
2022-05-02,Balaghat,922.5,0.0,0.0,0.18,5.68,1.42,0.96,901.02
2022-05-03,Balaghat,922.5,7.65,2.55,1.27,7.79,0.61,1.96,903.68
2022-05-04,Balaghat,922.5,0.0,2.55,1.09,8.98,0.76,7.26,932.2
2022-05-05,Balaghat,922.5,0.0,2.55,1.09,6.04,0.75,14.61,913.83
2022-05-06,Balaghat,922.5,0.0,0.0,1.09,6.84,1.41,13.63,839.57
2022-05-07,Balaghat,922.5,4.86,1.62,1.79,7.82,0.0,36.41,885.78
2022-05-08,Balaghat,922.5,0.0,1.62,1.79,5.06,0.74,1.5,912.96
2022-05-09,Balaghat,922.5,0.0,1.62,1.79,3.17,2.12,5.67,881.39
2022-05-10,Balaghat,922.5,13.05,4.35,2.56,8.76,1.44,25.24,899.0
2022-05-11,Balaghat,922.5,4.16,5.74,3.15,10.2,0.51,12.45,907.24
2022-05-12,Balaghat,922.5,0.0,5.74,3.15,9.0,0.0,0.0,900.45
2022-05-13,Balaghat,922.5,0.0,1.39,3.15,8.4,2.9,5.55,849.47
2022-05-14,Balaghat,922.5,0.0,0.0,2.46,8.58,0.0,4.41,919.33
2022-05-15,Balaghat,922.5,0.0,0.0,2.46,8.81,2.69,28.74,846.57
2022-05-16,Balaghat,922.5,0.0,0.0,2.46,6.11,1.11,23.36,868.2
2022-05-17,Balaghat,922.5,0.0,0.0,0.59,6.67,0.64,18.86,886.01
2022-05-18,Balaghat,922.5,0.0,0.0,0.0,6.13,0.58,17.39,889.75
2022-05-19,Balaghat,922.5,0.0,0.0,0.0,5.02,1.54,14.41,841.52
2022-05-20,Balaghat,922.5,0.0,0.0,0.0,5.67,0.39,10.15,909.23
2022-05-21,Balaghat,922.5,10.56,3.52,1.51,9.34,1.59,2.07,851.56
2022-05-22,Balaghat,922.5,0.0,3.52,1.51,9.68,0.27,17.03,881.71
2022-05-23,Balaghat,922.5,0.0,3.52,1.51,8.29,2.01,0.0,902.63
2022-05-24,Balaghat,922.5,9.12,3.04,2.81,9.11,1.21,3.89,861.27
2022-05-25,Balaghat,922.5,26.89,12.01,6.65,18.47,4.03,40.17,817.17
2022-05-26,Balaghat,922.5,9.41,15.14,8.0,23.43,1.56,8.57,852.3
2022-05-27,Balaghat,922.5,24.35,20.22,11.48,31.1,0.41,9.15,846.0
2022-05-28,Balaghat,922.5,0.0,11.25,9.97,28.78,1.78,12.51,867.46
2022-05-29,Balaghat,922.5,0.0,8.12,9.97,25.13,1.07,14.11,897.11
2022-05-30,Balaghat,922.5,0.0,0.0,9.97,23.24,0.77,19.96,865.77
2022-05-31,Balaghat,922.5,0.0,0.0,8.66,23.62,0.0,26.6,900.89
2022-06-01,Balaghat,922.5,0.0,0.0,4.82,23.62,0.42,4.89,911.86
2022-06-02,Balaghat,922.5,0.0,0.0,3.48,22.82,0.0,15.36,942.28
2022-06-03,Balaghat,922.5,81.53,27.18,11.65,49.72,1.84,15.28,776.17
2022-06-04,Balaghat,922.5,0.0,27.18,11.65,47.63,0.3,0.52,832.57
2022-06-05,Balaghat,922.5,0.0,27.18,11.65,43.28,2.43,0.73,816.37
2022-06-06,Balaghat,922.5,0.0,0.0,11.65,42.5,0.5,9.27,868.5
2022-06-07,Balaghat,922.5,0.0,0.0,11.65,42.71,1.1,11.86,837.59
2022-06-08,Balaghat,922.5,0.0,0.0,11.65,40.2,0.0,5.16,862.35
2022-06-09,Balaghat,922.5,0.0,0.0,11.65,37.56,0.15,6.56,875.62
2022-06-10,Balaghat,922.5,0.0,0.0,0.0,35.7,2.11,2.05,826.45
2022-06-11,Balaghat,922.5,24.63,8.21,3.52,41.75,0.0,10.44,843.53
2022-06-12,Balaghat,922.5,53.26,25.96,11.13,58.49,4.32,4.39,701.38
2022-06-13,Balaghat,922.5,0.0,25.96,11.13,54.12,1.85,0.64,790.91
2022-06-14,Balaghat,922.5,0.0,17.75,11.13,52.17,1.57,13.05,810.92
2022-06-15,Balaghat,922.5,0.0,0.0,11.13,51.45,0.0,1.49,848.36
2022-06-16,Balaghat,922.5,38.37,12.79,16.61,60.0,0.27,6.99,792.49
2022-06-17,Balaghat,922.5,11.17,16.51,18.2,59.43,1.69,1.49,764.16
2022-06-18,Balaghat,922.5,24.35,24.63,18.16,60.0,1.7,5.62,754.91
2022-06-19,Balaghat,922.5,42.62,26.05,16.64,60.0,1.19,10.96,755.41
2022-06-20,Balaghat,922.5,80.1,49.03,28.09,60.0,0.62,8.68,767.48
2022-06-21,Balaghat,922.5,0.0,40.91,28.09,58.29,0.68,17.56,813.12
2022-06-22,Balaghat,922.5,48.29,42.8,34.99,60.0,1.25,10.4,820.81
2022-06-23,Balaghat,922.5,0.0,16.1,29.51,56.79,0.37,13.96,821.9
2022-06-24,Balaghat,922.5,0.0,16.1,27.91,55.29,0.76,2.81,813.61
2022-06-25,Balaghat,922.5,0.0,0.0,24.43,49.85,1.97,0.0,813.97
2022-06-26,Balaghat,922.5,43.42,14.47,24.54,60.0,0.57,17.68,782.51
2022-06-27,Balaghat,922.5,55.5,32.97,21.03,60.0,0.77,12.52,766.08
2022-06-28,Balaghat,922.5,41.73,46.88,26.99,60.0,0.87,4.04,807.63
2022-06-29,Balaghat,922.5,0.0,32.41,20.09,55.53,0.23,1.5,829.3
2022-06-30,Balaghat,922.5,0.0,13.91,20.09,52.49,0.54,0.0,802.18
2022-07-01,Balaghat,922.5,28.37,9.46,24.15,57.19,0.87,8.9,827.88
2022-07-02,Balaghat,922.5,50.63,26.33,31.38,60.0,0.86,7.75,773.42
2022-07-03,Balaghat,922.5,64.46,47.82,34.38,60.0,1.24,15.58,751.53
2022-07-04,Balaghat,922.5,0.0,38.36,26.46,56.45,0.71,4.86,783.3
2022-07-05,Balaghat,922.5,20.41,28.29,23.41,59.74,2.42,10.01,767.19
2022-07-06,Balaghat,922.5,77.64,32.68,34.5,60.0,1.38,24.37,725.71
2022-07-07,Balaghat,922.5,14.07,37.37,36.51,60.0,0.17,0.0,854.17
2022-07-08,Balaghat,922.5,32.41,41.37,37.09,60.0,0.6,9.95,776.08
2022-07-09,Balaghat,922.5,0.0,15.49,29.86,57.37,0.56,16.91,771.24
2022-07-10,Balaghat,922.5,83.79,38.73,32.62,60.0,1.01,8.44,744.79
2022-07-11,Balaghat,922.5,40.4,41.4,38.39,60.0,0.0,10.76,819.06
2022-07-12,Balaghat,922.5,0.0,41.4,35.47,54.03,1.2,8.14,808.22
2022-07-13,Balaghat,922.5,0.0,13.47,24.38,48.26,2.0,6.15,827.67
2022-07-14,Balaghat,922.5,0.0,0.0,22.37,45.09,1.27,10.4,825.14
2022-07-15,Balaghat,922.5,109.91,36.64,33.44,60.0,1.4,8.79,702.24
2022-07-16,Balaghat,922.5,66.87,58.92,42.99,60.0,1.2,10.0,768.26
2022-07-17,Balaghat,922.5,0.0,58.92,31.02,57.19,0.63,8.22,813.15
2022-07-18,Balaghat,922.5,49.74,38.87,32.36,60.0,0.14,8.69,817.79
2022-07-19,Balaghat,922.5,69.71,39.82,42.32,60.0,1.49,0.0,770.21
2022-07-20,Balaghat,922.5,21.16,46.87,45.34,60.0,0.03,6.06,797.81
2022-07-21,Balaghat,922.5,64.31,51.73,54.53,60.0,0.59,3.44,787.25
2022-07-22,Balaghat,922.5,84.29,56.59,50.87,60.0,0.07,16.38,754.36
2022-07-23,Balaghat,922.5,0.0,49.54,41.32,57.44,1.53,0.0,816.69
2022-07-24,Balaghat,922.5,14.29,32.86,43.36,58.03,0.0,0.0,804.95
2022-07-25,Balaghat,922.5,19.4,11.23,39.02,60.0,0.84,12.12,769.08
2022-07-26,Balaghat,922.5,0.0,11.23,29.06,55.7,0.92,7.52,805.48
2022-07-27,Balaghat,922.5,29.26,16.22,30.22,60.0,1.3,0.0,791.93
2022-07-28,Balaghat,922.5,59.51,29.59,29.54,60.0,0.86,3.97,765.62
2022-07-29,Balaghat,922.5,55.59,48.12,25.44,60.0,2.41,8.44,784.3
2022-07-30,Balaghat,922.5,23.66,46.25,28.82,60.0,1.26,19.0,785.94
2022-07-31,Balaghat,922.5,47.02,42.09,33.49,60.0,1.6,3.38,754.73
2022-08-01,Balaghat,922.5,62.7,44.46,39.68,60.0,0.63,14.7,783.36
2022-08-02,Balaghat,922.5,0.0,36.57,39.68,57.6,0.62,9.15,778.51
2022-08-03,Balaghat,922.5,0.0,20.9,35.5,54.93,0.94,17.87,841.21
2022-08-04,Balaghat,922.5,0.0,0.0,27.0,51.7,0.77,0.0,848.88
2022-08-05,Balaghat,922.5,55.16,18.39,26.93,60.0,2.46,1.54,725.34
2022-08-06,Balaghat,922.5,43.52,32.89,29.77,60.0,0.6,5.69,796.67
2022-08-07,Balaghat,922.5,0.0,32.89,23.05,57.33,0.54,13.01,802.14
2022-08-08,Balaghat,922.5,44.79,29.44,20.5,60.0,1.02,6.37,797.38
2022-08-09,Balaghat,922.5,0.0,14.93,20.5,55.79,2.47,10.45,785.41
2022-08-10,Balaghat,922.5,59.54,34.78,29.0,60.0,1.55,9.77,763.04
2022-08-11,Balaghat,922.5,48.22,35.92,35.89,60.0,1.45,37.75,740.87
2022-08-12,Balaghat,922.5,50.23,52.66,35.19,60.0,2.54,41.26,720.32
2022-08-13,Balaghat,922.5,0.0,32.82,28.97,57.52,0.56,8.59,805.91
2022-08-14,Balaghat,922.5,53.35,34.53,36.59,60.0,0.17,22.89,800.97
2022-08-15,Balaghat,922.5,24.78,26.04,33.73,60.0,0.76,9.37,800.95
2022-08-16,Balaghat,922.5,0.0,26.04,33.73,58.95,0.69,0.21,794.63
2022-08-17,Balaghat,922.5,62.02,28.93,34.08,60.0,0.63,2.58,777.76
2022-08-18,Balaghat,922.5,26.57,29.53,30.99,60.0,1.4,6.88,775.05
2022-08-19,Balaghat,922.5,0.0,29.53,23.81,57.58,2.24,6.7,763.44
2022-08-20,Balaghat,922.5,0.0,8.86,23.81,54.23,0.03,2.62,834.75
2022-08-21,Balaghat,922.5,0.0,0.0,16.19,51.31,0.86,18.91,805.47
2022-08-22,Balaghat,922.5,0.0,0.0,12.65,47.15,0.3,3.26,828.8
2022-08-23,Balaghat,922.5,0.0,0.0,12.65,43.43,0.41,0.0,867.54
2022-08-24,Balaghat,922.5,53.33,17.78,11.41,60.0,1.33,11.04,782.02
2022-08-25,Balaghat,922.5,35.13,29.48,12.64,60.0,1.55,2.44,762.48
2022-08-26,Balaghat,922.5,26.4,38.28,16.41,60.0,0.99,13.2,820.38
2022-08-27,Balaghat,922.5,8.64,23.39,17.64,60.0,2.89,11.9,744.36
2022-08-28,Balaghat,922.5,27.76,20.94,21.61,60.0,0.34,33.69,785.35
2022-08-29,Balaghat,922.5,0.0,12.14,21.61,56.74,2.93,11.27,794.13
2022-08-30,Balaghat,922.5,56.72,28.16,29.71,60.0,1.32,2.4,788.81
2022-08-31,Balaghat,922.5,0.0,18.91,22.09,54.54,0.93,10.9,818.98
2022-09-01,Balaghat,922.5,109.98,55.57,32.79,60.0,1.45,19.12,721.35
2022-09-02,Balaghat,922.5,0.0,36.66,29.02,57.15,0.36,1.54,831.66
2022-09-03,Balaghat,922.5,0.0,36.66,27.78,55.6,0.44,44.05,777.5
2022-09-04,Balaghat,922.5,72.67,24.22,34.2,60.0,1.09,0.25,766.97
2022-09-05,Balaghat,922.5,0.0,24.22,34.2,56.07,1.57,6.0,800.59
2022-09-06,Balaghat,922.5,40.23,37.63,31.84,60.0,0.0,1.14,800.33
2022-09-07,Balaghat,922.5,0.0,13.41,31.84,55.86,1.78,3.92,782.65
2022-09-08,Balaghat,922.5,0.0,13.41,16.13,51.87,0.0,6.62,816.97
2022-09-09,Balaghat,922.5,64.89,21.63,25.4,60.0,0.82,18.34,755.69
2022-09-10,Balaghat,922.5,132.48,65.79,44.32,60.0,1.9,6.99,663.14
2022-09-11,Balaghat,922.5,82.76,93.38,45.77,60.0,2.37,16.11,719.17
2022-09-12,Balaghat,922.5,0.0,71.75,45.77,57.38,0.69,3.25,820.2
2022-09-13,Balaghat,922.5,6.01,29.59,40.88,54.53,0.0,1.6,847.59
2022-09-14,Balaghat,922.5,42.19,16.06,46.9,60.0,0.86,8.28,800.78
2022-09-15,Balaghat,922.5,132.09,60.1,65.77,60.0,2.53,24.4,656.61
2022-09-16,Balaghat,922.5,0.0,58.09,56.5,55.56,2.18,24.55,758.91
2022-09-17,Balaghat,922.5,0.0,44.03,37.58,52.89,1.3,24.32,795.64
2022-09-18,Balaghat,922.5,0.0,0.0,25.76,49.35,0.53,11.27,823.3
2022-09-19,Balaghat,922.5,0.0,0.0,25.76,47.05,0.78,13.28,834.42
2022-09-20,Balaghat,922.5,30.79,10.26,29.3,54.36,2.43,12.17,761.19
2022-09-21,Balaghat,922.5,64.81,31.87,32.53,60.0,1.95,7.69,782.94
2022-09-22,Balaghat,922.5,59.97,51.86,22.22,60.0,0.98,9.97,793.68
2022-09-23,Balaghat,922.5,0.0,41.59,22.22,56.83,1.58,18.02,785.97
2022-09-24,Balaghat,922.5,58.73,39.56,30.61,60.0,3.17,7.6,754.68
2022-09-25,Balaghat,922.5,0.0,19.58,30.61,55.21,2.17,10.76,799.92
2022-09-26,Balaghat,922.5,0.0,19.58,30.61,52.65,0.51,9.42,836.05
2022-09-27,Balaghat,922.5,5.39,1.8,26.99,50.72,2.89,13.79,771.39
2022-09-28,Balaghat,922.5,11.78,5.73,19.41,52.79,0.0,7.18,813.63
2022-09-29,Balaghat,922.5,0.0,5.73,10.84,48.8,0.48,9.41,851.08
2022-09-30,Balaghat,922.5,0.0,3.93,10.84,45.82,0.93,11.86,819.29
2022-10-01,Balaghat,922.5,0.0,0.0,2.45,43.87,0.41,8.2,839.76
2022-10-02,Balaghat,922.5,0.0,0.0,2.45,40.62,0.73,0.55,855.65
2022-10-03,Balaghat,922.5,0.0,0.0,2.45,37.97,1.05,3.29,852.07
2022-10-04,Balaghat,922.5,0.0,0.0,1.68,35.37,1.13,22.98,836.34
2022-10-05,Balaghat,922.5,0.0,0.0,0.0,35.12,1.58,22.4,821.33
2022-10-06,Balaghat,922.5,16.24,5.41,2.32,38.41,2.07,0.75,854.64
2022-10-07,Balaghat,922.5,0.0,5.41,2.32,36.7,0.66,17.5,870.11
2022-10-08,Balaghat,922.5,0.0,5.41,2.32,34.29,1.4,9.12,847.56
2022-10-09,Balaghat,922.5,0.0,0.0,2.32,32.06,1.0,16.83,878.57
2022-10-10,Balaghat,922.5,16.71,5.57,4.71,35.54,1.03,0.0,889.33
2022-10-11,Balaghat,922.5,0.0,5.57,4.71,33.38,0.47,34.66,860.06
2022-10-12,Balaghat,922.5,2.31,6.34,5.04,33.58,2.1,11.5,808.34
2022-10-13,Balaghat,922.5,0.0,0.77,2.72,32.86,0.31,10.3,844.39
2022-10-14,Balaghat,922.5,0.0,0.77,2.72,31.95,0.0,28.69,883.23
2022-10-15,Balaghat,922.5,0.0,0.0,2.72,29.74,1.79,13.12,832.99
2022-10-16,Balaghat,922.5,0.0,0.0,2.72,27.16,1.55,7.4,856.15
2022-10-17,Balaghat,922.5,0.0,0.0,0.33,27.31,0.57,14.54,889.14
2022-10-18,Balaghat,922.5,0.0,0.0,0.33,26.36,0.8,10.91,882.09
2022-10-19,Balaghat,922.5,0.0,0.0,0.0,22.48,0.91,1.96,886.12
2022-10-20,Balaghat,922.5,9.33,3.11,1.33,25.33,1.1,5.0,881.87
2022-10-21,Balaghat,922.5,46.86,18.73,8.03,38.22,5.96,17.95,738.85
2022-10-22,Balaghat,922.5,0.0,18.73,8.03,36.2,2.35,19.7,806.69
2022-10-23,Balaghat,922.5,0.0,15.62,8.03,33.35,0.82,11.52,864.79
2022-10-24,Balaghat,922.5,0.0,0.0,8.03,33.24,0.68,5.2,854.9
2022-10-25,Balaghat,922.5,0.0,0.0,8.03,29.94,0.78,0.05,867.75
2022-10-26,Balaghat,922.5,1.94,0.65,8.31,26.13,0.0,13.47,908.01
2022-10-27,Balaghat,922.5,0.0,0.65,6.97,24.56,1.22,1.46,891.68
2022-10-28,Balaghat,922.5,8.3,3.41,1.46,24.54,1.71,8.03,887.13
2022-10-29,Balaghat,922.5,0.0,2.77,1.46,22.58,0.91,0.0,930.81
2022-10-30,Balaghat,922.5,0.0,2.77,1.46,18.54,1.86,30.48,848.12
2022-10-31,Balaghat,922.5,4.41,1.47,2.09,18.16,2.04,0.0,896.37
2022-11-01,Balaghat,922.5,0.0,1.47,2.09,18.34,0.0,17.84,937.51
2022-11-02,Balaghat,922.5,0.0,1.47,1.82,17.27,0.73,26.24,907.05
2022-11-03,Balaghat,922.5,0.0,0.0,1.82,17.14,0.0,2.71,923.64
2022-11-04,Balaghat,922.5,0.0,0.0,0.63,14.59,0.55,12.82,888.51
2022-11-05,Balaghat,922.5,0.0,0.0,0.63,13.67,2.12,5.13,861.66
2022-11-06,Balaghat,922.5,0.0,0.0,0.63,12.12,3.18,7.14,855.99
2022-11-07,Balaghat,922.5,0.0,0.0,0.0,11.66,3.41,4.68,836.68
2022-11-08,Balaghat,922.5,0.0,0.0,0.0,13.76,2.31,6.28,865.95
2022-11-09,Balaghat,922.5,0.0,0.0,0.0,10.56,2.48,34.45,847.1
2022-11-10,Balaghat,922.5,0.0,0.0,0.0,9.25,0.57,18.88,892.32
2022-11-11,Balaghat,922.5,0.0,0.0,0.0,8.04,1.36,11.21,864.08
2022-11-12,Balaghat,922.5,0.0,0.0,0.0,8.87,1.34,7.9,886.87
2022-11-13,Balaghat,922.5,0.0,0.0,0.0,7.75,1.25,16.66,901.19
2022-11-14,Balaghat,922.5,0.0,0.0,0.0,6.2,0.35,1.82,908.14
2022-11-15,Balaghat,922.5,0.0,0.0,0.0,6.06,5.29,8.77,842.38
2022-11-16,Balaghat,922.5,6.08,2.03,0.87,5.94,1.4,1.91,911.2
2022-11-17,Balaghat,922.5,0.0,2.03,0.87,4.26,0.9,9.35,899.37
2022-11-18,Balaghat,922.5,0.0,2.03,0.87,5.49,0.09,32.07,882.35
2022-11-19,Balaghat,922.5,0.0,0.0,0.87,5.87,0.56,16.46,911.3
2022-11-20,Balaghat,922.5,0.0,0.0,0.87,3.96,0.82,24.71,899.04
2022-11-21,Balaghat,922.5,0.0,0.0,0.87,3.54,0.46,10.46,908.98
2022-11-22,Balaghat,922.5,0.0,0.0,0.87,3.28,1.44,12.49,872.28
2022-11-23,Balaghat,922.5,0.0,0.0,0.0,3.0,2.75,41.27,830.62
2022-11-24,Balaghat,922.5,0.0,0.0,0.0,3.0,1.2,27.06,860.39
2022-11-25,Balaghat,922.5,0.0,0.0,0.0,3.0,1.5,2.63,888.95
2022-11-26,Balaghat,922.5,0.0,0.0,0.0,3.49,1.75,0.0,865.85
2022-11-27,Balaghat,922.5,0.0,0.0,0.0,4.1,2.36,1.37,884.42
2022-11-28,Balaghat,922.5,1.38,0.46,0.2,3.48,0.92,0.94,878.37
2022-11-29,Balaghat,922.5,0.0,0.46,0.2,3.0,0.9,15.52,909.83
2022-11-30,Balaghat,922.5,0.0,0.46,0.2,3.0,2.8,12.08,861.73
2022-12-01,Balaghat,922.5,0.0,0.0,0.2,3.0,1.19,4.1,871.49
2022-12-02,Balaghat,922.5,0.0,0.0,0.2,5.5,2.13,1.83,867.51
2022-12-03,Balaghat,922.5,0.0,0.0,0.2,5.1,1.36,25.53,865.92
2022-12-04,Balaghat,922.5,0.0,0.0,0.2,6.11,1.24,18.02,887.26
2022-12-05,Balaghat,922.5,0.0,0.0,0.0,6.14,0.67,8.1,877.01
2022-12-06,Balaghat,922.5,0.0,0.0,0.0,5.33,1.87,3.15,862.84
2022-12-07,Balaghat,922.5,0.0,0.0,0.0,6.95,0.0,3.48,939.5
2022-12-08,Balaghat,922.5,0.0,0.0,0.0,6.32,0.12,12.19,902.61
2022-12-09,Balaghat,922.5,0.0,0.0,0.0,6.86,0.17,20.08,895.15
2022-12-10,Balaghat,922.5,0.0,0.0,0.0,6.19,1.36,5.63,889.26
2022-12-11,Balaghat,922.5,0.0,0.0,0.0,6.0,1.83,17.49,879.89
2022-12-12,Balaghat,922.5,0.0,0.0,0.0,4.43,0.79,10.28,913.53
2022-12-13,Balaghat,922.5,1.89,0.63,0.27,5.75,0.15,14.49,918.12
2022-12-14,Balaghat,922.5,0.0,0.63,0.27,4.6,0.64,0.74,903.7
2022-12-15,Balaghat,922.5,4.76,2.21,0.95,4.03,1.27,12.46,891.18
2022-12-16,Balaghat,922.5,0.0,1.59,0.95,4.44,0.45,12.45,854.24
2022-12-17,Balaghat,922.5,0.0,1.59,0.95,5.68,0.55,7.51,888.38
2022-12-18,Balaghat,922.5,1.0,0.33,1.09,5.35,1.06,0.0,900.74
2022-12-19,Balaghat,922.5,5.22,2.07,1.84,5.7,0.78,27.3,892.0
2022-12-20,Balaghat,922.5,0.0,2.07,1.57,4.76,0.0,0.0,933.27
2022-12-21,Balaghat,922.5,0.0,1.74,1.57,3.39,0.46,7.06,926.41
2022-12-22,Balaghat,922.5,0.0,0.0,0.89,3.0,1.51,24.21,834.03
2022-12-23,Balaghat,922.5,0.0,0.0,0.89,3.0,0.62,8.32,925.37
2022-12-24,Balaghat,922.5,3.04,1.01,1.32,3.0,2.0,19.11,860.77
2022-12-25,Balaghat,922.5,0.0,1.01,1.18,3.0,1.46,13.24,882.97
2022-12-26,Balaghat,922.5,0.0,1.01,0.43,3.0,2.09,15.3,840.46
2022-12-27,Balaghat,922.5,0.0,0.0,0.43,5.15,1.34,7.73,902.83
2022-12-28,Balaghat,922.5,0.0,0.0,0.43,3.14,0.34,23.12,921.93
2022-12-29,Balaghat,922.5,0.0,0.0,0.43,3.0,0.85,0.0,901.25
2022-12-30,Balaghat,922.5,0.0,0.0,0.43,3.0,0.89,23.71,898.13
2022-12-31,Balaghat,922.5,0.0,0.0,0.0,3.0,0.29,11.09,906.62
2023-01-01,Balaghat,922.5,0.0,0.0,0.0,4.12,0.58,14.78,901.45
2023-01-02,Balaghat,922.5,0.0,0.0,0.0,3.65,0.91,8.36,916.44
2023-01-03,Balaghat,922.5,0.0,0.0,0.0,3.28,1.4,9.25,873.67
2023-01-04,Balaghat,922.5,2.59,0.86,0.37,3.0,2.6,7.26,860.89
2023-01-05,Balaghat,922.5,0.0,0.86,0.37,3.24,1.73,1.79,889.05
2023-01-06,Balaghat,922.5,0.0,0.86,0.37,3.0,1.02,0.17,880.31
2023-01-07,Balaghat,922.5,0.0,0.0,0.37,3.0,1.89,6.7,891.42
2023-01-08,Balaghat,922.5,0.0,0.0,0.37,3.0,1.4,14.72,897.28
2023-01-09,Balaghat,922.5,0.0,0.0,0.37,3.76,1.21,5.11,897.05
2023-01-10,Balaghat,922.5,0.0,0.0,0.37,3.0,1.61,14.74,860.12
2023-01-11,Balaghat,922.5,0.0,0.0,0.0,3.0,1.01,24.85,925.81
2023-01-12,Balaghat,922.5,0.0,0.0,0.0,3.0,0.44,24.56,863.89
2023-01-13,Balaghat,922.5,0.0,0.0,0.0,3.76,0.53,0.0,927.46
2023-01-14,Balaghat,922.5,0.0,0.0,0.0,3.0,1.35,7.88,887.68
2023-01-15,Balaghat,922.5,0.0,0.0,0.0,3.0,0.53,10.24,900.98
2023-01-16,Balaghat,922.5,0.0,0.0,0.0,3.0,0.75,8.06,899.03
2023-01-17,Balaghat,922.5,0.0,0.0,0.0,3.0,0.0,25.85,905.67
2023-01-18,Balaghat,922.5,0.0,0.0,0.0,3.68,1.45,28.21,870.59
2023-01-19,Balaghat,922.5,0.0,0.0,0.0,3.0,0.55,0.12,913.8
2023-01-20,Balaghat,922.5,0.0,0.0,0.0,3.45,0.93,31.6,865.86
2023-01-21,Balaghat,922.5,0.0,0.0,0.0,3.0,1.29,0.0,904.02
2023-01-22,Balaghat,922.5,0.0,0.0,0.0,4.44,0.9,0.0,891.64
2023-01-23,Balaghat,922.5,0.0,0.0,0.0,3.0,0.0,5.3,913.84
2023-01-24,Balaghat,922.5,0.0,0.0,0.0,3.54,0.94,12.61,879.24
2023-01-25,Balaghat,922.5,0.0,0.0,0.0,4.25,1.44,11.04,900.55
2023-01-26,Balaghat,922.5,0.0,0.0,0.0,5.66,1.2,11.53,939.38
2023-01-27,Balaghat,922.5,0.0,0.0,0.0,5.4,1.15,0.0,885.54
2023-01-28,Balaghat,922.5,0.0,0.0,0.0,5.84,5.78,19.8,786.46
2023-01-29,Balaghat,922.5,0.0,0.0,0.0,5.27,1.53,7.38,853.91
2023-01-30,Balaghat,922.5,0.0,0.0,0.0,5.87,1.14,19.43,900.01
2023-01-31,Balaghat,922.5,0.0,0.0,0.0,4.99,0.36,13.09,912.76
2023-02-01,Balaghat,922.5,0.0,0.0,0.0,3.0,0.87,15.06,886.74
2023-02-02,Balaghat,922.5,10.37,3.46,1.48,5.88,3.37,7.61,862.39
2023-02-03,Balaghat,922.5,0.0,3.46,1.48,5.14,0.48,12.17,905.6
2023-02-04,Balaghat,922.5,0.0,3.46,1.48,5.32,0.92,3.83,887.56
2023-02-05,Balaghat,922.5,0.0,0.0,1.48,5.22,3.49,17.56,832.62
2023-02-06,Balaghat,922.5,0.0,0.0,1.48,5.93,0.64,1.7,894.03
2023-02-07,Balaghat,922.5,0.0,0.0,1.48,5.91,1.36,5.61,895.64
2023-02-08,Balaghat,922.5,0.0,0.0,1.48,5.66,5.92,6.16,792.38
2023-02-09,Balaghat,922.5,0.0,0.0,0.0,3.08,0.03,12.74,889.66
2023-02-10,Balaghat,922.5,4.53,1.51,0.65,4.85,1.06,0.0,908.26
2023-02-11,Balaghat,922.5,0.0,1.51,0.65,4.95,0.0,25.59,887.63
2023-02-12,Balaghat,922.5,0.0,1.51,0.65,3.47,0.26,0.0,897.79
2023-02-13,Balaghat,922.5,0.0,0.0,0.65,3.0,0.68,11.31,870.41
2023-02-14,Balaghat,922.5,0.0,0.0,0.65,3.0,0.0,18.03,883.56
2023-02-15,Balaghat,922.5,0.0,0.0,0.65,3.0,0.71,8.62,881.24
2023-02-16,Balaghat,922.5,0.0,0.0,0.65,3.0,1.35,0.0,908.67
2023-02-17,Balaghat,922.5,0.0,0.0,0.0,4.14,1.75,16.43,875.88
2023-02-18,Balaghat,922.5,0.0,0.0,0.0,3.0,1.63,19.14,873.36
2023-02-19,Balaghat,922.5,0.0,0.0,0.0,5.68,0.82,12.19,919.32
2023-02-20,Balaghat,922.5,0.0,0.0,0.0,5.96,0.2,0.0,899.34
2023-02-21,Balaghat,922.5,0.0,0.0,0.0,5.87,0.83,8.08,912.51
2023-02-22,Balaghat,922.5,0.0,0.0,0.0,5.91,0.12,0.0,928.25
2023-02-23,Balaghat,922.5,0.0,0.0,0.0,4.46,1.02,0.7,919.39
2023-02-24,Balaghat,922.5,0.0,0.0,0.0,3.42,0.52,14.64,894.32
2023-02-25,Balaghat,922.5,0.0,0.0,0.0,3.77,0.46,15.69,903.27
2023-02-26,Balaghat,922.5,0.0,0.0,0.0,5.36,2.04,2.92,851.68
2023-02-27,Balaghat,922.5,0.0,0.0,0.0,3.88,0.35,6.5,920.77
2023-02-28,Balaghat,922.5,0.0,0.0,0.0,3.0,1.01,3.77,896.14
2023-03-01,Balaghat,922.5,0.0,0.0,0.0,3.0,0.2,4.18,931.27
2023-03-02,Balaghat,922.5,0.0,0.0,0.0,3.3,0.62,16.6,894.49
2023-03-03,Balaghat,922.5,0.0,0.0,0.0,4.38,0.48,9.75,902.97
2023-03-04,Balaghat,922.5,0.0,0.0,0.0,3.85,1.3,0.0,887.41
2023-03-05,Balaghat,922.5,0.0,0.0,0.0,3.01,2.3,4.78,857.87
2023-03-06,Balaghat,922.5,0.0,0.0,0.0,3.0,1.75,5.33,851.62
2023-03-07,Balaghat,922.5,0.0,0.0,0.0,3.8,1.54,15.57,872.54
2023-03-08,Balaghat,922.5,0.0,0.0,0.0,3.0,2.57,8.71,872.95
2023-03-09,Balaghat,922.5,0.0,0.0,0.0,3.0,2.01,6.17,859.19
2023-03-10,Balaghat,922.5,0.0,0.0,0.0,3.72,0.67,9.77,887.05
2023-03-11,Balaghat,922.5,0.0,0.0,0.0,3.41,0.78,9.61,896.11
2023-03-12,Balaghat,922.5,0.0,0.0,0.0,3.0,1.72,8.54,878.81
2023-03-13,Balaghat,922.5,0.0,0.0,0.0,3.0,2.56,4.88,889.91
2023-03-14,Balaghat,922.5,4.65,1.55,0.66,3.0,1.34,5.06,889.5
2023-03-15,Balaghat,922.5,0.0,1.55,0.66,4.09,1.23,3.74,900.6
2023-03-16,Balaghat,922.5,0.0,1.55,0.66,3.0,1.86,37.59,861.58
2023-03-17,Balaghat,922.5,0.0,0.0,0.66,3.0,4.75,16.55,800.06
2023-03-18,Balaghat,922.5,0.0,0.0,0.66,3.0,0.0,8.88,940.56
2023-03-19,Balaghat,922.5,3.36,1.12,1.14,5.34,0.72,10.76,923.9
2023-03-20,Balaghat,922.5,0.0,1.12,1.14,5.59,4.1,6.37,822.99
2023-03-21,Balaghat,922.5,0.0,1.12,0.48,5.73,4.35,13.72,847.12
2023-03-22,Balaghat,922.5,0.0,0.0,0.48,6.11,1.03,8.63,875.79
2023-03-23,Balaghat,922.5,0.0,0.0,0.48,6.01,1.05,2.6,891.35
2023-03-24,Balaghat,922.5,0.0,0.0,0.48,3.45,0.0,15.55,914.9
2023-03-25,Balaghat,922.5,0.0,0.0,0.48,3.0,1.69,7.62,878.76
2023-03-26,Balaghat,922.5,0.0,0.0,0.0,3.0,1.43,3.82,883.76
2023-03-27,Balaghat,922.5,0.0,0.0,0.0,4.51,1.2,2.8,903.35
2023-03-28,Balaghat,922.5,0.0,0.0,0.0,3.0,0.34,7.71,939.82
2023-03-29,Balaghat,922.5,2.31,0.77,0.33,3.0,0.44,10.17,862.1
2023-03-30,Balaghat,922.5,0.0,0.77,0.33,3.0,0.9,4.5,883.55
2023-03-31,Balaghat,922.5,0.0,0.77,0.33,3.0,1.01,6.71,905.06
2023-04-01,Balaghat,922.5,0.0,0.0,0.33,3.0,4.33,12.51,827.75
2023-04-02,Balaghat,922.5,0.0,0.0,0.33,3.0,1.12,4.25,902.84
2023-04-03,Balaghat,922.5,0.0,0.0,0.33,3.0,1.2,0.0,879.65
2023-04-04,Balaghat,922.5,0.0,0.0,0.33,3.83,1.37,8.06,877.63
2023-04-05,Balaghat,922.5,0.0,0.0,0.0,4.77,1.28,10.58,867.9
2023-04-06,Balaghat,922.5,0.0,0.0,0.0,5.53,0.0,12.14,918.12
2023-04-07,Balaghat,922.5,0.0,0.0,0.0,4.37,1.57,18.14,879.39
2023-04-08,Balaghat,922.5,0.0,0.0,0.0,3.0,0.38,3.38,888.86
2023-04-09,Balaghat,922.5,0.0,0.0,0.0,3.0,0.36,19.86,897.83
2023-04-10,Balaghat,922.5,0.0,0.0,0.0,4.53,0.45,10.93,909.91
2023-04-11,Balaghat,922.5,0.0,0.0,0.0,5.89,1.78,6.3,884.4
2023-04-12,Balaghat,922.5,0.0,0.0,0.0,5.31,0.0,11.74,947.58
2023-04-13,Balaghat,922.5,2.36,0.79,0.34,4.14,0.0,7.17,896.79
2023-04-14,Balaghat,922.5,0.0,0.79,0.34,3.92,2.48,7.14,876.72
2023-04-15,Balaghat,922.5,0.0,0.79,0.34,3.0,0.74,14.12,884.92
2023-04-16,Balaghat,922.5,0.0,0.0,0.34,3.47,1.83,0.0,916.98
2023-04-17,Balaghat,922.5,0.0,0.0,0.34,3.0,1.2,14.02,886.07
2023-04-18,Balaghat,922.5,0.0,0.0,0.34,3.1,1.6,0.88,920.6
2023-04-19,Balaghat,922.5,0.0,0.0,0.34,3.0,0.0,5.3,908.92
2023-04-20,Balaghat,922.5,0.0,0.0,0.0,4.12,0.0,19.32,889.83
2023-04-21,Balaghat,922.5,0.0,0.0,0.0,3.56,0.43,10.84,901.98
2023-04-22,Balaghat,922.5,0.0,0.0,0.0,3.0,0.17,2.75,912.35
2023-04-23,Balaghat,922.5,0.0,0.0,0.0,3.0,2.97,26.22,848.1
2023-04-24,Balaghat,922.5,4.17,1.39,0.6,5.11,1.44,2.5,843.23
2023-04-25,Balaghat,922.5,0.0,1.39,0.6,4.97,0.06,10.54,942.24
2023-04-26,Balaghat,922.5,0.0,1.39,0.6,5.22,2.03,2.33,888.21
2023-04-27,Balaghat,922.5,0.0,0.0,0.6,3.0,1.22,7.6,899.47
2023-04-28,Balaghat,922.5,0.0,0.0,0.6,3.26,0.1,16.38,909.56
2023-04-29,Balaghat,922.5,0.0,0.0,0.6,3.0,1.95,0.02,897.82
2023-04-30,Balaghat,922.5,0.0,0.0,0.6,3.11,0.78,11.7,903.02
2023-05-01,Balaghat,922.5,48.06,16.02,6.87,19.79,0.89,14.22,865.48
2023-05-02,Balaghat,922.5,0.0,16.02,6.87,18.72,3.82,0.0,827.98
2023-05-03,Balaghat,922.5,0.0,16.02,6.87,18.31,0.24,15.59,894.99
2023-05-04,Balaghat,922.5,8.03,2.68,8.01,17.91,0.0,0.0,903.24
2023-05-05,Balaghat,922.5,0.0,2.68,8.01,16.11,3.38,3.54,850.21
2023-05-06,Balaghat,922.5,0.0,2.68,8.01,15.35,1.07,10.73,890.51
2023-05-07,Balaghat,922.5,0.0,0.0,8.01,14.51,0.0,2.15,967.14
2023-05-08,Balaghat,922.5,0.0,0.0,1.15,15.21,1.47,12.38,906.13
2023-05-09,Balaghat,922.5,0.0,0.0,1.15,15.25,0.92,5.19,887.91
2023-05-10,Balaghat,922.5,0.0,0.0,1.15,12.8,0.0,17.97,894.09
2023-05-11,Balaghat,922.5,0.0,0.0,0.0,12.46,2.1,5.09,844.06
2023-05-12,Balaghat,922.5,0.0,0.0,0.0,12.58,1.35,4.67,881.43
2023-05-13,Balaghat,922.5,0.0,0.0,0.0,10.77,0.8,5.55,852.29
2023-05-14,Balaghat,922.5,14.02,4.67,2.0,15.33,1.88,8.7,872.34
2023-05-15,Balaghat,922.5,14.54,9.52,4.08,20.58,1.7,5.99,878.41
2023-05-16,Balaghat,922.5,0.0,9.52,4.08,20.25,0.0,16.27,882.35
2023-05-17,Balaghat,922.5,0.0,4.85,4.08,18.3,0.63,15.45,902.41
2023-05-18,Balaghat,922.5,0.0,0.0,4.08,18.65,1.66,1.89,840.23
2023-05-19,Balaghat,922.5,0.0,0.0,4.08,18.31,0.34,1.62,907.97
2023-05-20,Balaghat,922.5,0.0,0.0,4.08,16.2,0.55,9.38,914.01
2023-05-21,Balaghat,922.5,13.52,4.51,4.01,18.9,1.4,4.58,900.09
2023-05-22,Balaghat,922.5,0.0,4.51,1.93,18.93,1.31,3.5,894.23
2023-05-23,Balaghat,922.5,0.0,4.51,1.93,17.78,0.0,29.96,872.89
2023-05-24,Balaghat,922.5,8.23,2.74,3.11,18.89,1.55,0.0,867.66
2023-05-25,Balaghat,922.5,0.0,2.74,3.11,16.45,0.04,5.18,924.84
2023-05-26,Balaghat,922.5,5.94,4.72,3.96,16.17,1.19,12.03,882.84
2023-05-27,Balaghat,922.5,0.0,1.98,3.96,17.65,0.54,0.0,907.44
2023-05-28,Balaghat,922.5,0.0,1.98,2.02,17.3,1.25,6.25,930.41
2023-05-29,Balaghat,922.5,4.86,1.62,2.72,16.34,0.0,17.09,888.27
2023-05-30,Balaghat,922.5,0.0,1.62,2.72,15.69,0.6,11.35,897.92
2023-05-31,Balaghat,922.5,0.0,1.62,1.54,15.42,0.0,5.25,941.19
2023-06-01,Balaghat,922.5,28.87,9.62,5.67,24.69,1.74,14.66,854.4
2023-06-02,Balaghat,922.5,21.32,16.73,7.86,31.09,0.26,7.64,895.19
2023-06-03,Balaghat,922.5,89.41,46.53,20.64,60.0,3.94,9.19,693.52
2023-06-04,Balaghat,922.5,50.52,53.75,27.85,60.0,0.21,5.72,825.52
2023-06-05,Balaghat,922.5,54.19,64.71,34.9,60.0,2.47,10.12,751.11
2023-06-06,Balaghat,922.5,64.57,56.42,44.13,60.0,1.7,4.15,742.56
2023-06-07,Balaghat,922.5,53.62,57.46,51.78,60.0,0.78,9.68,789.27
2023-06-08,Balaghat,922.5,7.24,41.81,48.69,57.21,1.41,0.0,793.12
2023-06-09,Balaghat,922.5,0.0,20.29,45.65,52.96,1.17,9.81,798.59
2023-06-10,Balaghat,922.5,22.98,10.08,36.16,58.11,0.25,6.06,787.48
2023-06-11,Balaghat,922.5,122.44,48.47,46.43,60.0,1.27,28.24,682.89
2023-06-12,Balaghat,922.5,0.0,48.47,38.69,55.89,0.0,22.56,805.61
2023-06-13,Balaghat,922.5,9.94,44.13,30.89,55.09,1.03,6.09,816.86
2023-06-14,Balaghat,922.5,0.0,3.31,23.23,51.78,2.18,16.89,782.18
2023-06-15,Balaghat,922.5,30.31,13.42,26.52,59.32,0.0,7.11,774.21
2023-06-16,Balaghat,922.5,0.0,10.1,26.52,54.95,2.44,33.13,758.78
2023-06-17,Balaghat,922.5,43.97,24.76,29.52,60.0,0.35,11.24,778.69
2023-06-18,Balaghat,922.5,10.38,18.11,13.51,60.0,1.37,15.15,812.56
2023-06-19,Balaghat,922.5,16.62,23.65,15.89,60.0,2.17,1.41,768.02
2023-06-20,Balaghat,922.5,35.89,20.96,19.59,60.0,2.01,10.77,778.34
2023-06-21,Balaghat,922.5,10.55,21.02,21.1,59.99,0.68,20.53,770.13
2023-06-22,Balaghat,922.5,0.0,15.48,16.77,56.41,0.01,7.71,823.59
2023-06-23,Balaghat,922.5,0.0,3.52,16.77,49.58,0.0,4.71,837.1
2023-06-24,Balaghat,922.5,0.0,0.0,10.49,48.56,1.34,9.63,819.53
2023-06-25,Balaghat,922.5,3.88,1.29,9.56,45.23,2.86,0.0,815.18
2023-06-26,Balaghat,922.5,0.0,1.29,7.19,43.39,0.41,39.09,843.02
2023-06-27,Balaghat,922.5,0.0,1.29,2.06,39.98,0.38,50.82,830.77
2023-06-28,Balaghat,922.5,70.99,23.66,10.7,60.0,1.53,17.92,748.93
2023-06-29,Balaghat,922.5,0.0,23.66,10.7,55.68,0.5,0.0,810.89
2023-06-30,Balaghat,922.5,0.0,23.66,10.7,51.14,0.72,11.23,823.56
2023-07-01,Balaghat,922.5,21.17,7.06,13.72,56.54,0.73,23.99,796.9
2023-07-02,Balaghat,922.5,0.0,7.06,13.17,52.82,1.58,9.11,786.15
2023-07-03,Balaghat,922.5,0.0,7.06,13.17,48.59,1.13,17.22,823.02
2023-07-04,Balaghat,922.5,46.37,15.46,19.79,60.0,1.92,13.8,785.6
2023-07-05,Balaghat,922.5,12.86,19.74,11.48,59.41,0.32,16.76,779.93
2023-07-06,Balaghat,922.5,9.5,22.91,12.84,60.0,0.8,1.06,767.29
2023-07-07,Balaghat,922.5,28.24,16.87,16.88,60.0,0.0,16.21,784.84
2023-07-08,Balaghat,922.5,79.33,39.02,25.19,60.0,1.81,8.26,742.54
2023-07-09,Balaghat,922.5,0.0,35.86,25.19,56.88,0.75,25.13,790.82
2023-07-10,Balaghat,922.5,102.25,60.53,39.79,60.0,1.07,15.67,750.54
2023-07-11,Balaghat,922.5,0.0,34.08,33.17,56.7,1.38,9.36,821.25
2023-07-12,Balaghat,922.5,61.08,54.44,40.06,60.0,2.24,21.93,753.78
2023-07-13,Balaghat,922.5,89.89,50.32,51.54,60.0,1.65,13.73,741.55
2023-07-14,Balaghat,922.5,25.97,58.98,51.22,60.0,0.67,2.56,800.16
2023-07-15,Balaghat,922.5,0.0,38.62,39.88,56.01,0.93,33.7,793.2
2023-07-16,Balaghat,922.5,39.58,21.85,45.54,60.0,1.8,10.4,761.99
2023-07-17,Balaghat,922.5,55.15,31.58,38.81,60.0,0.01,1.08,772.77
2023-07-18,Balaghat,922.5,0.0,31.58,38.81,56.74,2.01,0.0,795.93
2023-07-19,Balaghat,922.5,0.0,18.38,30.08,53.35,0.46,9.22,827.62
2023-07-20,Balaghat,922.5,0.0,0.0,17.24,49.5,1.32,10.73,789.0
2023-07-21,Balaghat,922.5,13.71,4.57,15.49,51.28,1.4,16.81,773.95
2023-07-22,Balaghat,922.5,15.52,9.74,17.71,52.51,0.37,9.29,797.09
2023-07-23,Balaghat,922.5,39.98,23.07,17.76,60.0,0.6,4.61,825.78
2023-07-24,Balaghat,922.5,0.0,18.5,9.89,55.53,1.99,14.11,775.61
2023-07-25,Balaghat,922.5,37.31,25.76,15.22,60.0,1.95,12.95,775.27
2023-07-26,Balaghat,922.5,50.97,29.43,22.5,60.0,1.32,13.36,792.0
2023-07-27,Balaghat,922.5,72.99,53.76,32.93,60.0,0.62,0.93,785.84
2023-07-28,Balaghat,922.5,0.0,41.32,30.97,55.68,1.2,0.0,790.17
2023-07-29,Balaghat,922.5,18.0,30.33,31.32,57.17,1.19,12.3,765.0
2023-07-30,Balaghat,922.5,29.85,15.95,29.87,60.0,2.44,9.16,774.75
2023-07-31,Balaghat,922.5,10.72,19.52,31.41,60.0,0.4,12.41,801.42
2023-08-01,Balaghat,922.5,0.0,13.52,26.08,55.33,0.0,10.3,797.41
2023-08-02,Balaghat,922.5,0.0,3.57,18.79,54.01,3.57,1.67,770.63
2023-08-03,Balaghat,922.5,36.33,12.11,13.56,60.0,0.85,25.48,757.79
2023-08-04,Balaghat,922.5,60.35,32.23,22.18,60.0,1.4,9.32,781.6
2023-08-05,Balaghat,922.5,0.0,32.23,19.61,56.89,0.92,15.83,775.56
2023-08-06,Balaghat,922.5,46.97,35.78,22.05,60.0,0.84,10.36,791.12
2023-08-07,Balaghat,922.5,35.88,27.62,25.65,60.0,1.14,11.6,763.35
2023-08-08,Balaghat,922.5,0.0,27.62,25.65,56.52,1.46,9.21,800.65
2023-08-09,Balaghat,922.5,38.3,24.73,31.12,60.0,1.43,10.29,798.04
2023-08-10,Balaghat,922.5,0.0,12.77,25.93,51.13,0.81,25.94,802.04
2023-08-11,Balaghat,922.5,57.79,32.03,25.56,60.0,1.0,18.63,736.24
2023-08-12,Balaghat,922.5,0.0,19.26,25.56,55.38,0.24,3.62,808.54
2023-08-13,Balaghat,922.5,5.1,20.96,19.58,53.86,1.13,9.43,799.89
2023-08-14,Balaghat,922.5,35.94,13.68,19.59,60.0,0.48,3.18,774.62
2023-08-15,Balaghat,922.5,49.6,30.21,26.68,60.0,3.64,9.33,753.53
2023-08-16,Balaghat,922.5,18.92,34.82,23.91,60.0,0.92,31.56,763.38
2023-08-17,Balaghat,922.5,0.0,22.84,23.91,56.07,2.33,6.38,782.63
2023-08-18,Balaghat,922.5,0.0,6.31,15.65,51.75,2.04,3.7,811.03
2023-08-19,Balaghat,922.5,0.0,0.0,15.65,48.82,3.06,1.19,776.71
2023-08-20,Balaghat,922.5,11.72,3.91,16.6,50.03,2.6,3.19,760.99
2023-08-21,Balaghat,922.5,0.0,3.91,11.46,47.95,2.57,3.67,770.92
2023-08-22,Balaghat,922.5,37.62,16.44,9.75,58.63,1.93,7.91,780.37
2023-08-23,Balaghat,922.5,177.99,71.87,32.48,60.0,7.01,23.31,528.59
2023-08-24,Balaghat,922.5,0.0,71.87,32.48,57.1,1.84,9.95,800.06
2023-08-25,Balaghat,922.5,0.0,59.33,32.48,53.34,0.0,8.79,808.63
2023-08-26,Balaghat,922.5,103.65,34.55,47.28,60.0,1.08,14.92,732.26
2023-08-27,Balaghat,922.5,56.36,53.34,53.66,60.0,1.75,5.7,755.17
2023-08-28,Balaghat,922.5,0.0,53.34,53.66,58.67,1.7,14.37,770.57
2023-08-29,Balaghat,922.5,53.7,36.69,55.96,60.0,0.44,22.18,771.0
2023-08-30,Balaghat,922.5,15.14,22.94,32.69,60.0,0.0,14.74,778.17
2023-08-31,Balaghat,922.5,33.28,34.04,37.45,60.0,3.25,21.03,754.4
2023-09-01,Balaghat,922.5,66.3,38.24,46.92,60.0,1.01,24.42,774.15
2023-09-02,Balaghat,922.5,59.27,52.95,40.58,60.0,1.09,41.44,750.68
2023-09-03,Balaghat,922.5,0.0,41.86,32.53,54.86,2.01,23.55,767.15
2023-09-04,Balaghat,922.5,39.76,33.01,38.21,60.0,1.6,12.41,805.48
2023-09-05,Balaghat,922.5,0.0,13.25,30.54,56.43,1.36,10.41,784.42
2023-09-06,Balaghat,922.5,0.0,13.25,28.37,52.38,1.42,2.1,816.86
2023-09-07,Balaghat,922.5,0.0,0.0,23.62,51.19,1.0,11.24,811.73
2023-09-08,Balaghat,922.5,32.88,10.96,18.84,60.0,5.64,6.03,715.5
2023-09-09,Balaghat,922.5,61.18,31.35,19.12,60.0,0.68,4.84,788.76
2023-09-10,Balaghat,922.5,9.78,34.61,20.51,56.49,2.8,15.51,725.54
2023-09-11,Balaghat,922.5,0.0,23.65,14.83,50.93,1.36,0.0,832.08
2023-09-12,Balaghat,922.5,39.53,16.44,20.48,60.0,0.39,22.99,785.1
2023-09-13,Balaghat,922.5,99.55,46.36,34.7,60.0,0.73,7.71,756.45
2023-09-14,Balaghat,922.5,62.83,67.3,43.68,60.0,0.51,15.64,758.38
2023-09-15,Balaghat,922.5,49.32,70.57,46.03,60.0,0.24,3.12,806.45
2023-09-16,Balaghat,922.5,0.0,37.38,37.29,54.69,0.06,12.82,801.76
2023-09-17,Balaghat,922.5,0.0,16.44,35.89,52.64,0.03,5.81,837.32
2023-09-18,Balaghat,922.5,0.0,0.0,35.89,50.08,1.29,25.17,792.09
2023-09-19,Balaghat,922.5,32.63,10.88,34.9,57.53,1.7,4.51,783.84
2023-09-20,Balaghat,922.5,26.71,19.78,24.5,60.0,0.0,32.01,779.95
2023-09-21,Balaghat,922.5,0.0,19.78,15.52,56.12,1.91,8.42,789.9
2023-09-22,Balaghat,922.5,54.16,26.96,16.21,60.0,0.0,3.86,798.79
2023-09-23,Balaghat,922.5,149.44,67.87,37.56,60.0,1.46,19.63,631.42
2023-09-24,Balaghat,922.5,69.11,90.9,47.44,60.0,1.35,10.83,772.29
2023-09-25,Balaghat,922.5,0.0,72.85,47.44,57.6,0.55,5.19,807.61
2023-09-26,Balaghat,922.5,0.0,23.04,42.77,57.08,2.5,2.9,779.53
2023-09-27,Balaghat,922.5,0.0,0.0,38.96,52.08,0.03,33.36,803.89
2023-09-28,Balaghat,922.5,10.18,3.39,40.41,53.1,2.52,2.28,794.75
2023-09-29,Balaghat,922.5,15.99,8.72,34.96,55.35,3.02,32.78,740.34
2023-09-30,Balaghat,922.5,0.0,8.72,13.61,51.22,0.0,2.17,863.91
2023-10-01,Balaghat,922.5,0.0,5.33,3.74,46.15,0.99,9.32,816.81
2023-10-02,Balaghat,922.5,0.0,0.0,3.74,44.04,1.58,23.65,803.55
2023-10-03,Balaghat,922.5,0.0,0.0,3.74,43.45,1.24,0.0,816.1
2023-10-04,Balaghat,922.5,0.0,0.0,3.74,41.86,0.44,1.44,881.82
2023-10-05,Balaghat,922.5,0.0,0.0,2.28,39.14,1.78,7.84,838.81
2023-10-06,Balaghat,922.5,0.0,0.0,0.0,35.61,0.96,2.1,858.07
2023-10-07,Balaghat,922.5,0.0,0.0,0.0,35.16,0.1,7.65,876.18
2023-10-08,Balaghat,922.5,11.56,3.85,1.65,36.31,2.53,8.18,822.75
2023-10-09,Balaghat,922.5,0.0,3.85,1.65,34.09,1.87,6.67,872.44
2023-10-10,Balaghat,922.5,0.0,3.85,1.65,31.76,0.31,3.96,872.14
2023-10-11,Balaghat,922.5,40.06,13.35,7.37,42.85,0.6,9.44,831.08
2023-10-12,Balaghat,922.5,27.75,22.6,11.34,50.01,0.0,7.98,834.28
2023-10-13,Balaghat,922.5,19.98,29.27,14.19,53.91,0.0,10.6,818.8
2023-10-14,Balaghat,922.5,0.0,15.91,14.19,52.65,2.27,0.0,809.99
2023-10-15,Balaghat,922.5,0.0,6.66,12.54,49.58,0.9,3.11,790.84
2023-10-16,Balaghat,922.5,0.0,0.0,12.54,46.74,2.69,0.0,814.18
2023-10-17,Balaghat,922.5,0.0,0.0,12.54,41.99,4.22,11.67,781.94
2023-10-18,Balaghat,922.5,0.0,0.0,6.82,41.81,0.45,14.42,844.28
2023-10-19,Balaghat,922.5,0.0,0.0,2.85,39.64,5.51,21.61,750.54
2023-10-20,Balaghat,922.5,0.0,0.0,0.0,35.12,0.23,1.48,870.73
2023-10-21,Balaghat,922.5,22.8,7.6,3.26,39.81,2.31,13.57,800.27
2023-10-22,Balaghat,922.5,0.0,7.6,3.26,36.73,3.42,9.56,820.52
2023-10-23,Balaghat,922.5,0.0,7.6,3.26,34.94,0.45,0.97,855.22
2023-10-24,Balaghat,922.5,0.0,0.0,3.26,33.59,4.47,0.0,808.82
2023-10-25,Balaghat,922.5,0.0,0.0,3.26,31.51,0.86,10.12,891.58
2023-10-26,Balaghat,922.5,0.0,0.0,3.26,28.97,0.74,17.46,864.79
2023-10-27,Balaghat,922.5,0.0,0.0,3.26,25.71,0.67,0.0,890.0
2023-10-28,Balaghat,922.5,0.0,0.0,0.0,23.65,0.41,21.68,880.97
2023-10-29,Balaghat,922.5,0.0,0.0,0.0,21.01,3.47,8.96,797.58
2023-10-30,Balaghat,922.5,0.0,0.0,0.0,19.69,2.51,14.91,863.35
2023-10-31,Balaghat,922.5,39.78,13.26,5.68,32.68,2.25,21.49,847.69
2023-11-01,Balaghat,922.5,0.0,13.26,5.68,30.76,1.45,12.29,860.39
2023-11-02,Balaghat,922.5,1.9,13.89,5.95,29.9,1.09,18.38,860.46
2023-11-03,Balaghat,922.5,0.0,0.63,5.95,28.91,1.59,13.35,838.86
2023-11-04,Balaghat,922.5,0.0,0.63,5.95,26.13,0.61,2.87,884.98
2023-11-05,Balaghat,922.5,0.0,0.0,5.95,25.36,0.45,7.15,885.39
2023-11-06,Balaghat,922.5,0.0,0.0,5.95,23.78,0.96,23.19,895.96
2023-11-07,Balaghat,922.5,0.0,0.0,0.27,25.72,2.12,1.37,870.24
2023-11-08,Balaghat,922.5,1.86,0.62,0.54,24.66,0.36,11.53,912.1
2023-11-09,Balaghat,922.5,3.9,1.92,0.82,25.65,0.31,9.89,920.75
2023-11-10,Balaghat,922.5,0.0,1.92,0.82,25.8,0.1,7.73,910.42
2023-11-11,Balaghat,922.5,0.0,1.3,0.82,23.73,1.51,6.0,874.88
2023-11-12,Balaghat,922.5,0.0,0.0,0.82,22.39,1.37,0.0,896.46
2023-11-13,Balaghat,922.5,0.0,0.0,0.82,22.56,1.1,2.04,913.95
2023-11-14,Balaghat,922.5,0.0,0.0,0.82,19.83,0.76,2.63,869.69
2023-11-15,Balaghat,922.5,0.0,0.0,0.56,18.83,1.15,11.44,890.66
2023-11-16,Balaghat,922.5,0.0,0.0,0.0,19.76,1.52,3.55,870.82
2023-11-17,Balaghat,922.5,0.0,0.0,0.0,19.64,0.72,12.2,896.97
2023-11-18,Balaghat,922.5,0.0,0.0,0.0,17.71,1.49,11.37,902.62
2023-11-19,Balaghat,922.5,0.0,0.0,0.0,16.47,1.18,9.41,899.98
2023-11-20,Balaghat,922.5,0.0,0.0,0.0,14.84,0.27,4.76,909.85
2023-11-21,Balaghat,922.5,0.0,0.0,0.0,14.19,1.94,1.38,871.67
2023-11-22,Balaghat,922.5,0.0,0.0,0.0,12.4,0.29,10.42,888.09
2023-11-23,Balaghat,922.5,8.29,2.76,1.18,14.3,2.99,37.4,820.81
2023-11-24,Balaghat,922.5,0.0,2.76,1.18,12.94,1.44,1.21,862.93
2023-11-25,Balaghat,922.5,0.0,2.76,1.18,11.39,0.97,0.0,897.9
2023-11-26,Balaghat,922.5,0.0,0.0,1.18,11.69,0.95,0.58,914.06
2023-11-27,Balaghat,922.5,0.0,0.0,1.18,9.68,0.51,22.07,870.37
2023-11-28,Balaghat,922.5,0.0,0.0,1.18,7.88,0.73,18.35,885.44
2023-11-29,Balaghat,922.5,0.0,0.0,1.18,6.47,0.08,8.56,941.5
2023-11-30,Balaghat,922.5,0.0,0.0,0.0,5.38,0.0,24.27,871.19
2023-12-01,Balaghat,922.5,0.0,0.0,0.0,4.94,0.85,16.39,881.36
2023-12-02,Balaghat,922.5,0.0,0.0,0.0,3.0,3.53,9.76,854.63
2023-12-03,Balaghat,922.5,0.0,0.0,0.0,3.0,1.32,13.61,876.64
2023-12-04,Balaghat,922.5,0.0,0.0,0.0,4.9,2.93,3.81,849.26
2023-12-05,Balaghat,922.5,3.21,1.07,0.46,4.05,1.43,9.75,872.08
2023-12-06,Balaghat,922.5,0.0,1.07,0.46,3.0,3.09,0.4,840.47
2023-12-07,Balaghat,922.5,0.0,1.07,0.46,3.0,0.41,1.94,913.75
2023-12-08,Balaghat,922.5,0.0,0.0,0.46,3.0,1.86,3.85,892.38
2023-12-09,Balaghat,922.5,0.0,0.0,0.46,3.0,2.55,2.92,869.35
2023-12-10,Balaghat,922.5,0.0,0.0,0.46,3.12,0.89,7.39,880.4
2023-12-11,Balaghat,922.5,0.0,0.0,0.46,4.2,0.34,2.15,930.59
2023-12-12,Balaghat,922.5,0.0,0.0,0.0,4.43,0.67,27.43,872.36
2023-12-13,Balaghat,922.5,0.0,0.0,0.0,4.09,0.49,26.46,890.49
2023-12-14,Balaghat,922.5,0.0,0.0,0.0,3.34,1.54,33.81,841.75
2023-12-15,Balaghat,922.5,0.0,0.0,0.0,3.23,0.4,12.34,902.25
2023-12-16,Balaghat,922.5,0.0,0.0,0.0,3.0,1.06,2.72,900.98
2023-12-17,Balaghat,922.5,0.0,0.0,0.0,3.0,1.69,3.98,884.36
2023-12-18,Balaghat,922.5,0.0,0.0,0.0,3.0,0.96,6.79,875.99
2023-12-19,Balaghat,922.5,0.0,0.0,0.0,3.0,0.0,13.52,892.58
2023-12-20,Balaghat,922.5,0.0,0.0,0.0,3.0,4.75,5.93,807.93
2023-12-21,Balaghat,922.5,0.0,0.0,0.0,3.0,1.17,5.42,893.85
2023-12-22,Balaghat,922.5,0.0,0.0,0.0,3.0,0.76,1.74,909.01
2023-12-23,Balaghat,922.5,0.0,0.0,0.0,3.0,0.3,0.0,906.21
2023-12-24,Balaghat,922.5,0.0,0.0,0.0,3.0,2.73,27.17,877.3
2023-12-25,Balaghat,922.5,0.0,0.0,0.0,3.67,0.57,11.08,859.45
2023-12-26,Balaghat,922.5,0.0,0.0,0.0,3.18,1.46,30.74,887.07
2023-12-27,Balaghat,922.5,0.0,0.0,0.0,4.7,0.77,2.66,940.35
2023-12-28,Balaghat,922.5,0.0,0.0,0.0,6.35,0.0,0.0,936.16
2023-12-29,Balaghat,922.5,0.0,0.0,0.0,4.51,0.37,11.55,899.85
2023-12-30,Balaghat,922.5,0.0,0.0,0.0,4.34,1.0,0.25,914.75
2023-12-31,Balaghat,922.5,0.0,0.0,0.0,3.0,0.02,2.18,922.98
2024-01-01,Balaghat,922.5,0.0,0.0,0.0,4.59,1.42,5.43,903.06
2024-01-02,Balaghat,922.5,8.86,2.95,1.27,7.65,0.59,22.89,883.65
2024-01-03,Balaghat,922.5,0.0,2.95,1.27,7.86,0.0,0.0,959.74
2024-01-04,Balaghat,922.5,0.0,2.95,1.27,7.56,1.59,22.7,881.16
2024-01-05,Balaghat,922.5,0.0,0.0,1.27,8.19,0.0,26.1,888.43
2024-01-06,Balaghat,922.5,0.0,0.0,1.27,7.39,3.52,13.86,834.24
2024-01-07,Balaghat,922.5,0.0,0.0,1.27,8.37,0.74,17.81,908.55
2024-01-08,Balaghat,922.5,0.0,0.0,1.27,7.76,0.72,0.0,922.9
2024-01-09,Balaghat,922.5,0.0,0.0,0.0,7.69,2.47,10.91,840.75
2024-01-10,Balaghat,922.5,0.0,0.0,0.0,8.47,0.88,11.73,877.46
2024-01-11,Balaghat,922.5,0.0,0.0,0.0,9.36,1.0,6.9,871.34
2024-01-12,Balaghat,922.5,0.0,0.0,0.0,9.0,0.05,7.7,900.94
2024-01-13,Balaghat,922.5,0.0,0.0,0.0,8.48,0.84,1.88,893.87
2024-01-14,Balaghat,922.5,0.0,0.0,0.0,8.48,0.0,12.94,941.1
2024-01-15,Balaghat,922.5,0.0,0.0,0.0,9.14,1.56,25.33,885.36
2024-01-16,Balaghat,922.5,0.0,0.0,0.0,8.89,0.96,9.88,895.34
2024-01-17,Balaghat,922.5,5.36,1.79,0.77,8.59,3.58,11.18,864.63
2024-01-18,Balaghat,922.5,0.0,1.79,0.77,7.94,1.46,10.44,888.0
2024-01-19,Balaghat,922.5,0.0,1.79,0.77,6.73,1.43,8.16,869.67
2024-01-20,Balaghat,922.5,0.0,0.0,0.77,7.83,0.05,16.86,917.22
2024-01-21,Balaghat,922.5,0.0,0.0,0.77,6.73,0.64,2.2,887.31
2024-01-22,Balaghat,922.5,0.0,0.0,0.77,5.83,0.0,1.36,933.36
2024-01-23,Balaghat,922.5,0.0,0.0,0.77,6.17,0.76,0.0,923.66
2024-01-24,Balaghat,922.5,0.0,0.0,0.0,7.07,0.36,17.82,933.63
2024-01-25,Balaghat,922.5,0.0,0.0,0.0,7.97,0.0,0.0,930.38
2024-01-26,Balaghat,922.5,0.0,0.0,0.0,6.89,0.0,5.14,948.98
2024-01-27,Balaghat,922.5,0.0,0.0,0.0,8.15,0.71,19.41,899.77
2024-01-28,Balaghat,922.5,0.0,0.0,0.0,8.4,4.0,14.16,813.62
2024-01-29,Balaghat,922.5,0.0,0.0,0.0,10.49,1.13,7.48,894.37
2024-01-30,Balaghat,922.5,0.0,0.0,0.0,10.51,0.32,12.86,901.87
2024-01-31,Balaghat,922.5,0.0,0.0,0.0,8.85,1.03,4.86,900.52
2024-02-01,Balaghat,922.5,0.0,0.0,0.0,7.65,0.59,6.39,900.14
2024-02-02,Balaghat,922.5,0.0,0.0,0.0,9.15,0.69,6.22,886.41
2024-02-03,Balaghat,922.5,0.0,0.0,0.0,5.53,0.54,22.19,885.3
2024-02-04,Balaghat,922.5,0.0,0.0,0.0,6.57,0.78,34.49,908.29
2024-02-05,Balaghat,922.5,0.0,0.0,0.0,5.6,0.51,8.03,872.01
2024-02-06,Balaghat,922.5,0.0,0.0,0.0,4.84,1.98,6.57,880.63
2024-02-07,Balaghat,922.5,0.0,0.0,0.0,4.73,0.86,2.1,925.73
2024-02-08,Balaghat,922.5,3.54,1.18,0.51,6.24,2.97,8.21,852.38
2024-02-09,Balaghat,922.5,0.0,1.18,0.51,4.59,0.0,6.88,908.84
2024-02-10,Balaghat,922.5,0.0,1.18,0.51,4.12,1.08,6.0,882.33
2024-02-11,Balaghat,922.5,0.93,0.31,0.64,3.0,1.18,13.3,861.58
2024-02-12,Balaghat,922.5,0.0,0.31,0.64,6.19,0.42,11.79,921.05
2024-02-13,Balaghat,922.5,0.0,0.31,0.64,4.23,0.57,0.99,920.2
2024-02-14,Balaghat,922.5,0.0,0.0,0.64,4.22,0.0,3.1,944.79
2024-02-15,Balaghat,922.5,0.0,0.0,0.13,4.87,0.69,12.44,882.84
2024-02-16,Balaghat,922.5,0.0,0.0,0.13,5.21,0.65,12.99,898.9
2024-02-17,Balaghat,922.5,0.0,0.0,0.13,3.57,1.6,7.13,872.84
2024-02-18,Balaghat,922.5,0.0,0.0,0.0,3.78,0.42,6.21,924.12
2024-02-19,Balaghat,922.5,0.0,0.0,0.0,4.5,0.8,6.2,882.76
2024-02-20,Balaghat,922.5,0.0,0.0,0.0,3.0,0.4,6.22,915.32
2024-02-21,Balaghat,922.5,0.0,0.0,0.0,3.97,0.16,0.0,899.22
2024-02-22,Balaghat,922.5,0.0,0.0,0.0,3.41,0.36,12.77,903.62
2024-02-23,Balaghat,922.5,0.0,0.0,0.0,3.0,0.0,0.0,928.05
2024-02-24,Balaghat,922.5,0.0,0.0,0.0,3.97,0.69,0.0,915.39
2024-02-25,Balaghat,922.5,0.0,0.0,0.0,4.3,0.3,16.97,896.71
2024-02-26,Balaghat,922.5,0.0,0.0,0.0,3.0,3.27,47.65,816.12
2024-02-27,Balaghat,922.5,0.0,0.0,0.0,3.0,0.0,22.32,917.61
2024-02-28,Balaghat,922.5,0.0,0.0,0.0,3.15,1.9,12.22,901.06
2024-02-29,Balaghat,922.5,0.0,0.0,0.0,3.43,0.97,0.0,891.11
2024-03-01,Balaghat,922.5,0.0,0.0,0.0,4.74,1.72,3.91,881.16
2024-03-02,Balaghat,922.5,0.0,0.0,0.0,4.43,3.12,7.88,872.17
2024-03-03,Balaghat,922.5,0.0,0.0,0.0,5.03,1.05,2.92,891.22
2024-03-04,Balaghat,922.5,0.0,0.0,0.0,3.16,0.7,8.94,916.33
2024-03-05,Balaghat,922.5,0.0,0.0,0.0,3.0,1.25,26.78,868.5
2024-03-06,Balaghat,922.5,0.0,0.0,0.0,3.0,0.62,19.39,907.32
2024-03-07,Balaghat,922.5,2.92,0.97,0.42,3.0,0.2,9.96,876.65
2024-03-08,Balaghat,922.5,0.0,0.97,0.42,3.0,2.74,13.19,850.45
2024-03-09,Balaghat,922.5,0.0,0.97,0.42,3.0,0.82,0.0,871.81
2024-03-10,Balaghat,922.5,0.0,0.0,0.42,3.0,1.11,2.36,898.75
2024-03-11,Balaghat,922.5,0.0,0.0,0.42,3.0,1.59,3.51,875.12
2024-03-12,Balaghat,922.5,0.0,0.0,0.42,5.39,1.48,0.0,888.74
2024-03-13,Balaghat,922.5,0.0,0.0,0.42,4.58,0.57,3.27,880.58
2024-03-14,Balaghat,922.5,0.0,0.0,0.0,4.91,1.22,7.34,906.48
2024-03-15,Balaghat,922.5,0.0,0.0,0.0,3.89,2.65,0.0,863.52
2024-03-16,Balaghat,922.5,0.0,0.0,0.0,3.16,3.31,6.75,875.31
2024-03-17,Balaghat,922.5,0.0,0.0,0.0,3.0,0.64,1.11,911.63
2024-03-18,Balaghat,922.5,0.0,0.0,0.0,3.0,0.53,17.43,892.21
2024-03-19,Balaghat,922.5,0.0,0.0,0.0,3.0,0.0,16.47,919.04
2024-03-20,Balaghat,922.5,0.0,0.0,0.0,3.5,0.0,8.12,891.98
2024-03-21,Balaghat,922.5,0.0,0.0,0.0,3.0,1.04,11.32,896.2
2024-03-22,Balaghat,922.5,0.0,0.0,0.0,3.0,0.76,10.43,908.47
2024-03-23,Balaghat,922.5,0.0,0.0,0.0,3.11,0.6,5.18,885.95
2024-03-24,Balaghat,922.5,0.0,0.0,0.0,3.0,0.92,4.9,879.74
2024-03-25,Balaghat,922.5,0.0,0.0,0.0,3.0,1.37,3.8,884.37
2024-03-26,Balaghat,922.5,0.0,0.0,0.0,3.0,0.7,0.0,918.47
2024-03-27,Balaghat,922.5,0.0,0.0,0.0,3.0,0.48,2.05,918.03
2024-03-28,Balaghat,922.5,0.0,0.0,0.0,3.0,0.01,7.77,916.17
2024-03-29,Balaghat,922.5,0.0,0.0,0.0,3.0,3.16,16.94,837.92
2024-03-30,Balaghat,922.5,0.0,0.0,0.0,5.37,1.62,6.81,889.0
2024-03-31,Balaghat,922.5,0.0,0.0,0.0,5.06,0.76,5.45,913.34
2024-04-01,Balaghat,922.5,0.0,0.0,0.0,6.25,0.64,11.2,880.54
2024-04-02,Balaghat,922.5,0.0,0.0,0.0,4.65,0.57,9.48,902.11
2024-04-03,Balaghat,922.5,0.0,0.0,0.0,4.14,0.85,14.78,878.77
2024-04-04,Balaghat,922.5,0.0,0.0,0.0,3.19,2.47,0.0,883.2
2024-04-05,Balaghat,922.5,0.0,0.0,0.0,3.0,1.23,6.42,888.49
2024-04-06,Balaghat,922.5,0.0,0.0,0.0,3.0,1.65,5.5,859.74
2024-04-07,Balaghat,922.5,0.0,0.0,0.0,3.0,1.45,0.0,881.15
2024-04-08,Balaghat,922.5,0.0,0.0,0.0,3.52,5.27,1.47,788.51
2024-04-09,Balaghat,922.5,0.0,0.0,0.0,3.0,0.0,0.0,942.61
2024-04-10,Balaghat,922.5,0.0,0.0,0.0,3.0,1.52,9.42,887.65
2024-04-11,Balaghat,922.5,0.0,0.0,0.0,3.0,1.35,25.55,874.13
2024-04-12,Balaghat,922.5,0.0,0.0,0.0,3.0,0.21,3.59,887.14
2024-04-13,Balaghat,922.5,0.0,0.0,0.0,3.0,2.77,18.25,853.36
2024-04-14,Balaghat,922.5,0.0,0.0,0.0,3.0,1.54,28.31,877.03
2024-04-15,Balaghat,922.5,0.0,0.0,0.0,3.08,1.02,7.72,893.93
2024-04-16,Balaghat,922.5,3.71,1.24,0.53,7.38,0.0,32.0,900.38
2024-04-17,Balaghat,922.5,0.0,1.24,0.53,8.42,2.53,0.0,867.95
2024-04-18,Balaghat,922.5,0.0,1.24,0.53,8.4,0.0,5.16,939.32
2024-04-19,Balaghat,922.5,0.0,0.0,0.53,6.97,3.28,6.72,866.77
2024-04-20,Balaghat,922.5,0.0,0.0,0.53,6.81,1.11,14.5,859.25
2024-04-21,Balaghat,922.5,0.0,0.0,0.53,4.74,0.95,0.0,893.81
2024-04-22,Balaghat,922.5,0.0,0.0,0.53,3.0,0.66,10.58,910.42
2024-04-23,Balaghat,922.5,0.0,0.0,0.0,3.0,1.03,16.48,910.9
2024-04-24,Balaghat,922.5,0.0,0.0,0.0,3.21,0.0,18.49,920.0
2024-04-25,Balaghat,922.5,0.0,0.0,0.0,3.26,4.45,30.66,797.46
2024-04-26,Balaghat,922.5,0.0,0.0,0.0,4.53,0.16,17.92,897.22
2024-04-27,Balaghat,922.5,0.0,0.0,0.0,9.09,1.12,1.49,898.33
2024-04-28,Balaghat,922.5,0.0,0.0,0.0,10.04,1.27,9.54,907.23
2024-04-29,Balaghat,922.5,0.0,0.0,0.0,8.45,0.57,1.0,919.99
2024-04-30,Balaghat,922.5,0.0,0.0,0.0,6.32,2.09,9.53,845.9
2024-05-01,Balaghat,922.5,0.0,0.0,0.0,7.53,1.55,1.88,901.05
2024-05-02,Balaghat,922.5,0.0,0.0,0.0,5.81,2.22,13.28,883.95
2024-05-03,Balaghat,922.5,0.0,0.0,0.0,5.32,1.01,11.26,879.65
2024-05-04,Balaghat,922.5,18.9,6.3,2.7,11.38,1.17,25.94,916.15
2024-05-05,Balaghat,922.5,14.23,11.04,4.73,14.05,0.27,7.03,888.73
2024-05-06,Balaghat,922.5,0.0,11.04,4.73,13.01,0.8,3.07,901.48
2024-05-07,Balaghat,922.5,0.0,4.74,4.73,14.34,0.31,13.91,894.73
2024-05-08,Balaghat,922.5,0.0,0.0,4.73,12.72,0.61,0.53,918.74
2024-05-09,Balaghat,922.5,0.0,0.0,4.73,13.5,0.62,2.58,904.95
2024-05-10,Balaghat,922.5,0.0,0.0,4.73,11.48,0.0,4.12,896.03
2024-05-11,Balaghat,922.5,0.0,0.0,2.03,9.71,3.41,8.75,848.35
2024-05-12,Balaghat,922.5,13.51,4.5,1.93,13.95,0.56,9.41,882.07
2024-05-13,Balaghat,922.5,0.0,4.5,1.93,13.59,2.77,4.78,843.03
2024-05-14,Balaghat,922.5,16.79,10.1,4.33,18.45,0.4,5.09,913.69
2024-05-15,Balaghat,922.5,0.0,5.6,4.33,15.48,1.17,12.58,867.71
2024-05-16,Balaghat,922.5,0.0,5.6,4.33,15.35,2.47,10.55,846.92
2024-05-17,Balaghat,922.5,24.19,8.06,7.79,23.38,0.62,8.8,907.14
2024-05-18,Balaghat,922.5,0.0,8.06,7.79,22.54,0.54,4.73,899.36
2024-05-19,Balaghat,922.5,9.52,11.24,7.21,25.85,0.57,0.0,906.25
2024-05-20,Balaghat,922.5,0.0,3.17,7.21,24.31,0.52,4.78,904.78
2024-05-21,Balaghat,922.5,0.0,3.17,4.82,25.27,1.37,0.0,890.14
2024-05-22,Balaghat,922.5,0.0,0.0,4.82,24.04,0.0,40.5,900.5
2024-05-23,Balaghat,922.5,0.0,0.0,4.82,24.0,1.39,12.26,863.59
2024-05-24,Balaghat,922.5,0.0,0.0,1.36,23.69,0.0,0.0,927.57
2024-05-25,Balaghat,922.5,0.0,0.0,1.36,21.36,0.73,27.75,876.23
2024-05-26,Balaghat,922.5,0.0,0.0,0.0,19.46,0.87,0.21,912.85
2024-05-27,Balaghat,922.5,16.07,5.36,2.3,23.72,1.78,0.0,874.88
2024-05-28,Balaghat,922.5,0.0,5.36,2.3,21.35,0.77,28.15,873.99
2024-05-29,Balaghat,922.5,0.0,5.36,2.3,19.8,0.04,0.0,935.89
2024-05-30,Balaghat,922.5,0.0,0.0,2.3,20.0,0.64,6.36,922.57
2024-05-31,Balaghat,922.5,0.0,0.0,2.3,19.75,1.27,15.91,880.76
2024-06-01,Balaghat,922.5,56.88,18.96,10.42,38.02,1.31,13.05,851.82
2024-06-02,Balaghat,922.5,44.28,33.72,16.75,50.4,1.13,17.36,799.96
2024-06-03,Balaghat,922.5,0.0,33.72,14.45,48.98,3.2,16.16,751.18
2024-06-04,Balaghat,922.5,86.39,43.56,26.79,60.0,2.18,12.72,734.21
2024-06-05,Balaghat,922.5,46.56,44.32,33.44,60.0,1.44,4.67,783.86
2024-06-06,Balaghat,922.5,0.0,44.32,33.44,56.76,2.34,3.25,776.74
2024-06-07,Balaghat,922.5,0.0,15.52,33.44,53.47,1.09,17.57,786.55
2024-06-08,Balaghat,922.5,51.22,17.07,32.64,60.0,1.69,22.48,769.42
2024-06-09,Balaghat,922.5,48.81,33.34,33.28,60.0,0.21,0.66,781.65
2024-06-10,Balaghat,922.5,32.14,44.06,37.87,60.0,0.04,5.49,792.26
2024-06-11,Balaghat,922.5,28.98,36.64,29.67,60.0,0.75,14.18,792.85
2024-06-12,Balaghat,922.5,0.0,20.37,23.02,56.52,1.26,21.57,769.46
2024-06-13,Balaghat,922.5,0.0,9.66,23.02,54.27,2.77,40.08,752.33
2024-06-14,Balaghat,922.5,32.56,10.85,27.67,60.0,0.6,10.23,811.15
2024-06-15,Balaghat,922.5,48.9,27.16,27.34,60.0,0.72,5.93,756.57
2024-06-16,Balaghat,922.5,5.82,29.1,21.2,56.28,1.57,0.0,774.81
2024-06-17,Balaghat,922.5,0.0,18.24,16.61,54.37,1.8,0.0,795.89
2024-06-18,Balaghat,922.5,37.27,14.36,17.79,60.0,1.33,7.72,781.7
2024-06-19,Balaghat,922.5,0.0,12.42,17.79,55.08,1.47,2.74,798.22
2024-06-20,Balaghat,922.5,37.52,24.93,23.15,60.0,1.41,1.45,797.66
2024-06-21,Balaghat,922.5,13.93,17.15,20.49,60.0,0.74,17.12,789.67
2024-06-22,Balaghat,922.5,0.0,17.15,13.51,56.7,1.06,5.85,792.3
2024-06-23,Balaghat,922.5,62.32,25.42,21.58,60.0,1.11,4.22,753.95
2024-06-24,Balaghat,922.5,0.0,20.77,21.58,57.16,1.74,10.71,739.91
2024-06-25,Balaghat,922.5,0.0,20.77,16.25,54.35,0.86,12.05,801.15
2024-06-26,Balaghat,922.5,0.77,0.26,16.36,49.74,1.36,29.64,797.03
2024-06-27,Balaghat,922.5,26.03,8.93,14.72,56.57,0.21,7.04,831.3
2024-06-28,Balaghat,922.5,93.78,40.19,26.13,60.0,1.41,7.75,747.57
2024-06-29,Balaghat,922.5,26.71,48.84,29.94,60.0,2.09,24.14,778.97
2024-06-30,Balaghat,922.5,9.6,43.36,22.41,60.0,0.89,20.67,762.49
2024-07-01,Balaghat,922.5,0.0,12.1,22.41,56.37,1.04,8.71,787.83
2024-07-02,Balaghat,922.5,57.23,22.28,30.59,60.0,0.0,22.1,747.69
2024-07-03,Balaghat,922.5,41.59,32.94,36.42,60.0,1.92,15.57,787.02
2024-07-04,Balaghat,922.5,87.74,62.19,45.24,60.0,1.86,6.73,751.12
2024-07-05,Balaghat,922.5,0.0,43.11,31.84,54.6,0.32,2.42,818.12
2024-07-06,Balaghat,922.5,46.99,44.91,34.74,60.0,2.08,0.0,792.71
2024-07-07,Balaghat,922.5,54.04,33.67,41.08,60.0,2.82,9.5,741.46
2024-07-08,Balaghat,922.5,89.99,63.67,53.94,60.0,1.55,10.32,745.82
2024-07-09,Balaghat,922.5,0.0,48.01,45.76,55.86,0.73,2.79,803.61
2024-07-10,Balaghat,922.5,0.0,30.0,39.82,53.42,0.48,0.0,819.27
2024-07-11,Balaghat,922.5,107.03,35.68,42.58,60.0,1.43,13.51,710.92
2024-07-12,Balaghat,922.5,0.0,35.68,42.58,57.95,1.29,14.79,791.03
2024-07-13,Balaghat,922.5,26.91,44.65,39.71,60.0,0.03,3.64,802.51
2024-07-14,Balaghat,922.5,0.0,8.97,31.99,58.86,1.21,9.92,809.25
2024-07-15,Balaghat,922.5,62.05,29.65,28.0,60.0,1.24,4.69,753.28
2024-07-16,Balaghat,922.5,59.7,40.58,36.53,60.0,0.51,2.73,796.05
2024-07-17,Balaghat,922.5,0.0,40.58,36.53,57.92,1.87,0.0,761.46
2024-07-18,Balaghat,922.5,119.2,59.63,38.26,60.0,1.68,27.52,694.87
2024-07-19,Balaghat,922.5,0.0,39.73,38.26,55.09,1.83,11.98,783.61
2024-07-20,Balaghat,922.5,32.86,50.69,39.12,60.0,0.0,16.97,821.01
2024-07-21,Balaghat,922.5,14.1,15.65,41.13,60.0,1.94,24.13,753.92
2024-07-22,Balaghat,922.5,99.19,48.72,46.44,60.0,2.04,4.94,707.59
2024-07-23,Balaghat,922.5,54.56,55.95,45.7,60.0,3.9,2.05,734.67
2024-07-24,Balaghat,922.5,0.0,51.25,45.7,56.32,0.85,0.0,797.0
2024-07-25,Balaghat,922.5,48.25,34.27,35.57,60.0,1.09,0.0,797.38
2024-07-26,Balaghat,922.5,28.81,25.69,39.68,60.0,1.29,21.47,756.26
2024-07-27,Balaghat,922.5,14.55,30.53,37.06,60.0,0.36,0.0,799.42
2024-07-28,Balaghat,922.5,0.0,14.45,35.05,58.18,0.73,5.32,802.77
2024-07-29,Balaghat,922.5,57.5,24.01,29.09,60.0,1.83,14.2,792.17
2024-07-30,Balaghat,922.5,0.0,19.17,21.3,57.81,1.16,17.91,792.91
2024-07-31,Balaghat,922.5,0.0,19.17,21.3,52.96,0.42,15.8,800.02
2024-08-01,Balaghat,922.5,0.0,0.0,14.41,49.39,0.46,1.47,829.64
2024-08-02,Balaghat,922.5,0.0,0.0,10.29,47.5,2.98,7.13,809.58
2024-08-03,Balaghat,922.5,0.0,0.0,8.21,43.56,2.02,14.64,791.09
2024-08-04,Balaghat,922.5,27.71,9.24,12.17,49.76,1.4,2.44,802.88
2024-08-05,Balaghat,922.5,8.74,12.15,5.21,50.05,1.99,5.66,791.32
2024-08-06,Balaghat,922.5,108.49,48.31,20.71,60.0,2.26,18.53,698.46
2024-08-07,Balaghat,922.5,0.0,39.08,20.71,57.4,1.74,0.0,786.58
2024-08-08,Balaghat,922.5,0.0,36.16,20.71,54.43,0.22,0.0,822.67
2024-08-09,Balaghat,922.5,0.0,0.0,20.71,52.31,0.77,11.28,804.38
2024-08-10,Balaghat,922.5,16.84,5.61,23.11,55.69,2.18,14.96,759.06
2024-08-11,Balaghat,922.5,0.0,5.61,19.15,52.65,0.52,10.92,816.28
2024-08-12,Balaghat,922.5,24.59,13.81,21.42,57.21,0.82,7.25,814.18
2024-08-13,Balaghat,922.5,37.33,20.64,11.25,60.0,5.04,21.93,683.88
2024-08-14,Balaghat,922.5,0.0,20.64,11.25,57.66,2.77,10.28,774.56
2024-08-15,Balaghat,922.5,0.0,12.44,11.25,51.84,0.0,11.81,861.26
2024-08-16,Balaghat,922.5,0.0,0.0,11.25,47.43,0.0,3.31,839.22
2024-08-17,Balaghat,922.5,90.69,30.23,21.8,60.0,1.89,30.97,697.66
2024-08-18,Balaghat,922.5,46.69,45.79,28.47,60.0,0.57,1.33,782.36
2024-08-19,Balaghat,922.5,0.0,45.79,24.96,55.9,2.1,9.91,775.54
2024-08-20,Balaghat,922.5,21.97,22.89,22.76,57.98,1.56,10.79,832.24
2024-08-21,Balaghat,922.5,25.95,15.97,26.47,60.0,0.26,10.76,808.56
2024-08-22,Balaghat,922.5,0.0,15.97,26.47,58.1,0.8,3.16,807.26
2024-08-23,Balaghat,922.5,88.4,38.12,39.1,60.0,0.24,5.64,763.89
2024-08-24,Balaghat,922.5,71.53,53.31,36.36,60.0,0.85,4.79,784.36
2024-08-25,Balaghat,922.5,63.1,74.34,38.71,60.0,1.33,8.74,757.5
2024-08-26,Balaghat,922.5,44.13,59.58,45.01,60.0,0.81,7.01,751.28
2024-08-27,Balaghat,922.5,0.0,35.74,41.87,54.15,0.99,25.9,761.6
2024-08-28,Balaghat,922.5,26.34,23.49,41.93,60.0,0.0,5.86,812.44
2024-08-29,Balaghat,922.5,47.2,24.51,48.67,60.0,0.31,5.25,822.01
2024-08-30,Balaghat,922.5,0.0,24.51,36.04,55.94,0.83,6.67,795.02
2024-08-31,Balaghat,922.5,25.87,24.36,29.52,60.0,0.33,24.84,799.63
2024-09-01,Balaghat,922.5,33.81,19.9,25.34,60.0,1.2,24.5,786.36
2024-09-02,Balaghat,922.5,0.0,19.9,19.03,56.73,1.26,10.4,789.62
2024-09-03,Balaghat,922.5,201.71,78.51,47.85,60.0,5.02,26.07,510.59
2024-09-04,Balaghat,922.5,0.0,67.24,44.08,55.76,0.86,11.69,774.93
2024-09-05,Balaghat,922.5,0.0,67.24,37.34,52.91,1.26,1.47,818.71
2024-09-06,Balaghat,922.5,20.27,6.76,40.24,56.56,2.52,0.0,755.61
2024-09-07,Balaghat,922.5,0.0,6.76,36.54,52.0,0.08,0.0,817.58
2024-09-08,Balaghat,922.5,82.63,34.3,43.52,60.0,0.2,10.26,753.92
2024-09-09,Balaghat,922.5,0.0,27.54,43.52,56.95,1.14,17.69,796.35
2024-09-10,Balaghat,922.5,119.54,67.39,31.78,60.0,1.8,30.24,672.99
2024-09-11,Balaghat,922.5,0.0,39.85,31.78,57.18,0.69,0.0,800.87
2024-09-12,Balaghat,922.5,72.16,63.9,42.08,60.0,1.12,10.09,765.08
2024-09-13,Balaghat,922.5,0.0,24.05,39.19,57.27,0.9,0.0,832.83
2024-09-14,Balaghat,922.5,0.0,24.05,39.19,52.57,0.0,30.48,804.92
2024-09-15,Balaghat,922.5,40.62,13.54,33.19,60.0,0.12,7.04,805.63
2024-09-16,Balaghat,922.5,29.97,23.53,37.47,60.0,1.26,13.11,783.17
2024-09-17,Balaghat,922.5,49.64,40.08,27.48,60.0,0.81,16.55,784.24
2024-09-18,Balaghat,922.5,24.52,34.71,30.99,60.0,0.87,0.0,805.73
2024-09-19,Balaghat,922.5,203.86,92.67,49.8,60.0,5.19,29.23,510.83
2024-09-20,Balaghat,922.5,41.84,90.07,55.78,60.0,0.3,0.0,801.03
2024-09-21,Balaghat,922.5,80.76,108.82,67.32,60.0,4.18,8.86,680.43
2024-09-22,Balaghat,922.5,45.02,55.87,67.94,60.0,0.73,3.68,785.74
2024-09-23,Balaghat,922.5,0.0,41.93,63.66,58.31,0.0,10.07,810.82
2024-09-24,Balaghat,922.5,0.0,15.01,56.57,55.69,2.9,8.61,777.12
2024-09-25,Balaghat,922.5,0.0,0.0,53.07,53.89,4.07,0.0,757.74
2024-09-26,Balaghat,922.5,58.82,19.61,32.35,60.0,2.98,26.29,734.33
2024-09-27,Balaghat,922.5,21.17,26.66,29.4,60.0,1.28,7.05,766.17
2024-09-28,Balaghat,922.5,80.69,53.56,29.39,60.0,4.09,7.0,697.64
2024-09-29,Balaghat,922.5,31.7,44.52,27.48,60.0,0.78,0.92,812.35
2024-09-30,Balaghat,922.5,0.0,37.46,27.48,57.72,0.2,45.39,787.82
2024-10-01,Balaghat,922.5,0.0,10.57,27.48,52.61,2.7,4.13,753.35
2024-10-02,Balaghat,922.5,0.0,0.0,27.48,47.0,0.86,25.8,802.83
2024-10-03,Balaghat,922.5,0.0,0.0,19.08,43.66,2.71,6.47,800.75
2024-10-04,Balaghat,922.5,0.0,0.0,16.06,41.35,0.94,8.41,818.35
2024-10-05,Balaghat,922.5,0.0,0.0,4.53,39.65,1.81,15.8,808.24
2024-10-06,Balaghat,922.5,0.0,0.0,0.0,38.24,0.41,27.73,828.41
2024-10-07,Balaghat,922.5,4.69,1.56,0.67,37.43,0.0,11.52,884.69
2024-10-08,Balaghat,922.5,0.0,1.56,0.67,35.44,0.0,4.76,871.43
2024-10-09,Balaghat,922.5,0.0,1.56,0.67,34.18,2.25,11.07,839.61
2024-10-10,Balaghat,922.5,0.0,0.0,0.67,28.43,1.08,0.0,885.08
2024-10-11,Balaghat,922.5,0.0,0.0,0.67,28.08,2.6,1.1,858.35
2024-10-12,Balaghat,922.5,0.0,0.0,0.67,24.2,0.88,4.22,894.08
2024-10-13,Balaghat,922.5,0.0,0.0,0.67,23.95,1.78,0.28,872.18
2024-10-14,Balaghat,922.5,14.81,4.94,2.12,26.2,1.02,4.72,885.35
2024-10-15,Balaghat,922.5,0.0,4.94,2.12,22.83,0.29,10.21,895.53
2024-10-16,Balaghat,922.5,0.0,4.94,2.12,20.93,0.18,0.88,913.22
2024-10-17,Balaghat,922.5,0.0,0.0,2.12,19.21,0.42,0.23,901.92
2024-10-18,Balaghat,922.5,0.0,0.0,2.12,18.15,1.36,0.0,908.2
2024-10-19,Balaghat,922.5,0.0,0.0,2.12,16.83,0.38,7.4,917.7
2024-10-20,Balaghat,922.5,2.74,0.91,2.51,15.86,0.32,10.09,909.86
2024-10-21,Balaghat,922.5,0.0,0.91,0.39,16.44,0.97,6.66,912.19
2024-10-22,Balaghat,922.5,0.0,0.91,0.39,14.21,0.63,28.04,882.89
2024-10-23,Balaghat,922.5,0.0,0.0,0.39,11.48,0.04,4.31,906.69
2024-10-24,Balaghat,922.5,22.59,7.53,3.62,18.54,0.61,5.75,911.86
2024-10-25,Balaghat,922.5,0.0,7.53,3.62,20.75,0.61,0.11,895.35
2024-10-26,Balaghat,922.5,20.19,14.26,6.5,25.4,1.25,31.73,872.36
2024-10-27,Balaghat,922.5,0.0,6.73,6.11,23.45,2.61,6.38,858.58
2024-10-28,Balaghat,922.5,0.0,6.73,6.11,22.99,0.93,0.0,900.54
2024-10-29,Balaghat,922.5,0.0,0.0,6.11,19.05,0.39,9.16,925.53
2024-10-30,Balaghat,922.5,0.0,0.0,6.11,19.99,1.25,0.0,908.85
2024-10-31,Balaghat,922.5,0.0,0.0,2.88,18.68,0.57,10.06,922.23
2024-11-01,Balaghat,922.5,0.0,0.0,2.88,14.99,0.69,0.0,885.16
2024-11-02,Balaghat,922.5,0.0,0.0,0.0,12.93,1.24,16.41,908.44
2024-11-03,Balaghat,922.5,0.0,0.0,0.0,9.95,0.23,23.96,918.23
2024-11-04,Balaghat,922.5,0.0,0.0,0.0,9.56,1.82,19.74,842.44
2024-11-05,Balaghat,922.5,0.0,0.0,0.0,9.91,2.04,10.2,876.26
2024-11-06,Balaghat,922.5,0.0,0.0,0.0,7.92,0.87,11.94,885.4
2024-11-07,Balaghat,922.5,0.68,0.23,0.1,8.3,1.41,24.64,855.77
2024-11-08,Balaghat,922.5,0.0,0.23,0.1,6.63,1.57,9.38,854.26
2024-11-09,Balaghat,922.5,0.0,0.23,0.1,4.03,0.32,5.79,929.58
2024-11-10,Balaghat,922.5,0.0,0.0,0.1,3.0,0.32,0.63,923.09
2024-11-11,Balaghat,922.5,0.0,0.0,0.1,3.65,0.42,36.64,890.2
2024-11-12,Balaghat,922.5,0.0,0.0,0.1,3.0,3.1,8.16,855.59
2024-11-13,Balaghat,922.5,0.0,0.0,0.1,3.0,2.05,2.03,882.94
2024-11-14,Balaghat,922.5,0.0,0.0,0.0,3.75,0.8,1.78,873.72
2024-11-15,Balaghat,922.5,0.44,0.15,0.06,3.0,1.5,0.0,876.62
2024-11-16,Balaghat,922.5,0.0,0.15,0.06,3.81,0.67,6.4,897.0
2024-11-17,Balaghat,922.5,0.0,0.15,0.06,4.54,0.0,17.95,917.22
2024-11-18,Balaghat,922.5,5.83,1.94,0.9,4.1,1.29,11.56,901.75
2024-11-19,Balaghat,922.5,2.32,2.72,1.23,3.95,0.78,14.42,908.5
2024-11-20,Balaghat,922.5,0.0,2.72,1.23,3.97,2.26,2.67,862.04
2024-11-21,Balaghat,922.5,0.0,0.77,1.23,3.0,1.63,1.58,888.88
2024-11-22,Balaghat,922.5,3.16,1.05,1.62,3.39,0.0,7.42,889.68
2024-11-23,Balaghat,922.5,0.0,1.05,1.62,3.06,1.73,0.0,886.02
2024-11-24,Balaghat,922.5,0.0,1.05,1.62,3.0,6.28,6.6,781.04
2024-11-25,Balaghat,922.5,0.0,0.0,0.78,3.0,0.0,0.0,917.95
2024-11-26,Balaghat,922.5,0.0,0.0,0.45,3.0,0.08,7.2,906.12
2024-11-27,Balaghat,922.5,0.0,0.0,0.45,3.0,2.13,6.85,868.06
2024-11-28,Balaghat,922.5,0.0,0.0,0.45,3.0,0.27,23.59,915.76
2024-11-29,Balaghat,922.5,0.0,0.0,0.0,3.0,1.27,12.25,884.81
2024-11-30,Balaghat,922.5,0.0,0.0,0.0,4.22,1.07,10.67,910.15
2024-12-01,Balaghat,922.5,0.0,0.0,0.0,4.43,1.05,5.45,895.71
2024-12-02,Balaghat,922.5,0.0,0.0,0.0,4.67,0.83,1.76,896.4
2024-12-03,Balaghat,922.5,0.0,0.0,0.0,5.75,1.36,2.27,911.77
2024-12-04,Balaghat,922.5,0.0,0.0,0.0,4.37,0.96,10.07,889.2
2024-12-05,Balaghat,922.5,0.0,0.0,0.0,4.78,1.71,6.66,862.4
2024-12-06,Balaghat,922.5,0.0,0.0,0.0,4.2,1.05,6.98,885.97
2024-12-07,Balaghat,922.5,0.0,0.0,0.0,3.0,1.11,1.43,883.68
2024-12-08,Balaghat,922.5,0.0,0.0,0.0,3.0,1.59,9.63,901.59
2024-12-09,Balaghat,922.5,0.0,0.0,0.0,4.39,0.52,12.86,916.44
2024-12-10,Balaghat,922.5,0.0,0.0,0.0,3.44,0.35,0.0,944.57
2024-12-11,Balaghat,922.5,0.0,0.0,0.0,3.01,0.19,22.72,866.93
2024-12-12,Balaghat,922.5,0.0,0.0,0.0,3.0,0.0,4.76,937.43
2024-12-13,Balaghat,922.5,0.0,0.0,0.0,3.0,0.39,1.87,910.71
2024-12-14,Balaghat,922.5,0.0,0.0,0.0,3.0,0.73,6.27,907.59
2024-12-15,Balaghat,922.5,0.0,0.0,0.0,3.91,0.0,27.04,887.92
2024-12-16,Balaghat,922.5,0.0,0.0,0.0,3.77,1.39,2.99,901.55
2024-12-17,Balaghat,922.5,0.0,0.0,0.0,4.1,1.57,0.0,864.98
2024-12-18,Balaghat,922.5,0.0,0.0,0.0,3.4,3.03,9.68,865.93
2024-12-19,Balaghat,922.5,0.0,0.0,0.0,3.04,1.33,7.19,908.01
2024-12-20,Balaghat,922.5,0.0,0.0,0.0,3.0,0.6,17.93,913.89
2024-12-21,Balaghat,922.5,0.0,0.0,0.0,3.0,0.15,4.92,946.82
2024-12-22,Balaghat,922.5,0.0,0.0,0.0,3.0,0.26,7.1,911.04
2024-12-23,Balaghat,922.5,0.0,0.0,0.0,3.14,0.47,19.01,921.23
2024-12-24,Balaghat,922.5,0.0,0.0,0.0,3.0,3.19,10.37,847.97
2024-12-25,Balaghat,922.5,0.0,0.0,0.0,3.17,1.54,0.0,920.84
2024-12-26,Balaghat,922.5,0.0,0.0,0.0,4.14,1.09,9.95,894.32
2024-12-27,Balaghat,922.5,0.0,0.0,0.0,5.56,0.57,4.21,898.37
2024-12-28,Balaghat,922.5,0.0,0.0,0.0,5.02,4.6,4.37,836.99
2024-12-29,Balaghat,922.5,0.0,0.0,0.0,4.94,2.57,6.02,851.59
2024-12-30,Balaghat,922.5,0.0,0.0,0.0,3.0,0.46,21.6,902.04
2022-01-01,Dongri Buzurg,800.1,0.0,0.0,0.0,14.91,0.0,16.2,776.08
2022-01-02,Dongri Buzurg,800.1,0.0,0.0,0.0,15.15,0.62,0.53,797.98
2022-01-03,Dongri Buzurg,800.1,0.0,0.0,0.0,13.82,2.44,10.71,764.66
2022-01-04,Dongri Buzurg,800.1,0.0,0.0,0.0,13.0,0.18,0.0,770.11
2022-01-05,Dongri Buzurg,800.1,0.0,0.0,0.0,12.25,1.07,0.0,762.37
2022-01-06,Dongri Buzurg,800.1,0.0,0.0,0.0,11.73,1.13,1.61,784.34
2022-01-07,Dongri Buzurg,800.1,1.1,0.37,0.16,9.86,1.6,1.56,773.65
2022-01-08,Dongri Buzurg,800.1,0.0,0.37,0.16,9.64,1.73,4.42,767.89
2022-01-09,Dongri Buzurg,800.1,0.0,0.37,0.16,8.67,0.0,4.45,802.6
2022-01-10,Dongri Buzurg,800.1,0.0,0.0,0.16,8.12,0.35,15.32,766.26
2022-01-11,Dongri Buzurg,800.1,0.0,0.0,0.16,6.96,0.7,9.36,797.58
2022-01-12,Dongri Buzurg,800.1,0.0,0.0,0.16,5.98,0.14,6.74,784.86
2022-01-13,Dongri Buzurg,800.1,0.0,0.0,0.16,5.66,1.17,0.0,778.73
2022-01-14,Dongri Buzurg,800.1,0.0,0.0,0.0,3.87,0.0,15.95,777.84
2022-01-15,Dongri Buzurg,800.1,0.0,0.0,0.0,5.9,1.03,4.13,775.5
2022-01-16,Dongri Buzurg,800.1,3.43,1.14,0.49,5.06,1.57,6.73,758.86
2022-01-17,Dongri Buzurg,800.1,0.0,1.14,0.49,4.56,1.7,26.65,730.82
2022-01-18,Dongri Buzurg,800.1,0.0,1.14,0.49,3.99,0.51,16.02,761.05
2022-01-19,Dongri Buzurg,800.1,0.0,0.0,0.49,3.0,0.0,30.31,788.6
2022-01-20,Dongri Buzurg,800.1,0.0,0.0,0.49,3.0,1.4,11.89,771.96
2022-01-21,Dongri Buzurg,800.1,0.0,0.0,0.49,3.74,0.76,8.04,756.84
2022-01-22,Dongri Buzurg,800.1,0.0,0.0,0.49,3.0,1.21,3.02,787.03
2022-01-23,Dongri Buzurg,800.1,0.0,0.0,0.0,3.0,1.28,6.91,752.42
2022-01-24,Dongri Buzurg,800.1,0.0,0.0,0.0,3.0,1.52,0.0,794.54
2022-01-25,Dongri Buzurg,800.1,0.0,0.0,0.0,3.17,4.73,17.08,714.9
2022-01-26,Dongri Buzurg,800.1,2.53,0.84,0.36,5.13,1.52,0.0,769.16
2022-01-27,Dongri Buzurg,800.1,0.0,0.84,0.36,4.39,0.0,7.54,821.79
2022-01-28,Dongri Buzurg,800.1,0.0,0.84,0.36,4.64,2.81,5.24,761.56
2022-01-29,Dongri Buzurg,800.1,0.0,0.0,0.36,4.45,0.0,15.2,793.82
2022-01-30,Dongri Buzurg,800.1,0.0,0.0,0.36,3.36,1.45,5.3,760.53
2022-01-31,Dongri Buzurg,800.1,0.0,0.0,0.36,3.0,3.59,9.91,737.9
2022-02-01,Dongri Buzurg,800.1,4.58,1.53,1.01,4.57,2.25,12.01,775.44
2022-02-02,Dongri Buzurg,800.1,0.0,1.53,0.65,3.73,2.17,17.46,748.91
2022-02-03,Dongri Buzurg,800.1,0.0,1.53,0.65,3.0,0.62,16.9,787.58
2022-02-04,Dongri Buzurg,800.1,0.0,0.0,0.65,3.0,0.3,20.67,797.93
2022-02-05,Dongri Buzurg,800.1,0.0,0.0,0.65,3.0,2.77,10.35,744.63
2022-02-06,Dongri Buzurg,800.1,0.0,0.0,0.65,3.0,1.48,0.0,782.21
2022-02-07,Dongri Buzurg,800.1,0.0,0.0,0.65,3.0,1.5,10.91,778.71
2022-02-08,Dongri Buzurg,800.1,0.0,0.0,0.0,3.0,1.75,11.87,767.8
2022-02-09,Dongri Buzurg,800.1,0.0,0.0,0.0,3.59,1.62,16.2,768.55
2022-02-10,Dongri Buzurg,800.1,11.56,3.85,1.65,6.44,0.51,0.0,805.26
2022-02-11,Dongri Buzurg,800.1,0.0,3.85,1.65,4.97,0.13,13.72,782.49
2022-02-12,Dongri Buzurg,800.1,0.0,3.85,1.65,4.8,0.44,16.89,775.85
2022-02-13,Dongri Buzurg,800.1,0.0,0.0,1.65,4.9,1.39,22.46,741.09
2022-02-14,Dongri Buzurg,800.1,0.0,0.0,1.65,5.17,0.85,1.5,799.83
2022-02-15,Dongri Buzurg,800.1,0.0,0.0,1.65,4.02,3.49,2.71,726.67
2022-02-16,Dongri Buzurg,800.1,0.0,0.0,1.65,3.63,0.13,14.59,780.96
2022-02-17,Dongri Buzurg,800.1,0.0,0.0,0.0,3.0,0.21,13.42,798.24
2022-02-18,Dongri Buzurg,800.1,0.0,0.0,0.0,3.0,0.0,21.74,800.86
2022-02-19,Dongri Buzurg,800.1,0.0,0.0,0.0,3.0,1.77,10.46,747.93
2022-02-20,Dongri Buzurg,800.1,0.0,0.0,0.0,3.0,2.26,5.4,750.77
2022-02-21,Dongri Buzurg,800.1,1.39,0.46,0.2,5.22,0.87,11.54,759.37
2022-02-22,Dongri Buzurg,800.1,5.72,2.37,1.02,7.46,1.12,22.17,750.41
2022-02-23,Dongri Buzurg,800.1,0.0,2.37,1.02,6.47,0.73,18.45,776.86
2022-02-24,Dongri Buzurg,800.1,0.0,1.91,1.02,6.3,0.27,0.0,799.96
2022-02-25,Dongri Buzurg,800.1,0.0,0.0,1.02,6.15,1.49,0.0,789.8
2022-02-26,Dongri Buzurg,800.1,0.0,0.0,1.02,6.94,0.74,5.42,773.14
2022-02-27,Dongri Buzurg,800.1,0.0,0.0,1.02,6.89,0.0,16.21,801.65
2022-02-28,Dongri Buzurg,800.1,0.0,0.0,0.82,7.68,0.01,5.73,798.92
2022-03-01,Dongri Buzurg,800.1,0.0,0.0,0.0,7.71,0.0,7.83,777.34
2022-03-02,Dongri Buzurg,800.1,0.0,0.0,0.0,6.64,0.76,0.0,784.49
2022-03-03,Dongri Buzurg,800.1,0.0,0.0,0.0,5.65,0.43,1.2,784.71
2022-03-04,Dongri Buzurg,800.1,0.0,0.0,0.0,4.23,0.17,4.58,810.23
2022-03-05,Dongri Buzurg,800.1,0.0,0.0,0.0,6.11,0.47,13.88,783.87
2022-03-06,Dongri Buzurg,800.1,0.0,0.0,0.0,6.83,1.16,2.46,744.99
2022-03-07,Dongri Buzurg,800.1,0.0,0.0,0.0,5.56,1.07,27.58,755.39
2022-03-08,Dongri Buzurg,800.1,0.0,0.0,0.0,3.92,1.69,0.98,738.17
2022-03-09,Dongri Buzurg,800.1,0.0,0.0,0.0,3.0,0.46,2.4,779.25
2022-03-10,Dongri Buzurg,800.1,0.0,0.0,0.0,3.32,1.17,6.37,794.83
2022-03-11,Dongri Buzurg,800.1,0.0,0.0,0.0,6.04,5.37,3.33,667.31
2022-03-12,Dongri Buzurg,800.1,0.0,0.0,0.0,7.23,0.52,34.89,765.66
2022-03-13,Dongri Buzurg,800.1,0.0,0.0,0.0,7.44,3.5,15.82,755.74
2022-03-14,Dongri Buzurg,800.1,0.0,0.0,0.0,7.51,1.6,11.99,769.09
2022-03-15,Dongri Buzurg,800.1,0.0,0.0,0.0,7.9,4.44,0.0,714.9
2022-03-16,Dongri Buzurg,800.1,0.0,0.0,0.0,7.16,1.33,4.12,787.01
2022-03-17,Dongri Buzurg,800.1,0.0,0.0,0.0,6.54,0.0,2.53,820.11
2022-03-18,Dongri Buzurg,800.1,0.0,0.0,0.0,3.88,1.63,5.42,762.86
2022-03-19,Dongri Buzurg,800.1,0.0,0.0,0.0,3.09,0.61,0.0,759.73
2022-03-20,Dongri Buzurg,800.1,0.0,0.0,0.0,3.0,0.91,20.13,770.07
2022-03-21,Dongri Buzurg,800.1,0.0,0.0,0.0,3.0,0.22,13.41,776.76
2022-03-22,Dongri Buzurg,800.1,0.0,0.0,0.0,3.85,0.0,9.9,800.28
2022-03-23,Dongri Buzurg,800.1,0.0,0.0,0.0,3.11,1.37,40.88,718.51
2022-03-24,Dongri Buzurg,800.1,0.0,0.0,0.0,3.0,1.09,19.79,784.98
2022-03-25,Dongri Buzurg,800.1,0.0,0.0,0.0,3.29,1.5,4.81,792.79
2022-03-26,Dongri Buzurg,800.1,0.0,0.0,0.0,5.07,2.22,13.17,745.75
2022-03-27,Dongri Buzurg,800.1,0.0,0.0,0.0,3.0,0.74,19.33,747.34
2022-03-28,Dongri Buzurg,800.1,0.0,0.0,0.0,3.83,0.31,5.98,784.69
2022-03-29,Dongri Buzurg,800.1,0.0,0.0,0.0,5.01,0.0,9.12,782.88
2022-03-30,Dongri Buzurg,800.1,0.0,0.0,0.0,5.17,0.27,5.37,774.12
2022-03-31,Dongri Buzurg,800.1,0.52,0.17,0.07,5.46,0.51,13.59,780.07
2022-04-01,Dongri Buzurg,800.1,0.0,0.17,0.07,6.27,1.0,7.04,794.83
2022-04-02,Dongri Buzurg,800.1,0.0,0.17,0.07,4.78,1.31,0.0,785.55
2022-04-03,Dongri Buzurg,800.1,4.85,1.62,0.77,8.11,0.34,17.41,778.05
2022-04-04,Dongri Buzurg,800.1,0.0,1.62,0.77,7.38,0.55,15.85,782.43
2022-04-05,Dongri Buzurg,800.1,3.11,2.65,1.21,8.96,0.41,0.0,783.61
2022-04-06,Dongri Buzurg,800.1,0.0,1.04,1.21,9.3,0.0,8.14,769.26
2022-04-07,Dongri Buzurg,800.1,0.0,1.04,1.14,9.09,0.0,2.12,763.45
2022-04-08,Dongri Buzurg,800.1,10.77,3.59,2.67,9.55,0.57,5.82,779.66
2022-04-09,Dongri Buzurg,800.1,0.0,3.59,2.67,9.51,0.43,13.33,796.86
2022-04-10,Dongri Buzurg,800.1,0.0,3.59,1.98,6.85,0.82,5.78,783.91
2022-04-11,Dongri Buzurg,800.1,0.0,0.0,1.98,6.08,0.13,4.89,771.73
2022-04-12,Dongri Buzurg,800.1,0.0,0.0,1.54,4.25,0.19,4.11,783.5
2022-04-13,Dongri Buzurg,800.1,2.73,0.91,1.93,5.56,0.14,0.83,794.59
2022-04-14,Dongri Buzurg,800.1,0.0,0.91,1.93,6.07,3.03,2.92,721.62
2022-04-15,Dongri Buzurg,800.1,0.0,0.91,0.39,5.79,1.01,0.0,812.26
2022-04-16,Dongri Buzurg,800.1,0.0,0.0,0.39,5.72,0.43,16.56,770.78
2022-04-17,Dongri Buzurg,800.1,0.0,0.0,0.39,5.88,2.37,8.1,743.21
2022-04-18,Dongri Buzurg,800.1,0.0,0.0,0.39,6.21,1.34,8.11,770.75
2022-04-19,Dongri Buzurg,800.1,1.28,0.43,0.57,5.49,1.97,18.81,746.98
2022-04-20,Dongri Buzurg,800.1,0.0,0.43,0.18,4.95,2.01,6.45,772.15
2022-04-21,Dongri Buzurg,800.1,2.19,1.16,0.5,5.37,0.25,14.77,769.21
2022-04-22,Dongri Buzurg,800.1,0.0,0.73,0.5,5.74,0.79,9.71,783.37
2022-04-23,Dongri Buzurg,800.1,0.0,0.73,0.5,5.65,0.19,2.24,820.84
2022-04-24,Dongri Buzurg,800.1,0.0,0.0,0.5,5.55,1.96,8.08,740.83
2022-04-25,Dongri Buzurg,800.1,0.0,0.0,0.5,6.13,1.33,22.46,752.33
2022-04-26,Dongri Buzurg,800.1,2.59,0.86,0.68,5.76,1.41,0.0,792.17
2022-04-27,Dongri Buzurg,800.1,0.0,0.86,0.68,3.96,2.0,0.93,761.46
2022-04-28,Dongri Buzurg,800.1,1.25,1.28,0.55,3.0,1.21,0.23,804.86
2022-04-29,Dongri Buzurg,800.1,0.0,0.42,0.55,3.0,0.0,15.65,805.72
2022-04-30,Dongri Buzurg,800.1,0.0,0.42,0.55,3.0,0.0,8.0,806.0
2022-05-01,Dongri Buzurg,800.1,0.0,0.0,0.55,3.58,1.32,0.0,793.65
2022-05-02,Dongri Buzurg,800.1,0.0,0.0,0.55,3.32,3.67,35.82,705.23
2022-05-03,Dongri Buzurg,800.1,26.47,8.82,3.96,10.94,1.56,7.34,775.57
2022-05-04,Dongri Buzurg,800.1,10.53,12.33,5.46,14.41,0.62,9.11,798.4
2022-05-05,Dongri Buzurg,800.1,0.0,12.33,5.29,14.29,0.67,0.22,790.29
2022-05-06,Dongri Buzurg,800.1,45.26,18.6,11.75,28.43,0.42,10.92,746.49
2022-05-07,Dongri Buzurg,800.1,0.0,15.09,11.75,28.64,0.57,8.66,773.57
2022-05-08,Dongri Buzurg,800.1,0.0,15.09,11.75,27.01,2.27,8.39,723.95
2022-05-09,Dongri Buzurg,800.1,0.0,0.0,11.75,27.71,0.0,6.03,767.93
2022-05-10,Dongri Buzurg,800.1,5.89,1.96,8.81,27.43,1.38,8.75,735.63
2022-05-11,Dongri Buzurg,800.1,0.0,1.96,7.31,24.4,0.4,15.94,764.72
2022-05-12,Dongri Buzurg,800.1,0.0,1.96,7.31,24.4,0.35,18.27,794.27
2022-05-13,Dongri Buzurg,800.1,0.0,0.0,0.84,20.93,1.72,29.74,739.0
2022-05-14,Dongri Buzurg,800.1,0.0,0.0,0.84,20.99,1.49,6.56,777.3
2022-05-15,Dongri Buzurg,800.1,24.42,8.14,4.33,28.54,1.52,0.0,741.95
2022-05-16,Dongri Buzurg,800.1,0.0,8.14,4.33,26.89,0.0,6.59,780.53
2022-05-17,Dongri Buzurg,800.1,11.49,11.97,5.13,28.39,0.34,0.89,774.43
2022-05-18,Dongri Buzurg,800.1,0.0,3.83,5.13,28.56,2.68,4.31,729.9
2022-05-19,Dongri Buzurg,800.1,20.13,10.54,8.01,35.92,0.53,8.57,764.93
2022-05-20,Dongri Buzurg,800.1,0.0,6.71,8.01,32.62,0.88,5.83,753.6
2022-05-21,Dongri Buzurg,800.1,5.46,8.53,8.79,32.86,0.48,22.32,738.75
2022-05-22,Dongri Buzurg,800.1,25.68,10.38,8.97,38.53,0.77,0.0,735.58
2022-05-23,Dongri Buzurg,800.1,0.0,10.38,8.97,36.34,2.36,2.78,724.86
2022-05-24,Dongri Buzurg,800.1,0.0,8.56,7.32,32.26,1.19,9.72,755.3
2022-05-25,Dongri Buzurg,800.1,5.46,1.82,8.1,31.25,1.68,8.43,728.43
2022-05-26,Dongri Buzurg,800.1,0.0,1.82,5.23,27.83,2.52,1.46,744.02
2022-05-27,Dongri Buzurg,800.1,24.01,9.82,8.66,35.73,1.45,0.92,730.54
2022-05-28,Dongri Buzurg,800.1,0.0,8.0,7.88,31.41,1.16,0.14,738.14
2022-05-29,Dongri Buzurg,800.1,0.0,8.0,4.21,32.15,1.18,2.54,737.57
2022-05-30,Dongri Buzurg,800.1,0.0,0.0,4.21,30.15,3.53,5.74,723.16
2022-05-31,Dongri Buzurg,800.1,0.0,0.0,4.21,28.4,0.0,4.52,757.26
2022-06-01,Dongri Buzurg,800.1,0.0,0.0,3.43,26.0,1.44,11.8,753.51
2022-06-02,Dongri Buzurg,800.1,0.0,0.0,3.43,24.22,0.84,2.08,794.01
2022-06-03,Dongri Buzurg,800.1,46.76,15.59,6.68,39.3,1.72,15.63,732.26
2022-06-04,Dongri Buzurg,800.1,65.31,37.35,16.01,60.0,2.15,18.79,668.0
2022-06-05,Dongri Buzurg,800.1,30.98,47.68,20.43,60.0,0.27,12.73,663.52
2022-06-06,Dongri Buzurg,800.1,0.0,32.1,20.43,56.68,0.24,10.44,678.91
2022-06-07,Dongri Buzurg,800.1,85.14,38.7,32.6,60.0,0.96,21.93,626.16
2022-06-08,Dongri Buzurg,800.1,58.4,47.84,40.94,60.0,0.34,11.3,680.62
2022-06-09,Dongri Buzurg,800.1,33.37,58.97,45.71,60.0,0.32,9.5,703.59
2022-06-10,Dongri Buzurg,800.1,16.59,36.12,41.4,60.0,0.0,7.93,698.87
2022-06-11,Dongri Buzurg,800.1,44.34,31.43,38.4,60.0,3.88,6.81,644.68
2022-06-12,Dongri Buzurg,800.1,40.04,33.66,39.7,60.0,3.26,6.3,661.61
2022-06-13,Dongri Buzurg,800.1,35.39,39.92,44.75,60.0,0.49,3.59,684.33
2022-06-14,Dongri Buzurg,800.1,27.42,34.29,36.51,60.0,1.19,10.75,693.59
2022-06-15,Dongri Buzurg,800.1,0.0,20.94,28.17,55.76,1.68,8.46,646.82
2022-06-16,Dongri Buzurg,800.1,0.0,9.14,23.4,51.44,0.0,23.44,719.41
2022-06-17,Dongri Buzurg,800.1,64.98,21.66,30.31,60.0,0.68,6.06,662.23
2022-06-18,Dongri Buzurg,800.1,0.0,21.66,23.98,55.61,0.0,14.88,685.26
2022-06-19,Dongri Buzurg,800.1,0.0,21.66,18.26,51.18,0.0,6.31,692.59
2022-06-20,Dongri Buzurg,800.1,0.0,0.0,13.2,47.24,0.65,3.39,713.67
2022-06-21,Dongri Buzurg,800.1,14.16,4.72,11.31,48.19,2.14,11.8,672.44
2022-06-22,Dongri Buzurg,800.1,0.0,4.72,11.31,47.78,0.39,3.51,706.26
2022-06-23,Dongri Buzurg,800.1,37.72,17.29,16.69,57.57,0.75,5.96,700.36
2022-06-24,Dongri Buzurg,800.1,0.0,12.57,7.41,52.51,3.55,10.95,666.99
2022-06-25,Dongri Buzurg,800.1,0.0,12.57,7.41,49.98,0.19,0.0,719.96
2022-06-26,Dongri Buzurg,800.1,0.0,0.0,7.41,45.65,0.32,5.11,739.41
2022-06-27,Dongri Buzurg,800.1,35.6,11.87,12.5,54.39,1.38,12.58,661.79
2022-06-28,Dongri Buzurg,800.1,81.37,38.99,22.1,60.0,0.56,9.37,642.38
2022-06-29,Dongri Buzurg,800.1,43.74,53.57,28.35,60.0,0.94,14.5,669.35
2022-06-30,Dongri Buzurg,800.1,0.0,41.71,22.96,58.09,2.78,1.45,657.77
2022-07-01,Dongri Buzurg,800.1,0.0,14.58,22.96,56.64,2.67,7.75,666.97
2022-07-02,Dongri Buzurg,800.1,0.0,0.0,22.96,50.99,0.34,8.97,723.85
2022-07-03,Dongri Buzurg,800.1,57.23,19.08,31.14,60.0,2.62,8.87,675.92
2022-07-04,Dongri Buzurg,800.1,73.31,43.51,36.52,60.0,0.74,4.98,664.25
2022-07-05,Dongri Buzurg,800.1,7.73,46.09,26.0,57.97,0.58,5.7,689.99
2022-07-06,Dongri Buzurg,800.1,0.0,27.01,19.75,54.88,1.53,12.34,681.51
2022-07-07,Dongri Buzurg,800.1,0.0,2.58,19.75,53.31,2.17,2.93,679.77
2022-07-08,Dongri Buzurg,800.1,56.64,18.88,27.84,60.0,1.88,6.42,647.61
2022-07-09,Dongri Buzurg,800.1,14.6,23.75,29.93,60.0,0.42,20.23,673.4
2022-07-10,Dongri Buzurg,800.1,0.0,23.75,21.75,56.1,0.0,9.83,688.79
2022-07-11,Dongri Buzurg,800.1,0.0,4.87,11.28,53.04,0.29,10.16,718.14
2022-07-12,Dongri Buzurg,800.1,0.0,0.0,10.18,49.14,2.95,18.12,677.54
2022-07-13,Dongri Buzurg,800.1,0.0,0.0,10.18,47.77,0.0,4.61,743.77
2022-07-14,Dongri Buzurg,800.1,0.0,0.0,10.18,46.5,0.0,0.0,737.88
2022-07-15,Dongri Buzurg,800.1,56.59,18.86,10.17,60.0,1.34,6.24,659.17
2022-07-16,Dongri Buzurg,800.1,23.94,26.84,11.5,60.0,0.0,16.67,690.2
2022-07-17,Dongri Buzurg,800.1,0.0,26.84,11.5,55.93,0.4,17.61,710.45
2022-07-18,Dongri Buzurg,800.1,0.0,7.98,11.5,53.79,1.89,11.7,682.09
2022-07-19,Dongri Buzurg,800.1,65.02,21.67,20.79,60.0,2.73,28.76,637.04
2022-07-20,Dongri Buzurg,800.1,0.0,21.67,20.79,55.29,1.95,4.54,663.93
2022-07-21,Dongri Buzurg,800.1,63.58,42.87,29.88,60.0,1.63,5.69,657.48
2022-07-22,Dongri Buzurg,800.1,49.81,37.8,28.91,60.0,1.38,0.11,654.76
2022-07-23,Dongri Buzurg,800.1,0.0,37.8,25.49,57.28,0.86,0.0,688.92
2022-07-24,Dongri Buzurg,800.1,0.0,16.6,25.49,56.32,1.6,11.43,684.41
2022-07-25,Dongri Buzurg,800.1,57.85,19.28,33.75,60.0,0.4,1.95,674.07
2022-07-26,Dongri Buzurg,800.1,0.0,19.28,24.46,58.52,1.6,6.91,665.65
2022-07-27,Dongri Buzurg,800.1,25.88,27.91,28.16,60.0,0.7,0.0,719.37
2022-07-28,Dongri Buzurg,800.1,21.18,15.69,22.1,60.0,1.01,5.98,687.66
2022-07-29,Dongri Buzurg,800.1,0.0,15.69,14.99,57.38,1.52,5.35,676.94
2022-07-30,Dongri Buzurg,800.1,86.48,35.89,27.34,60.0,1.32,32.68,641.59
2022-07-31,Dongri Buzurg,800.1,48.19,44.89,34.22,60.0,3.23,4.31,610.59
2022-08-01,Dongri Buzurg,800.1,7.68,47.45,27.06,60.0,2.02,9.82,653.67
2022-08-02,Dongri Buzurg,800.1,163.98,73.28,50.48,60.0,3.63,28.96,517.81
2022-08-03,Dongri Buzurg,800.1,0.0,57.22,46.79,56.4,2.98,11.29,642.74
2022-08-04,Dongri Buzurg,800.1,106.94,90.31,59.04,60.0,1.05,9.24,627.43
2022-08-05,Dongri Buzurg,800.1,0.0,35.65,59.04,56.26,1.71,9.5,646.17
2022-08-06,Dongri Buzurg,800.1,48.61,51.85,53.63,60.0,0.66,9.34,684.78
2022-08-07,Dongri Buzurg,800.1,0.0,16.2,46.74,53.6,1.16,7.72,686.66
2022-08-08,Dongri Buzurg,800.1,63.79,37.47,54.76,60.0,1.96,10.4,632.27
2022-08-09,Dongri Buzurg,800.1,0.0,21.26,31.33,52.35,1.03,12.52,689.77
2022-08-10,Dongri Buzurg,800.1,7.57,23.79,32.42,54.47,0.78,14.15,680.19
2022-08-11,Dongri Buzurg,800.1,8.53,5.37,18.36,55.31,1.19,4.58,724.3
2022-08-12,Dongri Buzurg,800.1,0.0,5.37,18.36,52.94,4.04,8.41,654.77
2022-08-13,Dongri Buzurg,800.1,0.0,2.84,11.41,49.3,0.4,9.05,719.87
2022-08-14,Dongri Buzurg,800.1,0.0,0.0,11.41,46.2,0.67,12.4,709.09
2022-08-15,Dongri Buzurg,800.1,0.0,0.0,2.3,44.81,0.55,5.72,742.93
2022-08-16,Dongri Buzurg,800.1,33.03,11.01,7.02,52.48,0.71,19.2,698.77
2022-08-17,Dongri Buzurg,800.1,0.0,11.01,5.94,46.94,2.53,6.15,712.79
2022-08-18,Dongri Buzurg,800.1,33.35,22.13,9.48,57.17,0.4,8.6,705.51
2022-08-19,Dongri Buzurg,800.1,0.0,11.12,9.48,56.02,1.19,16.38,671.2
2022-08-20,Dongri Buzurg,800.1,82.02,38.46,21.2,60.0,0.92,13.25,653.72
2022-08-21,Dongri Buzurg,800.1,7.51,29.84,22.27,57.54,1.64,8.47,695.63
2022-08-22,Dongri Buzurg,800.1,41.4,43.64,28.19,60.0,1.33,11.71,693.73
2022-08-23,Dongri Buzurg,800.1,86.79,45.23,35.87,60.0,1.48,7.99,664.74
2022-08-24,Dongri Buzurg,800.1,23.17,50.45,39.18,60.0,2.49,9.7,642.68
2022-08-25,Dongri Buzurg,800.1,0.0,36.65,34.41,56.29,1.44,16.11,667.95
2022-08-26,Dongri Buzurg,800.1,12.14,11.77,36.15,59.94,1.48,3.7,673.52
2022-08-27,Dongri Buzurg,800.1,50.53,20.89,31.65,60.0,1.6,14.78,630.71
2022-08-28,Dongri Buzurg,800.1,48.29,36.99,37.47,60.0,1.25,10.8,661.82
2022-08-29,Dongri Buzurg,800.1,0.0,32.94,31.56,57.59,3.86,1.1,658.04
2022-08-30,Dongri Buzurg,800.1,0.0,16.1,19.16,53.71,0.0,1.81,730.03
2022-08-31,Dongri Buzurg,800.1,42.28,14.09,21.89,60.0,1.18,0.97,676.39
2022-09-01,Dongri Buzurg,800.1,29.31,23.87,26.08,60.0,0.44,2.72,696.0
2022-09-02,Dongri Buzurg,800.1,0.0,23.87,24.34,54.34,1.72,0.0,675.18
2022-09-03,Dongri Buzurg,800.1,8.0,12.44,18.27,54.9,0.53,16.25,702.0
2022-09-04,Dongri Buzurg,800.1,0.0,2.67,11.37,49.73,1.66,8.38,688.96
2022-09-05,Dongri Buzurg,800.1,19.57,9.19,14.17,53.86,0.0,2.98,719.48
2022-09-06,Dongri Buzurg,800.1,22.42,14.0,17.37,57.86,0.54,21.23,668.09
2022-09-07,Dongri Buzurg,800.1,0.0,14.0,11.33,53.92,0.72,15.39,706.17
2022-09-08,Dongri Buzurg,800.1,14.5,12.31,9.21,56.05,1.42,13.01,668.74
2022-09-09,Dongri Buzurg,800.1,0.0,4.83,9.21,54.88,0.98,13.23,694.15
2022-09-10,Dongri Buzurg,800.1,26.37,13.62,11.84,60.0,0.02,28.99,699.1
2022-09-11,Dongri Buzurg,800.1,96.84,41.07,25.67,60.0,1.15,17.11,609.53
2022-09-12,Dongri Buzurg,800.1,0.0,41.07,22.88,57.04,0.0,14.81,685.5
2022-09-13,Dongri Buzurg,800.1,23.62,40.15,23.05,60.0,0.6,2.05,710.31
2022-09-14,Dongri Buzurg,800.1,45.54,23.05,29.55,60.0,0.65,11.13,673.18
2022-09-15,Dongri Buzurg,800.1,0.0,23.05,27.48,55.74,0.04,2.09,707.45
2022-09-16,Dongri Buzurg,800.1,14.51,20.02,29.55,53.38,4.46,10.83,642.67
2022-09-17,Dongri Buzurg,800.1,14.4,9.64,27.84,54.67,1.03,3.72,709.07
2022-09-18,Dongri Buzurg,800.1,0.0,9.64,14.01,50.68,0.34,4.94,742.05
2022-09-19,Dongri Buzurg,800.1,12.23,8.88,15.76,52.4,1.75,17.82,684.03
2022-09-20,Dongri Buzurg,800.1,41.49,17.91,18.31,60.0,1.24,13.12,687.68
2022-09-21,Dongri Buzurg,800.1,0.0,17.91,11.81,56.75,2.72,18.75,668.53
2022-09-22,Dongri Buzurg,800.1,0.0,13.83,11.81,51.03,0.47,0.03,700.11
2022-09-23,Dongri Buzurg,800.1,83.99,28.0,21.73,60.0,2.4,18.37,649.9
2022-09-24,Dongri Buzurg,800.1,14.78,32.92,21.78,60.0,2.41,26.93,666.4
2022-09-25,Dongri Buzurg,800.1,18.17,38.98,24.38,60.0,3.33,4.42,643.32
2022-09-26,Dongri Buzurg,800.1,18.18,17.04,25.23,60.0,0.62,20.34,658.47
2022-09-27,Dongri Buzurg,800.1,15.64,17.33,21.54,60.0,2.13,14.33,686.88
2022-09-28,Dongri Buzurg,800.1,0.0,11.27,21.54,55.69,1.24,15.67,705.39
2022-09-29,Dongri Buzurg,800.1,0.0,5.21,21.54,52.6,0.13,2.23,723.37
2022-09-30,Dongri Buzurg,800.1,0.0,0.0,9.54,50.03,0.0,13.18,709.14
2022-10-01,Dongri Buzurg,800.1,0.0,0.0,7.43,46.62,1.39,13.71,695.46
2022-10-02,Dongri Buzurg,800.1,10.49,3.5,6.33,48.58,2.05,17.94,689.75
2022-10-03,Dongri Buzurg,800.1,0.0,3.5,3.73,46.05,1.74,0.0,702.29
2022-10-04,Dongri Buzurg,800.1,0.0,3.5,1.5,42.56,0.85,6.77,716.28
2022-10-05,Dongri Buzurg,800.1,22.94,7.65,4.78,48.37,0.0,8.22,733.97
2022-10-06,Dongri Buzurg,800.1,0.0,7.65,4.78,46.37,0.15,2.12,750.02
2022-10-07,Dongri Buzurg,800.1,0.0,7.65,4.78,42.23,1.5,19.14,703.83
2022-10-08,Dongri Buzurg,800.1,0.0,0.0,4.78,39.48,1.62,19.43,705.63
2022-10-09,Dongri Buzurg,800.1,13.2,4.4,5.16,41.8,4.16,0.0,661.0
2022-10-10,Dongri Buzurg,800.1,0.0,4.4,5.16,39.04,0.42,0.0,733.58
2022-10-11,Dongri Buzurg,800.1,0.0,4.4,5.16,36.42,1.04,12.53,733.26
2022-10-12,Dongri Buzurg,800.1,4.42,1.47,2.52,36.63,0.0,6.71,757.67
2022-10-13,Dongri Buzurg,800.1,0.0,1.47,2.52,35.95,0.43,16.15,755.6
2022-10-14,Dongri Buzurg,800.1,0.0,1.47,2.52,33.22,0.41,1.67,747.67
2022-10-15,Dongri Buzurg,800.1,0.0,0.0,2.52,31.49,0.58,21.17,764.94
2022-10-16,Dongri Buzurg,800.1,0.0,0.0,0.63,28.69,0.31,0.23,792.6
2022-10-17,Dongri Buzurg,800.1,0.0,0.0,0.63,26.21,0.09,5.22,786.91
2022-10-18,Dongri Buzurg,800.1,0.0,0.0,0.63,26.39,0.53,5.86,772.94
2022-10-19,Dongri Buzurg,800.1,0.0,0.0,0.0,26.36,0.04,5.96,786.79
2022-10-20,Dongri Buzurg,800.1,0.0,0.0,0.0,24.33,0.21,10.38,793.24
2022-10-21,Dongri Buzurg,800.1,0.0,0.0,0.0,24.49,0.36,10.37,802.34
2022-10-22,Dongri Buzurg,800.1,0.0,0.0,0.0,21.4,0.76,6.56,765.81
2022-10-23,Dongri Buzurg,800.1,11.14,3.71,1.59,23.04,2.03,4.36,740.93
2022-10-24,Dongri Buzurg,800.1,0.0,3.71,1.59,24.07,0.16,9.69,782.06
2022-10-25,Dongri Buzurg,800.1,0.0,3.71,1.59,22.79,1.83,15.83,746.32
2022-10-26,Dongri Buzurg,800.1,0.0,0.0,1.59,19.57,1.29,0.0,776.45
2022-10-27,Dongri Buzurg,800.1,0.0,0.0,1.59,18.7,0.73,7.96,792.93
2022-10-28,Dongri Buzurg,800.1,2.45,0.82,1.94,19.62,0.48,6.59,788.14
2022-10-29,Dongri Buzurg,800.1,0.0,0.82,1.94,19.57,0.86,6.97,764.31
2022-10-30,Dongri Buzurg,800.1,0.0,0.82,0.35,18.98,0.9,8.08,780.05
2022-10-31,Dongri Buzurg,800.1,0.0,0.0,0.35,17.76,0.31,20.24,757.77
2022-11-01,Dongri Buzurg,800.1,0.0,0.0,0.35,18.16,0.24,0.0,765.51
2022-11-02,Dongri Buzurg,800.1,0.0,0.0,0.35,18.05,2.48,10.33,724.85
2022-11-03,Dongri Buzurg,800.1,0.0,0.0,0.35,16.6,0.0,0.0,811.18
2022-11-04,Dongri Buzurg,800.1,0.0,0.0,0.0,15.24,0.31,14.44,804.28
2022-11-05,Dongri Buzurg,800.1,0.0,0.0,0.0,16.29,0.18,6.37,796.2
2022-11-06,Dongri Buzurg,800.1,0.0,0.0,0.0,15.25,0.24,26.93,785.71
2022-11-07,Dongri Buzurg,800.1,0.0,0.0,0.0,14.36,1.89,3.8,795.18
2022-11-08,Dongri Buzurg,800.1,0.0,0.0,0.0,11.45,0.55,6.95,781.84
2022-11-09,Dongri Buzurg,800.1,0.0,0.0,0.0,9.94,1.26,12.39,783.59
2022-11-10,Dongri Buzurg,800.1,0.0,0.0,0.0,8.07,0.26,5.31,802.57
2022-11-11,Dongri Buzurg,800.1,0.0,0.0,0.0,9.83,1.24,2.44,781.77
2022-11-12,Dongri Buzurg,800.1,0.0,0.0,0.0,7.75,2.39,2.79,753.93
2022-11-13,Dongri Buzurg,800.1,0.0,0.0,0.0,10.11,0.99,4.03,785.52
2022-11-14,Dongri Buzurg,800.1,0.0,0.0,0.0,8.82,0.37,2.72,798.39
2022-11-15,Dongri Buzurg,800.1,0.0,0.0,0.0,5.35,1.92,10.11,755.57
2022-11-16,Dongri Buzurg,800.1,0.0,0.0,0.0,3.33,1.7,8.9,758.03
2022-11-17,Dongri Buzurg,800.1,0.0,0.0,0.0,3.63,1.36,0.0,768.87
2022-11-18,Dongri Buzurg,800.1,0.0,0.0,0.0,3.89,1.14,7.04,813.12
2022-11-19,Dongri Buzurg,800.1,0.0,0.0,0.0,5.44,2.22,0.0,751.48
2022-11-20,Dongri Buzurg,800.1,0.0,0.0,0.0,8.09,1.81,17.78,752.3
2022-11-21,Dongri Buzurg,800.1,0.0,0.0,0.0,7.47,1.44,6.22,763.59
2022-11-22,Dongri Buzurg,800.1,0.0,0.0,0.0,7.35,2.73,13.48,737.74
2022-11-23,Dongri Buzurg,800.1,0.0,0.0,0.0,7.11,0.57,2.91,764.93
2022-11-24,Dongri Buzurg,800.1,0.0,0.0,0.0,7.71,0.61,12.33,762.43
2022-11-25,Dongri Buzurg,800.1,0.0,0.0,0.0,7.83,0.01,1.93,795.29
2022-11-26,Dongri Buzurg,800.1,1.68,0.56,0.24,6.17,1.06,23.65,783.43
2022-11-27,Dongri Buzurg,800.1,0.0,0.56,0.24,7.6,0.25,12.14,789.21
2022-11-28,Dongri Buzurg,800.1,0.0,0.56,0.24,5.6,0.0,8.75,792.44
2022-11-29,Dongri Buzurg,800.1,0.0,0.0,0.24,7.14,0.61,4.05,765.19
2022-11-30,Dongri Buzurg,800.1,0.0,0.0,0.24,6.69,0.86,10.19,795.27
2022-12-01,Dongri Buzurg,800.1,3.92,1.31,0.8,7.17,0.93,45.34,757.68
2022-12-02,Dongri Buzurg,800.1,0.0,1.31,0.8,7.66,3.21,3.14,725.78
2022-12-03,Dongri Buzurg,800.1,0.0,1.31,0.56,7.5,2.4,3.61,757.23
2022-12-04,Dongri Buzurg,800.1,0.0,0.0,0.56,6.39,1.67,8.62,777.96
2022-12-05,Dongri Buzurg,800.1,0.0,0.0,0.56,5.02,1.17,6.72,775.68
2022-12-06,Dongri Buzurg,800.1,0.0,0.0,0.56,4.41,2.75,2.02,747.3
2022-12-07,Dongri Buzurg,800.1,0.0,0.0,0.56,3.0,4.37,10.63,719.53
2022-12-08,Dongri Buzurg,800.1,0.0,0.0,0.0,3.0,1.23,0.0,794.62
2022-12-09,Dongri Buzurg,800.1,0.0,0.0,0.0,4.96,0.65,0.45,807.34
2022-12-10,Dongri Buzurg,800.1,0.0,0.0,0.0,6.21,1.18,10.44,786.0
2022-12-11,Dongri Buzurg,800.1,0.0,0.0,0.0,4.17,1.37,28.52,759.5
2022-12-12,Dongri Buzurg,800.1,0.0,0.0,0.0,3.38,0.0,13.95,811.11
2022-12-13,Dongri Buzurg,800.1,0.0,0.0,0.0,3.0,2.12,5.42,775.86
2022-12-14,Dongri Buzurg,800.1,0.0,0.0,0.0,3.0,0.38,3.3,796.56
2022-12-15,Dongri Buzurg,800.1,0.0,0.0,0.0,3.0,1.67,0.0,788.85
2022-12-16,Dongri Buzurg,800.1,0.0,0.0,0.0,3.7,0.71,4.03,787.47
2022-12-17,Dongri Buzurg,800.1,0.0,0.0,0.0,3.0,2.16,8.51,750.06
2022-12-18,Dongri Buzurg,800.1,0.0,0.0,0.0,3.49,0.17,0.29,790.66
2022-12-19,Dongri Buzurg,800.1,0.0,0.0,0.0,3.71,3.77,27.78,738.98
2022-12-20,Dongri Buzurg,800.1,0.0,0.0,0.0,3.0,0.91,10.9,779.55
2022-12-21,Dongri Buzurg,800.1,0.0,0.0,0.0,3.0,1.19,9.61,759.8
2022-12-22,Dongri Buzurg,800.1,0.0,0.0,0.0,3.0,1.67,9.36,742.2
2022-12-23,Dongri Buzurg,800.1,0.0,0.0,0.0,3.0,2.32,6.54,767.23
2022-12-24,Dongri Buzurg,800.1,0.0,0.0,0.0,3.0,1.36,26.83,746.76
2022-12-25,Dongri Buzurg,800.1,0.0,0.0,0.0,3.0,2.94,12.25,734.05
2022-12-26,Dongri Buzurg,800.1,0.0,0.0,0.0,3.0,1.23,8.84,755.26
2022-12-27,Dongri Buzurg,800.1,0.0,0.0,0.0,3.29,1.12,0.0,754.47
2022-12-28,Dongri Buzurg,800.1,0.0,0.0,0.0,3.0,0.48,5.26,778.6
2022-12-29,Dongri Buzurg,800.1,0.0,0.0,0.0,3.21,2.17,10.17,759.43
2022-12-30,Dongri Buzurg,800.1,0.0,0.0,0.0,3.0,1.85,35.11,776.81
2022-12-31,Dongri Buzurg,800.1,0.0,0.0,0.0,3.0,1.18,8.17,795.71
2023-01-01,Dongri Buzurg,800.1,0.0,0.0,0.0,3.0,0.84,7.71,777.98
2023-01-02,Dongri Buzurg,800.1,0.0,0.0,0.0,3.0,0.0,1.81,818.92
2023-01-03,Dongri Buzurg,800.1,0.0,0.0,0.0,3.0,1.05,19.8,771.7
2023-01-04,Dongri Buzurg,800.1,0.0,0.0,0.0,3.09,0.69,23.44,743.13
2023-01-05,Dongri Buzurg,800.1,0.0,0.0,0.0,3.0,1.06,0.0,783.27
2023-01-06,Dongri Buzurg,800.1,0.0,0.0,0.0,3.86,0.0,12.32,788.45
2023-01-07,Dongri Buzurg,800.1,0.0,0.0,0.0,5.56,0.73,0.0,797.67
2023-01-08,Dongri Buzurg,800.1,0.0,0.0,0.0,5.62,0.48,4.04,817.58
2023-01-09,Dongri Buzurg,800.1,0.0,0.0,0.0,5.86,1.0,8.43,776.62
2023-01-10,Dongri Buzurg,800.1,0.0,0.0,0.0,4.58,2.73,6.81,757.36
2023-01-11,Dongri Buzurg,800.1,0.0,0.0,0.0,4.06,0.28,7.33,807.79
2023-01-12,Dongri Buzurg,800.1,0.0,0.0,0.0,3.43,0.26,7.66,809.45
2023-01-13,Dongri Buzurg,800.1,0.0,0.0,0.0,3.0,0.0,12.37,785.19
2023-01-14,Dongri Buzurg,800.1,0.0,0.0,0.0,4.45,2.19,0.0,744.17
2023-01-15,Dongri Buzurg,800.1,0.0,0.0,0.0,3.0,2.42,3.55,775.74
2023-01-16,Dongri Buzurg,800.1,0.0,0.0,0.0,3.0,0.0,1.39,788.68
2023-01-17,Dongri Buzurg,800.1,0.0,0.0,0.0,3.0,0.29,17.98,789.45
2023-01-18,Dongri Buzurg,800.1,0.0,0.0,0.0,5.01,0.0,21.77,811.53
2023-01-19,Dongri Buzurg,800.1,0.0,0.0,0.0,5.3,0.7,3.94,807.54
2023-01-20,Dongri Buzurg,800.1,0.0,0.0,0.0,6.98,0.87,13.02,792.5
2023-01-21,Dongri Buzurg,800.1,5.21,1.74,0.74,8.16,2.04,6.66,782.7
2023-01-22,Dongri Buzurg,800.1,0.0,1.74,0.74,10.35,0.6,14.2,789.95
2023-01-23,Dongri Buzurg,800.1,0.0,1.74,0.74,6.32,1.24,15.65,749.21
2023-01-24,Dongri Buzurg,800.1,0.0,0.0,0.74,6.43,0.83,0.0,778.77
2023-01-25,Dongri Buzurg,800.1,6.09,2.03,1.61,8.61,0.59,1.13,786.4
2023-01-26,Dongri Buzurg,800.1,0.0,2.03,1.61,9.3,0.0,12.51,764.69
2023-01-27,Dongri Buzurg,800.1,1.05,2.38,1.77,10.33,3.21,3.99,726.04
2023-01-28,Dongri Buzurg,800.1,0.0,0.35,1.02,10.13,1.1,11.92,749.76
2023-01-29,Dongri Buzurg,800.1,0.0,0.35,1.02,8.45,0.15,14.94,788.47
2023-01-30,Dongri Buzurg,800.1,0.0,0.0,1.02,6.34,0.0,10.39,772.26
2023-01-31,Dongri Buzurg,800.1,0.0,0.0,1.02,6.38,0.51,15.95,758.26
2023-02-01,Dongri Buzurg,800.1,0.0,0.0,0.15,5.09,1.15,2.49,797.18
2023-02-02,Dongri Buzurg,800.1,0.0,0.0,0.15,5.01,1.79,14.5,762.51
2023-02-03,Dongri Buzurg,800.1,0.0,0.0,0.0,4.43,0.0,6.51,776.65
2023-02-04,Dongri Buzurg,800.1,0.0,0.0,0.0,5.81,0.38,14.69,787.25
2023-02-05,Dongri Buzurg,800.1,0.0,0.0,0.0,4.25,0.28,4.93,796.99
2023-02-06,Dongri Buzurg,800.1,0.0,0.0,0.0,5.61,0.4,0.78,808.09
2023-02-07,Dongri Buzurg,800.1,0.0,0.0,0.0,4.69,0.92,18.35,771.73
2023-02-08,Dongri Buzurg,800.1,0.0,0.0,0.0,3.98,3.37,7.28,732.84
2023-02-09,Dongri Buzurg,800.1,0.0,0.0,0.0,3.4,1.46,0.0,762.7
2023-02-10,Dongri Buzurg,800.1,0.0,0.0,0.0,3.0,0.68,0.0,784.72
2023-02-11,Dongri Buzurg,800.1,0.0,0.0,0.0,3.0,4.74,6.01,716.8
2023-02-12,Dongri Buzurg,800.1,0.0,0.0,0.0,3.0,0.86,10.62,786.48
2023-02-13,Dongri Buzurg,800.1,0.0,0.0,0.0,3.0,0.08,28.95,769.78
2023-02-14,Dongri Buzurg,800.1,0.0,0.0,0.0,3.0,0.0,7.34,761.8
2023-02-15,Dongri Buzurg,800.1,0.0,0.0,0.0,3.0,2.11,10.85,743.22
2023-02-16,Dongri Buzurg,800.1,0.0,0.0,0.0,4.1,0.67,3.09,783.7
2023-02-17,Dongri Buzurg,800.1,5.71,1.9,0.82,4.92,0.49,17.35,789.82
2023-02-18,Dongri Buzurg,800.1,0.0,1.9,0.82,4.86,0.98,0.61,758.29
2023-02-19,Dongri Buzurg,800.1,0.0,1.9,0.82,5.19,2.15,10.94,747.97
2023-02-20,Dongri Buzurg,800.1,0.0,0.0,0.82,6.53,2.5,20.34,738.17
2023-02-21,Dongri Buzurg,800.1,0.0,0.0,0.82,8.47,0.11,29.22,776.48
2023-02-22,Dongri Buzurg,800.1,4.59,1.53,1.47,8.43,0.54,1.18,783.8
2023-02-23,Dongri Buzurg,800.1,0.0,1.53,1.47,9.24,0.85,17.33,786.16
2023-02-24,Dongri Buzurg,800.1,1.05,1.88,0.81,8.79,0.0,9.32,799.06
2023-02-25,Dongri Buzurg,800.1,0.0,0.35,0.81,8.7,1.53,6.08,765.42
2023-02-26,Dongri Buzurg,800.1,0.0,0.35,0.81,9.24,1.68,0.0,761.81
2023-02-27,Dongri Buzurg,800.1,0.0,0.0,0.81,9.32,0.61,9.45,780.82
2023-02-28,Dongri Buzurg,800.1,0.0,0.0,0.81,8.41,0.92,1.77,796.14
2023-03-01,Dongri Buzurg,800.1,0.0,0.0,0.15,8.23,0.57,12.12,776.81
2023-03-02,Dongri Buzurg,800.1,0.0,0.0,0.15,7.62,1.7,7.12,761.54
2023-03-03,Dongri Buzurg,800.1,0.0,0.0,0.0,7.59,1.71,7.31,762.09
2023-03-04,Dongri Buzurg,800.1,0.0,0.0,0.0,7.76,0.71,6.41,754.35
2023-03-05,Dongri Buzurg,800.1,5.05,1.68,0.72,9.81,1.05,3.64,825.87
2023-03-06,Dongri Buzurg,800.1,0.0,1.68,0.72,9.23,3.33,12.03,736.83
2023-03-07,Dongri Buzurg,800.1,0.0,1.68,0.72,7.97,0.79,5.95,770.35
2023-03-08,Dongri Buzurg,800.1,0.0,0.0,0.72,7.86,0.92,5.66,772.57
2023-03-09,Dongri Buzurg,800.1,0.0,0.0,0.72,6.59,0.81,6.63,759.66
2023-03-10,Dongri Buzurg,800.1,0.0,0.0,0.72,7.45,0.94,15.64,772.52
2023-03-11,Dongri Buzurg,800.1,0.0,0.0,0.72,3.05,0.04,4.12,812.51
2023-03-12,Dongri Buzurg,800.1,0.0,0.0,0.0,3.0,1.31,11.67,736.52
2023-03-13,Dongri Buzurg,800.1,0.0,0.0,0.0,3.0,1.69,12.87,735.05
2023-03-14,Dongri Buzurg,800.1,0.0,0.0,0.0,3.0,1.04,12.52,764.06
2023-03-15,Dongri Buzurg,800.1,0.0,0.0,0.0,5.0,0.67,3.62,787.77
2023-03-16,Dongri Buzurg,800.1,0.0,0.0,0.0,5.69,0.77,4.15,751.19
2023-03-17,Dongri Buzurg,800.1,0.0,0.0,0.0,5.56,0.0,16.54,756.57
2023-03-18,Dongri Buzurg,800.1,0.0,0.0,0.0,5.3,3.62,5.71,733.8
2023-03-19,Dongri Buzurg,800.1,0.0,0.0,0.0,6.48,0.6,24.64,752.37
2023-03-20,Dongri Buzurg,800.1,0.0,0.0,0.0,4.46,1.4,1.34,784.45
2023-03-21,Dongri Buzurg,800.1,0.0,0.0,0.0,3.0,2.32,0.0,774.29
2023-03-22,Dongri Buzurg,800.1,0.0,0.0,0.0,3.0,0.41,21.61,773.31
2023-03-23,Dongri Buzurg,800.1,0.0,0.0,0.0,3.0,0.0,5.93,809.91
2023-03-24,Dongri Buzurg,800.1,0.0,0.0,0.0,3.0,0.63,14.96,785.25
2023-03-25,Dongri Buzurg,800.1,0.0,0.0,0.0,3.0,2.53,8.7,767.8
2023-03-26,Dongri Buzurg,800.1,0.0,0.0,0.0,3.33,1.49,11.18,779.04
2023-03-27,Dongri Buzurg,800.1,0.0,0.0,0.0,3.0,1.96,9.94,766.79
2023-03-28,Dongri Buzurg,800.1,0.0,0.0,0.0,3.0,0.91,6.03,772.79
2023-03-29,Dongri Buzurg,800.1,0.0,0.0,0.0,5.37,0.73,0.0,801.7
2023-03-30,Dongri Buzurg,800.1,6.97,2.32,1.0,8.48,2.54,13.53,745.2
2023-03-31,Dongri Buzurg,800.1,0.0,2.32,1.0,7.68,0.0,6.06,808.54
2023-04-01,Dongri Buzurg,800.1,0.0,2.32,1.0,10.42,0.17,12.27,794.67
2023-04-02,Dongri Buzurg,800.1,0.0,0.0,1.0,7.77,3.59,3.12,754.0
2023-04-03,Dongri Buzurg,800.1,0.0,0.0,1.0,6.46,1.07,11.61,753.17
2023-04-04,Dongri Buzurg,800.1,0.0,0.0,1.0,5.27,0.15,0.73,812.9
2023-04-05,Dongri Buzurg,800.1,0.0,0.0,1.0,3.72,1.35,3.85,777.14
2023-04-06,Dongri Buzurg,800.1,3.33,1.11,0.48,4.8,0.44,16.97,792.3
2023-04-07,Dongri Buzurg,800.1,0.0,1.11,0.48,4.86,2.1,13.19,775.48
2023-04-08,Dongri Buzurg,800.1,0.0,1.11,0.48,3.0,1.15,18.9,766.76
2023-04-09,Dongri Buzurg,800.1,0.0,0.0,0.48,3.15,3.02,25.25,708.3
2023-04-10,Dongri Buzurg,800.1,0.0,0.0,0.48,3.0,0.88,16.35,772.68
2023-04-11,Dongri Buzurg,800.1,0.0,0.0,0.48,3.0,0.68,7.33,754.38
2023-04-12,Dongri Buzurg,800.1,0.0,0.0,0.48,4.28,0.42,0.58,778.73
2023-04-13,Dongri Buzurg,800.1,0.0,0.0,0.0,6.17,1.58,2.21,768.17
2023-04-14,Dongri Buzurg,800.1,0.0,0.0,0.0,4.76,0.33,19.48,774.7
2023-04-15,Dongri Buzurg,800.1,0.0,0.0,0.0,5.24,1.14,10.55,782.96
2023-04-16,Dongri Buzurg,800.1,2.11,0.7,0.3,6.94,1.47,9.38,781.59
2023-04-17,Dongri Buzurg,800.1,0.0,0.7,0.3,4.8,0.0,0.0,815.02
2023-04-18,Dongri Buzurg,800.1,0.0,0.7,0.3,4.11,0.95,32.2,752.27
2023-04-19,Dongri Buzurg,800.1,0.0,0.0,0.3,3.0,0.0,5.62,812.56
2023-04-20,Dongri Buzurg,800.1,0.0,0.0,0.3,3.0,3.07,7.37,729.43
2023-04-21,Dongri Buzurg,800.1,0.0,0.0,0.3,3.0,1.25,1.52,790.47
2023-04-22,Dongri Buzurg,800.1,0.0,0.0,0.3,3.0,2.34,6.55,724.14
2023-04-23,Dongri Buzurg,800.1,0.0,0.0,0.0,4.09,1.39,12.88,767.11
2023-04-24,Dongri Buzurg,800.1,0.0,0.0,0.0,3.37,0.2,10.03,765.22
2023-04-25,Dongri Buzurg,800.1,0.0,0.0,0.0,4.57,0.53,6.03,784.97
2023-04-26,Dongri Buzurg,800.1,0.0,0.0,0.0,3.49,0.69,6.36,806.13
2023-04-27,Dongri Buzurg,800.1,0.0,0.0,0.0,3.0,1.52,7.96,775.12
2023-04-28,Dongri Buzurg,800.1,0.0,0.0,0.0,3.0,1.07,0.0,787.36
2023-04-29,Dongri Buzurg,800.1,0.0,0.0,0.0,4.29,1.25,2.77,773.91
2023-04-30,Dongri Buzurg,800.1,0.0,0.0,0.0,3.57,1.29,5.11,790.0
2023-05-01,Dongri Buzurg,800.1,0.0,0.0,0.0,4.14,2.98,11.96,705.94
2023-05-02,Dongri Buzurg,800.1,0.0,0.0,0.0,3.72,1.46,7.4,770.53
2023-05-03,Dongri Buzurg,800.1,0.0,0.0,0.0,5.31,2.43,12.35,756.56
2023-05-04,Dongri Buzurg,800.1,0.0,0.0,0.0,5.89,0.31,15.63,764.84
2023-05-05,Dongri Buzurg,800.1,0.0,0.0,0.0,5.91,1.92,6.78,753.22
2023-05-06,Dongri Buzurg,800.1,0.0,0.0,0.0,5.41,0.66,0.0,789.64
2023-05-07,Dongri Buzurg,800.1,0.0,0.0,0.0,4.51,1.71,0.0,771.3
2023-05-08,Dongri Buzurg,800.1,0.0,0.0,0.0,3.0,1.67,0.0,780.08
2023-05-09,Dongri Buzurg,800.1,0.0,0.0,0.0,3.0,2.28,7.2,752.4
2023-05-10,Dongri Buzurg,800.1,24.79,8.26,3.54,13.2,0.91,0.0,794.67
2023-05-11,Dongri Buzurg,800.1,12.25,12.35,5.29,15.49,2.63,5.67,736.03
2023-05-12,Dongri Buzurg,800.1,0.0,12.35,5.29,14.61,0.81,12.34,773.45
2023-05-13,Dongri Buzurg,800.1,0.0,4.08,5.29,16.5,0.35,0.0,810.39
2023-05-14,Dongri Buzurg,800.1,12.34,4.11,7.05,18.4,1.25,1.17,770.76
2023-05-15,Dongri Buzurg,800.1,0.0,4.11,7.05,18.83,0.83,9.88,768.26
2023-05-16,Dongri Buzurg,800.1,0.0,4.11,7.05,18.31,0.85,5.4,796.99
2023-05-17,Dongri Buzurg,800.1,0.0,0.0,3.51,17.35,0.61,10.53,797.43
2023-05-18,Dongri Buzurg,800.1,0.0,0.0,1.76,17.43,0.7,6.71,793.55
2023-05-19,Dongri Buzurg,800.1,0.0,0.0,1.76,15.14,1.79,9.35,759.66
2023-05-20,Dongri Buzurg,800.1,2.71,0.9,2.15,15.32,1.18,1.97,800.87
2023-05-21,Dongri Buzurg,800.1,0.0,0.9,0.39,15.64,0.0,16.86,770.44
2023-05-22,Dongri Buzurg,800.1,0.0,0.9,0.39,14.15,1.76,2.0,792.38
2023-05-23,Dongri Buzurg,800.1,48.17,16.06,7.27,31.85,1.24,4.11,734.08
2023-05-24,Dongri Buzurg,800.1,0.0,16.06,7.27,31.33,0.73,4.43,750.9
2023-05-25,Dongri Buzurg,800.1,15.13,21.1,9.43,34.94,1.47,4.21,738.34
2023-05-26,Dongri Buzurg,800.1,0.0,5.04,9.43,34.31,0.49,15.05,768.52
2023-05-27,Dongri Buzurg,800.1,22.31,12.48,12.23,39.57,0.36,11.66,718.85
2023-05-28,Dongri Buzurg,800.1,0.0,7.44,12.23,37.74,0.0,0.97,747.88
2023-05-29,Dongri Buzurg,800.1,0.0,7.44,12.23,33.32,1.13,3.03,770.62
2023-05-30,Dongri Buzurg,800.1,0.0,0.0,5.35,29.93,1.4,13.16,711.02
2023-05-31,Dongri Buzurg,800.1,0.0,0.0,5.35,28.8,1.27,1.41,757.55
2023-06-01,Dongri Buzurg,800.1,35.13,11.71,8.21,39.0,0.71,24.06,733.67
2023-06-02,Dongri Buzurg,800.1,23.55,19.56,11.57,46.84,1.67,17.14,697.83
2023-06-03,Dongri Buzurg,800.1,0.0,19.56,8.38,44.41,1.33,2.29,744.92
2023-06-04,Dongri Buzurg,800.1,17.76,13.77,10.92,48.19,1.73,10.45,694.51
2023-06-05,Dongri Buzurg,800.1,75.7,31.15,21.73,60.0,1.62,7.32,641.46
2023-06-06,Dongri Buzurg,800.1,56.11,49.86,29.75,60.0,0.42,6.42,683.83
2023-06-07,Dongri Buzurg,800.1,0.0,43.94,29.75,56.18,0.38,4.29,684.66
2023-06-08,Dongri Buzurg,800.1,77.68,44.59,35.83,60.0,2.3,12.01,634.69
2023-06-09,Dongri Buzurg,800.1,0.0,25.89,32.46,55.69,0.51,19.42,698.11
2023-06-10,Dongri Buzurg,800.1,84.15,53.94,44.49,60.0,1.71,14.13,627.82
2023-06-11,Dongri Buzurg,800.1,0.0,28.05,41.95,56.5,5.15,16.65,597.11
2023-06-12,Dongri Buzurg,800.1,33.34,39.16,35.9,60.0,0.42,9.93,723.74
2023-06-13,Dongri Buzurg,800.1,0.0,11.11,27.88,56.57,1.59,5.3,703.35
2023-06-14,Dongri Buzurg,800.1,74.7,36.01,38.55,60.0,5.83,9.8,595.82
2023-06-15,Dongri Buzurg,800.1,19.35,31.35,30.22,60.0,0.41,7.68,677.82
2023-06-16,Dongri Buzurg,800.1,0.0,31.35,30.22,55.59,0.34,5.4,719.75
2023-06-17,Dongri Buzurg,800.1,18.39,12.58,20.83,57.94,0.17,7.46,698.99
2023-06-18,Dongri Buzurg,800.1,51.96,23.45,28.25,60.0,1.23,2.56,676.27
2023-06-19,Dongri Buzurg,800.1,0.0,23.45,23.49,56.05,1.55,16.14,656.1
2023-06-20,Dongri Buzurg,800.1,238.28,96.75,57.53,60.0,7.21,41.26,380.4
2023-06-21,Dongri Buzurg,800.1,0.0,79.43,46.85,56.55,0.0,0.0,711.72
2023-06-22,Dongri Buzurg,800.1,58.63,98.97,52.47,60.0,1.24,12.37,694.6
2023-06-23,Dongri Buzurg,800.1,0.0,19.54,52.47,54.71,0.95,2.15,701.8
2023-06-24,Dongri Buzurg,800.1,4.79,21.14,50.52,51.97,0.32,13.44,685.25
2023-06-25,Dongri Buzurg,800.1,67.1,23.97,52.69,60.0,0.41,5.43,643.85
2023-06-26,Dongri Buzurg,800.1,24.6,32.17,56.2,60.0,1.58,10.2,660.53
2023-06-27,Dongri Buzurg,800.1,0.0,30.57,22.16,54.16,0.73,16.23,695.84
2023-06-28,Dongri Buzurg,800.1,33.91,19.5,27.01,59.12,0.26,0.0,718.22
2023-06-29,Dongri Buzurg,800.1,0.0,11.3,18.63,56.28,0.58,0.0,738.75
2023-06-30,Dongri Buzurg,800.1,41.15,25.02,24.51,60.0,0.87,19.37,651.96
2023-07-01,Dongri Buzurg,800.1,0.0,13.72,23.82,55.7,1.6,7.91,689.93
2023-07-02,Dongri Buzurg,800.1,0.0,13.72,14.24,51.03,1.04,3.45,719.5
2023-07-03,Dongri Buzurg,800.1,15.79,5.26,12.98,53.43,1.5,11.6,708.85
2023-07-04,Dongri Buzurg,800.1,0.0,5.26,12.98,50.23,2.48,7.9,694.1
2023-07-05,Dongri Buzurg,800.1,61.74,25.84,16.95,60.0,3.14,17.83,630.51
2023-07-06,Dongri Buzurg,800.1,19.18,26.97,19.69,60.0,0.94,4.29,691.22
2023-07-07,Dongri Buzurg,800.1,6.27,29.07,14.71,58.25,0.53,0.0,712.43
2023-07-08,Dongri Buzurg,800.1,0.0,8.49,14.71,54.16,0.45,1.41,715.71
2023-07-09,Dongri Buzurg,800.1,0.0,2.09,14.71,50.55,0.43,3.91,705.03
2023-07-10,Dongri Buzurg,800.1,51.68,17.23,19.84,60.0,2.48,1.77,669.12
2023-07-11,Dongri Buzurg,800.1,42.56,31.41,25.92,60.0,0.95,0.0,686.94
2023-07-12,Dongri Buzurg,800.1,46.8,47.01,23.78,60.0,1.59,8.24,675.48
2023-07-13,Dongri Buzurg,800.1,0.0,29.78,21.04,56.92,1.34,0.0,681.48
2023-07-14,Dongri Buzurg,800.1,0.0,15.6,20.15,55.0,2.91,8.35,690.81
2023-07-15,Dongri Buzurg,800.1,42.88,14.29,26.27,60.0,1.14,7.96,684.34
2023-07-16,Dongri Buzurg,800.1,12.32,18.4,28.03,60.0,0.48,4.62,694.16
2023-07-17,Dongri Buzurg,800.1,74.12,43.11,31.24,60.0,0.89,10.62,677.16
2023-07-18,Dongri Buzurg,800.1,0.0,28.81,25.16,57.66,1.74,5.65,660.95
2023-07-19,Dongri Buzurg,800.1,0.0,24.71,18.47,53.0,1.74,2.14,691.54
2023-07-20,Dongri Buzurg,800.1,0.0,0.0,18.47,48.84,0.0,18.56,696.61
2023-07-21,Dongri Buzurg,800.1,48.1,16.03,25.34,60.0,0.19,19.93,692.15
2023-07-22,Dongri Buzurg,800.1,0.0,16.03,19.22,57.83,0.62,0.0,728.13
2023-07-23,Dongri Buzurg,800.1,69.79,39.3,27.43,60.0,0.17,7.56,676.75
2023-07-24,Dongri Buzurg,800.1,24.11,31.3,20.29,60.0,0.49,3.47,699.46
2023-07-25,Dongri Buzurg,800.1,0.0,31.3,20.29,56.75,1.59,24.42,672.37
2023-07-26,Dongri Buzurg,800.1,23.51,15.87,23.64,60.0,2.08,0.0,643.92
2023-07-27,Dongri Buzurg,800.1,0.0,7.84,23.64,56.05,0.0,5.83,718.33
2023-07-28,Dongri Buzurg,800.1,53.58,25.7,24.43,60.0,0.43,10.05,671.01
2023-07-29,Dongri Buzurg,800.1,29.12,27.57,28.59,60.0,0.24,19.41,663.71
2023-07-30,Dongri Buzurg,800.1,47.56,43.42,25.41,60.0,2.75,10.84,644.61
2023-07-31,Dongri Buzurg,800.1,0.0,25.56,21.97,56.73,0.04,6.52,682.59
2023-08-01,Dongri Buzurg,800.1,212.67,86.74,52.35,60.0,6.02,30.64,414.68
2023-08-02,Dongri Buzurg,800.1,0.0,70.89,48.99,54.35,0.35,7.82,679.18
2023-08-03,Dongri Buzurg,800.1,0.0,70.89,48.99,50.29,2.61,3.95,672.24
2023-08-04,Dongri Buzurg,800.1,67.59,22.53,50.99,60.0,0.72,10.73,678.33
2023-08-05,Dongri Buzurg,800.1,88.17,51.92,59.43,60.0,4.94,16.57,597.58
2023-08-06,Dongri Buzurg,800.1,0.0,51.92,52.63,57.01,0.0,9.1,701.06
2023-08-07,Dongri Buzurg,800.1,33.66,40.61,57.44,60.0,0.12,6.62,687.49
2023-08-08,Dongri Buzurg,800.1,116.98,50.21,43.77,60.0,2.04,37.17,575.49
2023-08-09,Dongri Buzurg,800.1,5.6,52.08,44.57,57.89,1.51,0.0,682.85
2023-08-10,Dongri Buzurg,800.1,0.0,40.86,44.57,56.06,0.0,8.68,698.5
2023-08-11,Dongri Buzurg,800.1,66.66,24.09,44.44,60.0,1.25,0.0,653.53
2023-08-12,Dongri Buzurg,800.1,35.07,33.91,36.85,60.0,1.49,0.0,690.41
2023-08-13,Dongri Buzurg,800.1,96.29,66.0,50.61,60.0,1.25,6.77,646.23
2023-08-14,Dongri Buzurg,800.1,0.0,43.79,45.8,53.62,0.36,2.49,717.4
2023-08-15,Dongri Buzurg,800.1,112.93,69.74,45.22,60.0,1.86,10.42,632.43
2023-08-16,Dongri Buzurg,800.1,77.54,63.49,55.5,60.0,2.1,0.0,655.17
2023-08-17,Dongri Buzurg,800.1,0.0,63.49,55.5,55.84,1.48,12.04,692.87
2023-08-18,Dongri Buzurg,800.1,10.63,29.39,47.49,55.91,1.01,0.0,685.26
2023-08-19,Dongri Buzurg,800.1,27.43,12.69,46.4,60.0,1.34,7.48,655.83
2023-08-20,Dongri Buzurg,800.1,0.0,12.69,32.65,58.06,1.29,0.0,699.16
2023-08-21,Dongri Buzurg,800.1,27.39,18.27,36.56,60.0,0.09,20.6,665.63
2023-08-22,Dongri Buzurg,800.1,0.0,9.13,20.43,55.92,1.08,7.44,682.4
2023-08-23,Dongri Buzurg,800.1,0.0,9.13,9.35,51.43,1.01,9.75,694.18
2023-08-24,Dongri Buzurg,800.1,12.85,4.28,11.19,53.54,2.84,0.0,688.11
2023-08-25,Dongri Buzurg,800.1,0.0,4.28,9.67,48.82,2.85,4.34,661.59
2023-08-26,Dongri Buzurg,800.1,0.0,4.28,5.75,45.51,1.62,6.62,721.1
2023-08-27,Dongri Buzurg,800.1,56.92,18.97,13.88,60.0,0.2,18.11,671.0
2023-08-28,Dongri Buzurg,800.1,0.0,18.97,9.97,57.02,0.8,4.35,695.66
2023-08-29,Dongri Buzurg,800.1,0.0,18.97,9.97,51.11,2.29,11.55,690.48
2023-08-30,Dongri Buzurg,800.1,0.0,0.0,9.97,47.32,1.89,6.23,697.07
2023-08-31,Dongri Buzurg,800.1,0.0,0.0,8.13,43.36,0.83,4.26,721.87
2023-09-01,Dongri Buzurg,800.1,68.18,22.73,17.87,60.0,1.64,17.95,626.6
2023-09-02,Dongri Buzurg,800.1,0.0,22.73,17.87,57.64,0.12,0.0,738.61
2023-09-03,Dongri Buzurg,800.1,186.31,84.83,36.36,60.0,4.19,25.76,486.67
2023-09-04,Dongri Buzurg,800.1,46.43,77.58,42.99,60.0,0.92,7.84,675.88
2023-09-05,Dongri Buzurg,800.1,14.85,82.53,45.11,60.0,2.11,10.89,662.17
2023-09-06,Dongri Buzurg,800.1,0.0,20.42,45.11,55.91,1.0,2.0,698.39
2023-09-07,Dongri Buzurg,800.1,39.62,18.15,50.77,60.0,0.65,8.47,675.9
2023-09-08,Dongri Buzurg,800.1,28.52,22.71,45.1,60.0,2.26,13.27,650.59
2023-09-09,Dongri Buzurg,800.1,27.17,31.77,48.99,60.0,0.0,9.75,704.74
2023-09-10,Dongri Buzurg,800.1,0.0,18.56,22.37,54.94,0.29,5.1,686.68
2023-09-11,Dongri Buzurg,800.1,77.53,34.9,26.81,60.0,1.28,8.83,638.09
2023-09-12,Dongri Buzurg,800.1,73.56,50.36,35.2,60.0,0.84,27.87,661.87
2023-09-13,Dongri Buzurg,800.1,0.0,50.36,35.2,58.0,1.26,0.0,697.96
2023-09-14,Dongri Buzurg,800.1,0.0,24.52,29.54,53.37,0.0,22.58,721.18
2023-09-15,Dongri Buzurg,800.1,0.0,0.0,25.47,49.39,0.99,0.0,700.44
2023-09-16,Dongri Buzurg,800.1,0.0,0.0,21.58,44.86,0.62,6.33,744.96
2023-09-17,Dongri Buzurg,800.1,34.02,11.34,26.45,55.02,0.61,7.37,722.85
2023-09-18,Dongri Buzurg,800.1,0.0,11.34,15.37,49.46,3.11,24.69,664.38
2023-09-19,Dongri Buzurg,800.1,60.27,31.43,13.47,60.0,1.4,20.88,624.37
2023-09-20,Dongri Buzurg,800.1,14.41,24.89,15.53,60.0,1.24,5.01,689.35
2023-09-21,Dongri Buzurg,800.1,41.54,38.74,21.46,60.0,0.68,3.19,677.76
2023-09-22,Dongri Buzurg,800.1,0.0,18.65,21.46,57.21,0.55,7.14,712.7
2023-09-23,Dongri Buzurg,800.1,0.0,13.85,21.46,54.76,0.55,5.96,707.97
2023-09-24,Dongri Buzurg,800.1,0.0,0.0,16.6,51.1,0.79,3.09,712.62
2023-09-25,Dongri Buzurg,800.1,0.0,0.0,16.6,48.16,0.78,4.5,714.61
2023-09-26,Dongri Buzurg,800.1,0.0,0.0,7.99,45.08,0.0,16.93,733.44
2023-09-27,Dongri Buzurg,800.1,0.0,0.0,5.93,39.68,2.57,1.21,714.72
2023-09-28,Dongri Buzurg,800.1,0.0,0.0,0.0,36.32,1.25,4.36,727.33
2023-09-29,Dongri Buzurg,800.1,0.0,0.0,0.0,31.41,1.25,4.34,759.32
2023-09-30,Dongri Buzurg,800.1,0.0,0.0,0.0,29.65,0.0,2.54,780.42
2023-10-01,Dongri Buzurg,800.1,0.0,0.0,0.0,28.2,1.83,23.52,734.32
2023-10-02,Dongri Buzurg,800.1,0.0,0.0,0.0,26.34,2.06,2.61,732.89
2023-10-03,Dongri Buzurg,800.1,0.0,0.0,0.0,22.96,4.03,0.0,714.45
2023-10-04,Dongri Buzurg,800.1,0.0,0.0,0.0,20.68,0.87,5.61,807.73
2023-10-05,Dongri Buzurg,800.1,0.0,0.0,0.0,19.88,2.16,40.9,711.76
2023-10-06,Dongri Buzurg,800.1,4.47,1.49,0.64,19.83,0.86,0.0,788.09
2023-10-07,Dongri Buzurg,800.1,0.0,1.49,0.64,16.57,1.03,0.0,802.18
2023-10-08,Dongri Buzurg,800.1,5.59,3.35,1.44,17.48,0.77,0.0,794.65
2023-10-09,Dongri Buzurg,800.1,0.0,1.86,1.44,14.2,0.0,0.38,828.09
2023-10-10,Dongri Buzurg,800.1,0.0,1.86,1.44,16.36,1.05,20.85,760.84
2023-10-11,Dongri Buzurg,800.1,0.0,0.0,1.44,17.79,0.55,17.55,794.08
2023-10-12,Dongri Buzurg,800.1,0.0,0.0,1.44,15.79,1.19,5.48,809.57
2023-10-13,Dongri Buzurg,800.1,0.0,0.0,0.8,15.54,1.12,0.86,781.91
2023-10-14,Dongri Buzurg,800.1,0.0,0.0,0.8,13.57,2.5,3.2,766.75
2023-10-15,Dongri Buzurg,800.1,0.0,0.0,0.0,11.46,1.59,7.23,760.07
2023-10-16,Dongri Buzurg,800.1,14.39,4.8,2.06,15.71,1.34,18.35,766.71
2023-10-17,Dongri Buzurg,800.1,0.0,4.8,2.06,14.5,1.64,19.23,782.62
2023-10-18,Dongri Buzurg,800.1,0.0,4.8,2.06,15.96,1.23,0.15,766.84
2023-10-19,Dongri Buzurg,800.1,0.0,0.0,2.06,16.01,0.0,10.59,783.56
2023-10-20,Dongri Buzurg,800.1,0.0,0.0,2.06,14.19,2.37,0.0,789.42
2023-10-21,Dongri Buzurg,800.1,0.0,0.0,2.06,11.95,0.64,0.0,781.87
2023-10-22,Dongri Buzurg,800.1,0.0,0.0,2.06,11.63,0.26,37.67,788.99
2023-10-23,Dongri Buzurg,800.1,3.75,1.25,0.54,11.58,0.15,4.58,769.4
2023-10-24,Dongri Buzurg,800.1,11.14,4.96,2.13,12.59,0.55,9.83,771.81
2023-10-25,Dongri Buzurg,800.1,0.0,4.96,2.13,11.08,0.96,22.85,759.31
2023-10-26,Dongri Buzurg,800.1,0.0,3.71,2.13,9.32,0.37,3.87,762.48
2023-10-27,Dongri Buzurg,800.1,8.64,2.88,3.36,10.53,1.46,13.58,761.47
2023-10-28,Dongri Buzurg,800.1,0.0,2.88,3.36,7.68,0.51,0.39,795.98
2023-10-29,Dongri Buzurg,800.1,43.78,17.47,9.62,23.06,2.61,0.0,738.62
2023-10-30,Dongri Buzurg,800.1,0.0,14.59,9.08,20.89,0.93,2.73,793.57
2023-10-31,Dongri Buzurg,800.1,0.0,14.59,7.49,21.38,0.31,16.6,801.84
2023-11-01,Dongri Buzurg,800.1,0.0,0.0,7.49,18.68,0.93,0.11,772.57
2023-11-02,Dongri Buzurg,800.1,0.0,0.0,7.49,15.86,2.56,0.27,765.61
2023-11-03,Dongri Buzurg,800.1,0.0,0.0,6.25,14.83,1.19,27.44,786.22
2023-11-04,Dongri Buzurg,800.1,0.0,0.0,6.25,15.39,1.0,3.64,797.0
2023-11-05,Dongri Buzurg,800.1,0.0,0.0,0.0,14.12,1.31,12.55,756.45
2023-11-06,Dongri Buzurg,800.1,0.0,0.0,0.0,14.91,1.32,14.44,756.96
2023-11-07,Dongri Buzurg,800.1,0.0,0.0,0.0,13.08,0.48,3.82,791.46
2023-11-08,Dongri Buzurg,800.1,0.0,0.0,0.0,12.38,0.32,0.0,786.81
2023-11-09,Dongri Buzurg,800.1,0.0,0.0,0.0,10.52,0.72,7.82,782.55
2023-11-10,Dongri Buzurg,800.1,0.0,0.0,0.0,10.29,1.86,5.79,765.07
2023-11-11,Dongri Buzurg,800.1,0.0,0.0,0.0,8.48,0.56,25.3,772.31
2023-11-12,Dongri Buzurg,800.1,0.0,0.0,0.0,8.75,2.76,0.0,760.46
2023-11-13,Dongri Buzurg,800.1,0.0,0.0,0.0,10.66,0.53,3.34,776.92
2023-11-14,Dongri Buzurg,800.1,0.0,0.0,0.0,10.64,2.5,18.62,751.79
2023-11-15,Dongri Buzurg,800.1,0.0,0.0,0.0,9.39,2.18,10.57,755.37
2023-11-16,Dongri Buzurg,800.1,2.23,0.74,0.32,8.9,0.39,14.01,771.88
2023-11-17,Dongri Buzurg,800.1,0.0,0.74,0.32,8.53,0.0,2.0,789.85
2023-11-18,Dongri Buzurg,800.1,0.0,0.74,0.32,9.62,1.1,12.46,781.5
2023-11-19,Dongri Buzurg,800.1,0.0,0.0,0.32,8.85,0.32,9.66,810.75
2023-11-20,Dongri Buzurg,800.1,0.0,0.0,0.32,9.08,1.38,17.57,751.16
2023-11-21,Dongri Buzurg,800.1,0.0,0.0,0.32,8.84,0.5,13.29,752.73
2023-11-22,Dongri Buzurg,800.1,0.0,0.0,0.32,7.68,0.67,11.52,788.48
2023-11-23,Dongri Buzurg,800.1,0.0,0.0,0.0,5.94,2.27,10.12,748.7
2023-11-24,Dongri Buzurg,800.1,1.17,0.39,0.17,8.15,0.17,20.59,760.59
2023-11-25,Dongri Buzurg,800.1,0.0,0.39,0.17,7.6,0.0,4.47,796.21
2023-11-26,Dongri Buzurg,800.1,0.0,0.39,0.17,9.46,0.47,0.21,814.84
2023-11-27,Dongri Buzurg,800.1,0.0,0.0,0.17,9.14,3.13,18.93,712.81
2023-11-28,Dongri Buzurg,800.1,0.0,0.0,0.17,9.06,1.21,6.14,797.73
2023-11-29,Dongri Buzurg,800.1,0.0,0.0,0.17,9.26,0.0,3.06,788.83
2023-11-30,Dongri Buzurg,800.1,0.0,0.0,0.17,9.1,2.2,26.51,736.87
2023-12-01,Dongri Buzurg,800.1,0.0,0.0,0.0,7.6,0.42,0.0,798.77
2023-12-02,Dongri Buzurg,800.1,0.0,0.0,0.0,7.73,0.0,4.35,797.27
2023-12-03,Dongri Buzurg,800.1,0.0,0.0,0.0,7.36,0.6,16.31,786.88
2023-12-04,Dongri Buzurg,800.1,0.0,0.0,0.0,5.6,1.17,25.13,767.41
2023-12-05,Dongri Buzurg,800.1,1.7,0.57,0.24,3.51,0.17,4.11,802.48
2023-12-06,Dongri Buzurg,800.1,0.0,0.57,0.24,3.0,2.47,5.02,759.19
2023-12-07,Dongri Buzurg,800.1,0.0,0.57,0.24,3.0,1.65,11.58,799.05
2023-12-08,Dongri Buzurg,800.1,3.97,1.32,0.81,3.88,1.05,6.25,776.46
2023-12-09,Dongri Buzurg,800.1,0.0,1.32,0.81,6.4,0.35,15.97,799.38
2023-12-10,Dongri Buzurg,800.1,0.0,1.32,0.81,5.32,0.89,0.16,780.85
2023-12-11,Dongri Buzurg,800.1,0.0,0.0,0.81,5.05,0.18,8.11,829.16
2023-12-12,Dongri Buzurg,800.1,0.0,0.0,0.57,3.0,1.99,12.02,723.29
2023-12-13,Dongri Buzurg,800.1,0.0,0.0,0.57,3.0,0.0,3.11,764.34
2023-12-14,Dongri Buzurg,800.1,0.0,0.0,0.57,3.52,2.37,11.3,750.48
2023-12-15,Dongri Buzurg,800.1,0.0,0.0,0.0,3.47,0.41,0.0,776.87
2023-12-16,Dongri Buzurg,800.1,0.0,0.0,0.0,6.49,0.82,6.16,796.41
2023-12-17,Dongri Buzurg,800.1,0.0,0.0,0.0,8.28,3.44,1.31,725.23
2023-12-18,Dongri Buzurg,800.1,0.0,0.0,0.0,7.88,1.31,21.65,746.95
2023-12-19,Dongri Buzurg,800.1,0.0,0.0,0.0,10.04,1.29,2.7,778.24
2023-12-20,Dongri Buzurg,800.1,0.0,0.0,0.0,10.61,0.73,0.0,777.03
2023-12-21,Dongri Buzurg,800.1,0.0,0.0,0.0,11.08,1.95,6.92,746.71
2023-12-22,Dongri Buzurg,800.1,0.0,0.0,0.0,10.71,2.39,21.5,735.26
2023-12-23,Dongri Buzurg,800.1,0.0,0.0,0.0,8.63,0.0,0.0,793.52
2023-12-24,Dongri Buzurg,800.1,0.0,0.0,0.0,9.39,0.31,14.54,779.41
2023-12-25,Dongri Buzurg,800.1,0.0,0.0,0.0,7.23,0.97,1.46,782.44
2023-12-26,Dongri Buzurg,800.1,0.0,0.0,0.0,6.98,0.38,10.82,799.4
2023-12-27,Dongri Buzurg,800.1,0.0,0.0,0.0,6.38,1.75,4.39,742.6
2023-12-28,Dongri Buzurg,800.1,3.41,1.14,0.49,8.63,0.45,6.0,779.2
2023-12-29,Dongri Buzurg,800.1,0.0,1.14,0.49,6.23,0.33,0.0,787.08
2023-12-30,Dongri Buzurg,800.1,1.79,1.73,0.74,6.46,1.53,14.42,746.13
2023-12-31,Dongri Buzurg,800.1,0.0,0.6,0.74,6.76,1.45,1.2,778.65
2024-01-01,Dongri Buzurg,800.1,0.0,0.6,0.74,6.1,1.83,7.02,740.17
2024-01-02,Dongri Buzurg,800.1,0.0,0.0,0.74,4.72,0.2,0.89,767.25
2024-01-03,Dongri Buzurg,800.1,0.0,0.0,0.74,3.08,0.22,9.98,760.72
2024-01-04,Dongri Buzurg,800.1,0.0,0.0,0.26,3.09,2.13,4.39,759.56
2024-01-05,Dongri Buzurg,800.1,0.0,0.0,0.26,3.0,1.36,0.0,779.47
2024-01-06,Dongri Buzurg,800.1,0.0,0.0,0.0,4.57,1.71,28.51,767.59
2024-01-07,Dongri Buzurg,800.1,0.0,0.0,0.0,3.68,1.18,0.0,772.83
2024-01-08,Dongri Buzurg,800.1,0.0,0.0,0.0,3.0,2.72,3.44,770.79
2024-01-09,Dongri Buzurg,800.1,0.0,0.0,0.0,3.0,0.56,10.48,769.99
2024-01-10,Dongri Buzurg,800.1,0.0,0.0,0.0,3.0,1.3,6.5,749.78
2024-01-11,Dongri Buzurg,800.1,0.0,0.0,0.0,3.68,1.95,7.12,740.15
2024-01-12,Dongri Buzurg,800.1,0.0,0.0,0.0,3.25,2.92,15.24,725.47
2024-01-13,Dongri Buzurg,800.1,0.0,0.0,0.0,3.29,4.09,0.93,742.33
2024-01-14,Dongri Buzurg,800.1,0.0,0.0,0.0,3.0,0.59,10.23,749.77
2024-01-15,Dongri Buzurg,800.1,0.0,0.0,0.0,3.78,0.88,7.88,776.63
2024-01-16,Dongri Buzurg,800.1,2.17,0.72,0.31,5.01,3.78,0.0,716.59
2024-01-17,Dongri Buzurg,800.1,0.0,0.72,0.31,5.53,2.6,0.17,753.89
2024-01-18,Dongri Buzurg,800.1,0.0,0.72,0.31,6.13,1.86,17.03,750.45
2024-01-19,Dongri Buzurg,800.1,0.0,0.0,0.31,4.33,0.54,19.89,785.81
2024-01-20,Dongri Buzurg,800.1,0.0,0.0,0.31,3.88,0.23,10.79,780.44
2024-01-21,Dongri Buzurg,800.1,0.0,0.0,0.31,4.68,3.22,5.36,731.84
2024-01-22,Dongri Buzurg,800.1,0.0,0.0,0.31,5.85,0.65,10.7,795.96
2024-01-23,Dongri Buzurg,800.1,0.0,0.0,0.0,3.97,1.52,4.38,744.84
2024-01-24,Dongri Buzurg,800.1,0.0,0.0,0.0,4.33,2.15,15.06,744.95
2024-01-25,Dongri Buzurg,800.1,0.0,0.0,0.0,4.78,0.52,12.96,794.61
2024-01-26,Dongri Buzurg,800.1,0.0,0.0,0.0,4.64,2.89,12.69,749.65
2024-01-27,Dongri Buzurg,800.1,0.0,0.0,0.0,6.59,0.67,3.85,785.92
2024-01-28,Dongri Buzurg,800.1,0.0,0.0,0.0,5.76,1.04,4.93,798.32
2024-01-29,Dongri Buzurg,800.1,0.0,0.0,0.0,5.92,0.0,8.62,804.8
2024-01-30,Dongri Buzurg,800.1,0.0,0.0,0.0,6.21,0.14,13.29,804.43
2024-01-31,Dongri Buzurg,800.1,0.0,0.0,0.0,3.75,0.82,15.33,775.72
2024-02-01,Dongri Buzurg,800.1,8.92,2.97,1.27,8.15,0.6,8.03,808.19
2024-02-02,Dongri Buzurg,800.1,0.0,2.97,1.27,9.39,3.01,9.27,725.66
2024-02-03,Dongri Buzurg,800.1,0.0,2.97,1.27,9.3,0.62,3.96,783.84
2024-02-04,Dongri Buzurg,800.1,0.0,0.0,1.27,6.37,1.62,7.59,749.04
2024-02-05,Dongri Buzurg,800.1,0.0,0.0,1.27,5.5,0.43,15.8,788.25
2024-02-06,Dongri Buzurg,800.1,0.0,0.0,1.27,5.83,0.56,6.09,792.41
2024-02-07,Dongri Buzurg,800.1,0.0,0.0,1.27,5.88,0.51,8.02,760.0
2024-02-08,Dongri Buzurg,800.1,0.0,0.0,0.0,5.82,1.52,10.69,773.07
2024-02-09,Dongri Buzurg,800.1,0.0,0.0,0.0,5.3,1.75,12.43,767.31
2024-02-10,Dongri Buzurg,800.1,0.0,0.0,0.0,3.56,2.27,29.8,743.91
2024-02-11,Dongri Buzurg,800.1,0.0,0.0,0.0,3.37,0.14,1.29,787.75
2024-02-12,Dongri Buzurg,800.1,0.0,0.0,0.0,3.0,1.2,0.0,768.17
2024-02-13,Dongri Buzurg,800.1,0.0,0.0,0.0,3.62,6.17,8.57,697.53
2024-02-14,Dongri Buzurg,800.1,5.01,1.67,0.72,6.99,2.76,21.21,730.4
2024-02-15,Dongri Buzurg,800.1,0.0,1.67,0.72,7.98,0.0,19.58,763.8
2024-02-16,Dongri Buzurg,800.1,0.0,1.67,0.72,6.31,0.83,10.67,772.45
2024-02-17,Dongri Buzurg,800.1,0.0,0.0,0.72,5.79,1.15,9.86,767.76
2024-02-18,Dongri Buzurg,800.1,0.0,0.0,0.72,4.75,0.9,7.39,772.09
2024-02-19,Dongri Buzurg,800.1,0.0,0.0,0.72,4.22,3.77,4.06,741.11
2024-02-20,Dongri Buzurg,800.1,3.67,1.22,1.24,5.11,4.52,9.67,726.55
2024-02-21,Dongri Buzurg,800.1,0.0,1.22,0.52,4.16,1.01,0.0,777.94
2024-02-22,Dongri Buzurg,800.1,0.0,1.22,0.52,4.42,2.49,15.89,763.65
2024-02-23,Dongri Buzurg,800.1,0.0,0.0,0.52,3.0,1.88,16.88,772.35
2024-02-24,Dongri Buzurg,800.1,0.0,0.0,0.52,3.89,2.03,5.29,795.79
2024-02-25,Dongri Buzurg,800.1,0.0,0.0,0.52,3.0,0.38,15.3,793.27
2024-02-26,Dongri Buzurg,800.1,0.0,0.0,0.52,3.11,2.35,6.99,750.91
2024-02-27,Dongri Buzurg,800.1,0.0,0.0,0.0,3.0,1.88,16.01,769.79
2024-02-28,Dongri Buzurg,800.1,0.0,0.0,0.0,3.0,0.74,23.58,790.17
2024-02-29,Dongri Buzurg,800.1,4.17,1.39,0.6,5.88,0.57,24.69,785.87
2024-03-01,Dongri Buzurg,800.1,0.0,1.39,0.6,4.87,2.16,0.0,781.11
2024-03-02,Dongri Buzurg,800.1,0.0,1.39,0.6,3.0,3.41,5.34,757.62
2024-03-03,Dongri Buzurg,800.1,0.0,0.0,0.6,3.0,0.76,0.0,791.05
2024-03-04,Dongri Buzurg,800.1,0.0,0.0,0.6,3.0,2.87,0.0,765.26
2024-03-05,Dongri Buzurg,800.1,0.0,0.0,0.6,3.69,1.05,0.0,766.45
2024-03-06,Dongri Buzurg,800.1,0.0,0.0,0.6,3.21,1.58,4.01,781.88
2024-03-07,Dongri Buzurg,800.1,4.38,1.46,0.63,3.0,1.04,2.91,777.63
2024-03-08,Dongri Buzurg,800.1,0.0,1.46,0.63,3.0,0.85,1.41,782.01
2024-03-09,Dongri Buzurg,800.1,0.0,1.46,0.63,3.42,0.5,16.6,782.62
2024-03-10,Dongri Buzurg,800.1,0.0,0.0,0.63,6.8,0.57,12.86,777.96
2024-03-11,Dongri Buzurg,800.1,0.0,0.0,0.63,7.43,1.5,39.76,733.82
2024-03-12,Dongri Buzurg,800.1,0.0,0.0,0.63,6.03,1.81,11.7,760.6
2024-03-13,Dongri Buzurg,800.1,0.0,0.0,0.63,6.11,0.31,0.0,810.97
2024-03-14,Dongri Buzurg,800.1,0.0,0.0,0.0,7.42,0.28,2.09,808.32
2024-03-15,Dongri Buzurg,800.1,0.0,0.0,0.0,8.47,2.2,28.6,749.79
2024-03-16,Dongri Buzurg,800.1,0.0,0.0,0.0,9.13,0.88,11.28,775.16
2024-03-17,Dongri Buzurg,800.1,0.0,0.0,0.0,8.19,0.62,7.79,779.82
2024-03-18,Dongri Buzurg,800.1,0.0,0.0,0.0,9.53,0.57,9.77,786.38
2024-03-19,Dongri Buzurg,800.1,0.0,0.0,0.0,8.66,4.39,0.0,698.11
2024-03-20,Dongri Buzurg,800.1,0.0,0.0,0.0,9.88,1.85,1.17,747.09
2024-03-21,Dongri Buzurg,800.1,0.0,0.0,0.0,9.49,1.36,26.42,765.18
2024-03-22,Dongri Buzurg,800.1,0.0,0.0,0.0,8.92,0.82,0.0,776.49
2024-03-23,Dongri Buzurg,800.1,0.0,0.0,0.0,8.06,0.43,11.4,801.38
2024-03-24,Dongri Buzurg,800.1,0.0,0.0,0.0,5.33,1.06,11.12,787.89
2024-03-25,Dongri Buzurg,800.1,0.0,0.0,0.0,3.9,3.16,0.0,748.44
2024-03-26,Dongri Buzurg,800.1,0.0,0.0,0.0,4.07,1.81,6.57,739.27
2024-03-27,Dongri Buzurg,800.1,0.0,0.0,0.0,5.24,1.6,1.35,754.67
2024-03-28,Dongri Buzurg,800.1,0.0,0.0,0.0,4.09,1.07,16.72,758.23
2024-03-29,Dongri Buzurg,800.1,0.0,0.0,0.0,3.0,1.74,1.27,760.84
2024-03-30,Dongri Buzurg,800.1,2.71,0.9,0.39,3.0,1.55,13.22,768.8
2024-03-31,Dongri Buzurg,800.1,0.0,0.9,0.39,3.0,1.51,0.0,788.14
2024-04-01,Dongri Buzurg,800.1,0.0,0.9,0.39,3.0,0.2,16.13,778.35
2024-04-02,Dongri Buzurg,800.1,0.0,0.0,0.39,3.44,5.4,8.49,688.85
2024-04-03,Dongri Buzurg,800.1,0.0,0.0,0.39,3.63,0.0,0.04,771.9
2024-04-04,Dongri Buzurg,800.1,0.0,0.0,0.39,3.0,1.55,1.83,787.29
2024-04-05,Dongri Buzurg,800.1,0.0,0.0,0.39,3.14,1.36,0.73,800.5
2024-04-06,Dongri Buzurg,800.1,0.0,0.0,0.0,4.47,2.15,15.66,795.91
2024-04-07,Dongri Buzurg,800.1,0.0,0.0,0.0,5.18,0.69,8.31,748.62
2024-04-08,Dongri Buzurg,800.1,0.0,0.0,0.0,4.84,0.39,5.51,802.01
2024-04-09,Dongri Buzurg,800.1,0.0,0.0,0.0,3.7,0.33,0.0,801.97
2024-04-10,Dongri Buzurg,800.1,0.0,0.0,0.0,3.0,2.26,18.23,750.44
2024-04-11,Dongri Buzurg,800.1,0.0,0.0,0.0,3.08,1.07,10.53,770.08
2024-04-12,Dongri Buzurg,800.1,0.0,0.0,0.0,3.39,1.52,0.0,779.28
2024-04-13,Dongri Buzurg,800.1,0.0,0.0,0.0,3.56,0.09,17.52,826.0
2024-04-14,Dongri Buzurg,800.1,0.0,0.0,0.0,3.36,0.0,8.88,803.19
2024-04-15,Dongri Buzurg,800.1,0.0,0.0,0.0,3.0,1.22,12.97,801.97
2024-04-16,Dongri Buzurg,800.1,0.0,0.0,0.0,3.0,0.59,0.0,780.8
2024-04-17,Dongri Buzurg,800.1,0.0,0.0,0.0,3.0,0.53,3.31,814.16
2024-04-18,Dongri Buzurg,800.1,0.0,0.0,0.0,3.0,0.49,6.87,769.28
2024-04-19,Dongri Buzurg,800.1,0.0,0.0,0.0,3.0,0.71,19.98,769.54
2024-04-20,Dongri Buzurg,800.1,0.0,0.0,0.0,3.0,3.13,0.68,773.7
2024-04-21,Dongri Buzurg,800.1,0.0,0.0,0.0,3.36,2.47,4.22,746.5
2024-04-22,Dongri Buzurg,800.1,0.0,0.0,0.0,3.0,0.36,1.19,776.59
2024-04-23,Dongri Buzurg,800.1,0.0,0.0,0.0,3.15,2.17,0.0,763.74
2024-04-24,Dongri Buzurg,800.1,0.0,0.0,0.0,3.0,0.06,0.0,804.24
2024-04-25,Dongri Buzurg,800.1,0.0,0.0,0.0,4.03,1.27,22.41,757.2
2024-04-26,Dongri Buzurg,800.1,0.0,0.0,0.0,4.23,1.02,10.1,771.18
2024-04-27,Dongri Buzurg,800.1,0.0,0.0,0.0,4.27,0.67,9.46,769.7
2024-04-28,Dongri Buzurg,800.1,0.0,0.0,0.0,4.4,1.25,3.59,768.55
2024-04-29,Dongri Buzurg,800.1,0.0,0.0,0.0,4.92,0.98,6.24,779.97
2024-04-30,Dongri Buzurg,800.1,0.0,0.0,0.0,3.24,1.88,4.87,748.73
2024-05-01,Dongri Buzurg,800.1,8.36,2.79,1.19,5.57,4.23,9.7,713.17
2024-05-02,Dongri Buzurg,800.1,59.24,22.53,9.66,23.82,1.1,0.0,779.55
2024-05-03,Dongri Buzurg,800.1,0.0,22.53,9.66,23.25,0.13,10.56,782.07
2024-05-04,Dongri Buzurg,800.1,0.0,19.75,9.66,22.92,0.0,7.47,826.32
2024-05-05,Dongri Buzurg,800.1,0.0,0.0,9.66,21.69,3.12,0.29,711.4
2024-05-06,Dongri Buzurg,800.1,0.0,0.0,9.66,19.33,1.75,18.49,762.49
2024-05-07,Dongri Buzurg,800.1,0.0,0.0,9.66,17.12,2.08,3.69,779.42
2024-05-08,Dongri Buzurg,800.1,0.0,0.0,8.46,14.94,2.7,2.78,739.13
2024-05-09,Dongri Buzurg,800.1,0.0,0.0,0.0,13.16,1.51,18.01,750.0
2024-05-10,Dongri Buzurg,800.1,0.0,0.0,0.0,12.73,0.67,0.0,806.77
2024-05-11,Dongri Buzurg,800.1,0.0,0.0,0.0,11.89,0.47,0.01,801.39
2024-05-12,Dongri Buzurg,800.1,0.0,0.0,0.0,14.28,0.97,10.5,790.24
2024-05-13,Dongri Buzurg,800.1,25.6,8.53,3.66,23.07,1.76,47.83,729.2
2024-05-14,Dongri Buzurg,800.1,0.0,8.53,3.66,20.77,3.61,4.08,715.75
2024-05-15,Dongri Buzurg,800.1,0.0,8.53,3.66,21.56,0.0,7.33,759.3
2024-05-16,Dongri Buzurg,800.1,0.0,0.0,3.66,19.1,1.76,6.6,773.92
2024-05-17,Dongri Buzurg,800.1,0.0,0.0,3.66,17.52,2.72,0.0,727.38
2024-05-18,Dongri Buzurg,800.1,0.0,0.0,3.66,17.73,0.75,27.29,765.3
2024-05-19,Dongri Buzurg,800.1,0.0,0.0,3.66,16.41,0.28,1.49,798.15
2024-05-20,Dongri Buzurg,800.1,0.0,0.0,0.0,16.26,0.41,18.94,775.8
2024-05-21,Dongri Buzurg,800.1,0.0,0.0,0.0,14.83,0.82,16.49,809.09
2024-05-22,Dongri Buzurg,800.1,0.0,0.0,0.0,14.03,4.44,4.66,711.76
2024-05-23,Dongri Buzurg,800.1,0.0,0.0,0.0,14.61,3.55,5.94,736.05
2024-05-24,Dongri Buzurg,800.1,0.0,0.0,0.0,12.74,0.0,5.11,791.89
2024-05-25,Dongri Buzurg,800.1,0.0,0.0,0.0,9.95,1.8,6.66,755.57
2024-05-26,Dongri Buzurg,800.1,12.77,4.26,1.82,12.79,1.58,7.69,782.18
2024-05-27,Dongri Buzurg,800.1,0.0,4.26,1.82,13.63,1.54,12.22,784.18
2024-05-28,Dongri Buzurg,800.1,0.0,4.26,1.82,12.97,0.0,8.28,790.79
2024-05-29,Dongri Buzurg,800.1,41.95,13.98,7.82,25.14,1.11,10.61,768.67
2024-05-30,Dongri Buzurg,800.1,0.0,13.98,7.82,21.65,1.61,17.2,768.41
2024-05-31,Dongri Buzurg,800.1,0.0,13.98,7.82,20.89,1.12,9.08,780.88
2024-06-01,Dongri Buzurg,800.1,0.0,0.0,7.82,19.98,3.5,9.61,720.29
2024-06-02,Dongri Buzurg,800.1,0.0,0.0,5.99,19.3,0.97,4.6,765.54
2024-06-03,Dongri Buzurg,800.1,44.66,14.89,12.37,32.36,0.39,19.19,740.09
2024-06-04,Dongri Buzurg,800.1,76.32,40.33,23.28,55.07,0.82,30.27,673.37
2024-06-05,Dongri Buzurg,800.1,32.93,51.3,21.99,60.0,1.07,3.75,683.56
2024-06-06,Dongri Buzurg,800.1,63.47,57.57,31.05,60.0,1.58,2.88,650.14
2024-06-07,Dongri Buzurg,800.1,30.72,42.37,35.44,60.0,0.73,0.38,693.97
2024-06-08,Dongri Buzurg,800.1,17.8,37.33,37.99,60.0,0.84,0.0,693.39
2024-06-09,Dongri Buzurg,800.1,0.0,16.17,37.99,58.28,0.78,17.1,700.37
2024-06-10,Dongri Buzurg,800.1,0.0,5.93,31.61,55.56,2.23,23.66,645.08
2024-06-11,Dongri Buzurg,800.1,50.02,16.67,27.85,60.0,4.68,20.34,638.92
2024-06-12,Dongri Buzurg,800.1,0.0,16.67,23.14,57.89,0.8,3.23,709.53
2024-06-13,Dongri Buzurg,800.1,0.0,16.67,14.08,54.65,2.05,5.11,702.06
2024-06-14,Dongri Buzurg,800.1,54.58,18.19,17.49,60.0,2.72,7.51,646.62
2024-06-15,Dongri Buzurg,800.1,0.0,18.19,14.94,55.82,1.91,4.52,681.98
2024-06-16,Dongri Buzurg,800.1,0.0,18.19,14.94,50.87,2.7,0.0,680.01
2024-06-17,Dongri Buzurg,800.1,25.52,8.51,18.59,57.25,0.18,3.91,693.06
2024-06-18,Dongri Buzurg,800.1,0.0,8.51,11.44,54.77,0.94,0.0,690.11
2024-06-19,Dongri Buzurg,800.1,59.1,28.21,19.89,60.0,1.27,8.26,668.99
2024-06-20,Dongri Buzurg,800.1,39.23,32.78,25.49,60.0,0.37,2.52,694.43
2024-06-21,Dongri Buzurg,800.1,0.0,32.78,17.69,56.6,0.49,8.71,689.34
2024-06-22,Dongri Buzurg,800.1,17.79,19.0,20.23,57.92,0.82,14.41,703.35
2024-06-23,Dongri Buzurg,800.1,19.01,12.27,22.95,60.0,0.27,0.0,683.62
2024-06-24,Dongri Buzurg,800.1,0.0,12.27,19.3,56.26,0.72,4.89,693.86
2024-06-25,Dongri Buzurg,800.1,0.0,6.34,19.3,53.41,2.47,13.46,649.05
2024-06-26,Dongri Buzurg,800.1,0.0,0.0,10.86,50.53,4.08,21.04,649.75
2024-06-27,Dongri Buzurg,800.1,70.83,23.61,15.37,60.0,1.58,16.94,633.83
2024-06-28,Dongri Buzurg,800.1,69.3,46.71,25.28,60.0,1.65,7.67,674.71
2024-06-29,Dongri Buzurg,800.1,0.0,46.71,22.73,55.54,0.08,6.97,714.64
2024-06-30,Dongri Buzurg,800.1,16.0,28.44,22.31,57.1,0.34,25.94,700.81
2024-07-01,Dongri Buzurg,800.1,37.25,17.75,27.63,60.0,2.07,17.93,659.08
2024-07-02,Dongri Buzurg,800.1,0.0,17.75,27.63,56.55,0.2,2.2,710.89
2024-07-03,Dongri Buzurg,800.1,0.0,12.42,27.63,53.89,1.3,9.06,679.47
2024-07-04,Dongri Buzurg,800.1,0.0,0.0,17.51,50.89,0.28,0.83,709.36
2024-07-05,Dongri Buzurg,800.1,19.75,6.58,10.43,53.51,2.82,10.91,633.3
2024-07-06,Dongri Buzurg,800.1,49.97,23.24,17.57,60.0,0.13,26.53,664.79
2024-07-07,Dongri Buzurg,800.1,10.31,26.68,16.75,58.92,0.61,13.26,699.67
2024-07-08,Dongri Buzurg,800.1,0.0,20.09,11.43,55.35,0.9,0.0,702.34
2024-07-09,Dongri Buzurg,800.1,0.0,3.44,11.43,53.4,2.64,4.56,680.48
2024-07-10,Dongri Buzurg,800.1,0.0,0.0,11.43,47.94,0.96,15.4,703.31
2024-07-11,Dongri Buzurg,800.1,62.47,20.82,20.36,60.0,0.96,22.55,658.15
2024-07-12,Dongri Buzurg,800.1,0.0,20.82,17.53,53.99,0.0,8.88,712.54
2024-07-13,Dongri Buzurg,800.1,0.0,20.82,10.4,51.06,0.0,1.18,715.05
2024-07-14,Dongri Buzurg,800.1,51.73,17.24,16.31,60.0,0.39,4.3,688.31
2024-07-15,Dongri Buzurg,800.1,52.22,34.65,23.78,60.0,0.47,2.56,710.67
2024-07-16,Dongri Buzurg,800.1,0.0,34.65,23.78,56.04,1.4,10.15,689.44
2024-07-17,Dongri Buzurg,800.1,0.0,17.41,23.78,51.98,1.63,6.1,702.83
2024-07-18,Dongri Buzurg,800.1,0.0,0.0,14.85,47.39,2.41,22.81,687.71
2024-07-19,Dongri Buzurg,800.1,33.4,11.13,19.62,56.76,0.0,25.12,717.1
2024-07-20,Dongri Buzurg,800.1,85.57,39.66,31.85,60.0,1.31,3.36,647.99
2024-07-21,Dongri Buzurg,800.1,91.91,70.29,37.59,60.0,1.04,30.68,643.54
2024-07-22,Dongri Buzurg,800.1,8.53,62.0,31.34,60.0,0.0,19.06,708.24
2024-07-23,Dongri Buzurg,800.1,2.79,34.41,31.74,57.18,2.94,2.0,679.34
2024-07-24,Dongri Buzurg,800.1,56.35,22.56,39.79,60.0,4.38,6.92,630.97
2024-07-25,Dongri Buzurg,800.1,7.8,22.31,40.91,56.35,3.52,0.0,655.55
2024-07-26,Dongri Buzurg,800.1,22.84,28.99,39.4,60.0,0.0,18.83,685.92
2024-07-27,Dongri Buzurg,800.1,93.12,41.25,40.48,60.0,4.16,9.48,618.48
2024-07-28,Dongri Buzurg,800.1,40.19,52.05,33.09,60.0,0.87,22.58,679.57
2024-07-29,Dongri Buzurg,800.1,36.48,56.59,37.08,60.0,0.0,6.14,669.08
2024-07-30,Dongri Buzurg,800.1,0.0,25.56,36.68,56.24,1.09,3.65,679.38
2024-07-31,Dongri Buzurg,800.1,12.94,16.47,30.48,57.51,1.0,0.0,697.46
2024-08-01,Dongri Buzurg,800.1,0.0,4.31,29.37,54.38,0.59,23.68,692.39
2024-08-02,Dongri Buzurg,800.1,61.35,24.76,34.87,60.0,0.43,7.48,679.24
2024-08-03,Dongri Buzurg,800.1,30.26,30.54,25.89,60.0,1.92,12.04,666.08
2024-08-04,Dongri Buzurg,800.1,0.0,30.54,20.15,56.01,0.31,0.0,699.83
2024-08-05,Dongri Buzurg,800.1,0.0,10.09,14.94,52.3,2.61,8.02,668.8
2024-08-06,Dongri Buzurg,800.1,0.0,0.0,14.94,48.39,3.31,19.8,651.07
2024-08-07,Dongri Buzurg,800.1,0.0,0.0,13.09,44.35,2.59,5.59,682.38
2024-08-08,Dongri Buzurg,800.1,126.32,42.11,31.13,60.0,1.6,20.69,588.91
2024-08-09,Dongri Buzurg,800.1,4.27,43.53,22.98,57.45,0.36,13.59,689.14
2024-08-10,Dongri Buzurg,800.1,19.75,50.11,21.48,59.55,0.0,5.86,682.47
2024-08-11,Dongri Buzurg,800.1,50.84,24.95,28.74,60.0,1.22,25.69,642.02
2024-08-12,Dongri Buzurg,800.1,22.29,30.96,31.92,60.0,2.36,15.37,658.75
2024-08-13,Dongri Buzurg,800.1,127.0,66.71,50.07,60.0,1.81,23.42,590.12
2024-08-14,Dongri Buzurg,800.1,0.0,49.76,50.07,55.5,1.48,0.0,677.77
2024-08-15,Dongri Buzurg,800.1,0.0,42.33,32.02,53.59,0.78,3.73,715.38
2024-08-16,Dongri Buzurg,800.1,0.0,0.0,31.41,52.3,0.02,4.16,738.52
2024-08-17,Dongri Buzurg,800.1,0.0,0.0,28.59,49.44,0.77,2.28,710.2
2024-08-18,Dongri Buzurg,800.1,44.78,14.93,27.72,60.0,1.71,6.33,667.04
2024-08-19,Dongri Buzurg,800.1,0.0,14.93,24.54,57.64,0.26,40.11,667.43
2024-08-20,Dongri Buzurg,800.1,29.26,24.68,10.58,60.0,0.99,8.46,686.35
2024-08-21,Dongri Buzurg,800.1,0.0,9.75,10.58,54.42,0.0,3.54,742.83
2024-08-22,Dongri Buzurg,800.1,0.0,9.75,10.58,50.85,2.16,8.98,691.31
2024-08-23,Dongri Buzurg,800.1,0.0,0.0,10.58,48.87,0.76,13.54,702.53
2024-08-24,Dongri Buzurg,800.1,0.0,0.0,10.58,46.13,1.2,6.04,691.84
2024-08-25,Dongri Buzurg,800.1,0.0,0.0,4.18,43.06,2.19,7.64,699.35
2024-08-26,Dongri Buzurg,800.1,0.0,0.0,4.18,43.06,2.43,5.95,718.58
2024-08-27,Dongri Buzurg,800.1,0.0,0.0,0.0,39.12,1.86,13.38,728.98
2024-08-28,Dongri Buzurg,800.1,0.0,0.0,0.0,37.14,0.67,14.57,742.67
2024-08-29,Dongri Buzurg,800.1,0.0,0.0,0.0,35.8,1.12,26.4,721.63
2024-08-30,Dongri Buzurg,800.1,48.3,16.1,6.9,52.64,0.0,1.36,722.97
2024-08-31,Dongri Buzurg,800.1,63.86,37.39,16.02,60.0,2.54,0.0,666.63
2024-09-01,Dongri Buzurg,800.1,0.0,37.39,16.02,55.92,1.47,3.27,679.8
2024-09-02,Dongri Buzurg,800.1,58.0,40.62,24.31,60.0,0.78,9.14,659.77
2024-09-03,Dongri Buzurg,800.1,29.35,29.12,28.5,60.0,0.0,0.33,682.98
2024-09-04,Dongri Buzurg,800.1,37.97,41.77,33.93,60.0,0.2,7.38,681.45
2024-09-05,Dongri Buzurg,800.1,28.45,31.93,37.99,60.0,0.52,5.15,693.86
2024-09-06,Dongri Buzurg,800.1,0.0,22.14,31.09,57.47,0.23,1.61,692.9
2024-09-07,Dongri Buzurg,800.1,0.0,9.48,21.97,53.56,1.08,0.0,703.62
2024-09-08,Dongri Buzurg,800.1,40.08,13.36,27.69,60.0,1.04,0.87,710.36
2024-09-09,Dongri Buzurg,800.1,20.29,20.12,22.31,60.0,1.04,6.37,689.55
2024-09-10,Dongri Buzurg,800.1,0.0,20.12,18.11,55.18,2.83,9.92,650.5
2024-09-11,Dongri Buzurg,800.1,0.0,6.76,12.69,50.44,2.34,0.0,684.31
2024-09-12,Dongri Buzurg,800.1,84.4,28.13,20.68,60.0,1.98,15.45,649.82
2024-09-13,Dongri Buzurg,800.1,42.58,42.33,26.76,60.0,0.0,22.75,711.65
2024-09-14,Dongri Buzurg,800.1,0.0,42.33,26.76,57.41,2.89,2.37,667.91
2024-09-15,Dongri Buzurg,800.1,11.44,18.01,22.67,59.54,0.82,6.8,686.95
2024-09-16,Dongri Buzurg,800.1,0.0,3.81,19.77,55.66,0.0,4.62,718.68
2024-09-17,Dongri Buzurg,800.1,49.07,20.17,26.78,60.0,1.45,11.66,661.41
2024-09-18,Dongri Buzurg,800.1,0.0,16.36,26.78,57.73,0.94,11.22,682.3
2024-09-19,Dongri Buzurg,800.1,0.0,16.36,14.73,55.51,0.44,20.11,684.62
2024-09-20,Dongri Buzurg,800.1,0.0,0.0,8.64,53.44,0.11,9.7,722.95
2024-09-21,Dongri Buzurg,800.1,55.62,18.54,16.59,60.0,1.7,9.42,647.35
2024-09-22,Dongri Buzurg,800.1,69.77,41.8,24.92,60.0,0.38,3.85,637.83
2024-09-23,Dongri Buzurg,800.1,0.0,41.8,24.92,56.52,1.37,4.74,709.24
2024-09-24,Dongri Buzurg,800.1,31.27,33.68,22.38,60.0,0.6,11.68,679.38
2024-09-25,Dongri Buzurg,800.1,0.0,10.42,22.38,56.98,1.41,9.7,691.99
2024-09-26,Dongri Buzurg,800.1,0.0,10.42,22.38,52.98,1.12,0.0,698.02
2024-09-27,Dongri Buzurg,800.1,32.77,10.92,27.06,60.0,0.41,9.34,696.34
2024-09-28,Dongri Buzurg,800.1,23.65,18.81,22.49,60.0,0.01,0.0,709.65
2024-09-29,Dongri Buzurg,800.1,0.0,18.81,12.53,59.68,1.54,0.85,707.04
2024-09-30,Dongri Buzurg,800.1,0.0,7.88,12.53,55.51,1.09,9.7,680.63
2024-10-01,Dongri Buzurg,800.1,27.26,9.09,11.95,60.0,0.17,4.03,712.68
2024-10-02,Dongri Buzurg,800.1,0.0,9.09,11.95,56.53,1.74,14.47,679.7
2024-10-03,Dongri Buzurg,800.1,0.0,9.09,11.95,53.7,1.8,25.67,659.52
2024-10-04,Dongri Buzurg,800.1,0.0,0.0,7.27,49.52,3.71,9.74,668.49
2024-10-05,Dongri Buzurg,800.1,36.46,12.15,9.1,58.64,0.48,7.63,692.27
2024-10-06,Dongri Buzurg,800.1,32.15,22.87,13.7,60.0,0.57,0.0,711.82
2024-10-07,Dongri Buzurg,800.1,0.0,22.87,13.7,57.65,0.71,1.45,690.35
2024-10-08,Dongri Buzurg,800.1,0.0,10.72,9.8,54.1,0.86,14.23,682.0
2024-10-09,Dongri Buzurg,800.1,0.0,0.0,9.8,49.41,0.36,0.0,710.47
2024-10-10,Dongri Buzurg,800.1,0.0,0.0,9.8,46.44,1.98,28.71,691.93
2024-10-11,Dongri Buzurg,800.1,0.0,0.0,9.8,45.17,0.74,13.07,704.07
2024-10-12,Dongri Buzurg,800.1,0.0,0.0,4.59,42.4,0.26,12.75,731.08
2024-10-13,Dongri Buzurg,800.1,26.33,8.78,3.76,49.01,0.0,3.73,707.47
2024-10-14,Dongri Buzurg,800.1,0.0,8.78,3.76,44.44,0.8,29.12,728.9
2024-10-15,Dongri Buzurg,800.1,0.0,8.78,3.76,42.38,1.62,0.87,702.38
2024-10-16,Dongri Buzurg,800.1,0.0,0.0,3.76,39.49,0.86,8.65,724.56
2024-10-17,Dongri Buzurg,800.1,0.0,0.0,3.76,36.52,1.26,3.45,742.03
2024-10-18,Dongri Buzurg,800.1,0.0,0.0,3.76,34.67,3.37,7.54,702.91
2024-10-19,Dongri Buzurg,800.1,0.0,0.0,3.76,33.03,4.33,8.78,683.43
2024-10-20,Dongri Buzurg,800.1,0.0,0.0,0.0,32.63,0.72,6.08,742.07
2024-10-21,Dongri Buzurg,800.1,0.0,0.0,0.0,29.31,5.07,0.36,694.05
2024-10-22,Dongri Buzurg,800.1,0.0,0.0,0.0,28.28,0.3,6.14,791.62
2024-10-23,Dongri Buzurg,800.1,0.0,0.0,0.0,26.84,4.82,12.61,677.27
2024-10-24,Dongri Buzurg,800.1,0.0,0.0,0.0,23.96,0.77,5.47,791.45
2024-10-25,Dongri Buzurg,800.1,0.0,0.0,0.0,23.47,1.52,0.0,780.7
2024-10-26,Dongri Buzurg,800.1,8.39,2.8,1.2,23.1,0.53,15.99,751.86
2024-10-27,Dongri Buzurg,800.1,0.0,2.8,1.2,20.62,2.15,17.39,717.34
2024-10-28,Dongri Buzurg,800.1,0.0,2.8,1.2,20.86,0.79,1.35,775.76
2024-10-29,Dongri Buzurg,800.1,0.0,0.0,1.2,19.13,0.23,0.0,821.69
2024-10-30,Dongri Buzurg,800.1,0.0,0.0,1.2,17.36,1.24,17.36,813.85
2024-10-31,Dongri Buzurg,800.1,29.04,9.68,5.35,25.87,1.31,0.0,763.58
2024-11-01,Dongri Buzurg,800.1,0.0,9.68,5.35,24.84,1.1,14.27,756.74
2024-11-02,Dongri Buzurg,800.1,0.0,9.68,4.15,23.31,0.38,29.54,751.84
2024-11-03,Dongri Buzurg,800.1,1.53,0.51,4.37,23.64,0.41,5.07,783.63
2024-11-04,Dongri Buzurg,800.1,0.0,0.51,4.37,21.92,0.57,3.55,803.7
2024-11-05,Dongri Buzurg,800.1,0.0,0.51,4.37,21.46,0.66,12.53,773.55
2024-11-06,Dongri Buzurg,800.1,0.0,0.0,4.37,21.03,1.01,12.02,793.06
2024-11-07,Dongri Buzurg,800.1,0.0,0.0,0.22,19.27,1.38,6.86,777.07
2024-11-08,Dongri Buzurg,800.1,0.0,0.0,0.22,17.98,1.27,6.14,756.44
2024-11-09,Dongri Buzurg,800.1,0.0,0.0,0.22,17.02,0.34,32.65,740.89
2024-11-10,Dongri Buzurg,800.1,0.0,0.0,0.0,14.36,3.7,8.19,721.4
2024-11-11,Dongri Buzurg,800.1,0.0,0.0,0.0,13.87,1.32,42.56,755.36
2024-11-12,Dongri Buzurg,800.1,0.0,0.0,0.0,13.74,0.09,4.66,793.88
2024-11-13,Dongri Buzurg,800.1,0.0,0.0,0.0,11.34,1.78,14.41,764.47
2024-11-14,Dongri Buzurg,800.1,0.0,0.0,0.0,10.82,2.57,7.72,719.59
2024-11-15,Dongri Buzurg,800.1,0.0,0.0,0.0,10.49,6.25,11.34,692.48
2024-11-16,Dongri Buzurg,800.1,0.0,0.0,0.0,8.26,1.13,0.0,791.77
2024-11-17,Dongri Buzurg,800.1,0.0,0.0,0.0,8.28,0.4,15.89,788.58
2024-11-18,Dongri Buzurg,800.1,0.0,0.0,0.0,7.8,1.22,26.34,762.65
2024-11-19,Dongri Buzurg,800.1,0.0,0.0,0.0,5.74,0.27,24.94,775.11
2024-11-20,Dongri Buzurg,800.1,0.0,0.0,0.0,6.25,0.62,3.72,820.64
2024-11-21,Dongri Buzurg,800.1,0.0,0.0,0.0,5.03,1.23,0.0,767.16
2024-11-22,Dongri Buzurg,800.1,0.0,0.0,0.0,4.9,1.03,2.31,787.32
2024-11-23,Dongri Buzurg,800.1,0.0,0.0,0.0,5.63,0.69,11.62,777.75
2024-11-24,Dongri Buzurg,800.1,3.67,1.22,0.52,6.88,1.38,28.66,768.11
2024-11-25,Dongri Buzurg,800.1,0.0,1.22,0.52,6.55,0.29,30.91,741.62
2024-11-26,Dongri Buzurg,800.1,0.0,1.22,0.52,5.49,1.28,12.97,752.95
2024-11-27,Dongri Buzurg,800.1,0.0,0.0,0.52,3.12,0.86,0.0,783.4
2024-11-28,Dongri Buzurg,800.1,0.0,0.0,0.52,3.0,0.18,15.35,778.47
2024-11-29,Dongri Buzurg,800.1,3.39,1.13,1.01,3.0,0.65,17.03,768.52
2024-11-30,Dongri Buzurg,800.1,0.0,1.13,1.01,3.0,0.0,24.41,799.54
2024-12-01,Dongri Buzurg,800.1,0.0,1.13,0.48,3.0,0.0,2.91,799.19
2024-12-02,Dongri Buzurg,800.1,0.0,0.0,0.48,3.0,0.31,14.1,805.76
2024-12-03,Dongri Buzurg,800.1,0.0,0.0,0.48,3.0,1.46,14.47,774.5
2024-12-04,Dongri Buzurg,800.1,3.01,1.0,0.91,4.34,0.0,6.92,796.72
2024-12-05,Dongri Buzurg,800.1,0.0,1.0,0.91,3.0,1.7,23.73,733.9
2024-12-06,Dongri Buzurg,800.1,0.0,1.0,0.43,4.15,0.0,10.72,809.24
2024-12-07,Dongri Buzurg,800.1,0.0,0.0,0.43,4.1,1.57,5.33,787.11
2024-12-08,Dongri Buzurg,800.1,0.0,0.0,0.43,3.15,0.28,28.25,782.69
2024-12-09,Dongri Buzurg,800.1,0.0,0.0,0.43,3.35,0.91,24.21,777.57
2024-12-10,Dongri Buzurg,800.1,0.0,0.0,0.43,3.0,0.14,15.47,774.53
2024-12-11,Dongri Buzurg,800.1,6.91,2.3,0.99,3.0,0.2,0.3,791.99
2024-12-12,Dongri Buzurg,800.1,0.0,2.3,0.99,3.5,1.25,5.75,764.74
2024-12-13,Dongri Buzurg,800.1,0.0,2.3,0.99,3.0,0.69,2.7,794.86
2024-12-14,Dongri Buzurg,800.1,0.0,0.0,0.99,3.0,0.0,11.92,778.94
2024-12-15,Dongri Buzurg,800.1,0.58,0.19,1.07,3.13,0.0,2.01,776.75
2024-12-16,Dongri Buzurg,800.1,0.0,0.19,1.07,3.0,0.76,0.0,780.73
2024-12-17,Dongri Buzurg,800.1,0.0,0.19,1.07,3.37,0.9,7.32,751.99
2024-12-18,Dongri Buzurg,800.1,0.0,0.0,0.08,4.97,0.0,0.0,806.1
2024-12-19,Dongri Buzurg,800.1,0.0,0.0,0.08,4.25,4.5,2.55,702.16
2024-12-20,Dongri Buzurg,800.1,0.0,0.0,0.08,3.0,1.26,12.82,764.33
2024-12-21,Dongri Buzurg,800.1,0.0,0.0,0.08,3.0,0.77,0.0,787.23
2024-12-22,Dongri Buzurg,800.1,0.0,0.0,0.0,3.0,0.0,14.18,821.38
2024-12-23,Dongri Buzurg,800.1,0.0,0.0,0.0,3.0,0.52,9.8,796.54
2024-12-24,Dongri Buzurg,800.1,0.0,0.0,0.0,3.0,2.06,2.29,798.82
2024-12-25,Dongri Buzurg,800.1,0.0,0.0,0.0,3.0,1.6,13.38,745.75
2024-12-26,Dongri Buzurg,800.1,0.0,0.0,0.0,3.0,0.91,15.86,775.81
2024-12-27,Dongri Buzurg,800.1,0.0,0.0,0.0,3.0,1.12,0.0,796.25
2024-12-28,Dongri Buzurg,800.1,0.0,0.0,0.0,3.0,0.56,2.39,794.01
2024-12-29,Dongri Buzurg,800.1,0.0,0.0,0.0,3.0,0.97,0.0,771.08
2024-12-30,Dongri Buzurg,800.1,0.0,0.0,0.0,3.4,0.41,5.89,817.11
2022-01-01,Chikla,504.5,0.0,0.0,0.0,14.22,1.52,7.39,488.01
2022-01-02,Chikla,504.5,0.0,0.0,0.0,14.36,1.18,9.54,489.76
2022-01-03,Chikla,504.5,0.0,0.0,0.0,14.49,1.48,14.81,473.49
2022-01-04,Chikla,504.5,0.0,0.0,0.0,15.35,0.93,7.41,511.9
2022-01-05,Chikla,504.5,0.0,0.0,0.0,14.96,1.37,3.0,504.75
2022-01-06,Chikla,504.5,0.0,0.0,0.0,15.56,0.0,0.0,503.11
2022-01-07,Chikla,504.5,0.0,0.0,0.0,15.1,1.42,7.28,494.83
2022-01-08,Chikla,504.5,0.0,0.0,0.0,16.3,1.06,23.52,479.43
2022-01-09,Chikla,504.5,0.0,0.0,0.0,14.85,0.45,14.97,503.36
2022-01-10,Chikla,504.5,0.0,0.0,0.0,14.74,0.48,0.0,492.47
2022-01-11,Chikla,504.5,0.0,0.0,0.0,15.62,0.32,31.41,489.98
2022-01-12,Chikla,504.5,0.0,0.0,0.0,14.84,0.96,0.0,474.13
2022-01-13,Chikla,504.5,0.0,0.0,0.0,16.43,0.05,9.75,495.79
2022-01-14,Chikla,504.5,0.0,0.0,0.0,14.63,1.96,5.89,481.41
2022-01-15,Chikla,504.5,0.0,0.0,0.0,15.35,0.83,7.12,526.18
2022-01-16,Chikla,504.5,0.0,0.0,0.0,14.23,4.36,3.22,468.66
2022-01-17,Chikla,504.5,0.0,0.0,0.0,12.63,1.42,0.0,487.58
2022-01-18,Chikla,504.5,0.0,0.0,0.0,11.55,0.2,9.14,491.11
2022-01-19,Chikla,504.5,6.27,2.09,0.9,12.74,1.01,5.81,496.83
2022-01-20,Chikla,504.5,0.0,2.09,0.9,15.62,1.47,22.34,488.53
2022-01-21,Chikla,504.5,0.0,2.09,0.9,14.78,0.0,3.33,502.46
2022-01-22,Chikla,504.5,1.56,0.52,1.12,12.76,3.58,0.0,473.06
2022-01-23,Chikla,504.5,0.0,0.52,1.12,10.44,1.43,7.09,497.5
2022-01-24,Chikla,504.5,0.0,0.52,1.12,7.27,3.07,8.18,454.29
2022-01-25,Chikla,504.5,0.0,0.0,1.12,7.97,1.76,11.98,464.62
2022-01-26,Chikla,504.5,0.0,0.0,0.22,7.1,0.92,4.67,500.19
2022-01-27,Chikla,504.5,0.0,0.0,0.22,4.71,2.13,0.0,474.53
2022-01-28,Chikla,504.5,5.26,1.75,0.97,6.76,0.65,3.47,498.92
2022-01-29,Chikla,504.5,0.0,1.75,0.75,4.86,1.09,2.61,491.07
2022-01-30,Chikla,504.5,0.0,1.75,0.75,3.0,1.76,12.44,465.98
2022-01-31,Chikla,504.5,0.0,0.0,0.75,3.0,0.79,22.2,509.15
2022-02-01,Chikla,504.5,0.0,0.0,0.75,3.0,0.47,14.07,490.57
2022-02-02,Chikla,504.5,0.0,0.0,0.75,3.0,0.94,17.79,485.61
2022-02-03,Chikla,504.5,0.0,0.0,0.75,3.0,1.09,8.82,470.1
2022-02-04,Chikla,504.5,0.0,0.0,0.0,3.0,1.34,0.28,498.18
2022-02-05,Chikla,504.5,0.0,0.0,0.0,3.0,2.29,6.78,474.97
2022-02-06,Chikla,504.5,0.0,0.0,0.0,4.13,4.15,14.76,455.1
2022-02-07,Chikla,504.5,2.48,0.83,0.35,3.0,0.0,13.34,502.29
2022-02-08,Chikla,504.5,0.0,0.83,0.35,3.91,3.33,9.25,455.69
2022-02-09,Chikla,504.5,0.0,0.83,0.35,3.0,0.75,1.74,483.59
2022-02-10,Chikla,504.5,0.0,0.0,0.35,3.0,0.62,13.61,481.25
2022-02-11,Chikla,504.5,1.46,0.49,0.56,3.18,2.02,17.99,470.73
2022-02-12,Chikla,504.5,0.0,0.49,0.56,3.0,0.74,5.18,510.83
2022-02-13,Chikla,504.5,0.0,0.49,0.56,3.0,1.79,21.35,473.9
2022-02-14,Chikla,504.5,0.0,0.0,0.21,5.17,1.01,13.72,487.99
2022-02-15,Chikla,504.5,0.0,0.0,0.21,5.8,0.54,9.66,494.43
2022-02-16,Chikla,504.5,0.0,0.0,0.21,5.28,1.93,9.55,495.38
2022-02-17,Chikla,504.5,0.0,0.0,0.21,3.48,3.18,10.13,472.22
2022-02-18,Chikla,504.5,0.0,0.0,0.0,3.0,2.56,6.5,459.57
2022-02-19,Chikla,504.5,0.0,0.0,0.0,3.0,0.37,6.07,488.54
2022-02-20,Chikla,504.5,7.51,2.5,1.07,3.31,3.87,0.91,454.27
2022-02-21,Chikla,504.5,0.0,2.5,1.07,3.0,0.31,5.14,481.11
2022-02-22,Chikla,504.5,0.0,2.5,1.07,3.0,0.23,8.99,492.66
2022-02-23,Chikla,504.5,0.0,0.0,1.07,3.18,1.03,14.3,475.51
2022-02-24,Chikla,504.5,0.0,0.0,1.07,3.65,0.83,18.54,480.38
2022-02-25,Chikla,504.5,0.0,0.0,1.07,4.53,0.0,0.74,519.49
2022-02-26,Chikla,504.5,3.25,1.08,1.54,5.27,2.1,3.43,482.38
2022-02-27,Chikla,504.5,0.0,1.08,0.46,3.64,1.96,8.96,495.97
2022-02-28,Chikla,504.5,0.0,1.08,0.46,3.0,1.14,0.0,499.98
2022-03-01,Chikla,504.5,0.0,0.0,0.46,3.0,1.03,18.5,481.04
2022-03-02,Chikla,504.5,0.0,0.0,0.46,3.0,0.71,0.0,488.07
2022-03-03,Chikla,504.5,0.0,0.0,0.46,4.9,0.17,11.28,504.88
2022-03-04,Chikla,504.5,0.0,0.0,0.46,7.13,0.67,7.13,485.57
2022-03-05,Chikla,504.5,0.0,0.0,0.0,6.58,4.64,15.61,432.87
2022-03-06,Chikla,504.5,0.0,0.0,0.0,6.09,0.54,5.67,504.7
2022-03-07,Chikla,504.5,0.0,0.0,0.0,5.15,3.51,2.85,474.14
2022-03-08,Chikla,504.5,1.42,0.47,0.2,4.76,1.9,18.43,477.81
2022-03-09,Chikla,504.5,0.0,0.47,0.2,6.13,2.85,4.71,469.39
2022-03-10,Chikla,504.5,0.0,0.47,0.2,5.71,0.98,2.86,496.52
2022-03-11,Chikla,504.5,0.0,0.0,0.2,5.41,1.06,11.1,491.81
2022-03-12,Chikla,504.5,0.0,0.0,0.2,6.76,0.12,10.48,517.7
2022-03-13,Chikla,504.5,0.0,0.0,0.2,8.59,0.0,14.92,496.62
2022-03-14,Chikla,504.5,0.0,0.0,0.2,6.36,4.34,20.82,443.53
2022-03-15,Chikla,504.5,0.0,0.0,0.0,6.83,1.41,12.77,483.79
2022-03-16,Chikla,504.5,0.0,0.0,0.0,5.48,2.0,0.0,487.08
2022-03-17,Chikla,504.5,0.0,0.0,0.0,4.15,0.0,10.82,503.64
2022-03-18,Chikla,504.5,0.0,0.0,0.0,3.88,1.62,9.49,470.27
2022-03-19,Chikla,504.5,0.0,0.0,0.0,3.0,2.85,18.01,474.02
2022-03-20,Chikla,504.5,0.0,0.0,0.0,3.13,3.69,4.01,463.16
2022-03-21,Chikla,504.5,0.0,0.0,0.0,3.0,0.0,0.0,506.06
2022-03-22,Chikla,504.5,0.0,0.0,0.0,3.0,0.65,10.52,490.41
2022-03-23,Chikla,504.5,0.0,0.0,0.0,3.85,0.29,11.1,496.45
2022-03-24,Chikla,504.5,0.0,0.0,0.0,3.81,0.27,3.99,494.18
2022-03-25,Chikla,504.5,0.0,0.0,0.0,4.82,0.5,13.71,491.35
2022-03-26,Chikla,504.5,0.0,0.0,0.0,7.53,1.6,5.44,469.56
2022-03-27,Chikla,504.5,0.0,0.0,0.0,11.24,1.01,3.98,489.11
2022-03-28,Chikla,504.5,0.0,0.0,0.0,12.66,2.02,0.0,477.0
2022-03-29,Chikla,504.5,0.0,0.0,0.0,12.22,1.67,11.93,472.82
2022-03-30,Chikla,504.5,0.0,0.0,0.0,13.14,1.14,6.01,476.9
2022-03-31,Chikla,504.5,0.0,0.0,0.0,12.1,1.54,6.63,496.33
2022-04-01,Chikla,504.5,0.0,0.0,0.0,11.18,0.74,20.38,459.12
2022-04-02,Chikla,504.5,0.0,0.0,0.0,12.02,0.44,3.58,475.86
2022-04-03,Chikla,504.5,0.0,0.0,0.0,12.89,0.76,5.96,492.29
2022-04-04,Chikla,504.5,0.0,0.0,0.0,12.93,0.68,2.19,507.96
2022-04-05,Chikla,504.5,0.0,0.0,0.0,11.9,0.0,9.92,505.35
2022-04-06,Chikla,504.5,0.0,0.0,0.0,10.4,3.27,13.55,461.67
2022-04-07,Chikla,504.5,0.0,0.0,0.0,12.32,0.49,9.26,497.44
2022-04-08,Chikla,504.5,0.0,0.0,0.0,10.64,0.21,0.0,484.54
2022-04-09,Chikla,504.5,0.0,0.0,0.0,11.71,0.43,22.63,485.13
2022-04-10,Chikla,504.5,0.0,0.0,0.0,9.63,0.52,10.87,490.69
2022-04-11,Chikla,504.5,0.0,0.0,0.0,9.26,1.5,6.82,487.09
2022-04-12,Chikla,504.5,0.0,0.0,0.0,6.58,0.2,7.39,505.98
2022-04-13,Chikla,504.5,0.97,0.32,0.14,8.54,3.17,7.71,470.42
2022-04-14,Chikla,504.5,0.0,0.32,0.14,7.84,2.35,9.47,477.5
2022-04-15,Chikla,504.5,0.0,0.32,0.14,6.85,0.75,0.0,492.12
2022-04-16,Chikla,504.5,0.0,0.0,0.14,6.09,1.28,0.0,487.72
2022-04-17,Chikla,504.5,0.0,0.0,0.14,6.83,1.29,8.64,488.28
2022-04-18,Chikla,504.5,0.0,0.0,0.14,7.43,1.25,2.33,478.87
2022-04-19,Chikla,504.5,0.0,0.0,0.14,5.69,3.71,1.16,476.48
2022-04-20,Chikla,504.5,0.0,0.0,0.0,7.64,0.0,1.78,493.65
2022-04-21,Chikla,504.5,0.0,0.0,0.0,7.21,0.18,17.88,476.87
2022-04-22,Chikla,504.5,0.0,0.0,0.0,6.47,0.96,5.39,511.1
2022-04-23,Chikla,504.5,0.0,0.0,0.0,8.08,0.69,24.44,489.1
2022-04-24,Chikla,504.5,0.0,0.0,0.0,6.63,0.4,13.86,484.67
2022-04-25,Chikla,504.5,1.23,0.41,0.18,6.71,1.0,0.0,487.76
2022-04-26,Chikla,504.5,0.0,0.41,0.18,7.16,0.64,2.89,503.42
2022-04-27,Chikla,504.5,0.0,0.41,0.18,5.43,0.52,7.36,487.12
2022-04-28,Chikla,504.5,0.0,0.0,0.18,6.21,0.0,4.17,503.47
2022-04-29,Chikla,504.5,0.0,0.0,0.18,5.72,0.0,0.24,504.2
2022-04-30,Chikla,504.5,0.0,0.0,0.18,5.67,3.92,12.9,451.18
2022-05-01,Chikla,504.5,0.0,0.0,0.18,3.83,3.22,8.19,468.27
2022-05-02,Chikla,504.5,0.0,0.0,0.0,3.0,0.47,7.94,495.51
2022-05-03,Chikla,504.5,0.0,0.0,0.0,3.0,0.0,0.0,495.72
2022-05-04,Chikla,504.5,0.0,0.0,0.0,4.02,2.83,5.11,463.96
2022-05-05,Chikla,504.5,0.0,0.0,0.0,3.0,0.63,9.03,493.24
2022-05-06,Chikla,504.5,0.0,0.0,0.0,3.0,2.34,6.74,474.51
2022-05-07,Chikla,504.5,0.0,0.0,0.0,3.0,0.23,4.12,495.15
2022-05-08,Chikla,504.5,4.03,1.34,0.58,3.0,1.94,1.18,474.68
2022-05-09,Chikla,504.5,17.21,7.08,3.03,9.78,1.3,3.53,483.56
2022-05-10,Chikla,504.5,0.0,7.08,3.03,7.79,0.47,0.0,486.21
2022-05-11,Chikla,504.5,0.0,5.74,3.03,7.07,0.36,10.0,495.24
2022-05-12,Chikla,504.5,0.0,0.0,3.03,7.15,0.07,5.0,503.15
2022-05-13,Chikla,504.5,13.05,4.35,4.9,11.7,0.54,7.43,492.86
2022-05-14,Chikla,504.5,0.0,4.35,4.9,12.73,4.16,0.0,462.93
2022-05-15,Chikla,504.5,0.0,4.35,4.32,12.51,1.28,1.5,487.06
2022-05-16,Chikla,504.5,0.0,0.0,1.86,12.99,1.72,14.24,473.29
2022-05-17,Chikla,504.5,0.0,0.0,1.86,13.59,1.6,11.65,482.38
2022-05-18,Chikla,504.5,82.07,27.36,13.59,41.41,3.17,3.64,421.69
2022-05-19,Chikla,504.5,0.0,27.36,13.59,40.34,2.07,9.52,438.2
2022-05-20,Chikla,504.5,0.0,27.36,11.72,37.66,1.11,3.66,469.15
2022-05-21,Chikla,504.5,13.71,4.57,13.68,39.05,0.2,6.85,476.83
2022-05-22,Chikla,504.5,0.0,4.57,13.68,37.35,0.89,4.4,468.21
2022-05-23,Chikla,504.5,25.82,13.18,17.37,46.45,0.87,21.86,445.89
2022-05-24,Chikla,504.5,0.0,8.61,17.37,44.6,1.56,14.98,449.22
2022-05-25,Chikla,504.5,0.0,8.61,5.65,42.43,1.4,4.85,453.14
2022-05-26,Chikla,504.5,0.0,0.0,5.65,39.51,0.14,10.4,481.76
2022-05-27,Chikla,504.5,0.0,0.0,5.65,39.83,0.1,1.58,456.2
2022-05-28,Chikla,504.5,23.54,7.85,7.05,44.63,0.0,2.68,468.37
2022-05-29,Chikla,504.5,0.0,7.85,7.05,41.19,0.26,5.17,476.59
2022-05-30,Chikla,504.5,7.27,10.27,4.4,42.16,1.0,5.8,469.24
2022-05-31,Chikla,504.5,5.48,4.25,5.18,40.71,0.87,10.66,450.84
2022-06-01,Chikla,504.5,112.33,41.69,21.23,60.0,1.25,15.52,386.43
2022-06-02,Chikla,504.5,49.33,55.71,28.28,60.0,0.54,3.73,438.67
2022-06-03,Chikla,504.5,0.0,53.89,28.28,56.1,1.44,10.93,434.08
2022-06-04,Chikla,504.5,39.77,29.7,30.6,60.0,0.0,12.48,421.51
2022-06-05,Chikla,504.5,47.35,29.04,37.36,60.0,1.42,6.51,425.75
2022-06-06,Chikla,504.5,0.0,29.04,36.32,55.95,3.41,8.02,400.87
2022-06-07,Chikla,504.5,16.97,21.44,37.97,58.9,1.49,0.0,417.09
2022-06-08,Chikla,504.5,76.31,31.09,32.82,60.0,0.45,8.63,426.87
2022-06-09,Chikla,504.5,53.75,49.01,33.45,60.0,3.46,21.75,393.88
2022-06-10,Chikla,504.5,0.0,43.35,33.45,55.27,0.0,24.29,446.5
2022-06-11,Chikla,504.5,0.0,17.92,27.77,53.17,0.17,11.31,440.13
2022-06-12,Chikla,504.5,42.99,14.33,27.15,60.0,0.92,8.72,401.69
2022-06-13,Chikla,504.5,0.0,14.33,27.15,58.89,0.74,10.99,444.51
2022-06-14,Chikla,504.5,44.46,29.15,31.07,60.0,0.63,15.45,456.93
2022-06-15,Chikla,504.5,0.0,14.82,20.17,55.77,0.72,4.73,443.8
2022-06-16,Chikla,504.5,80.72,41.73,24.02,60.0,0.92,7.74,415.31
2022-06-17,Chikla,504.5,38.67,39.8,29.55,60.0,0.22,8.11,438.58
2022-06-18,Chikla,504.5,0.0,39.8,29.55,56.98,0.71,17.37,439.72
2022-06-19,Chikla,504.5,64.13,34.27,32.57,60.0,1.12,6.3,411.09
2022-06-20,Chikla,504.5,0.0,21.38,32.57,56.25,0.0,5.41,426.47
2022-06-21,Chikla,504.5,0.0,21.38,26.22,52.95,2.76,1.46,425.46
2022-06-22,Chikla,504.5,25.75,8.58,29.9,59.27,1.39,0.23,416.74
2022-06-23,Chikla,504.5,0.0,8.58,18.36,54.92,0.29,2.74,427.93
2022-06-24,Chikla,504.5,44.87,23.54,19.25,60.0,2.82,7.41,409.37
2022-06-25,Chikla,504.5,0.0,14.96,19.25,55.3,0.0,4.92,450.02
2022-06-26,Chikla,504.5,16.13,20.33,12.39,56.88,0.0,14.4,437.25
2022-06-27,Chikla,504.5,0.0,5.38,12.39,52.52,0.38,6.28,446.23
2022-06-28,Chikla,504.5,18.6,11.58,15.05,54.59,1.37,6.7,421.0
2022-06-29,Chikla,504.5,0.0,6.2,11.37,51.05,0.99,7.14,441.41
2022-06-30,Chikla,504.5,0.0,6.2,11.37,48.16,2.46,10.25,430.28
2022-07-01,Chikla,504.5,26.91,8.97,8.8,54.49,2.8,52.39,407.05
2022-07-02,Chikla,504.5,57.39,28.1,17.0,60.0,0.34,4.75,422.42
2022-07-03,Chikla,504.5,61.01,48.43,23.41,60.0,1.78,12.22,412.35
2022-07-04,Chikla,504.5,43.2,53.86,29.59,60.0,2.05,3.26,423.83
2022-07-05,Chikla,504.5,37.85,47.35,32.34,60.0,0.0,4.83,430.94
2022-07-06,Chikla,504.5,101.29,60.78,46.81,60.0,1.57,7.59,410.12
2022-07-07,Chikla,504.5,0.0,46.38,46.81,56.0,0.48,17.78,429.63
2022-07-08,Chikla,504.5,0.0,33.76,42.96,52.87,0.71,12.25,426.65
2022-07-09,Chikla,504.5,40.35,13.45,40.53,60.0,0.37,10.42,441.49
2022-07-10,Chikla,504.5,0.0,13.45,31.81,56.58,1.2,0.0,453.65
2022-07-11,Chikla,504.5,0.0,13.45,25.64,55.59,0.29,20.55,443.16
2022-07-12,Chikla,504.5,16.24,5.41,22.55,56.56,0.91,20.81,441.24
2022-07-13,Chikla,504.5,0.0,5.41,8.08,52.36,0.32,0.26,465.24
2022-07-14,Chikla,504.5,6.01,7.42,8.94,50.92,0.0,13.35,450.3
2022-07-15,Chikla,504.5,0.0,2.0,8.94,49.07,2.57,26.81,427.48
2022-07-16,Chikla,504.5,0.0,2.0,3.18,47.56,0.95,22.38,449.23
2022-07-17,Chikla,504.5,0.0,0.0,3.18,44.4,1.2,13.48,449.84
2022-07-18,Chikla,504.5,0.0,0.0,3.18,41.63,0.23,15.74,473.61
2022-07-19,Chikla,504.5,24.6,8.2,4.37,49.72,2.42,7.02,451.65
2022-07-20,Chikla,504.5,119.46,48.02,21.44,60.0,3.12,15.9,370.72
2022-07-21,Chikla,504.5,45.68,63.24,27.1,60.0,0.94,9.98,434.39
2022-07-22,Chikla,504.5,21.12,62.09,30.12,60.0,1.65,13.75,425.88
2022-07-23,Chikla,504.5,0.0,22.27,30.12,56.0,0.89,3.6,442.96
2022-07-24,Chikla,504.5,0.0,7.04,30.12,51.69,0.97,20.36,441.69
2022-07-25,Chikla,504.5,73.19,24.4,40.58,60.0,4.5,0.57,394.02
2022-07-26,Chikla,504.5,39.41,37.53,42.69,60.0,1.64,12.35,431.72
2022-07-27,Chikla,504.5,5.63,39.41,26.43,57.92,1.14,5.58,427.13
2022-07-28,Chikla,504.5,72.95,39.33,30.33,60.0,1.41,10.87,417.35
2022-07-29,Chikla,504.5,4.93,27.84,28.02,59.12,2.15,6.96,435.45
2022-07-30,Chikla,504.5,40.49,39.46,33.8,60.0,0.75,5.83,425.87
2022-07-31,Chikla,504.5,11.58,19.0,35.45,58.83,0.91,21.19,430.5
2022-08-01,Chikla,504.5,66.66,39.58,34.52,60.0,1.21,1.42,434.89
2022-08-02,Chikla,504.5,0.0,26.08,28.89,55.86,0.68,2.29,453.15
2022-08-03,Chikla,504.5,33.64,33.43,32.89,60.0,1.19,7.91,427.15
2022-08-04,Chikla,504.5,31.57,21.74,26.98,60.0,0.89,6.9,428.9
2022-08-05,Chikla,504.5,0.0,21.74,26.28,58.54,0.64,0.0,443.08
2022-08-06,Chikla,504.5,47.01,26.19,27.21,60.0,1.56,3.26,439.37
2022-08-07,Chikla,504.5,0.0,15.67,25.55,57.75,0.0,12.55,447.94
2022-08-08,Chikla,504.5,0.0,15.67,16.03,55.7,0.0,2.99,442.66
2022-08-09,Chikla,504.5,0.0,0.0,16.03,48.89,1.33,5.06,421.95
2022-08-10,Chikla,504.5,0.0,0.0,11.23,44.39,0.34,3.18,468.41
2022-08-11,Chikla,504.5,25.82,8.61,10.4,50.45,1.68,1.1,449.4
2022-08-12,Chikla,504.5,0.0,8.61,10.4,46.15,4.9,8.87,407.61
2022-08-13,Chikla,504.5,89.54,38.45,16.48,60.0,0.81,19.49,398.33
2022-08-14,Chikla,504.5,17.12,35.55,18.93,60.0,0.66,4.53,438.85
2022-08-15,Chikla,504.5,160.81,89.16,41.9,60.0,3.43,28.55,319.48
2022-08-16,Chikla,504.5,15.43,64.45,44.1,60.0,1.39,13.87,405.97
2022-08-17,Chikla,504.5,41.18,72.47,49.99,60.0,3.41,4.79,403.43
2022-08-18,Chikla,504.5,17.26,24.62,48.76,60.0,1.48,1.59,431.54
2022-08-19,Chikla,504.5,12.14,23.53,50.5,60.0,0.47,11.0,426.75
2022-08-20,Chikla,504.5,49.73,26.37,44.81,60.0,1.89,25.17,425.73
2022-08-21,Chikla,504.5,67.79,43.22,52.05,60.0,1.95,19.61,397.06
2022-08-22,Chikla,504.5,41.67,53.06,35.03,60.0,0.54,0.0,452.45
2022-08-23,Chikla,504.5,12.17,40.54,34.56,59.96,1.43,4.35,419.78
2022-08-24,Chikla,504.5,113.87,55.91,44.95,60.0,3.96,12.6,369.56
2022-08-25,Chikla,504.5,0.0,42.01,42.48,56.27,1.11,7.33,423.53
2022-08-26,Chikla,504.5,12.89,42.25,42.59,58.77,2.2,0.66,419.35
2022-08-27,Chikla,504.5,5.67,6.19,36.3,58.51,2.28,5.83,421.1
2022-08-28,Chikla,504.5,0.0,6.19,26.61,56.32,0.42,12.93,432.66
2022-08-29,Chikla,504.5,0.0,1.89,20.66,54.58,2.56,20.29,422.69
2022-08-30,Chikla,504.5,0.0,0.0,18.92,52.64,0.0,10.95,448.18
2022-08-31,Chikla,504.5,5.1,1.7,3.38,52.05,1.99,6.38,431.73
2022-09-01,Chikla,504.5,18.83,7.98,6.07,55.82,1.8,9.18,436.06
2022-09-02,Chikla,504.5,29.35,17.76,8.42,60.0,7.79,10.04,361.53
2022-09-03,Chikla,504.5,0.0,16.06,7.61,56.48,0.63,6.69,443.43
2022-09-04,Chikla,504.5,0.0,9.78,7.61,52.63,0.0,21.81,441.53
2022-09-05,Chikla,504.5,13.33,4.44,9.52,53.58,0.53,22.18,443.26
2022-09-06,Chikla,504.5,41.26,18.2,15.41,60.0,1.69,0.0,424.11
2022-09-07,Chikla,504.5,38.32,30.97,20.16,60.0,0.43,4.33,429.66
2022-09-08,Chikla,504.5,0.0,26.53,17.47,54.6,0.91,16.66,423.35
2022-09-09,Chikla,504.5,0.0,12.77,13.27,52.66,0.52,7.13,457.0
2022-09-10,Chikla,504.5,65.79,21.93,22.67,60.0,1.23,7.81,416.71
2022-09-11,Chikla,504.5,0.0,21.93,22.67,54.89,3.14,5.82,415.5
2022-09-12,Chikla,504.5,46.79,37.53,27.45,60.0,1.18,4.34,419.15
2022-09-13,Chikla,504.5,0.0,15.6,21.56,57.6,0.28,15.9,442.08
2022-09-14,Chikla,504.5,51.29,32.7,23.41,60.0,0.0,0.0,445.94
2022-09-15,Chikla,504.5,20.96,24.08,26.4,60.0,0.68,25.86,428.15
2022-09-16,Chikla,504.5,21.96,31.4,29.54,60.0,0.16,5.08,446.99
2022-09-17,Chikla,504.5,110.07,51.0,35.87,60.0,1.92,19.91,373.29
2022-09-18,Chikla,504.5,0.0,44.01,35.87,56.67,0.53,15.77,437.67
2022-09-19,Chikla,504.5,13.56,41.21,31.12,59.68,1.87,22.75,428.43
2022-09-20,Chikla,504.5,15.57,9.71,33.35,60.0,0.0,0.23,435.99
2022-09-21,Chikla,504.5,6.76,11.96,26.98,58.48,0.0,8.14,451.3
2022-09-22,Chikla,504.5,41.53,21.29,29.92,60.0,1.11,11.54,432.87
2022-09-23,Chikla,504.5,29.53,25.94,31.0,60.0,0.04,17.05,443.45
2022-09-24,Chikla,504.5,13.9,28.32,17.27,60.0,2.35,6.14,427.85
2022-09-25,Chikla,504.5,0.0,14.48,17.27,57.6,2.58,1.55,407.06
2022-09-26,Chikla,504.5,0.0,4.63,15.33,54.09,0.72,4.14,442.2
2022-09-27,Chikla,504.5,9.67,3.22,14.48,54.61,0.31,11.06,452.69
2022-09-28,Chikla,504.5,36.94,15.53,18.8,60.0,0.48,16.54,423.62
2022-09-29,Chikla,504.5,0.0,15.53,12.86,56.2,1.13,12.93,432.06
2022-09-30,Chikla,504.5,13.7,16.88,10.6,56.84,0.86,13.84,425.21
2022-10-01,Chikla,504.5,0.0,4.57,8.61,53.0,1.63,4.2,429.01
2022-10-02,Chikla,504.5,12.36,8.68,10.38,54.33,2.72,13.91,423.44
2022-10-03,Chikla,504.5,0.0,4.12,10.38,50.05,0.64,2.1,438.81
2022-10-04,Chikla,504.5,0.0,4.12,9.0,47.31,1.38,7.24,426.56
2022-10-05,Chikla,504.5,13.1,4.37,5.59,49.25,1.47,18.56,447.74
2022-10-06,Chikla,504.5,8.29,7.13,6.78,48.82,0.0,18.5,432.58
2022-10-07,Chikla,504.5,0.0,7.13,4.82,45.88,0.0,10.66,475.98
2022-10-08,Chikla,504.5,0.0,2.76,4.82,44.57,0.0,8.55,480.61
2022-10-09,Chikla,504.5,6.34,2.11,3.96,45.14,1.14,19.62,439.78
2022-10-10,Chikla,504.5,20.97,9.1,6.96,49.06,0.03,23.13,456.65
2022-10-11,Chikla,504.5,25.23,17.51,10.56,54.52,0.88,9.47,467.15
2022-10-12,Chikla,504.5,22.07,22.76,11.84,58.22,1.75,24.78,424.42
2022-10-13,Chikla,504.5,0.0,15.77,10.66,56.31,4.63,16.99,397.07
2022-10-14,Chikla,504.5,0.0,7.36,10.66,54.09,1.18,6.75,443.1
2022-10-15,Chikla,504.5,0.0,0.0,10.66,50.3,0.0,36.48,432.19
2022-10-16,Chikla,504.5,10.43,3.48,11.24,48.93,2.5,3.38,438.02
2022-10-17,Chikla,504.5,0.0,3.48,8.25,47.24,0.0,9.85,463.93
2022-10-18,Chikla,504.5,0.0,3.48,4.64,43.09,0.98,8.66,445.96
2022-10-19,Chikla,504.5,0.0,0.0,1.49,40.53,1.68,7.84,437.56
2022-10-20,Chikla,504.5,0.0,0.0,1.49,37.91,1.05,20.15,460.36
2022-10-21,Chikla,504.5,0.0,0.0,1.49,35.21,0.58,14.74,472.38
2022-10-22,Chikla,504.5,0.0,0.0,1.49,33.61,2.59,7.49,456.42
2022-10-23,Chikla,504.5,0.0,0.0,0.0,31.69,0.0,16.02,469.38
2022-10-24,Chikla,504.5,0.0,0.0,0.0,29.66,0.01,9.83,481.96
2022-10-25,Chikla,504.5,0.0,0.0,0.0,28.3,0.36,7.69,485.07
2022-10-26,Chikla,504.5,0.0,0.0,0.0,27.24,1.71,2.6,480.06
2022-10-27,Chikla,504.5,0.0,0.0,0.0,25.31,1.25,5.84,473.65
2022-10-28,Chikla,504.5,0.0,0.0,0.0,24.65,2.11,7.97,461.44
2022-10-29,Chikla,504.5,52.13,17.38,7.45,41.48,0.46,8.99,459.73
2022-10-30,Chikla,504.5,0.0,17.38,7.45,41.32,2.77,7.86,438.14
2022-10-31,Chikla,504.5,0.0,17.38,7.45,39.36,1.58,1.35,459.89
2022-11-01,Chikla,504.5,0.0,0.0,7.45,38.41,1.12,14.84,455.75
2022-11-02,Chikla,504.5,0.0,0.0,7.45,38.79,0.0,5.0,476.13
2022-11-03,Chikla,504.5,0.0,0.0,7.45,37.24,3.15,14.82,455.08
2022-11-04,Chikla,504.5,0.0,0.0,7.45,34.71,0.35,10.11,472.05
2022-11-05,Chikla,504.5,0.0,0.0,0.0,30.81,2.52,13.7,452.38
2022-11-06,Chikla,504.5,0.0,0.0,0.0,27.7,1.07,9.01,485.06
2022-11-07,Chikla,504.5,0.0,0.0,0.0,26.23,1.93,0.0,480.45
2022-11-08,Chikla,504.5,0.0,0.0,0.0,25.61,2.34,12.85,448.29
2022-11-09,Chikla,504.5,0.0,0.0,0.0,24.2,1.67,11.18,455.34
2022-11-10,Chikla,504.5,0.0,0.0,0.0,25.37,0.89,0.0,476.65
2022-11-11,Chikla,504.5,8.16,2.72,1.17,27.52,2.06,6.41,473.06
2022-11-12,Chikla,504.5,0.0,2.72,1.17,25.4,4.06,4.35,459.49
2022-11-13,Chikla,504.5,0.0,2.72,1.17,24.66,0.42,0.0,492.94
2022-11-14,Chikla,504.5,0.0,0.0,1.17,24.94,0.32,5.42,501.16
2022-11-15,Chikla,504.5,0.0,0.0,1.17,22.42,0.0,30.3,494.75
2022-11-16,Chikla,504.5,0.0,0.0,1.17,24.45,1.4,2.08,483.41
2022-11-17,Chikla,504.5,0.0,0.0,1.17,23.76,1.3,12.26,495.53
2022-11-18,Chikla,504.5,0.0,0.0,0.0,22.23,0.48,19.46,495.26
2022-11-19,Chikla,504.5,0.0,0.0,0.0,22.09,0.5,3.78,492.29
2022-11-20,Chikla,504.5,0.0,0.0,0.0,19.57,1.3,17.41,492.13
2022-11-21,Chikla,504.5,0.0,0.0,0.0,17.82,1.54,4.73,494.01
2022-11-22,Chikla,504.5,0.0,0.0,0.0,17.8,0.14,6.52,499.93
2022-11-23,Chikla,504.5,0.0,0.0,0.0,15.5,2.82,10.74,471.65
2022-11-24,Chikla,504.5,0.0,0.0,0.0,14.38,0.36,15.2,489.39
2022-11-25,Chikla,504.5,0.0,0.0,0.0,11.64,0.19,18.96,495.81
2022-11-26,Chikla,504.5,0.0,0.0,0.0,11.54,0.0,15.93,501.56
2022-11-27,Chikla,504.5,0.0,0.0,0.0,10.53,0.0,12.85,503.35
2022-11-28,Chikla,504.5,0.0,0.0,0.0,11.81,2.07,0.75,480.05
2022-11-29,Chikla,504.5,0.0,0.0,0.0,11.51,0.03,12.45,509.43
2022-11-30,Chikla,504.5,0.0,0.0,0.0,11.0,0.7,2.66,521.32
2022-12-01,Chikla,504.5,0.0,0.0,0.0,12.15,0.21,5.29,531.67
2022-12-02,Chikla,504.5,0.0,0.0,0.0,11.3,2.64,18.22,464.21
2022-12-03,Chikla,504.5,0.0,0.0,0.0,12.98,1.73,40.14,476.74
2022-12-04,Chikla,504.5,0.0,0.0,0.0,12.52,1.5,20.07,466.19
2022-12-05,Chikla,504.5,0.0,0.0,0.0,13.78,0.0,11.66,499.94
2022-12-06,Chikla,504.5,0.64,0.21,0.09,12.1,2.23,8.89,483.16
2022-12-07,Chikla,504.5,0.0,0.21,0.09,10.68,1.28,7.94,482.22
2022-12-08,Chikla,504.5,0.0,0.21,0.09,11.17,1.11,0.0,504.03
2022-12-09,Chikla,504.5,0.0,0.0,0.09,10.89,1.13,19.05,486.45
2022-12-10,Chikla,504.5,0.0,0.0,0.09,10.46,0.34,3.19,499.24
2022-12-11,Chikla,504.5,0.0,0.0,0.09,9.11,5.87,2.13,439.34
2022-12-12,Chikla,504.5,0.0,0.0,0.09,10.48,1.01,1.27,493.45
2022-12-13,Chikla,504.5,0.0,0.0,0.0,9.36,1.05,15.33,478.38
2022-12-14,Chikla,504.5,0.0,0.0,0.0,8.12,0.96,18.02,483.21
2022-12-15,Chikla,504.5,0.0,0.0,0.0,7.58,0.01,30.74,493.55
2022-12-16,Chikla,504.5,0.0,0.0,0.0,7.94,0.08,13.79,478.59
2022-12-17,Chikla,504.5,0.0,0.0,0.0,5.17,2.24,0.0,483.06
2022-12-18,Chikla,504.5,0.0,0.0,0.0,4.58,3.63,4.79,456.58
2022-12-19,Chikla,504.5,0.0,0.0,0.0,4.88,1.25,8.63,478.13
2022-12-20,Chikla,504.5,0.0,0.0,0.0,8.24,0.25,17.22,495.65
2022-12-21,Chikla,504.5,0.0,0.0,0.0,6.89,1.55,16.58,467.61
2022-12-22,Chikla,504.5,0.0,0.0,0.0,7.42,0.23,0.0,507.34
2022-12-23,Chikla,504.5,0.0,0.0,0.0,6.77,0.95,5.85,502.18
2022-12-24,Chikla,504.5,0.0,0.0,0.0,7.15,1.57,0.0,480.23
2022-12-25,Chikla,504.5,0.0,0.0,0.0,8.82,1.18,16.5,479.89
2022-12-26,Chikla,504.5,0.0,0.0,0.0,8.61,0.84,2.6,488.66
2022-12-27,Chikla,504.5,0.0,0.0,0.0,8.64,1.31,0.78,493.6
2022-12-28,Chikla,504.5,0.0,0.0,0.0,7.14,3.4,8.03,464.51
2022-12-29,Chikla,504.5,0.0,0.0,0.0,6.45,0.78,7.02,519.87
2022-12-30,Chikla,504.5,0.0,0.0,0.0,5.39,1.7,8.94,485.91
2022-12-31,Chikla,504.5,0.0,0.0,0.0,4.72,2.66,2.2,484.98
2023-01-01,Chikla,504.5,4.16,1.39,0.59,7.24,2.97,3.36,471.83
2023-01-02,Chikla,504.5,0.0,1.39,0.59,4.83,0.22,0.0,504.45
2023-01-03,Chikla,504.5,0.0,1.39,0.59,4.91,1.03,0.51,485.21
2023-01-04,Chikla,504.5,0.0,0.0,0.59,3.43,1.69,0.68,487.26
2023-01-05,Chikla,504.5,0.0,0.0,0.59,3.0,1.92,25.38,479.7
2023-01-06,Chikla,504.5,0.0,0.0,0.59,3.0,1.14,17.02,490.29
2023-01-07,Chikla,504.5,0.0,0.0,0.59,3.2,0.42,8.57,511.26
2023-01-08,Chikla,504.5,0.0,0.0,0.0,5.51,0.31,2.94,500.58
2023-01-09,Chikla,504.5,0.0,0.0,0.0,3.0,0.0,0.0,502.44
2023-01-10,Chikla,504.5,3.47,1.16,0.5,4.62,4.41,12.44,447.29
2023-01-11,Chikla,504.5,0.0,1.16,0.5,5.62,2.52,1.07,477.58
2023-01-12,Chikla,504.5,0.0,1.16,0.5,3.0,0.46,16.7,488.96
2023-01-13,Chikla,504.5,0.0,0.0,0.5,3.0,0.7,0.0,495.67
2023-01-14,Chikla,504.5,0.0,0.0,0.5,3.0,1.74,7.69,496.19
2023-01-15,Chikla,504.5,0.0,0.0,0.5,3.0,2.24,3.45,481.27
2023-01-16,Chikla,504.5,0.0,0.0,0.5,5.26,1.56,10.63,469.88
2023-01-17,Chikla,504.5,0.0,0.0,0.0,4.69,1.31,14.22,501.23
2023-01-18,Chikla,504.5,0.0,0.0,0.0,4.96,0.0,8.94,481.25
2023-01-19,Chikla,504.5,0.0,0.0,0.0,4.28,1.47,0.37,496.32
2023-01-20,Chikla,504.5,0.0,0.0,0.0,4.52,1.89,5.09,477.56
2023-01-21,Chikla,504.5,0.0,0.0,0.0,5.66,0.69,28.78,468.28
2023-01-22,Chikla,504.5,0.0,0.0,0.0,5.25,0.97,18.28,479.38
2023-01-23,Chikla,504.5,0.0,0.0,0.0,3.75,1.68,12.19,475.19
2023-01-24,Chikla,504.5,0.0,0.0,0.0,3.5,1.91,1.17,475.11
2023-01-25,Chikla,504.5,0.0,0.0,0.0,3.92,1.03,7.08,502.68
2023-01-26,Chikla,504.5,0.0,0.0,0.0,3.6,1.2,3.3,484.36
2023-01-27,Chikla,504.5,0.0,0.0,0.0,3.0,2.07,16.66,468.35
2023-01-28,Chikla,504.5,0.0,0.0,0.0,3.0,1.57,7.82,493.92
2023-01-29,Chikla,504.5,0.0,0.0,0.0,3.0,0.7,1.84,480.16
2023-01-30,Chikla,504.5,0.0,0.0,0.0,3.0,0.92,32.1,472.28
2023-01-31,Chikla,504.5,0.0,0.0,0.0,3.27,0.0,0.79,497.85
2023-02-01,Chikla,504.5,0.0,0.0,0.0,3.0,0.73,50.85,478.4
2023-02-02,Chikla,504.5,0.0,0.0,0.0,3.0,0.24,10.62,491.12
2023-02-03,Chikla,504.5,3.38,1.13,0.48,4.3,0.0,3.34,506.59
2023-02-04,Chikla,504.5,0.0,1.13,0.48,4.92,0.47,24.46,472.99
2023-02-05,Chikla,504.5,0.0,1.13,0.48,5.24,1.04,15.16,479.67
2023-02-06,Chikla,504.5,0.0,0.0,0.48,5.01,0.0,5.8,501.64
2023-02-07,Chikla,504.5,0.0,0.0,0.48,3.81,2.19,8.57,478.55
2023-02-08,Chikla,504.5,0.0,0.0,0.48,3.0,0.0,7.95,514.32
2023-02-09,Chikla,504.5,0.0,0.0,0.48,4.67,1.83,35.48,461.69
2023-02-10,Chikla,504.5,0.0,0.0,0.0,3.49,3.89,1.41,459.81
2023-02-11,Chikla,504.5,0.0,0.0,0.0,3.0,0.69,6.21,506.74
2023-02-12,Chikla,504.5,0.0,0.0,0.0,3.0,1.2,0.0,502.41
2023-02-13,Chikla,504.5,0.0,0.0,0.0,3.0,2.23,6.29,458.6
2023-02-14,Chikla,504.5,0.0,0.0,0.0,3.0,0.0,12.63,494.74
2023-02-15,Chikla,504.5,0.0,0.0,0.0,3.0,3.15,23.13,450.42
2023-02-16,Chikla,504.5,0.0,0.0,0.0,3.19,0.58,11.66,484.09
2023-02-17,Chikla,504.5,3.25,1.08,0.46,3.25,1.8,6.04,495.25
2023-02-18,Chikla,504.5,0.0,1.08,0.46,3.0,0.87,10.17,481.32
2023-02-19,Chikla,504.5,0.0,1.08,0.46,3.51,0.95,0.0,513.53
2023-02-20,Chikla,504.5,0.0,0.0,0.46,3.0,1.8,7.32,479.02
2023-02-21,Chikla,504.5,0.0,0.0,0.46,4.99,0.44,22.53,479.17
2023-02-22,Chikla,504.5,0.0,0.0,0.46,4.46,1.8,0.0,495.87
2023-02-23,Chikla,504.5,0.0,0.0,0.46,4.87,1.77,24.98,468.33
2023-02-24,Chikla,504.5,0.0,0.0,0.0,7.44,0.0,31.17,489.38
2023-02-25,Chikla,504.5,0.0,0.0,0.0,5.65,0.44,1.68,487.0
2023-02-26,Chikla,504.5,0.0,0.0,0.0,3.51,2.78,16.06,489.44
2023-02-27,Chikla,504.5,0.0,0.0,0.0,4.13,0.17,0.0,495.29
2023-02-28,Chikla,504.5,0.0,0.0,0.0,3.95,1.05,5.25,492.41
2023-03-01,Chikla,504.5,0.0,0.0,0.0,3.55,1.58,25.46,488.87
2023-03-02,Chikla,504.5,0.0,0.0,0.0,4.5,0.75,2.35,505.41
2023-03-03,Chikla,504.5,0.0,0.0,0.0,5.43,0.98,13.52,475.76
2023-03-04,Chikla,504.5,0.0,0.0,0.0,3.0,0.31,0.0,496.88
2023-03-05,Chikla,504.5,0.0,0.0,0.0,3.91,0.14,12.37,498.99
2023-03-06,Chikla,504.5,0.0,0.0,0.0,3.77,1.32,0.0,511.32
2023-03-07,Chikla,504.5,0.0,0.0,0.0,5.22,0.47,21.68,493.26
2023-03-08,Chikla,504.5,0.0,0.0,0.0,3.57,0.53,7.48,497.39
2023-03-09,Chikla,504.5,0.0,0.0,0.0,4.02,5.58,12.46,420.52
2023-03-10,Chikla,504.5,0.0,0.0,0.0,4.25,0.0,12.04,495.28
2023-03-11,Chikla,504.5,0.0,0.0,0.0,5.63,0.5,24.11,476.02
2023-03-12,Chikla,504.5,0.0,0.0,0.0,6.85,1.51,0.61,484.13
2023-03-13,Chikla,504.5,0.0,0.0,0.0,7.14,2.92,12.86,461.93
2023-03-14,Chikla,504.5,0.0,0.0,0.0,6.25,2.42,4.74,499.74
2023-03-15,Chikla,504.5,0.0,0.0,0.0,4.38,0.0,11.97,493.1
2023-03-16,Chikla,504.5,0.0,0.0,0.0,6.05,2.6,3.06,466.39
2023-03-17,Chikla,504.5,0.0,0.0,0.0,7.05,3.59,5.4,459.0
2023-03-18,Chikla,504.5,0.0,0.0,0.0,7.08,0.44,7.51,498.79
2023-03-19,Chikla,504.5,0.0,0.0,0.0,5.79,2.1,26.41,471.74
2023-03-20,Chikla,504.5,0.0,0.0,0.0,6.91,0.0,2.91,509.99
2023-03-21,Chikla,504.5,0.0,0.0,0.0,6.84,2.81,22.74,455.17
2023-03-22,Chikla,504.5,0.0,0.0,0.0,6.35,1.45,0.0,478.98
2023-03-23,Chikla,504.5,0.0,0.0,0.0,4.06,0.0,23.57,482.23
2023-03-24,Chikla,504.5,0.0,0.0,0.0,5.2,1.24,7.71,484.39
2023-03-25,Chikla,504.5,0.0,0.0,0.0,4.59,0.62,11.24,501.91
2023-03-26,Chikla,504.5,0.0,0.0,0.0,4.61,0.33,4.56,507.02
2023-03-27,Chikla,504.5,0.0,0.0,0.0,3.0,0.32,4.92,489.93
2023-03-28,Chikla,504.5,0.0,0.0,0.0,4.87,4.01,20.38,445.92
2023-03-29,Chikla,504.5,0.0,0.0,0.0,3.42,0.0,20.07,505.32
2023-03-30,Chikla,504.5,0.0,0.0,0.0,3.89,0.69,14.17,495.15
2023-03-31,Chikla,504.5,0.0,0.0,0.0,6.23,0.3,18.39,485.68
2023-04-01,Chikla,504.5,0.0,0.0,0.0,5.21,0.0,24.44,470.89
2023-04-02,Chikla,504.5,6.5,2.17,0.93,8.67,1.69,6.64,478.46
2023-04-03,Chikla,504.5,0.0,2.17,0.93,10.84,0.45,1.06,496.57
2023-04-04,Chikla,504.5,0.0,2.17,0.93,12.46,0.69,24.31,478.36
2023-04-05,Chikla,504.5,0.0,0.0,0.93,10.14,0.48,15.61,506.53
2023-04-06,Chikla,504.5,0.0,0.0,0.93,9.76,0.27,2.39,501.04
2023-04-07,Chikla,504.5,0.0,0.0,0.93,9.4,0.08,1.96,492.84
2023-04-08,Chikla,504.5,0.0,0.0,0.93,8.98,1.21,3.42,504.64
2023-04-09,Chikla,504.5,0.0,0.0,0.0,8.42,0.75,6.18,484.65
2023-04-10,Chikla,504.5,0.0,0.0,0.0,5.99,1.46,0.0,493.04
2023-04-11,Chikla,504.5,0.0,0.0,0.0,6.67,1.94,11.96,459.54
2023-04-12,Chikla,504.5,0.0,0.0,0.0,5.12,1.41,8.12,481.46
2023-04-13,Chikla,504.5,0.0,0.0,0.0,5.48,1.67,6.59,499.54
2023-04-14,Chikla,504.5,0.0,0.0,0.0,5.29,5.85,12.72,451.61
2023-04-15,Chikla,504.5,0.0,0.0,0.0,3.6,1.22,12.84,481.62
2023-04-16,Chikla,504.5,0.0,0.0,0.0,3.0,0.45,23.87,499.68
2023-04-17,Chikla,504.5,0.0,0.0,0.0,3.0,0.63,7.81,509.89
2023-04-18,Chikla,504.5,0.0,0.0,0.0,3.0,0.3,10.35,487.39
2023-04-19,Chikla,504.5,0.45,0.15,0.06,4.32,1.98,0.0,477.75
2023-04-20,Chikla,504.5,0.0,0.15,0.06,3.7,3.07,0.0,460.51
2023-04-21,Chikla,504.5,0.0,0.15,0.06,3.0,2.33,7.75,490.22
2023-04-22,Chikla,504.5,0.0,0.0,0.06,3.27,2.89,4.76,469.72
2023-04-23,Chikla,504.5,0.0,0.0,0.06,3.0,2.64,3.55,475.17
2023-04-24,Chikla,504.5,0.0,0.0,0.06,3.0,0.31,6.1,501.18
2023-04-25,Chikla,504.5,0.0,0.0,0.06,3.0,1.04,3.16,493.03
2023-04-26,Chikla,504.5,0.0,0.0,0.0,3.0,2.49,32.64,473.88
2023-04-27,Chikla,504.5,0.0,0.0,0.0,3.0,0.0,28.18,492.53
2023-04-28,Chikla,504.5,0.0,0.0,0.0,3.0,0.0,6.09,508.23
2023-04-29,Chikla,504.5,0.0,0.0,0.0,3.0,0.25,8.28,497.31
2023-04-30,Chikla,504.5,0.0,0.0,0.0,3.0,1.12,25.29,460.61
2023-05-01,Chikla,504.5,0.0,0.0,0.0,3.37,0.65,7.28,514.91
2023-05-02,Chikla,504.5,0.0,0.0,0.0,3.0,0.69,4.44,497.42
2023-05-03,Chikla,504.5,0.57,0.19,0.08,3.0,1.73,10.5,478.11
2023-05-04,Chikla,504.5,0.0,0.19,0.08,3.0,0.08,0.7,508.95
2023-05-05,Chikla,504.5,7.3,2.62,1.12,6.81,3.26,18.42,466.19
2023-05-06,Chikla,504.5,0.0,2.43,1.12,8.14,0.51,19.84,485.83
2023-05-07,Chikla,504.5,0.0,2.43,1.12,9.33,0.45,9.98,513.69
2023-05-08,Chikla,504.5,0.0,0.0,1.12,10.35,1.62,7.63,491.29
2023-05-09,Chikla,504.5,17.27,5.76,3.59,16.14,0.65,1.07,496.03
2023-05-10,Chikla,504.5,0.0,5.76,3.51,16.64,0.0,3.92,492.57
2023-05-11,Chikla,504.5,0.0,5.76,3.51,16.77,1.06,4.55,490.51
2023-05-12,Chikla,504.5,0.0,0.0,2.47,17.43,1.45,2.77,489.44
2023-05-13,Chikla,504.5,0.0,0.0,2.47,17.29,8.09,12.79,407.7
2023-05-14,Chikla,504.5,0.0,0.0,2.47,16.29,1.6,16.92,492.16
2023-05-15,Chikla,504.5,0.0,0.0,2.47,14.84,1.02,10.44,488.74
2023-05-16,Chikla,504.5,0.0,0.0,0.0,13.98,1.1,10.47,493.94
2023-05-17,Chikla,504.5,0.0,0.0,0.0,14.23,0.95,0.0,487.23
2023-05-18,Chikla,504.5,0.0,0.0,0.0,11.62,0.85,9.59,471.0
2023-05-19,Chikla,504.5,0.0,0.0,0.0,11.53,2.05,0.0,470.4
2023-05-20,Chikla,504.5,0.0,0.0,0.0,11.88,1.24,5.5,475.91
2023-05-21,Chikla,504.5,4.72,1.57,0.67,11.35,0.13,9.2,494.65
2023-05-22,Chikla,504.5,0.0,1.57,0.67,10.08,0.84,0.0,498.23
2023-05-23,Chikla,504.5,0.0,1.57,0.67,6.91,0.31,6.18,511.22
2023-05-24,Chikla,504.5,15.32,5.11,2.86,11.18,0.94,7.38,502.54
2023-05-25,Chikla,504.5,0.0,5.11,2.86,10.67,1.2,8.68,498.17
2023-05-26,Chikla,504.5,0.0,5.11,2.86,11.82,4.0,16.93,449.38
2023-05-27,Chikla,504.5,21.42,7.14,5.92,18.87,0.55,5.41,507.17
2023-05-28,Chikla,504.5,0.0,7.14,5.25,17.2,0.62,6.24,486.64
2023-05-29,Chikla,504.5,0.0,7.14,5.25,13.58,1.43,0.0,479.59
2023-05-30,Chikla,504.5,0.0,0.0,5.25,11.04,0.08,5.87,495.96
2023-05-31,Chikla,504.5,0.0,0.0,3.06,10.06,0.94,2.99,493.07
2023-06-01,Chikla,504.5,26.63,8.88,6.86,20.46,0.2,0.0,504.56
2023-06-02,Chikla,504.5,0.0,8.88,6.86,17.43,0.1,7.32,499.69
2023-06-03,Chikla,504.5,25.76,17.46,7.48,24.95,0.0,19.79,486.54
2023-06-04,Chikla,504.5,0.0,8.59,7.48,25.21,0.0,4.58,508.94
2023-06-05,Chikla,504.5,33.49,19.75,12.27,33.85,0.54,0.59,481.48
2023-06-06,Chikla,504.5,0.0,11.16,12.27,33.67,0.2,20.51,494.65
2023-06-07,Chikla,504.5,133.27,55.58,31.31,60.0,1.89,18.02,353.66
2023-06-08,Chikla,504.5,40.89,58.05,33.34,60.0,2.25,10.84,418.56
2023-06-09,Chikla,504.5,54.08,76.08,41.07,60.0,1.86,6.27,420.11
2023-06-10,Chikla,504.5,0.0,31.66,37.39,55.97,0.13,6.77,433.39
2023-06-11,Chikla,504.5,0.0,18.03,37.39,53.2,0.97,8.37,448.64
2023-06-12,Chikla,504.5,60.36,20.12,41.23,60.0,1.91,0.16,410.85
2023-06-13,Chikla,504.5,0.0,20.12,41.23,55.08,0.0,8.69,438.66
2023-06-14,Chikla,504.5,48.36,36.24,29.1,60.0,0.78,4.89,419.3
2023-06-15,Chikla,504.5,55.71,34.69,31.22,60.0,2.55,0.38,410.88
2023-06-16,Chikla,504.5,0.0,34.69,23.49,55.75,1.22,0.0,435.28
2023-06-17,Chikla,504.5,61.48,39.06,32.27,60.0,1.9,4.78,416.61
2023-06-18,Chikla,504.5,0.0,20.49,32.27,57.61,1.68,5.55,443.39
2023-06-19,Chikla,504.5,30.01,30.5,27.94,60.0,0.42,2.22,430.18
2023-06-20,Chikla,504.5,69.66,33.22,37.89,60.0,0.67,10.02,427.94
2023-06-21,Chikla,504.5,0.0,33.22,30.98,55.73,1.66,0.0,437.35
2023-06-22,Chikla,504.5,73.56,47.74,33.53,60.0,3.2,8.38,401.39
2023-06-23,Chikla,504.5,8.18,27.25,34.7,60.0,0.0,0.0,454.59
2023-06-24,Chikla,504.5,86.69,56.14,38.3,60.0,1.62,11.06,411.2
2023-06-25,Chikla,504.5,51.69,48.85,45.69,60.0,0.95,0.0,427.71
2023-06-26,Chikla,504.5,0.0,46.13,41.4,56.78,1.09,6.0,434.05
2023-06-27,Chikla,504.5,19.19,23.63,34.19,58.5,1.04,0.0,430.78
2023-06-28,Chikla,504.5,0.0,6.4,34.19,55.18,0.13,5.06,446.07
2023-06-29,Chikla,504.5,79.13,32.77,34.98,60.0,1.05,20.08,407.32
2023-06-30,Chikla,504.5,0.0,26.38,33.82,55.03,0.69,0.77,452.61
2023-07-01,Chikla,504.5,20.34,33.16,24.34,59.88,0.0,18.62,444.04
2023-07-02,Chikla,504.5,0.0,6.78,16.95,55.33,0.61,5.71,435.53
2023-07-03,Chikla,504.5,0.0,6.78,16.95,52.75,0.37,6.89,435.1
2023-07-04,Chikla,504.5,9.79,3.26,15.61,50.45,1.44,1.62,452.58
2023-07-05,Chikla,504.5,73.36,27.72,26.09,60.0,0.25,7.16,414.77
2023-07-06,Chikla,504.5,0.0,27.72,14.79,55.43,1.96,8.74,423.03
2023-07-07,Chikla,504.5,77.67,50.35,25.88,60.0,2.21,12.76,397.25
2023-07-08,Chikla,504.5,56.6,44.76,31.06,60.0,1.35,4.68,408.6
2023-07-09,Chikla,504.5,0.0,44.76,31.06,56.91,0.06,6.62,441.36
2023-07-10,Chikla,504.5,0.0,18.87,31.06,54.17,0.55,15.69,438.03
2023-07-11,Chikla,504.5,16.17,5.39,31.97,57.02,1.77,7.52,437.29
2023-07-12,Chikla,504.5,102.25,39.47,36.1,60.0,2.49,11.78,385.92
2023-07-13,Chikla,504.5,33.61,50.67,40.9,60.0,0.81,0.0,444.48
2023-07-14,Chikla,504.5,0.0,45.29,29.8,55.03,0.69,15.68,442.56
2023-07-15,Chikla,504.5,103.26,45.62,36.47,60.0,1.34,8.06,403.29
2023-07-16,Chikla,504.5,109.25,70.83,52.08,60.0,2.39,15.74,376.93
2023-07-17,Chikla,504.5,87.39,99.96,64.56,60.0,1.1,17.08,412.61
2023-07-18,Chikla,504.5,0.0,65.55,62.25,57.29,1.16,23.69,433.02
2023-07-19,Chikla,504.5,0.0,29.13,47.64,54.49,0.1,14.82,434.81
2023-07-20,Chikla,504.5,38.39,12.8,48.33,60.0,1.04,5.08,429.44
2023-07-21,Chikla,504.5,5.04,14.48,49.05,59.45,2.62,1.65,424.53
2023-07-22,Chikla,504.5,16.56,20.0,36.66,58.25,0.6,29.97,432.87
2023-07-23,Chikla,504.5,0.0,7.2,21.05,53.84,1.0,9.14,422.87
2023-07-24,Chikla,504.5,25.01,13.85,12.14,59.72,1.02,25.6,423.69
2023-07-25,Chikla,504.5,21.85,15.62,15.26,60.0,0.0,0.0,445.77
2023-07-26,Chikla,504.5,0.0,15.62,15.26,57.78,0.38,7.08,439.58
2023-07-27,Chikla,504.5,48.62,23.49,16.72,60.0,1.54,19.1,412.11
2023-07-28,Chikla,504.5,0.0,16.21,16.0,56.4,0.85,2.62,420.56
2023-07-29,Chikla,504.5,42.18,30.27,19.66,60.0,1.06,6.8,417.52
2023-07-30,Chikla,504.5,5.5,15.9,20.45,59.8,1.4,30.47,431.89
2023-07-31,Chikla,504.5,0.0,15.9,16.88,58.39,2.12,0.7,416.16
2023-08-01,Chikla,504.5,0.0,1.83,13.76,52.29,1.23,0.0,445.29
2023-08-02,Chikla,504.5,67.62,22.54,23.42,60.0,2.38,16.12,385.14
2023-08-03,Chikla,504.5,0.0,22.54,16.47,57.13,1.86,12.28,429.84
2023-08-04,Chikla,504.5,0.0,22.54,16.47,54.84,0.98,14.17,436.61
2023-08-05,Chikla,504.5,235.02,78.34,44.02,60.0,4.65,32.96,257.68
2023-08-06,Chikla,504.5,0.0,78.34,43.23,57.84,1.64,8.81,423.41
2023-08-07,Chikla,504.5,22.36,85.79,46.43,60.0,0.59,13.07,435.14
2023-08-08,Chikla,504.5,0.0,7.45,46.43,57.1,3.19,5.47,413.61
2023-08-09,Chikla,504.5,36.83,19.73,42.03,60.0,1.23,23.48,423.52
2023-08-10,Chikla,504.5,0.0,12.28,42.03,54.22,0.0,4.93,448.47
2023-08-11,Chikla,504.5,0.0,12.28,42.03,52.48,3.1,3.83,433.5
2023-08-12,Chikla,504.5,56.34,18.78,16.5,60.0,0.0,13.99,430.27
2023-08-13,Chikla,504.5,0.0,18.78,16.5,59.67,0.2,8.88,438.58
2023-08-14,Chikla,504.5,150.97,69.1,34.88,60.0,4.22,15.49,335.56
2023-08-15,Chikla,504.5,48.86,66.61,41.86,60.0,0.19,13.86,423.06
2023-08-16,Chikla,504.5,0.0,66.61,36.6,55.16,6.22,30.97,381.52
2023-08-17,Chikla,504.5,0.0,16.29,36.6,51.84,2.35,12.82,440.73
2023-08-18,Chikla,504.5,0.0,0.0,36.6,49.34,0.33,3.99,465.25
2023-08-19,Chikla,504.5,58.02,19.34,36.84,60.0,2.77,12.42,406.05
2023-08-20,Chikla,504.5,6.01,21.34,37.69,59.7,1.04,8.2,441.1
2023-08-21,Chikla,504.5,0.0,21.34,16.13,58.84,0.59,4.99,431.9
2023-08-22,Chikla,504.5,0.0,2.0,9.15,53.75,1.76,2.08,432.45
2023-08-23,Chikla,504.5,33.92,11.31,13.99,60.0,0.94,4.59,432.01
2023-08-24,Chikla,504.5,10.19,14.7,15.45,58.6,0.73,1.92,449.39
2023-08-25,Chikla,504.5,66.93,37.01,25.01,60.0,2.41,10.07,410.41
2023-08-26,Chikla,504.5,0.0,25.71,16.72,57.79,0.06,0.77,440.81
2023-08-27,Chikla,504.5,10.04,25.66,17.3,58.75,0.83,4.84,451.49
2023-08-28,Chikla,504.5,60.73,23.59,25.97,60.0,0.0,7.48,427.86
2023-08-29,Chikla,504.5,0.0,23.59,25.97,55.96,0.86,10.79,443.92
2023-08-30,Chikla,504.5,57.0,39.24,29.27,60.0,0.85,6.84,434.84
2023-08-31,Chikla,504.5,36.91,31.3,33.09,60.0,2.61,19.51,414.47
2023-09-01,Chikla,504.5,0.0,31.3,23.53,57.07,2.11,3.82,430.67
2023-09-02,Chikla,504.5,22.01,19.64,26.67,60.0,1.88,11.05,423.21
2023-09-03,Chikla,504.5,6.23,9.41,26.13,59.64,1.51,40.77,418.07
2023-09-04,Chikla,504.5,0.0,9.41,17.45,56.62,3.22,10.58,419.65
2023-09-05,Chikla,504.5,27.86,11.36,21.43,60.0,1.75,2.41,413.75
2023-09-06,Chikla,504.5,0.0,9.29,13.29,56.64,0.58,3.22,441.84
2023-09-07,Chikla,504.5,0.0,9.29,8.01,53.01,1.52,28.43,411.83
2023-09-08,Chikla,504.5,0.0,0.0,8.01,49.19,0.25,0.0,456.82
2023-09-09,Chikla,504.5,23.67,7.89,8.25,54.08,0.11,18.27,440.0
2023-09-10,Chikla,504.5,60.03,27.9,15.94,60.0,2.41,12.16,423.62
2023-09-11,Chikla,504.5,15.35,33.02,18.13,60.0,0.47,11.46,443.3
2023-09-12,Chikla,504.5,11.6,28.99,15.81,60.0,1.59,7.94,417.09
2023-09-13,Chikla,504.5,9.13,12.03,17.11,60.0,0.64,6.04,443.09
2023-09-14,Chikla,504.5,76.99,32.57,28.11,60.0,3.46,15.07,376.51
2023-09-15,Chikla,504.5,17.31,34.48,30.58,60.0,1.06,19.95,412.06
2023-09-16,Chikla,504.5,0.0,31.43,27.2,57.38,0.0,15.89,444.84
2023-09-17,Chikla,504.5,89.24,35.52,31.37,60.0,1.6,14.2,404.77
2023-09-18,Chikla,504.5,40.73,43.33,35.0,60.0,1.16,5.27,433.01
2023-09-19,Chikla,504.5,34.1,54.69,38.21,60.0,1.46,0.0,444.39
2023-09-20,Chikla,504.5,77.53,50.79,47.99,60.0,2.57,7.18,411.67
2023-09-21,Chikla,504.5,45.29,52.31,43.46,60.0,2.27,15.42,424.16
2023-09-22,Chikla,504.5,5.04,42.62,41.7,59.14,2.05,6.85,416.01
2023-09-23,Chikla,504.5,71.98,40.77,51.99,60.0,0.82,2.15,421.71
2023-09-24,Chikla,504.5,92.4,56.47,52.44,60.0,1.77,15.78,387.68
2023-09-25,Chikla,504.5,0.0,54.79,46.62,54.76,3.62,14.76,419.45
2023-09-26,Chikla,504.5,46.2,46.2,48.35,60.0,1.32,13.54,412.69
2023-09-27,Chikla,504.5,51.96,32.72,44.7,60.0,2.6,7.39,404.97
2023-09-28,Chikla,504.5,22.78,40.31,41.48,60.0,0.88,19.97,422.34
2023-09-29,Chikla,504.5,0.0,24.92,40.76,57.83,3.06,2.27,421.79
2023-09-30,Chikla,504.5,58.83,27.2,38.88,60.0,1.35,0.0,414.79
2023-10-01,Chikla,504.5,0.0,19.61,25.68,56.68,1.42,12.41,423.06
2023-10-02,Chikla,504.5,0.0,19.61,25.68,54.49,1.7,3.24,431.85
2023-10-03,Chikla,504.5,0.0,0.0,19.08,50.15,3.06,5.61,423.78
2023-10-04,Chikla,504.5,0.0,0.0,11.66,45.48,1.08,20.43,456.38
2023-10-05,Chikla,504.5,1.45,0.48,8.61,43.39,0.8,15.73,440.43
2023-10-06,Chikla,504.5,3.42,1.62,9.1,42.51,2.53,8.53,429.74
2023-10-07,Chikla,504.5,0.0,1.62,0.7,40.61,0.0,5.31,481.13
2023-10-08,Chikla,504.5,14.7,6.04,2.8,43.1,0.53,3.0,470.95
2023-10-09,Chikla,504.5,0.0,4.9,2.8,41.89,0.4,10.12,472.03
2023-10-10,Chikla,504.5,0.0,4.9,2.8,39.2,3.5,12.54,443.39
2023-10-11,Chikla,504.5,0.0,0.0,2.8,36.01,2.38,0.15,450.58
2023-10-12,Chikla,504.5,0.0,0.0,2.59,32.97,3.29,28.19,445.47
2023-10-13,Chikla,504.5,17.33,5.78,4.58,37.69,0.45,8.27,468.56
2023-10-14,Chikla,504.5,0.0,5.78,4.58,35.49,1.54,7.13,465.28
2023-10-15,Chikla,504.5,0.0,5.78,2.48,33.24,4.84,6.59,435.12
2023-10-16,Chikla,504.5,0.0,0.0,2.48,29.54,0.9,1.72,485.79
2023-10-17,Chikla,504.5,0.0,0.0,2.48,27.13,1.54,54.88,439.67
2023-10-18,Chikla,504.5,21.25,7.08,5.51,33.44,0.2,21.02,474.21
2023-10-19,Chikla,504.5,0.0,7.08,5.51,31.5,0.71,0.0,487.86
2023-10-20,Chikla,504.5,21.21,14.15,6.07,37.89,0.97,14.43,447.77
2023-10-21,Chikla,504.5,15.54,12.25,8.29,38.95,1.63,8.03,466.37
2023-10-22,Chikla,504.5,0.0,12.25,8.29,35.11,0.89,0.0,460.77
2023-10-23,Chikla,504.5,0.0,5.18,8.29,32.15,3.53,4.06,452.39
2023-10-24,Chikla,504.5,21.62,7.21,11.38,39.32,0.16,21.02,465.36
2023-10-25,Chikla,504.5,0.0,7.21,8.34,38.14,2.53,23.36,436.13
2023-10-26,Chikla,504.5,0.0,7.21,8.34,35.88,0.56,0.23,471.83
2023-10-27,Chikla,504.5,0.0,0.0,5.31,33.31,1.63,9.5,458.98
2023-10-28,Chikla,504.5,11.77,3.92,4.77,35.05,1.46,9.42,458.72
2023-10-29,Chikla,504.5,0.0,3.92,4.77,33.43,4.08,4.59,427.64
2023-10-30,Chikla,504.5,0.0,3.92,4.77,32.42,0.92,0.0,472.32
2023-10-31,Chikla,504.5,12.84,4.28,3.52,35.62,4.16,5.2,449.77
2023-11-01,Chikla,504.5,0.0,4.28,3.52,33.99,1.75,0.76,440.84
2023-11-02,Chikla,504.5,0.0,4.28,3.52,32.75,1.76,28.12,453.16
2023-11-03,Chikla,504.5,0.0,0.0,3.52,30.07,1.7,2.37,471.01
2023-11-04,Chikla,504.5,0.0,0.0,1.83,28.6,0.99,15.28,478.93
2023-11-05,Chikla,504.5,0.0,0.0,1.83,24.69,4.03,2.21,451.27
2023-11-06,Chikla,504.5,0.0,0.0,1.83,22.86,0.85,48.45,476.52
2023-11-07,Chikla,504.5,0.0,0.0,0.0,22.23,0.43,1.23,493.38
2023-11-08,Chikla,504.5,0.0,0.0,0.0,21.82,0.79,6.12,479.82
2023-11-09,Chikla,504.5,0.0,0.0,0.0,21.49,1.42,8.8,490.86
2023-11-10,Chikla,504.5,0.0,0.0,0.0,20.95,0.81,12.82,485.14
2023-11-11,Chikla,504.5,0.0,0.0,0.0,21.7,0.0,17.22,505.94
2023-11-12,Chikla,504.5,0.0,0.0,0.0,18.93,0.16,1.53,505.9
2023-11-13,Chikla,504.5,0.0,0.0,0.0,17.47,0.91,5.73,480.43
2023-11-14,Chikla,504.5,0.0,0.0,0.0,16.19,0.52,10.61,511.96
2023-11-15,Chikla,504.5,0.0,0.0,0.0,16.26,1.89,1.96,475.94
2023-11-16,Chikla,504.5,0.0,0.0,0.0,16.57,0.0,7.75,509.51
2023-11-17,Chikla,504.5,0.0,0.0,0.0,14.04,0.34,17.98,498.39
2023-11-18,Chikla,504.5,0.0,0.0,0.0,14.02,0.45,2.61,499.99
2023-11-19,Chikla,504.5,0.0,0.0,0.0,11.52,0.32,13.31,495.48
2023-11-20,Chikla,504.5,0.0,0.0,0.0,10.25,0.31,11.98,488.02
2023-11-21,Chikla,504.5,0.0,0.0,0.0,8.37,4.08,15.01,455.13
2023-11-22,Chikla,504.5,0.0,0.0,0.0,8.51,0.05,0.25,503.6
2023-11-23,Chikla,504.5,0.0,0.0,0.0,7.68,1.24,1.42,485.8
2023-11-24,Chikla,504.5,0.0,0.0,0.0,7.5,1.6,0.0,480.4
2023-11-25,Chikla,504.5,0.0,0.0,0.0,6.08,2.15,3.1,466.02
2023-11-26,Chikla,504.5,0.0,0.0,0.0,5.53,2.21,1.13,466.03
2023-11-27,Chikla,504.5,0.0,0.0,0.0,4.18,2.01,4.4,484.58
2023-11-28,Chikla,504.5,0.0,0.0,0.0,6.02,0.34,8.87,498.19
2023-11-29,Chikla,504.5,4.15,1.38,0.59,10.4,0.1,22.02,495.22
2023-11-30,Chikla,504.5,0.0,1.38,0.59,8.48,2.14,7.76,472.71
2023-12-01,Chikla,504.5,0.0,1.38,0.59,8.28,1.22,2.31,488.37
2023-12-02,Chikla,504.5,2.03,0.68,0.88,8.55,0.87,0.0,505.18
2023-12-03,Chikla,504.5,0.0,0.68,0.88,9.93,0.68,0.0,503.3
2023-12-04,Chikla,504.5,0.0,0.68,0.88,8.45,0.36,13.04,490.23
2023-12-05,Chikla,504.5,0.0,0.0,0.88,8.15,1.66,4.31,481.75
2023-12-06,Chikla,504.5,0.0,0.0,0.29,9.87,0.36,3.95,496.6
2023-12-07,Chikla,504.5,3.8,1.27,0.83,10.58,1.21,0.29,488.12
2023-12-08,Chikla,504.5,0.0,1.27,0.83,9.76,0.81,15.42,479.41
2023-12-09,Chikla,504.5,0.0,1.27,0.54,8.18,0.02,2.34,510.38
2023-12-10,Chikla,504.5,4.61,1.54,1.2,8.38,1.15,7.59,508.25
2023-12-11,Chikla,504.5,0.0,1.54,1.2,7.05,1.45,8.36,482.38
2023-12-12,Chikla,504.5,0.0,1.54,1.2,6.32,1.26,9.37,507.32
2023-12-13,Chikla,504.5,0.0,0.0,1.2,4.88,0.41,2.43,527.14
2023-12-14,Chikla,504.5,0.0,0.0,0.66,4.62,1.0,8.98,489.72
2023-12-15,Chikla,504.5,0.0,0.0,0.66,3.0,0.0,1.7,496.23
2023-12-16,Chikla,504.5,0.0,0.0,0.66,3.57,1.13,6.72,464.83
2023-12-17,Chikla,504.5,0.0,0.0,0.0,3.26,0.78,7.19,495.38
2023-12-18,Chikla,504.5,0.0,0.0,0.0,3.0,1.28,0.0,482.7
2023-12-19,Chikla,504.5,0.0,0.0,0.0,4.34,3.37,9.71,455.24
2023-12-20,Chikla,504.5,0.0,0.0,0.0,4.51,1.76,9.92,478.83
2023-12-21,Chikla,504.5,0.0,0.0,0.0,4.55,0.12,7.7,497.57
2023-12-22,Chikla,504.5,0.0,0.0,0.0,5.99,0.27,0.89,504.06
2023-12-23,Chikla,504.5,0.0,0.0,0.0,5.28,1.32,18.67,491.38
2023-12-24,Chikla,504.5,5.06,1.69,0.72,6.37,0.03,8.59,478.5
2023-12-25,Chikla,504.5,0.0,1.69,0.72,5.15,2.15,17.15,462.21
2023-12-26,Chikla,504.5,0.0,1.69,0.72,3.51,0.64,10.21,485.86
2023-12-27,Chikla,504.5,0.0,0.0,0.72,3.0,0.03,9.04,502.4
2023-12-28,Chikla,504.5,0.0,0.0,0.72,3.0,2.31,6.94,497.08
2023-12-29,Chikla,504.5,0.0,0.0,0.72,3.28,2.67,8.73,468.71
2023-12-30,Chikla,504.5,0.0,0.0,0.72,3.0,2.2,7.84,477.63
2023-12-31,Chikla,504.5,0.0,0.0,0.0,3.0,1.33,43.47,474.52
2024-01-01,Chikla,504.5,11.43,3.81,1.63,8.14,0.15,22.19,498.49
2024-01-02,Chikla,504.5,0.0,3.81,1.63,6.63,5.71,19.57,444.88
2024-01-03,Chikla,504.5,0.0,3.81,1.63,7.44,1.67,8.46,490.07
2024-01-04,Chikla,504.5,0.0,0.0,1.63,7.1,0.78,0.0,506.03
2024-01-05,Chikla,504.5,0.0,0.0,1.63,7.06,0.79,19.65,471.16
2024-01-06,Chikla,504.5,0.0,0.0,1.63,7.1,0.0,7.71,509.5
2024-01-07,Chikla,504.5,0.79,0.26,1.74,6.49,0.0,4.94,488.16
2024-01-08,Chikla,504.5,0.0,0.26,0.11,4.85,0.02,0.0,490.73
2024-01-09,Chikla,504.5,0.0,0.26,0.11,3.55,0.09,11.88,490.14
2024-01-10,Chikla,504.5,0.0,0.0,0.11,3.6,1.72,0.0,470.18
2024-01-11,Chikla,504.5,0.0,0.0,0.11,3.0,0.75,0.0,486.91
2024-01-12,Chikla,504.5,0.0,0.0,0.11,3.0,1.19,3.05,491.93
2024-01-13,Chikla,504.5,0.0,0.0,0.11,3.65,1.61,5.66,500.5
2024-01-14,Chikla,504.5,0.0,0.0,0.0,5.01,2.01,13.21,478.68
2024-01-15,Chikla,504.5,0.0,0.0,0.0,3.0,1.05,17.03,494.65
2024-01-16,Chikla,504.5,0.0,0.0,0.0,3.0,1.08,23.23,495.82
2024-01-17,Chikla,504.5,0.0,0.0,0.0,3.0,1.55,3.49,470.25
2024-01-18,Chikla,504.5,0.0,0.0,0.0,3.78,0.35,14.32,496.91
2024-01-19,Chikla,504.5,0.0,0.0,0.0,3.02,0.18,5.67,499.24
2024-01-20,Chikla,504.5,0.0,0.0,0.0,3.15,0.7,4.84,492.7
2024-01-21,Chikla,504.5,0.0,0.0,0.0,3.18,0.54,13.13,491.76
2024-01-22,Chikla,504.5,0.0,0.0,0.0,3.0,1.3,13.79,482.18
2024-01-23,Chikla,504.5,0.0,0.0,0.0,3.31,0.38,1.47,497.05
2024-01-24,Chikla,504.5,0.0,0.0,0.0,3.59,0.52,1.36,513.54
2024-01-25,Chikla,504.5,0.0,0.0,0.0,4.54,1.05,23.97,486.72
2024-01-26,Chikla,504.5,0.0,0.0,0.0,6.11,2.91,22.51,466.46
2024-01-27,Chikla,504.5,0.0,0.0,0.0,6.97,0.0,5.74,502.13
2024-01-28,Chikla,504.5,0.0,0.0,0.0,8.94,2.12,0.0,496.86
2024-01-29,Chikla,504.5,0.0,0.0,0.0,6.85,0.57,15.5,496.29
2024-01-30,Chikla,504.5,0.0,0.0,0.0,7.44,1.31,10.91,496.55
2024-01-31,Chikla,504.5,0.0,0.0,0.0,6.83,0.71,7.05,480.77
2024-02-01,Chikla,504.5,0.0,0.0,0.0,8.5,1.6,11.59,478.6
2024-02-02,Chikla,504.5,0.0,0.0,0.0,7.16,0.22,9.55,492.79
2024-02-03,Chikla,504.5,0.0,0.0,0.0,5.98,1.4,3.93,473.79
2024-02-04,Chikla,504.5,0.0,0.0,0.0,5.63,0.79,2.49,487.26
2024-02-05,Chikla,504.5,0.0,0.0,0.0,4.63,0.0,5.38,509.57
2024-02-06,Chikla,504.5,0.0,0.0,0.0,4.47,0.82,19.46,481.14
2024-02-07,Chikla,504.5,1.38,0.46,0.2,5.6,0.54,6.12,479.19
2024-02-08,Chikla,504.5,0.0,0.46,0.2,6.34,0.78,11.41,484.42
2024-02-09,Chikla,504.5,0.0,0.46,0.2,6.35,0.85,12.33,523.0
2024-02-10,Chikla,504.5,0.0,0.0,0.2,4.47,0.68,2.61,482.23
2024-02-11,Chikla,504.5,0.0,0.0,0.2,4.71,0.32,6.48,490.86
2024-02-12,Chikla,504.5,0.0,0.0,0.2,5.49,1.83,4.79,494.66
2024-02-13,Chikla,504.5,0.0,0.0,0.2,4.58,2.12,9.49,485.59
2024-02-14,Chikla,504.5,0.0,0.0,0.0,3.12,2.93,7.88,476.5
2024-02-15,Chikla,504.5,0.62,0.21,0.09,3.02,0.41,3.56,490.68
2024-02-16,Chikla,504.5,0.0,0.21,0.09,3.0,4.27,31.15,450.56
2024-02-17,Chikla,504.5,3.22,1.28,0.55,4.96,1.31,16.25,495.52
2024-02-18,Chikla,504.5,0.0,1.07,0.55,5.24,2.17,6.14,488.92
2024-02-19,Chikla,504.5,0.88,1.37,0.67,5.15,2.18,2.46,491.49
2024-02-20,Chikla,504.5,0.0,0.29,0.67,4.28,0.51,2.33,508.25
2024-02-21,Chikla,504.5,0.0,0.29,0.67,3.0,3.1,6.49,455.24
2024-02-22,Chikla,504.5,0.0,0.0,0.59,3.0,0.78,1.68,489.42
2024-02-23,Chikla,504.5,0.0,0.0,0.59,3.1,0.0,12.48,509.78
2024-02-24,Chikla,504.5,0.0,0.0,0.13,4.07,0.0,4.71,502.76
2024-02-25,Chikla,504.5,0.0,0.0,0.13,4.16,0.0,4.18,489.97
2024-02-26,Chikla,504.5,0.0,0.0,0.0,3.18,0.61,8.26,485.83
2024-02-27,Chikla,504.5,0.0,0.0,0.0,3.0,1.56,9.18,478.89
2024-02-28,Chikla,504.5,0.0,0.0,0.0,3.27,1.86,15.71,486.61
2024-02-29,Chikla,504.5,0.0,0.0,0.0,3.0,1.24,0.0,496.04
2024-03-01,Chikla,504.5,0.0,0.0,0.0,4.16,1.81,13.24,482.33
2024-03-02,Chikla,504.5,0.0,0.0,0.0,3.0,1.56,8.53,506.2
2024-03-03,Chikla,504.5,0.0,0.0,0.0,3.0,2.72,4.56,467.66
2024-03-04,Chikla,504.5,0.0,0.0,0.0,3.56,1.15,9.87,493.69
2024-03-05,Chikla,504.5,0.0,0.0,0.0,4.11,1.0,10.89,490.4
2024-03-06,Chikla,504.5,0.0,0.0,0.0,5.05,0.6,5.08,503.0
2024-03-07,Chikla,504.5,0.0,0.0,0.0,3.0,0.5,15.57,492.13
2024-03-08,Chikla,504.5,0.0,0.0,0.0,3.52,0.15,13.95,494.55
2024-03-09,Chikla,504.5,0.0,0.0,0.0,3.19,0.28,21.3,486.91
2024-03-10,Chikla,504.5,0.0,0.0,0.0,3.0,1.38,10.51,490.51
2024-03-11,Chikla,504.5,0.0,0.0,0.0,3.0,2.27,7.95,468.93
2024-03-12,Chikla,504.5,0.0,0.0,0.0,3.0,0.6,0.07,493.04
2024-03-13,Chikla,504.5,0.0,0.0,0.0,5.56,0.13,9.07,490.22
2024-03-14,Chikla,504.5,0.0,0.0,0.0,5.33,1.04,6.93,486.38
2024-03-15,Chikla,504.5,0.0,0.0,0.0,3.59,2.0,9.69,477.1
2024-03-16,Chikla,504.5,0.0,0.0,0.0,4.21,0.47,7.31,501.3
2024-03-17,Chikla,504.5,0.0,0.0,0.0,3.0,2.65,0.0,449.34
2024-03-18,Chikla,504.5,0.0,0.0,0.0,3.45,0.21,19.27,498.01
2024-03-19,Chikla,504.5,0.0,0.0,0.0,3.87,3.24,27.14,455.24
2024-03-20,Chikla,504.5,0.0,0.0,0.0,4.18,4.59,0.0,447.97
2024-03-21,Chikla,504.5,0.0,0.0,0.0,4.1,1.74,13.9,475.53
2024-03-22,Chikla,504.5,0.0,0.0,0.0,3.0,1.74,5.6,485.06
2024-03-23,Chikla,504.5,0.0,0.0,0.0,3.0,0.94,13.55,496.98
2024-03-24,Chikla,504.5,0.0,0.0,0.0,4.92,0.77,39.94,458.99
2024-03-25,Chikla,504.5,0.0,0.0,0.0,3.71,0.46,6.52,486.8
2024-03-26,Chikla,504.5,0.0,0.0,0.0,3.48,0.25,2.04,499.41
2024-03-27,Chikla,504.5,0.0,0.0,0.0,3.8,0.28,7.37,496.07
2024-03-28,Chikla,504.5,4.83,1.61,0.69,5.6,0.98,15.54,487.75
2024-03-29,Chikla,504.5,0.0,1.61,0.69,6.5,0.72,13.18,490.16
2024-03-30,Chikla,504.5,9.8,4.88,2.09,11.17,0.23,2.95,496.99
2024-03-31,Chikla,504.5,0.0,3.27,2.09,10.21,0.0,0.32,500.03
2024-04-01,Chikla,504.5,0.0,3.27,2.09,11.44,1.03,13.03,504.83
2024-04-02,Chikla,504.5,0.0,0.0,2.09,10.67,0.84,2.7,497.51
2024-04-03,Chikla,504.5,0.0,0.0,2.09,9.25,0.32,33.8,474.36
2024-04-04,Chikla,504.5,0.0,0.0,1.4,9.06,1.29,17.82,489.71
2024-04-05,Chikla,504.5,0.0,0.0,1.4,7.53,0.27,15.92,492.58
2024-04-06,Chikla,504.5,0.0,0.0,0.0,5.89,1.94,23.57,456.62
2024-04-07,Chikla,504.5,0.0,0.0,0.0,4.69,0.4,16.4,503.51
2024-04-08,Chikla,504.5,0.0,0.0,0.0,3.0,1.75,19.22,481.06
2024-04-09,Chikla,504.5,0.0,0.0,0.0,3.0,1.08,0.45,484.02
2024-04-10,Chikla,504.5,0.0,0.0,0.0,3.7,2.02,3.88,481.11
2024-04-11,Chikla,504.5,0.0,0.0,0.0,3.29,3.98,4.05,466.04
2024-04-12,Chikla,504.5,0.0,0.0,0.0,6.2,0.64,7.8,497.07
2024-04-13,Chikla,504.5,0.0,0.0,0.0,4.35,0.0,18.48,496.52
2024-04-14,Chikla,504.5,0.0,0.0,0.0,5.14,0.18,0.0,504.38
2024-04-15,Chikla,504.5,0.0,0.0,0.0,4.78,1.59,8.62,479.32
2024-04-16,Chikla,504.5,0.0,0.0,0.0,4.94,1.33,6.11,469.19
2024-04-17,Chikla,504.5,0.0,0.0,0.0,7.16,1.37,10.09,473.9
2024-04-18,Chikla,504.5,0.0,0.0,0.0,5.88,1.56,12.38,474.23
2024-04-19,Chikla,504.5,0.0,0.0,0.0,3.75,0.75,5.09,487.07
2024-04-20,Chikla,504.5,0.0,0.0,0.0,3.24,1.16,9.55,469.28
2024-04-21,Chikla,504.5,0.0,0.0,0.0,5.36,1.34,10.36,479.8
2024-04-22,Chikla,504.5,0.0,0.0,0.0,4.54,0.09,11.79,500.7
2024-04-23,Chikla,504.5,0.0,0.0,0.0,4.46,0.5,0.0,502.19
2024-04-24,Chikla,504.5,0.0,0.0,0.0,4.94,1.35,9.87,470.48
2024-04-25,Chikla,504.5,0.0,0.0,0.0,6.87,0.34,3.53,494.41
2024-04-26,Chikla,504.5,0.0,0.0,0.0,7.09,1.11,0.39,500.35
2024-04-27,Chikla,504.5,0.0,0.0,0.0,5.95,1.07,2.89,485.51
2024-04-28,Chikla,504.5,0.0,0.0,0.0,4.27,1.4,11.33,473.32
2024-04-29,Chikla,504.5,0.0,0.0,0.0,4.2,1.07,5.7,493.38
2024-04-30,Chikla,504.5,0.0,0.0,0.0,4.44,0.78,0.0,471.85
2024-05-01,Chikla,504.5,0.0,0.0,0.0,5.33,0.92,3.21,479.86
2024-05-02,Chikla,504.5,0.0,0.0,0.0,7.55,1.77,10.63,487.76
2024-05-03,Chikla,504.5,0.0,0.0,0.0,6.71,0.82,1.74,484.61
2024-05-04,Chikla,504.5,0.0,0.0,0.0,5.7,0.92,7.44,503.63
2024-05-05,Chikla,504.5,0.0,0.0,0.0,6.24,0.0,0.94,504.67
2024-05-06,Chikla,504.5,0.0,0.0,0.0,5.45,1.84,3.83,472.92
2024-05-07,Chikla,504.5,0.0,0.0,0.0,5.12,1.5,9.33,479.27
2024-05-08,Chikla,504.5,23.97,7.99,3.42,14.57,2.27,13.41,476.78
2024-05-09,Chikla,504.5,8.75,10.91,4.67,18.56,1.95,9.4,472.22
2024-05-10,Chikla,504.5,0.0,10.91,4.67,18.52,2.45,12.79,472.07
2024-05-11,Chikla,504.5,0.0,2.92,4.67,19.54,1.42,20.14,473.32
2024-05-12,Chikla,504.5,0.0,0.0,4.67,19.76,0.15,5.97,485.57
2024-05-13,Chikla,504.5,0.0,0.0,4.67,18.49,2.26,15.78,477.82
2024-05-14,Chikla,504.5,23.6,7.87,8.05,27.24,1.86,1.85,471.74
2024-05-15,Chikla,504.5,0.0,7.87,4.62,24.85,0.0,23.9,492.57
2024-05-16,Chikla,504.5,0.0,7.87,3.37,22.38,1.17,3.14,476.94
2024-05-17,Chikla,504.5,0.0,0.0,3.37,21.9,0.04,8.43,502.96
2024-05-18,Chikla,504.5,0.0,0.0,3.37,21.72,2.03,20.65,471.81
2024-05-19,Chikla,504.5,31.32,10.44,7.85,33.65,0.41,8.07,483.89
2024-05-20,Chikla,504.5,17.55,16.29,10.35,37.83,1.1,11.47,453.55
2024-05-21,Chikla,504.5,28.74,25.87,11.09,44.94,3.25,9.54,425.98
2024-05-22,Chikla,504.5,0.0,15.43,11.09,42.72,2.6,1.96,461.92
2024-05-23,Chikla,504.5,0.0,9.58,11.09,37.8,0.0,3.47,466.12
2024-05-24,Chikla,504.5,0.0,0.0,11.09,37.2,0.3,12.94,472.12
2024-05-25,Chikla,504.5,17.43,5.81,13.58,42.68,2.01,7.62,438.09
2024-05-26,Chikla,504.5,22.25,13.23,12.28,48.4,0.79,23.53,450.41
2024-05-27,Chikla,504.5,0.0,13.23,9.77,47.29,0.98,7.62,449.18
2024-05-28,Chikla,504.5,37.21,19.82,10.98,57.63,1.28,9.42,430.34
2024-05-29,Chikla,504.5,0.0,12.4,10.98,54.84,0.41,12.85,434.05
2024-05-30,Chikla,504.5,0.0,12.4,10.98,51.34,0.43,11.65,436.86
2024-05-31,Chikla,504.5,0.0,0.0,10.98,48.62,1.56,19.25,448.46
2024-06-01,Chikla,504.5,122.65,40.88,26.01,60.0,2.12,18.01,376.26
2024-06-02,Chikla,504.5,19.5,47.38,25.62,60.0,0.84,8.93,434.66
2024-06-03,Chikla,504.5,0.0,47.38,25.62,56.54,1.56,9.43,421.69
2024-06-04,Chikla,504.5,29.58,16.36,24.53,60.0,0.62,16.19,446.38
2024-06-05,Chikla,504.5,158.04,62.54,47.11,60.0,4.41,36.4,312.73
2024-06-06,Chikla,504.5,42.21,76.61,53.14,60.0,1.55,8.8,432.36
2024-06-07,Chikla,504.5,8.68,69.64,54.38,60.0,0.09,4.61,445.9
2024-06-08,Chikla,504.5,55.93,35.61,44.85,60.0,1.03,4.71,420.81
2024-06-09,Chikla,504.5,0.0,21.54,42.06,55.71,0.28,0.0,428.5
2024-06-10,Chikla,504.5,25.86,27.26,45.76,60.0,1.9,44.01,388.47
2024-06-11,Chikla,504.5,69.24,31.7,51.42,60.0,1.42,1.77,419.06
2024-06-12,Chikla,504.5,0.0,31.7,28.85,57.04,1.63,22.25,431.9
2024-06-13,Chikla,504.5,0.0,23.08,22.82,52.17,1.53,11.59,436.51
2024-06-14,Chikla,504.5,0.0,0.0,21.58,49.44,0.93,3.36,446.76
2024-06-15,Chikla,504.5,0.0,0.0,13.59,47.51,0.89,24.15,437.93
2024-06-16,Chikla,504.5,76.76,25.59,24.55,60.0,0.97,13.49,406.39
2024-06-17,Chikla,504.5,0.0,25.59,20.86,56.14,0.45,5.79,447.74
2024-06-18,Chikla,504.5,0.0,25.59,10.97,51.65,1.21,0.0,435.93
2024-06-19,Chikla,504.5,24.1,8.03,14.41,57.67,0.91,1.98,440.52
2024-06-20,Chikla,504.5,16.8,13.63,16.81,59.59,0.0,4.64,460.57
2024-06-21,Chikla,504.5,0.0,13.63,16.81,53.64,0.89,3.83,439.32
2024-06-22,Chikla,504.5,20.02,12.27,19.67,57.29,0.09,12.44,429.5
2024-06-23,Chikla,504.5,54.01,24.68,16.42,60.0,2.95,38.18,394.11
2024-06-24,Chikla,504.5,158.14,77.39,39.01,60.0,4.23,23.89,322.11
2024-06-25,Chikla,504.5,43.3,85.15,45.19,60.0,1.51,2.05,439.09
2024-06-26,Chikla,504.5,0.0,67.15,41.75,55.66,0.41,11.88,455.06
2024-06-27,Chikla,504.5,0.0,14.43,39.35,51.02,0.52,25.98,429.93
2024-06-28,Chikla,504.5,34.92,11.64,44.34,60.0,2.02,3.06,417.08
2024-06-29,Chikla,504.5,21.85,18.92,44.6,60.0,0.74,18.14,446.63
2024-06-30,Chikla,504.5,0.0,18.92,36.89,56.28,1.05,0.0,434.95
2024-07-01,Chikla,504.5,24.24,15.36,17.76,60.0,0.37,10.54,434.24
2024-07-02,Chikla,504.5,0.0,8.08,11.57,58.4,1.12,2.96,406.01
2024-07-03,Chikla,504.5,0.0,8.08,11.57,55.18,0.0,26.19,438.32
2024-07-04,Chikla,504.5,0.0,0.0,11.57,50.05,1.44,10.72,444.82
2024-07-05,Chikla,504.5,0.0,0.0,6.58,49.47,1.67,21.85,433.8
2024-07-06,Chikla,504.5,0.0,0.0,3.46,48.43,0.45,6.04,453.0
2024-07-07,Chikla,504.5,0.0,0.0,3.46,43.33,2.09,0.0,449.17
2024-07-08,Chikla,504.5,23.56,7.85,3.37,49.07,1.86,0.0,438.58
2024-07-09,Chikla,504.5,67.39,30.32,12.99,60.0,1.19,41.95,415.35
2024-07-10,Chikla,504.5,0.0,30.32,12.99,56.03,1.03,8.47,431.12
2024-07-11,Chikla,504.5,8.06,25.15,14.14,54.42,0.55,8.4,450.47
2024-07-12,Chikla,504.5,34.61,14.22,19.09,60.0,1.38,13.69,418.05
2024-07-13,Chikla,504.5,0.0,14.22,19.09,55.87,0.0,5.21,448.51
2024-07-14,Chikla,504.5,0.0,11.54,19.09,51.6,0.12,2.05,448.8
2024-07-15,Chikla,504.5,0.0,0.0,15.72,49.12,1.18,9.09,449.9
2024-07-16,Chikla,504.5,0.0,0.0,6.1,47.16,3.49,15.86,432.34
2024-07-17,Chikla,504.5,82.45,27.48,17.87,60.0,1.27,10.7,414.21
2024-07-18,Chikla,504.5,0.0,27.48,16.72,55.5,0.39,3.13,435.23
2024-07-19,Chikla,504.5,0.0,27.48,11.78,53.11,1.55,3.51,428.94
2024-07-20,Chikla,504.5,50.28,16.76,18.96,60.0,0.82,18.56,417.3
2024-07-21,Chikla,504.5,22.24,24.17,22.14,60.0,0.25,17.53,433.29
2024-07-22,Chikla,504.5,44.16,38.89,28.45,60.0,0.84,5.23,442.28
2024-07-23,Chikla,504.5,0.0,22.13,28.45,56.55,1.94,1.9,432.28
2024-07-24,Chikla,504.5,25.74,23.3,20.35,60.0,0.09,6.28,432.65
2024-07-25,Chikla,504.5,13.5,13.08,22.27,59.25,0.63,6.39,429.97
2024-07-26,Chikla,504.5,77.97,39.07,33.41,60.0,1.1,13.56,404.11
2024-07-27,Chikla,504.5,41.21,44.23,32.12,60.0,0.0,10.48,435.11
2024-07-28,Chikla,504.5,21.66,46.95,32.04,60.0,1.57,9.32,418.66
2024-07-29,Chikla,504.5,0.0,20.96,25.73,55.85,0.3,3.42,425.54
2024-07-30,Chikla,504.5,36.54,19.4,30.95,60.0,1.11,0.88,422.11
2024-07-31,Chikla,504.5,43.44,26.66,33.48,60.0,0.22,0.38,424.33
2024-08-01,Chikla,504.5,11.1,30.36,33.13,59.92,3.69,10.9,388.27
2024-08-02,Chikla,504.5,0.0,18.18,21.99,57.44,0.0,0.0,459.57
2024-08-03,Chikla,504.5,0.0,3.7,16.11,54.08,0.9,7.87,434.78
2024-08-04,Chikla,504.5,36.91,12.3,18.28,60.0,0.29,7.55,436.58
2024-08-05,Chikla,504.5,0.0,12.3,18.28,55.73,3.47,14.57,415.02
2024-08-06,Chikla,504.5,8.09,15.0,14.22,55.25,0.65,15.13,423.65
2024-08-07,Chikla,504.5,39.25,15.78,13.62,60.0,1.41,0.0,419.88
2024-08-08,Chikla,504.5,0.0,15.78,12.03,54.68,1.01,24.16,424.04
2024-08-09,Chikla,504.5,43.7,27.65,18.28,60.0,0.92,3.94,423.23
2024-08-10,Chikla,504.5,0.0,14.57,18.28,55.39,1.13,16.73,447.62
2024-08-11,Chikla,504.5,0.0,14.57,13.0,51.6,2.36,7.3,422.63
2024-08-12,Chikla,504.5,75.55,25.18,23.8,60.0,1.51,25.47,404.99
2024-08-13,Chikla,504.5,0.0,25.18,22.64,55.11,2.08,16.27,421.36
2024-08-14,Chikla,504.5,0.0,25.18,17.03,52.52,0.0,4.55,449.21
2024-08-15,Chikla,504.5,33.25,11.08,21.79,60.0,0.56,6.78,430.26
2024-08-16,Chikla,504.5,31.2,21.49,20.0,60.0,1.59,21.59,416.98
2024-08-17,Chikla,504.5,0.0,21.49,20.0,56.71,0.58,5.57,451.11
2024-08-18,Chikla,504.5,0.0,10.4,20.0,52.77,0.57,11.92,449.16
2024-08-19,Chikla,504.5,50.44,16.81,16.41,60.0,0.3,8.47,430.41
2024-08-20,Chikla,504.5,86.74,45.73,28.8,60.0,2.14,14.51,392.29
2024-08-21,Chikla,504.5,22.5,53.23,32.02,60.0,1.22,16.13,453.81
2024-08-22,Chikla,504.5,66.1,58.44,36.71,60.0,1.2,0.0,409.49
2024-08-23,Chikla,504.5,0.0,29.53,32.25,55.86,1.58,9.71,435.54
2024-08-24,Chikla,504.5,0.0,22.03,32.25,52.24,0.42,1.67,452.64
2024-08-25,Chikla,504.5,0.0,0.0,32.25,49.49,1.79,19.29,434.66
2024-08-26,Chikla,504.5,0.0,0.0,25.05,45.54,1.56,5.16,454.53
2024-08-27,Chikla,504.5,0.0,0.0,12.66,43.46,0.47,14.55,445.7
2024-08-28,Chikla,504.5,34.97,11.66,14.44,53.53,1.36,3.53,428.04
2024-08-29,Chikla,504.5,40.04,25.0,10.72,60.0,3.03,7.03,406.6
2024-08-30,Chikla,504.5,46.28,40.43,17.33,60.0,0.0,1.65,440.21
2024-08-31,Chikla,504.5,0.0,28.77,17.33,57.36,0.72,30.62,439.55
2024-09-01,Chikla,504.5,0.0,15.43,17.33,56.56,0.89,3.56,421.9
2024-09-02,Chikla,504.5,23.47,7.82,20.68,59.24,0.4,30.78,419.89
2024-09-03,Chikla,504.5,0.0,7.82,20.68,55.2,0.75,0.0,436.46
2024-09-04,Chikla,504.5,21.86,15.11,18.81,58.87,0.61,0.0,437.69
2024-09-05,Chikla,504.5,23.18,15.01,16.4,60.0,1.21,16.87,436.82
2024-09-06,Chikla,504.5,29.56,24.87,14.01,60.0,0.0,11.17,442.97
2024-09-07,Chikla,504.5,12.96,21.9,15.86,57.45,0.09,8.48,436.48
2024-09-08,Chikla,504.5,22.5,21.67,19.08,60.0,1.75,0.0,422.98
2024-09-09,Chikla,504.5,0.0,11.82,15.72,55.99,1.75,28.57,427.2
2024-09-10,Chikla,504.5,0.0,7.5,15.72,54.3,1.28,17.59,450.07
2024-09-11,Chikla,504.5,30.63,10.21,16.98,60.0,1.38,12.39,415.32
2024-09-12,Chikla,504.5,135.6,55.41,33.04,60.0,4.87,21.02,339.97
2024-09-13,Chikla,504.5,5.61,57.28,29.61,59.04,0.81,20.38,436.17
2024-09-14,Chikla,504.5,0.0,47.07,27.76,56.93,1.7,7.79,417.16
2024-09-15,Chikla,504.5,54.41,20.01,32.32,60.0,0.16,8.78,436.48
2024-09-16,Chikla,504.5,45.83,33.41,38.87,60.0,0.98,20.73,412.09
2024-09-17,Chikla,504.5,92.18,64.14,52.04,60.0,1.25,6.1,402.33
2024-09-18,Chikla,504.5,0.0,46.01,47.66,56.27,0.98,12.11,429.98
2024-09-19,Chikla,504.5,66.28,52.82,37.76,60.0,1.21,22.91,401.15
2024-09-20,Chikla,504.5,13.58,26.62,38.9,60.0,0.5,7.43,438.41
2024-09-21,Chikla,504.5,0.0,26.62,38.9,55.62,1.58,3.67,428.01
2024-09-22,Chikla,504.5,0.0,4.53,31.12,52.53,1.09,0.0,423.14
2024-09-23,Chikla,504.5,10.01,3.34,26.01,54.83,2.77,3.06,431.73
2024-09-24,Chikla,504.5,0.0,3.34,12.84,50.48,0.14,12.02,442.59
2024-09-25,Chikla,504.5,0.0,3.34,12.84,47.14,0.89,1.17,444.34
2024-09-26,Chikla,504.5,0.0,0.0,3.37,44.91,0.6,0.25,466.47
2024-09-27,Chikla,504.5,18.31,6.1,4.05,48.86,1.31,8.7,446.36
2024-09-28,Chikla,504.5,80.29,32.87,15.52,60.0,1.26,13.01,403.51
2024-09-29,Chikla,504.5,0.0,32.87,15.52,57.81,0.32,7.94,432.86
2024-09-30,Chikla,504.5,36.74,39.01,19.33,60.0,1.17,6.0,441.92
2024-10-01,Chikla,504.5,0.0,12.25,19.33,58.96,1.26,1.49,428.56
2024-10-02,Chikla,504.5,0.0,12.25,19.33,54.12,0.28,7.56,458.94
2024-10-03,Chikla,504.5,0.0,0.0,19.33,51.15,1.88,2.96,442.23
2024-10-04,Chikla,504.5,0.0,0.0,16.72,48.66,1.53,18.29,426.77
2024-10-05,Chikla,504.5,0.0,0.0,5.25,46.97,0.45,0.26,473.85
2024-10-06,Chikla,504.5,0.0,0.0,5.25,45.73,0.69,20.54,458.5
2024-10-07,Chikla,504.5,0.0,0.0,0.0,43.84,0.96,3.63,465.11
2024-10-08,Chikla,504.5,15.73,5.24,2.25,47.12,1.92,12.61,433.06
2024-10-09,Chikla,504.5,0.0,5.24,2.25,43.08,2.47,18.22,429.69
2024-10-10,Chikla,504.5,0.0,5.24,2.25,40.76,2.85,21.47,432.27
2024-10-11,Chikla,504.5,0.0,0.0,2.25,38.24,0.85,0.98,477.72
2024-10-12,Chikla,504.5,0.0,0.0,2.25,36.84,0.24,12.66,468.55
2024-10-13,Chikla,504.5,0.0,0.0,2.25,34.65,0.0,3.19,477.1
2024-10-14,Chikla,504.5,0.0,0.0,2.25,32.8,2.02,4.96,471.59
2024-10-15,Chikla,504.5,0.0,0.0,0.0,31.45,1.31,21.84,461.81
2024-10-16,Chikla,504.5,0.0,0.0,0.0,28.21,0.98,4.95,470.49
2024-10-17,Chikla,504.5,0.0,0.0,0.0,28.57,0.0,0.92,491.74
2024-10-18,Chikla,504.5,9.06,3.02,1.29,30.85,1.45,8.42,478.92
2024-10-19,Chikla,504.5,21.52,10.19,4.37,35.98,4.9,24.91,421.52
2024-10-20,Chikla,504.5,0.0,10.19,4.37,33.51,0.7,4.95,482.83
2024-10-21,Chikla,504.5,0.0,7.17,4.37,33.72,0.99,14.6,471.16
2024-10-22,Chikla,504.5,0.0,0.0,4.37,30.4,0.46,0.0,480.71
2024-10-23,Chikla,504.5,0.0,0.0,4.37,28.69,0.52,13.5,461.92
2024-10-24,Chikla,504.5,0.0,0.0,4.37,28.1,0.46,0.0,475.37
2024-10-25,Chikla,504.5,4.87,1.62,3.77,28.81,0.33,17.95,475.7
2024-10-26,Chikla,504.5,0.0,1.62,0.7,26.7,0.76,7.04,481.3
2024-10-27,Chikla,504.5,12.86,5.91,2.53,30.47,0.46,13.32,482.04
2024-10-28,Chikla,504.5,0.0,4.29,2.53,28.75,0.5,1.19,489.66
2024-10-29,Chikla,504.5,0.0,4.29,2.53,25.51,2.13,9.54,477.27
2024-10-30,Chikla,504.5,0.0,0.0,2.53,24.5,2.25,5.5,448.91
2024-10-31,Chikla,504.5,6.86,2.29,3.51,24.14,0.16,2.55,504.68
2024-11-01,Chikla,504.5,0.0,2.29,2.82,24.03,1.01,9.74,481.61
2024-11-02,Chikla,504.5,3.84,3.57,3.37,23.53,0.44,14.67,503.26
2024-11-03,Chikla,504.5,0.0,1.28,1.53,20.84,0.0,19.72,484.96
2024-11-04,Chikla,504.5,0.0,1.28,1.53,20.57,0.89,29.71,474.46
2024-11-05,Chikla,504.5,3.19,1.06,1.98,21.28,1.76,0.0,496.8
2024-11-06,Chikla,504.5,0.0,1.06,1.98,19.59,2.18,15.83,485.26
2024-11-07,Chikla,504.5,0.0,1.06,1.0,18.57,3.88,7.24,446.69
2024-11-08,Chikla,504.5,0.0,0.0,1.0,17.17,0.7,0.0,490.28
2024-11-09,Chikla,504.5,0.0,0.0,0.46,16.09,0.0,3.79,496.52
2024-11-10,Chikla,504.5,0.0,0.0,0.46,14.83,1.25,8.98,475.63
2024-11-11,Chikla,504.5,0.0,0.0,0.46,14.02,1.62,0.98,486.83
2024-11-12,Chikla,504.5,15.23,5.08,2.18,19.3,2.74,7.56,464.75
2024-11-13,Chikla,504.5,0.0,5.08,2.18,18.88,1.43,21.46,470.5
2024-11-14,Chikla,504.5,0.0,5.08,2.18,16.69,1.4,18.75,470.45
2024-11-15,Chikla,504.5,0.0,0.0,2.18,14.62,0.7,7.72,476.65
2024-11-16,Chikla,504.5,0.0,0.0,2.18,11.04,1.23,16.29,483.85
2024-11-17,Chikla,504.5,0.0,0.0,2.18,10.52,0.29,3.4,497.87
2024-11-18,Chikla,504.5,0.0,0.0,2.18,9.74,1.01,10.57,486.92
2024-11-19,Chikla,504.5,0.0,0.0,0.0,8.29,1.35,2.84,465.9
2024-11-20,Chikla,504.5,0.0,0.0,0.0,9.63,1.5,1.57,484.63
2024-11-21,Chikla,504.5,0.0,0.0,0.0,10.78,0.05,0.0,502.23
2024-11-22,Chikla,504.5,0.0,0.0,0.0,13.26,1.22,5.21,496.72
2024-11-23,Chikla,504.5,0.0,0.0,0.0,13.07,2.34,3.64,479.03
2024-11-24,Chikla,504.5,0.0,0.0,0.0,13.22,2.1,8.64,478.57
2024-11-25,Chikla,504.5,0.0,0.0,0.0,13.97,1.24,1.66,501.62
2024-11-26,Chikla,504.5,0.0,0.0,0.0,13.53,0.75,37.1,473.21
2024-11-27,Chikla,504.5,0.0,0.0,0.0,14.16,4.78,16.48,443.76
2024-11-28,Chikla,504.5,0.0,0.0,0.0,11.78,1.72,23.27,466.53
2024-11-29,Chikla,504.5,0.0,0.0,0.0,11.8,1.32,8.57,481.32
2024-11-30,Chikla,504.5,0.0,0.0,0.0,12.2,3.8,0.0,460.47
2024-12-01,Chikla,504.5,0.0,0.0,0.0,10.96,0.44,7.33,494.61
2024-12-02,Chikla,504.5,0.0,0.0,0.0,8.34,0.69,13.0,495.5
2024-12-03,Chikla,504.5,0.0,0.0,0.0,9.26,0.0,14.84,498.54
2024-12-04,Chikla,504.5,0.0,0.0,0.0,5.71,1.12,12.19,485.15
2024-12-05,Chikla,504.5,0.0,0.0,0.0,6.05,1.12,7.36,489.58
2024-12-06,Chikla,504.5,0.0,0.0,0.0,5.83,2.03,7.23,480.71
2024-12-07,Chikla,504.5,0.0,0.0,0.0,6.76,2.14,9.61,472.25
2024-12-08,Chikla,504.5,0.0,0.0,0.0,4.95,0.32,0.0,499.17
2024-12-09,Chikla,504.5,0.0,0.0,0.0,5.84,0.05,3.06,490.57
2024-12-10,Chikla,504.5,0.0,0.0,0.0,3.88,0.82,19.05,475.27
2024-12-11,Chikla,504.5,0.0,0.0,0.0,5.44,0.45,17.62,504.46
2024-12-12,Chikla,504.5,0.0,0.0,0.0,6.04,1.08,0.64,490.96
2024-12-13,Chikla,504.5,9.06,3.02,1.29,8.52,0.2,9.94,520.08
2024-12-14,Chikla,504.5,0.0,3.02,1.29,8.64,1.03,5.06,498.22
2024-12-15,Chikla,504.5,0.0,3.02,1.29,8.56,2.22,11.17,480.47
2024-12-16,Chikla,504.5,0.0,0.0,1.29,9.06,1.89,0.0,495.49
2024-12-17,Chikla,504.5,0.0,0.0,1.29,7.96,1.14,10.56,492.08
2024-12-18,Chikla,504.5,0.0,0.0,1.29,10.68,3.83,30.81,463.95
2024-12-19,Chikla,504.5,0.0,0.0,1.29,9.52,0.05,11.78,506.41
2024-12-20,Chikla,504.5,0.0,0.0,0.0,8.91,1.77,10.28,489.12
2024-12-21,Chikla,504.5,3.05,1.02,0.44,11.38,1.11,2.79,502.19
2024-12-22,Chikla,504.5,0.0,1.02,0.44,9.06,2.17,15.16,480.82
2024-12-23,Chikla,504.5,0.0,1.02,0.44,10.22,0.01,5.99,498.38
2024-12-24,Chikla,504.5,0.0,0.0,0.44,8.71,1.65,17.03,477.61
2024-12-25,Chikla,504.5,0.0,0.0,0.44,6.1,0.25,0.0,494.05
2024-12-26,Chikla,504.5,0.0,0.0,0.44,4.75,2.69,16.89,467.87
2024-12-27,Chikla,504.5,0.0,0.0,0.44,7.48,2.11,23.52,484.33
2024-12-28,Chikla,504.5,0.0,0.0,0.0,8.02,1.24,10.0,490.84
2024-12-29,Chikla,504.5,0.0,0.0,0.0,5.07,0.0,8.24,515.73
2024-12-30,Chikla,504.5,0.0,0.0,0.0,3.0,0.88,0.0,501.05
2022-01-01,Tirodi,299.1,0.0,0.0,0.0,13.35,0.94,11.6,284.71
2022-01-02,Tirodi,299.1,0.0,0.0,0.0,12.53,0.35,2.59,300.71
2022-01-03,Tirodi,299.1,5.63,1.88,1.88,12.56,0.68,5.62,290.87
2022-01-04,Tirodi,299.1,0.0,1.88,1.41,11.03,0.0,4.95,300.49
2022-01-05,Tirodi,299.1,0.0,1.88,1.13,11.82,0.44,7.11,289.52
2022-01-06,Tirodi,299.1,0.0,0.0,0.94,12.5,2.17,2.23,289.85
2022-01-07,Tirodi,299.1,0.0,0.0,0.8,11.98,1.4,8.71,283.44
2022-01-08,Tirodi,299.1,0.0,0.0,0.8,11.92,0.0,0.0,300.79
2022-01-09,Tirodi,299.1,0.0,0.0,0.8,11.86,0.0,13.24,298.06
2022-01-10,Tirodi,299.1,0.0,0.0,0.0,10.82,0.27,6.41,296.67
2022-01-11,Tirodi,299.1,2.93,0.98,0.42,11.04,1.77,12.74,294.64
2022-01-12,Tirodi,299.1,0.0,0.98,0.42,8.76,0.0,15.49,311.7
2022-01-13,Tirodi,299.1,0.0,0.98,0.42,6.93,0.0,22.75,285.45
2022-01-14,Tirodi,299.1,0.0,0.0,0.42,7.81,0.9,1.05,299.5
2022-01-15,Tirodi,299.1,0.0,0.0,0.42,7.15,2.52,16.56,278.93
2022-01-16,Tirodi,299.1,0.0,0.0,0.42,8.67,2.02,7.81,284.24
2022-01-17,Tirodi,299.1,0.0,0.0,0.42,9.87,1.98,10.6,285.28
2022-01-18,Tirodi,299.1,0.0,0.0,0.0,8.64,1.88,2.71,284.82
2022-01-19,Tirodi,299.1,0.0,0.0,0.0,8.67,0.04,12.07,296.93
2022-01-20,Tirodi,299.1,0.0,0.0,0.0,8.2,2.05,18.56,281.57
2022-01-21,Tirodi,299.1,0.0,0.0,0.0,8.34,0.19,27.17,296.45
2022-01-22,Tirodi,299.1,0.0,0.0,0.0,6.31,1.06,11.14,282.86
2022-01-23,Tirodi,299.1,0.0,0.0,0.0,5.02,0.66,0.66,301.8
2022-01-24,Tirodi,299.1,0.0,0.0,0.0,3.42,1.99,13.75,274.83
2022-01-25,Tirodi,299.1,2.5,0.83,0.36,3.8,1.34,9.5,296.16
2022-01-26,Tirodi,299.1,0.0,0.83,0.36,6.43,0.11,15.77,303.88
2022-01-27,Tirodi,299.1,2.19,1.56,0.67,6.76,0.87,3.48,291.1
2022-01-28,Tirodi,299.1,0.0,0.73,0.67,5.45,0.9,0.0,293.04
2022-01-29,Tirodi,299.1,0.0,0.73,0.67,5.67,1.39,1.16,285.38
2022-01-30,Tirodi,299.1,0.0,0.0,0.67,6.15,1.32,42.64,279.77
2022-01-31,Tirodi,299.1,0.0,0.0,0.67,8.73,1.64,0.0,290.17
2022-02-01,Tirodi,299.1,0.0,0.0,0.31,9.23,0.8,5.23,293.5
2022-02-02,Tirodi,299.1,0.0,0.0,0.31,8.51,1.31,3.82,288.83
2022-02-03,Tirodi,299.1,0.0,0.0,0.0,9.36,1.48,3.29,289.24
2022-02-04,Tirodi,299.1,1.03,0.34,0.15,8.4,0.34,4.19,291.67
2022-02-05,Tirodi,299.1,0.0,0.34,0.15,9.75,1.1,18.17,292.13
2022-02-06,Tirodi,299.1,0.0,0.34,0.15,10.13,0.14,0.0,292.59
2022-02-07,Tirodi,299.1,0.0,0.0,0.15,10.39,3.7,2.43,287.39
2022-02-08,Tirodi,299.1,0.0,0.0,0.15,9.11,1.19,31.64,279.5
2022-02-09,Tirodi,299.1,0.0,0.0,0.15,8.12,1.79,0.0,298.66
2022-02-10,Tirodi,299.1,0.0,0.0,0.15,7.19,0.2,5.16,304.98
2022-02-11,Tirodi,299.1,3.58,1.19,0.51,8.39,0.0,13.58,298.03
2022-02-12,Tirodi,299.1,0.0,1.19,0.51,6.7,0.69,13.97,293.15
2022-02-13,Tirodi,299.1,0.0,1.19,0.51,6.72,2.38,33.4,277.84
2022-02-14,Tirodi,299.1,0.0,0.0,0.51,4.87,1.12,0.76,284.18
2022-02-15,Tirodi,299.1,0.0,0.0,0.51,7.39,0.96,16.75,307.48
2022-02-16,Tirodi,299.1,0.0,0.0,0.51,9.25,0.12,17.36,294.86
2022-02-17,Tirodi,299.1,0.0,0.0,0.51,6.24,1.97,2.55,286.97
2022-02-18,Tirodi,299.1,0.0,0.0,0.0,7.49,1.02,1.43,284.71
2022-02-19,Tirodi,299.1,0.0,0.0,0.0,7.48,1.27,5.08,295.78
2022-02-20,Tirodi,299.1,0.0,0.0,0.0,6.35,0.21,5.68,295.51
2022-02-21,Tirodi,299.1,0.0,0.0,0.0,6.09,1.64,11.31,275.0
2022-02-22,Tirodi,299.1,0.0,0.0,0.0,5.8,0.57,1.73,292.77
2022-02-23,Tirodi,299.1,0.0,0.0,0.0,4.95,1.23,1.11,293.08
2022-02-24,Tirodi,299.1,0.0,0.0,0.0,6.43,1.97,16.48,284.88
2022-02-25,Tirodi,299.1,0.0,0.0,0.0,4.97,1.22,24.85,280.86
2022-02-26,Tirodi,299.1,0.0,0.0,0.0,5.99,0.0,26.53,300.32
2022-02-27,Tirodi,299.1,0.0,0.0,0.0,4.66,1.61,6.72,286.57
2022-02-28,Tirodi,299.1,0.0,0.0,0.0,3.31,1.84,20.82,279.28
2022-03-01,Tirodi,299.1,0.0,0.0,0.0,4.98,1.38,21.84,279.81
2022-03-02,Tirodi,299.1,0.0,0.0,0.0,4.42,1.72,3.05,287.05
2022-03-03,Tirodi,299.1,0.0,0.0,0.0,3.03,0.89,22.64,281.3
2022-03-04,Tirodi,299.1,0.0,0.0,0.0,3.0,0.0,10.01,303.79
2022-03-05,Tirodi,299.1,0.0,0.0,0.0,3.0,1.84,13.43,278.26
2022-03-06,Tirodi,299.1,0.0,0.0,0.0,3.87,0.11,9.16,301.24
2022-03-07,Tirodi,299.1,0.0,0.0,0.0,4.51,1.4,23.95,281.49
2022-03-08,Tirodi,299.1,0.0,0.0,0.0,4.24,3.18,0.89,276.24
2022-03-09,Tirodi,299.1,0.0,0.0,0.0,5.99,2.4,9.78,284.62
2022-03-10,Tirodi,299.1,0.0,0.0,0.0,5.36,0.28,7.31,299.81
2022-03-11,Tirodi,299.1,0.0,0.0,0.0,5.18,0.0,4.91,304.89
2022-03-12,Tirodi,299.1,0.0,0.0,0.0,4.33,0.72,0.22,288.25
2022-03-13,Tirodi,299.1,0.0,0.0,0.0,4.25,1.06,14.74,293.64
2022-03-14,Tirodi,299.1,0.0,0.0,0.0,3.25,0.36,6.62,291.44
2022-03-15,Tirodi,299.1,0.0,0.0,0.0,5.56,0.06,7.27,297.58
2022-03-16,Tirodi,299.1,0.0,0.0,0.0,6.62,0.0,16.12,302.59
2022-03-17,Tirodi,299.1,0.0,0.0,0.0,7.0,3.23,0.0,280.37
2022-03-18,Tirodi,299.1,0.0,0.0,0.0,5.86,2.88,21.19,271.64
2022-03-19,Tirodi,299.1,0.0,0.0,0.0,5.72,0.23,0.0,297.15
2022-03-20,Tirodi,299.1,0.0,0.0,0.0,3.62,1.01,2.89,291.6
2022-03-21,Tirodi,299.1,0.0,0.0,0.0,3.69,0.89,1.7,295.86
2022-03-22,Tirodi,299.1,0.0,0.0,0.0,3.0,0.78,13.66,297.0
2022-03-23,Tirodi,299.1,0.0,0.0,0.0,3.59,2.47,0.0,284.29
2022-03-24,Tirodi,299.1,0.0,0.0,0.0,4.02,0.38,0.78,298.14
2022-03-25,Tirodi,299.1,0.0,0.0,0.0,3.98,0.08,8.72,291.8
2022-03-26,Tirodi,299.1,0.0,0.0,0.0,3.49,0.0,2.67,291.26
2022-03-27,Tirodi,299.1,0.0,0.0,0.0,3.94,0.0,5.4,303.31
2022-03-28,Tirodi,299.1,0.0,0.0,0.0,3.95,1.29,8.78,290.5
2022-03-29,Tirodi,299.1,0.0,0.0,0.0,3.96,0.55,17.84,282.97
2022-03-30,Tirodi,299.1,0.0,0.0,0.0,3.79,0.85,0.0,301.77
2022-03-31,Tirodi,299.1,0.0,0.0,0.0,4.15,0.0,1.43,308.42
2022-04-01,Tirodi,299.1,0.0,0.0,0.0,3.0,0.0,6.77,292.63
2022-04-02,Tirodi,299.1,0.0,0.0,0.0,3.0,4.74,2.03,276.25
2022-04-03,Tirodi,299.1,0.0,0.0,0.0,3.0,5.39,7.4,258.54
2022-04-04,Tirodi,299.1,3.12,1.04,0.45,3.0,0.71,0.0,290.51
2022-04-05,Tirodi,299.1,0.0,1.04,0.45,3.0,0.71,5.65,274.9
2022-04-06,Tirodi,299.1,0.0,1.04,0.45,3.75,0.71,25.69,276.12
2022-04-07,Tirodi,299.1,4.61,1.54,1.1,6.21,2.9,2.05,279.22
2022-04-08,Tirodi,299.1,0.0,1.54,1.1,5.25,0.44,11.42,288.61
2022-04-09,Tirodi,299.1,0.0,1.54,1.1,5.33,0.92,8.05,277.56
2022-04-10,Tirodi,299.1,0.0,0.0,1.1,3.22,1.19,15.21,281.0
2022-04-11,Tirodi,299.1,0.0,0.0,0.66,4.97,3.94,16.69,264.21
2022-04-12,Tirodi,299.1,0.0,0.0,0.66,4.92,8.8,1.91,241.26
2022-04-13,Tirodi,299.1,0.0,0.0,0.66,4.18,0.0,5.31,307.53
2022-04-14,Tirodi,299.1,0.0,0.0,0.0,4.11,0.11,12.21,295.39
2022-04-15,Tirodi,299.1,0.0,0.0,0.0,3.0,1.17,10.2,297.13
2022-04-16,Tirodi,299.1,0.0,0.0,0.0,3.4,0.93,6.77,291.12
2022-04-17,Tirodi,299.1,0.0,0.0,0.0,3.0,0.19,3.1,298.04
2022-04-18,Tirodi,299.1,0.0,0.0,0.0,3.79,1.76,2.63,281.44
2022-04-19,Tirodi,299.1,0.0,0.0,0.0,4.09,2.59,20.48,282.92
2022-04-20,Tirodi,299.1,0.0,0.0,0.0,5.47,1.29,0.0,288.36
2022-04-21,Tirodi,299.1,0.0,0.0,0.0,5.87,1.37,0.0,286.75
2022-04-22,Tirodi,299.1,7.82,2.61,1.12,7.61,0.81,0.0,288.62
2022-04-23,Tirodi,299.1,0.0,2.61,1.12,7.42,0.97,5.18,284.43
2022-04-24,Tirodi,299.1,0.0,2.61,1.12,5.75,2.26,21.75,278.22
2022-04-25,Tirodi,299.1,0.0,0.0,1.12,4.25,3.26,13.81,276.73
2022-04-26,Tirodi,299.1,0.0,0.0,1.12,3.0,1.0,1.56,297.25
2022-04-27,Tirodi,299.1,0.0,0.0,1.12,3.0,1.45,3.23,291.73
2022-04-28,Tirodi,299.1,2.49,0.83,1.47,3.58,0.0,30.48,299.84
2022-04-29,Tirodi,299.1,3.47,1.99,0.85,4.57,0.99,3.69,289.43
2022-04-30,Tirodi,299.1,0.0,1.99,0.85,4.01,1.14,5.58,282.34
2022-05-01,Tirodi,299.1,0.0,1.16,0.85,5.62,0.87,3.54,288.54
2022-05-02,Tirodi,299.1,0.0,0.0,0.85,6.3,0.8,0.0,291.98
2022-05-03,Tirodi,299.1,0.0,0.0,0.85,6.44,2.78,6.67,271.15
2022-05-04,Tirodi,299.1,0.0,0.0,0.85,6.12,0.11,0.0,303.09
2022-05-05,Tirodi,299.1,15.16,5.05,2.66,11.32,1.84,22.15,274.68
2022-05-06,Tirodi,299.1,0.0,5.05,2.17,10.33,0.34,2.92,292.23
2022-05-07,Tirodi,299.1,0.0,5.05,2.17,10.31,2.44,11.62,275.25
2022-05-08,Tirodi,299.1,0.0,0.0,2.17,12.04,1.77,0.0,287.03
2022-05-09,Tirodi,299.1,0.0,0.0,2.17,10.76,2.8,19.53,276.23
2022-05-10,Tirodi,299.1,0.0,0.0,2.17,8.86,1.3,3.02,293.79
2022-05-11,Tirodi,299.1,13.35,4.45,4.07,11.95,1.83,20.9,285.6
2022-05-12,Tirodi,299.1,0.0,4.45,1.91,10.61,0.3,0.51,296.82
2022-05-13,Tirodi,299.1,7.35,6.9,2.96,11.39,0.71,0.81,297.91
2022-05-14,Tirodi,299.1,20.28,9.21,5.85,19.93,4.49,5.76,263.7
2022-05-15,Tirodi,299.1,0.0,9.21,5.85,17.41,0.0,0.0,303.25
2022-05-16,Tirodi,299.1,0.0,6.76,5.85,15.85,3.0,19.34,270.4
2022-05-17,Tirodi,299.1,0.0,0.0,5.85,13.29,0.91,0.0,294.23
2022-05-18,Tirodi,299.1,0.0,0.0,3.95,12.9,0.0,17.55,296.21
2022-05-19,Tirodi,299.1,0.0,0.0,3.95,13.03,0.5,15.9,298.18
2022-05-20,Tirodi,299.1,0.0,0.0,2.9,12.2,0.7,19.48,290.59
2022-05-21,Tirodi,299.1,2.56,0.85,0.37,12.3,0.28,13.84,293.35
2022-05-22,Tirodi,299.1,0.0,0.85,0.37,11.73,0.46,5.34,292.7
2022-05-23,Tirodi,299.1,0.0,0.85,0.37,12.04,0.14,13.66,289.86
2022-05-24,Tirodi,299.1,0.0,0.0,0.37,11.32,0.12,13.35,296.59
2022-05-25,Tirodi,299.1,12.03,4.01,2.08,13.48,0.55,17.27,291.88
2022-05-26,Tirodi,299.1,0.0,4.01,2.08,15.59,2.37,4.29,276.64
2022-05-27,Tirodi,299.1,8.36,6.8,3.28,19.68,1.07,3.49,286.03
2022-05-28,Tirodi,299.1,0.0,2.79,2.91,17.02,0.97,15.22,293.22
2022-05-29,Tirodi,299.1,0.0,2.79,2.91,15.36,0.19,13.44,292.09
2022-05-30,Tirodi,299.1,0.0,0.0,2.91,14.62,1.56,14.15,282.44
2022-05-31,Tirodi,299.1,0.0,0.0,2.91,12.97,0.51,0.93,293.11
2022-06-01,Tirodi,299.1,89.8,29.93,14.02,43.13,0.64,7.45,257.41
2022-06-02,Tirodi,299.1,0.0,29.93,14.02,39.77,0.0,2.93,281.28
2022-06-03,Tirodi,299.1,51.88,47.23,20.24,54.55,1.64,0.0,251.97
2022-06-04,Tirodi,299.1,38.33,30.07,25.72,60.0,0.96,9.87,260.11
2022-06-05,Tirodi,299.1,0.0,30.07,25.72,56.49,0.29,0.0,265.21
2022-06-06,Tirodi,299.1,0.0,12.78,25.72,52.12,1.0,10.86,263.18
2022-06-07,Tirodi,299.1,0.0,0.0,25.72,50.24,0.32,11.84,269.69
2022-06-08,Tirodi,299.1,0.0,0.0,12.89,46.7,1.14,3.69,262.13
2022-06-09,Tirodi,299.1,0.0,0.0,12.89,43.36,0.72,4.27,265.36
2022-06-10,Tirodi,299.1,0.0,0.0,5.48,41.9,0.84,20.7,264.87
2022-06-11,Tirodi,299.1,44.93,14.98,6.42,53.19,1.04,6.69,253.02
2022-06-12,Tirodi,299.1,0.0,14.98,6.42,51.22,0.21,13.89,266.8
2022-06-13,Tirodi,299.1,0.0,14.98,6.42,48.32,0.89,10.28,265.32
2022-06-14,Tirodi,299.1,15.3,5.1,8.6,51.76,0.91,0.0,263.65
2022-06-15,Tirodi,299.1,0.0,5.1,8.6,47.41,0.31,15.37,274.4
2022-06-16,Tirodi,299.1,27.87,14.39,12.59,55.39,2.32,14.22,255.35
2022-06-17,Tirodi,299.1,0.0,9.29,12.59,54.24,2.3,0.0,256.14
2022-06-18,Tirodi,299.1,0.0,9.29,6.17,50.62,3.81,39.18,239.89
2022-06-19,Tirodi,299.1,93.86,31.29,19.58,60.0,2.05,16.76,242.78
2022-06-20,Tirodi,299.1,76.24,56.7,30.47,60.0,1.78,3.46,235.78
2022-06-21,Tirodi,299.1,37.16,69.09,33.59,60.0,0.93,0.0,249.84
2022-06-22,Tirodi,299.1,0.0,37.8,33.59,55.89,2.25,14.18,259.47
2022-06-23,Tirodi,299.1,0.0,12.39,29.61,51.8,0.5,8.51,263.22
2022-06-24,Tirodi,299.1,30.6,10.2,33.98,60.0,2.28,9.47,244.86
2022-06-25,Tirodi,299.1,0.0,10.2,33.98,55.91,0.67,0.0,258.09
2022-06-26,Tirodi,299.1,21.93,17.51,23.7,60.0,0.93,4.92,250.92
2022-06-27,Tirodi,299.1,69.21,30.38,22.7,60.0,0.38,16.93,245.64
2022-06-28,Tirodi,299.1,24.17,38.43,20.84,60.0,1.4,16.1,257.83
2022-06-29,Tirodi,299.1,0.0,31.13,20.84,54.47,0.12,3.57,269.98
2022-06-30,Tirodi,299.1,112.07,45.41,36.85,60.0,2.59,28.53,215.63
2022-07-01,Tirodi,299.1,3.27,38.45,32.95,57.8,0.5,5.47,258.64
2022-07-02,Tirodi,299.1,0.0,38.45,32.95,55.68,0.6,0.0,262.77
2022-07-03,Tirodi,299.1,10.8,4.69,31.36,56.09,0.08,7.04,272.54
2022-07-04,Tirodi,299.1,21.9,10.9,24.6,59.15,1.09,12.24,256.47
2022-07-05,Tirodi,299.1,0.0,10.9,21.15,57.11,1.94,10.41,248.8
2022-07-06,Tirodi,299.1,17.25,13.05,23.62,58.36,0.51,5.45,266.72
2022-07-07,Tirodi,299.1,0.0,5.75,7.6,56.43,0.88,11.73,259.61
2022-07-08,Tirodi,299.1,0.0,5.75,7.14,53.39,2.33,8.59,248.83
2022-07-09,Tirodi,299.1,0.0,0.0,7.14,50.9,1.48,5.98,261.87
2022-07-10,Tirodi,299.1,0.0,0.0,5.59,49.64,0.33,9.46,259.88
2022-07-11,Tirodi,299.1,40.4,13.47,8.24,59.41,2.74,3.83,234.84
2022-07-12,Tirodi,299.1,0.0,13.47,8.24,56.32,0.0,0.0,266.81
2022-07-13,Tirodi,299.1,0.0,13.47,5.77,52.49,0.0,5.92,271.12
2022-07-14,Tirodi,299.1,13.37,4.46,7.68,52.68,0.64,34.18,257.06
2022-07-15,Tirodi,299.1,30.54,14.64,12.04,60.0,1.7,25.91,252.88
2022-07-16,Tirodi,299.1,0.0,14.64,12.04,57.67,0.62,11.06,260.34
2022-07-17,Tirodi,299.1,24.4,18.31,15.53,60.0,1.11,13.56,244.6
2022-07-18,Tirodi,299.1,16.48,13.63,12.11,60.0,0.37,17.46,256.09
2022-07-19,Tirodi,299.1,43.88,28.26,18.38,60.0,1.06,23.3,247.59
2022-07-20,Tirodi,299.1,0.0,20.12,18.38,57.82,1.27,8.55,260.17
2022-07-21,Tirodi,299.1,90.25,44.71,29.36,60.0,3.1,15.57,230.66
2022-07-22,Tirodi,299.1,0.0,30.08,25.0,54.94,0.03,16.61,262.06
2022-07-23,Tirodi,299.1,0.0,30.08,25.0,50.14,2.59,12.91,253.92
2022-07-24,Tirodi,299.1,2.9,0.97,21.93,49.93,0.88,5.7,273.32
2022-07-25,Tirodi,299.1,0.0,0.97,19.58,49.25,0.57,1.98,272.2
2022-07-26,Tirodi,299.1,133.28,45.39,32.35,60.0,3.28,27.66,205.46
2022-07-27,Tirodi,299.1,47.9,60.39,39.19,60.0,1.65,7.89,254.03
2022-07-28,Tirodi,299.1,0.0,60.39,26.3,58.85,1.27,9.9,251.59
2022-07-29,Tirodi,299.1,81.5,43.13,37.94,60.0,0.8,9.08,246.88
2022-07-30,Tirodi,299.1,33.95,38.48,42.79,60.0,1.13,0.0,257.33
2022-07-31,Tirodi,299.1,112.2,75.88,58.4,60.0,1.52,21.65,231.42
2022-08-01,Tirodi,299.1,196.93,114.36,86.54,60.0,3.29,23.42,178.43
2022-08-02,Tirodi,299.1,33.88,114.34,72.34,60.0,0.77,36.96,248.28
2022-08-03,Tirodi,299.1,0.0,76.94,65.49,57.7,1.48,9.04,255.39
2022-08-04,Tirodi,299.1,0.0,11.29,65.49,53.84,0.0,15.29,261.67
2022-08-05,Tirodi,299.1,54.22,18.07,61.6,60.0,0.89,0.0,245.96
2022-08-06,Tirodi,299.1,0.0,18.07,56.75,58.52,1.56,9.61,258.58
2022-08-07,Tirodi,299.1,12.26,22.16,42.47,57.22,1.26,0.0,257.02
2022-08-08,Tirodi,299.1,11.02,7.76,15.91,57.34,1.24,2.46,250.7
2022-08-09,Tirodi,299.1,38.3,20.53,16.54,60.0,0.54,21.05,258.81
2022-08-10,Tirodi,299.1,58.61,35.98,24.92,60.0,0.5,15.58,252.36
2022-08-11,Tirodi,299.1,37.93,44.95,30.34,60.0,3.39,12.66,244.07
2022-08-12,Tirodi,299.1,0.0,32.18,22.59,56.74,0.34,8.9,254.37
2022-08-13,Tirodi,299.1,16.36,18.1,24.93,58.93,1.61,0.0,259.95
2022-08-14,Tirodi,299.1,110.25,42.2,38.93,60.0,1.0,24.97,229.24
2022-08-15,Tirodi,299.1,0.0,42.2,37.35,54.12,0.74,2.54,266.65
2022-08-16,Tirodi,299.1,124.11,78.12,49.61,60.0,3.61,22.89,217.79
2022-08-17,Tirodi,299.1,42.98,55.7,47.38,60.0,1.95,30.38,239.99
2022-08-18,Tirodi,299.1,19.38,62.16,44.73,60.0,0.57,8.04,260.93
2022-08-19,Tirodi,299.1,0.0,20.79,44.73,55.1,2.11,7.63,257.21
2022-08-20,Tirodi,299.1,44.64,21.34,48.77,60.0,0.99,1.67,262.08
2022-08-21,Tirodi,299.1,39.93,28.19,38.72,60.0,1.6,5.91,260.38
2022-08-22,Tirodi,299.1,91.02,58.53,51.72,60.0,5.39,8.88,212.85
2022-08-23,Tirodi,299.1,183.92,104.96,60.27,60.0,2.93,25.96,187.63
2022-08-24,Tirodi,299.1,0.0,91.65,54.13,57.77,1.43,0.27,258.06
2022-08-25,Tirodi,299.1,39.9,74.6,57.06,60.0,0.88,14.61,248.3
2022-08-26,Tirodi,299.1,0.0,13.3,57.06,56.91,0.54,10.38,270.2
2022-08-27,Tirodi,299.1,39.9,26.6,56.38,60.0,4.24,25.88,231.41
2022-08-28,Tirodi,299.1,0.0,13.3,50.68,56.73,0.62,0.99,258.58
2022-08-29,Tirodi,299.1,0.0,13.3,37.67,52.04,0.0,16.68,262.34
2022-08-30,Tirodi,299.1,62.79,20.93,20.37,60.0,0.44,3.2,259.23
2022-08-31,Tirodi,299.1,81.06,47.95,31.95,60.0,0.26,9.12,247.41
2022-09-01,Tirodi,299.1,0.0,47.95,26.25,56.21,0.7,0.0,271.87
2022-09-02,Tirodi,299.1,0.0,27.02,26.25,54.23,1.1,16.67,252.04
2022-09-03,Tirodi,299.1,0.0,0.0,20.55,50.55,0.68,26.97,259.78
2022-09-04,Tirodi,299.1,0.0,0.0,20.55,46.62,1.29,1.69,258.41
2022-09-05,Tirodi,299.1,117.23,39.08,37.3,60.0,2.03,10.14,225.97
2022-09-06,Tirodi,299.1,42.38,53.2,34.38,60.0,0.0,10.51,260.2
2022-09-07,Tirodi,299.1,0.0,53.2,22.8,58.07,0.42,18.71,251.3
2022-09-08,Tirodi,299.1,0.0,14.13,22.8,55.65,0.65,7.35,255.39
2022-09-09,Tirodi,299.1,0.0,0.0,22.8,51.91,0.59,10.78,265.15
2022-09-10,Tirodi,299.1,42.14,14.05,28.82,60.0,2.23,13.96,248.75
2022-09-11,Tirodi,299.1,33.39,25.17,33.59,60.0,0.17,0.94,263.43
2022-09-12,Tirodi,299.1,60.06,45.19,25.42,60.0,0.59,13.06,255.87
2022-09-13,Tirodi,299.1,98.38,63.94,33.42,60.0,2.03,58.8,228.28
2022-09-14,Tirodi,299.1,41.75,66.73,39.39,60.0,0.82,7.52,257.26
2022-09-15,Tirodi,299.1,0.0,46.71,39.39,56.49,2.16,0.0,248.7
2022-09-16,Tirodi,299.1,16.35,19.37,41.72,58.04,1.6,3.61,256.06
2022-09-17,Tirodi,299.1,0.0,5.45,35.7,54.85,1.87,11.76,251.22
2022-09-18,Tirodi,299.1,15.34,10.56,33.13,56.43,1.7,2.13,255.41
2022-09-19,Tirodi,299.1,0.0,5.11,24.55,52.32,0.01,0.0,268.94
2022-09-20,Tirodi,299.1,0.0,5.11,10.49,49.44,0.0,8.78,269.7
2022-09-21,Tirodi,299.1,43.35,14.45,10.72,60.0,3.01,8.77,240.63
2022-09-22,Tirodi,299.1,0.0,14.45,10.72,55.0,0.62,4.05,266.48
2022-09-23,Tirodi,299.1,0.0,14.45,8.38,51.55,1.66,11.41,260.67
2022-09-24,Tirodi,299.1,57.78,19.26,16.64,60.0,2.41,12.6,238.05
2022-09-25,Tirodi,299.1,21.81,26.53,17.56,60.0,1.65,17.0,257.35
2022-09-26,Tirodi,299.1,44.87,41.49,23.97,60.0,0.55,8.47,254.05
2022-09-27,Tirodi,299.1,0.0,22.23,23.97,57.35,0.16,11.21,259.77
2022-09-28,Tirodi,299.1,32.67,25.85,22.45,60.0,1.31,0.0,262.7
2022-09-29,Tirodi,299.1,22.44,18.37,25.65,60.0,1.67,15.34,245.61
2022-09-30,Tirodi,299.1,46.16,33.76,32.25,60.0,0.6,7.71,258.86
2022-10-01,Tirodi,299.1,0.0,22.87,23.99,57.31,0.32,14.0,263.74
2022-10-02,Tirodi,299.1,0.0,15.39,20.88,55.2,0.25,15.54,265.43
2022-10-03,Tirodi,299.1,0.0,0.0,14.47,51.8,0.22,7.99,266.18
2022-10-04,Tirodi,299.1,0.0,0.0,14.47,49.41,0.58,10.15,266.34
2022-10-05,Tirodi,299.1,0.0,0.0,9.8,47.25,3.24,12.9,250.09
2022-10-06,Tirodi,299.1,0.0,0.0,6.59,44.38,0.15,11.65,269.57
2022-10-07,Tirodi,299.1,0.0,0.0,0.0,40.9,0.09,8.46,273.0
2022-10-08,Tirodi,299.1,0.0,0.0,0.0,37.32,0.45,29.12,283.04
2022-10-09,Tirodi,299.1,3.78,1.26,0.54,39.48,0.91,5.7,267.78
2022-10-10,Tirodi,299.1,0.0,1.26,0.54,37.24,0.47,9.21,274.4
2022-10-11,Tirodi,299.1,0.0,1.26,0.54,34.59,2.68,7.97,268.45
2022-10-12,Tirodi,299.1,0.0,0.0,0.54,32.16,0.0,9.74,281.74
2022-10-13,Tirodi,299.1,0.0,0.0,0.54,32.9,3.71,0.0,271.33
2022-10-14,Tirodi,299.1,0.0,0.0,0.54,30.08,1.09,0.0,272.08
2022-10-15,Tirodi,299.1,16.15,5.38,2.85,33.67,0.71,15.81,273.61
2022-10-16,Tirodi,299.1,23.89,13.35,5.72,39.99,0.15,10.7,281.55
2022-10-17,Tirodi,299.1,0.0,13.35,5.72,38.65,0.0,3.64,271.62
2022-10-18,Tirodi,299.1,0.0,7.96,5.72,34.55,1.58,5.78,280.3
2022-10-19,Tirodi,299.1,0.0,0.0,5.72,32.09,1.28,4.81,276.39
2022-10-20,Tirodi,299.1,55.41,18.47,13.64,50.3,0.91,12.13,251.43
2022-10-21,Tirodi,299.1,4.97,20.13,14.35,48.66,0.65,0.0,271.3
2022-10-22,Tirodi,299.1,0.0,20.13,12.04,45.08,1.02,29.9,257.9
2022-10-23,Tirodi,299.1,37.94,14.3,14.05,57.54,1.33,11.97,252.39
2022-10-24,Tirodi,299.1,0.0,12.65,14.05,53.97,0.14,19.94,260.98
2022-10-25,Tirodi,299.1,0.0,12.65,14.05,51.81,1.4,3.73,264.18
2022-10-26,Tirodi,299.1,0.0,0.0,14.05,50.25,0.0,0.0,280.2
2022-10-27,Tirodi,299.1,0.0,0.0,6.13,48.66,1.33,0.0,271.02
2022-10-28,Tirodi,299.1,9.83,3.28,6.82,49.23,1.79,11.42,254.82
2022-10-29,Tirodi,299.1,0.0,3.28,6.82,45.69,0.68,8.72,268.05
2022-10-30,Tirodi,299.1,56.39,22.07,9.46,60.0,0.03,33.58,239.38
2022-10-31,Tirodi,299.1,0.0,18.8,9.46,57.0,2.09,8.74,251.62
2022-11-01,Tirodi,299.1,0.0,18.8,9.46,54.94,1.6,0.0,252.68
2022-11-02,Tirodi,299.1,0.0,0.0,9.46,49.17,5.88,14.31,224.35
2022-11-03,Tirodi,299.1,0.0,0.0,9.46,46.56,1.91,0.0,253.65
2022-11-04,Tirodi,299.1,0.0,0.0,8.06,44.0,0.65,10.08,275.93
2022-11-05,Tirodi,299.1,0.0,0.0,8.06,41.36,0.03,14.82,273.83
2022-11-06,Tirodi,299.1,0.0,0.0,0.0,39.22,1.99,39.39,266.52
2022-11-07,Tirodi,299.1,0.0,0.0,0.0,35.56,1.27,12.79,274.03
2022-11-08,Tirodi,299.1,0.0,0.0,0.0,33.01,1.68,4.89,278.89
2022-11-09,Tirodi,299.1,0.0,0.0,0.0,31.5,1.28,18.7,272.03
2022-11-10,Tirodi,299.1,11.96,3.99,1.71,32.81,0.83,24.66,275.74
2022-11-11,Tirodi,299.1,0.0,3.99,1.71,30.3,1.09,15.44,283.73
2022-11-12,Tirodi,299.1,0.0,3.99,1.71,27.55,0.24,2.42,297.17
2022-11-13,Tirodi,299.1,0.0,0.0,1.71,24.99,1.03,3.4,279.96
2022-11-14,Tirodi,299.1,0.0,0.0,1.71,23.51,0.0,7.79,296.0
2022-11-15,Tirodi,299.1,0.0,0.0,1.71,24.44,0.36,8.58,286.27
2022-11-16,Tirodi,299.1,5.27,1.76,2.46,22.63,0.28,11.81,307.6
2022-11-17,Tirodi,299.1,3.34,2.87,1.23,21.47,3.07,7.22,283.47
2022-11-18,Tirodi,299.1,0.0,2.87,1.23,21.71,2.34,7.51,268.92
2022-11-19,Tirodi,299.1,0.0,1.11,1.23,21.74,2.32,7.12,281.96
2022-11-20,Tirodi,299.1,0.0,0.0,1.23,23.12,1.06,1.15,284.43
2022-11-21,Tirodi,299.1,0.0,0.0,1.23,21.72,0.57,1.09,292.81
2022-11-22,Tirodi,299.1,0.0,0.0,1.23,21.17,1.2,0.13,293.62
2022-11-23,Tirodi,299.1,0.0,0.0,0.48,19.29,0.78,20.85,286.83
2022-11-24,Tirodi,299.1,0.0,0.0,0.0,18.44,0.82,6.11,295.42
2022-11-25,Tirodi,299.1,0.0,0.0,0.0,15.76,1.98,17.58,295.97
2022-11-26,Tirodi,299.1,0.0,0.0,0.0,14.65,1.71,2.74,289.97
2022-11-27,Tirodi,299.1,0.0,0.0,0.0,14.13,1.57,16.97,288.05
2022-11-28,Tirodi,299.1,0.0,0.0,0.0,14.98,3.28,8.09,269.66
2022-11-29,Tirodi,299.1,0.0,0.0,0.0,15.82,0.89,0.14,288.5
2022-11-30,Tirodi,299.1,0.0,0.0,0.0,15.95,0.66,4.07,302.59
2022-12-01,Tirodi,299.1,0.0,0.0,0.0,15.56,1.82,27.38,276.36
2022-12-02,Tirodi,299.1,0.0,0.0,0.0,13.05,1.87,7.4,292.64
2022-12-03,Tirodi,299.1,0.0,0.0,0.0,12.53,0.98,0.0,302.33
2022-12-04,Tirodi,299.1,0.0,0.0,0.0,10.73,0.88,12.82,291.78
2022-12-05,Tirodi,299.1,0.0,0.0,0.0,9.69,0.7,5.1,292.24
2022-12-06,Tirodi,299.1,0.0,0.0,0.0,8.66,0.01,1.11,299.4
2022-12-07,Tirodi,299.1,0.0,0.0,0.0,7.64,0.89,0.93,291.69
2022-12-08,Tirodi,299.1,0.0,0.0,0.0,5.95,0.5,0.0,297.82
2022-12-09,Tirodi,299.1,0.0,0.0,0.0,5.0,0.73,12.64,290.9
2022-12-10,Tirodi,299.1,2.58,0.86,0.37,5.5,3.35,4.94,278.11
2022-12-11,Tirodi,299.1,0.0,0.86,0.37,5.22,1.98,13.89,278.97
2022-12-12,Tirodi,299.1,0.0,0.86,0.37,6.51,0.0,8.15,293.47
2022-12-13,Tirodi,299.1,0.0,0.0,0.37,3.86,1.37,16.32,290.14
2022-12-14,Tirodi,299.1,0.0,0.0,0.37,3.88,0.79,8.62,294.43
2022-12-15,Tirodi,299.1,0.0,0.0,0.37,4.11,1.69,10.46,288.29
2022-12-16,Tirodi,299.1,0.0,0.0,0.37,4.27,0.48,16.92,302.12
2022-12-17,Tirodi,299.1,0.0,0.0,0.0,3.0,0.13,17.46,282.4
2022-12-18,Tirodi,299.1,0.0,0.0,0.0,3.0,1.65,0.62,296.77
2022-12-19,Tirodi,299.1,0.0,0.0,0.0,3.0,1.67,3.99,294.28
2022-12-20,Tirodi,299.1,0.0,0.0,0.0,3.0,0.0,5.57,310.32
2022-12-21,Tirodi,299.1,0.0,0.0,0.0,3.14,1.75,11.58,283.43
2022-12-22,Tirodi,299.1,0.0,0.0,0.0,3.5,0.94,5.37,292.44
2022-12-23,Tirodi,299.1,0.0,0.0,0.0,3.38,1.57,6.23,289.81
2022-12-24,Tirodi,299.1,0.0,0.0,0.0,3.46,0.5,2.95,289.95
2022-12-25,Tirodi,299.1,0.0,0.0,0.0,3.74,0.0,5.43,297.76
2022-12-26,Tirodi,299.1,0.0,0.0,0.0,5.38,1.09,25.65,285.15
2022-12-27,Tirodi,299.1,0.0,0.0,0.0,5.31,0.55,8.57,298.93
2022-12-28,Tirodi,299.1,0.0,0.0,0.0,6.71,1.65,7.48,288.24
2022-12-29,Tirodi,299.1,0.0,0.0,0.0,4.57,0.67,6.34,294.71
2022-12-30,Tirodi,299.1,0.0,0.0,0.0,4.77,2.4,14.46,273.81
2022-12-31,Tirodi,299.1,0.0,0.0,0.0,4.16,2.59,26.49,286.66
2023-01-01,Tirodi,299.1,0.0,0.0,0.0,3.22,1.15,4.24,295.96
2023-01-02,Tirodi,299.1,0.0,0.0,0.0,3.0,0.54,3.45,301.74
2023-01-03,Tirodi,299.1,0.0,0.0,0.0,3.0,0.87,8.26,287.23
2023-01-04,Tirodi,299.1,0.0,0.0,0.0,3.83,1.29,6.03,302.15
2023-01-05,Tirodi,299.1,0.0,0.0,0.0,3.22,0.19,8.08,295.84
2023-01-06,Tirodi,299.1,0.0,0.0,0.0,3.0,0.51,10.26,290.73
2023-01-07,Tirodi,299.1,0.0,0.0,0.0,4.01,0.41,0.47,301.17
2023-01-08,Tirodi,299.1,0.0,0.0,0.0,3.0,0.72,14.42,292.16
2023-01-09,Tirodi,299.1,0.0,0.0,0.0,3.0,0.83,0.0,296.89
2023-01-10,Tirodi,299.1,0.0,0.0,0.0,3.39,0.8,2.39,297.86
2023-01-11,Tirodi,299.1,0.0,0.0,0.0,3.37,1.55,0.84,293.01
2023-01-12,Tirodi,299.1,1.23,0.41,0.18,3.85,2.51,17.62,273.85
2023-01-13,Tirodi,299.1,5.17,2.13,0.91,6.35,0.63,25.51,290.27
2023-01-14,Tirodi,299.1,0.0,2.13,0.91,6.99,1.62,4.44,296.15
2023-01-15,Tirodi,299.1,0.0,1.72,0.91,6.08,0.1,0.3,294.3
2023-01-16,Tirodi,299.1,0.0,0.0,0.91,4.46,0.68,10.15,297.31
2023-01-17,Tirodi,299.1,0.0,0.0,0.91,4.46,0.92,16.75,292.03
2023-01-18,Tirodi,299.1,0.0,0.0,0.91,5.87,0.68,6.38,303.62
2023-01-19,Tirodi,299.1,0.0,0.0,0.74,6.45,0.03,9.91,288.26
2023-01-20,Tirodi,299.1,0.0,0.0,0.0,7.01,2.49,3.36,290.54
2023-01-21,Tirodi,299.1,0.0,0.0,0.0,5.98,4.19,13.36,263.2
2023-01-22,Tirodi,299.1,0.0,0.0,0.0,4.64,0.0,0.0,294.76
2023-01-23,Tirodi,299.1,0.0,0.0,0.0,6.8,0.06,1.41,291.99
2023-01-24,Tirodi,299.1,0.0,0.0,0.0,7.89,0.73,18.05,287.23
2023-01-25,Tirodi,299.1,0.0,0.0,0.0,8.9,0.18,9.46,293.11
2023-01-26,Tirodi,299.1,0.0,0.0,0.0,9.51,1.55,12.93,286.06
2023-01-27,Tirodi,299.1,0.0,0.0,0.0,10.45,0.89,3.84,291.74
2023-01-28,Tirodi,299.1,0.0,0.0,0.0,8.54,2.47,25.36,271.66
2023-01-29,Tirodi,299.1,0.0,0.0,0.0,10.4,1.29,0.0,293.83
2023-01-30,Tirodi,299.1,0.0,0.0,0.0,9.48,1.7,19.42,281.89
2023-01-31,Tirodi,299.1,0.0,0.0,0.0,7.59,1.79,18.37,291.41
2023-02-01,Tirodi,299.1,0.0,0.0,0.0,6.42,0.0,8.62,295.93
2023-02-02,Tirodi,299.1,0.0,0.0,0.0,7.38,1.2,0.0,287.29
2023-02-03,Tirodi,299.1,0.0,0.0,0.0,8.46,0.88,14.94,288.73
2023-02-04,Tirodi,299.1,0.0,0.0,0.0,9.71,2.37,6.2,280.93
2023-02-05,Tirodi,299.1,0.0,0.0,0.0,8.26,3.56,6.7,277.81
2023-02-06,Tirodi,299.1,0.0,0.0,0.0,7.54,0.85,14.54,294.55
2023-02-07,Tirodi,299.1,0.0,0.0,0.0,4.59,0.13,0.0,306.72
2023-02-08,Tirodi,299.1,0.0,0.0,0.0,6.04,0.0,8.52,298.72
2023-02-09,Tirodi,299.1,0.0,0.0,0.0,6.17,1.31,15.67,288.23
2023-02-10,Tirodi,299.1,0.0,0.0,0.0,5.74,1.85,0.0,292.86
2023-02-11,Tirodi,299.1,0.0,0.0,0.0,7.32,2.43,15.11,286.61
2023-02-12,Tirodi,299.1,0.0,0.0,0.0,9.72,0.0,4.83,297.93
2023-02-13,Tirodi,299.1,0.0,0.0,0.0,8.36,0.0,21.65,302.92
2023-02-14,Tirodi,299.1,0.0,0.0,0.0,8.18,1.3,7.84,288.59
2023-02-15,Tirodi,299.1,0.0,0.0,0.0,7.03,1.75,9.24,295.42
2023-02-16,Tirodi,299.1,0.0,0.0,0.0,7.74,0.76,0.0,284.53
2023-02-17,Tirodi,299.1,0.0,0.0,0.0,7.62,0.0,21.0,298.98
2023-02-18,Tirodi,299.1,0.51,0.17,0.07,7.31,2.63,38.19,272.74
2023-02-19,Tirodi,299.1,0.0,0.17,0.07,7.51,1.05,0.0,298.74
2023-02-20,Tirodi,299.1,0.0,0.17,0.07,8.45,1.14,0.0,294.59
2023-02-21,Tirodi,299.1,9.38,3.13,1.41,8.56,0.74,4.04,293.9
2023-02-22,Tirodi,299.1,0.0,3.13,1.41,8.68,0.0,28.32,289.54
2023-02-23,Tirodi,299.1,0.0,3.13,1.41,7.2,4.73,5.42,265.75
2023-02-24,Tirodi,299.1,0.0,0.0,1.41,3.99,1.72,0.0,290.79
2023-02-25,Tirodi,299.1,3.14,1.05,1.79,4.37,1.26,21.49,284.86
2023-02-26,Tirodi,299.1,0.0,1.05,1.79,5.16,3.3,30.47,275.7
2023-02-27,Tirodi,299.1,0.0,1.05,1.79,3.74,1.38,3.48,285.87
2023-02-28,Tirodi,299.1,0.0,0.0,0.45,4.14,1.46,5.26,286.9
2023-03-01,Tirodi,299.1,0.0,0.0,0.45,3.96,0.33,3.16,288.04
2023-03-02,Tirodi,299.1,0.0,0.0,0.45,4.88,2.87,9.97,263.23
2023-03-03,Tirodi,299.1,0.0,0.0,0.45,4.1,1.25,9.76,281.45
2023-03-04,Tirodi,299.1,0.0,0.0,0.0,6.32,0.1,6.04,293.03
2023-03-05,Tirodi,299.1,9.96,3.32,1.42,7.96,0.42,13.75,292.78
2023-03-06,Tirodi,299.1,0.0,3.32,1.42,4.54,0.56,32.05,280.18
2023-03-07,Tirodi,299.1,0.0,3.32,1.42,3.0,2.1,0.0,283.45
2023-03-08,Tirodi,299.1,0.0,0.0,1.42,3.0,0.79,16.24,286.75
2023-03-09,Tirodi,299.1,0.0,0.0,1.42,3.16,0.56,18.43,283.44
2023-03-10,Tirodi,299.1,0.0,0.0,1.42,5.08,5.45,10.39,263.23
2023-03-11,Tirodi,299.1,0.0,0.0,1.42,3.36,0.35,16.76,294.41
2023-03-12,Tirodi,299.1,0.0,0.0,0.0,3.0,0.79,11.87,300.03
2023-03-13,Tirodi,299.1,0.0,0.0,0.0,3.0,4.63,5.69,268.52
2023-03-14,Tirodi,299.1,0.0,0.0,0.0,3.0,0.54,10.99,292.42
2023-03-15,Tirodi,299.1,0.0,0.0,0.0,3.0,1.65,3.99,286.3
2023-03-16,Tirodi,299.1,0.0,0.0,0.0,3.0,0.41,8.49,292.79
2023-03-17,Tirodi,299.1,0.0,0.0,0.0,3.21,1.64,5.96,270.43
2023-03-18,Tirodi,299.1,0.0,0.0,0.0,3.91,0.33,3.28,297.2
2023-03-19,Tirodi,299.1,0.0,0.0,0.0,3.3,0.51,0.0,296.73
2023-03-20,Tirodi,299.1,0.0,0.0,0.0,3.0,0.49,3.46,285.91
2023-03-21,Tirodi,299.1,0.0,0.0,0.0,3.0,0.78,18.93,294.34
2023-03-22,Tirodi,299.1,0.0,0.0,0.0,5.03,0.44,14.46,293.47
2023-03-23,Tirodi,299.1,0.0,0.0,0.0,3.53,3.87,11.22,259.65
2023-03-24,Tirodi,299.1,0.0,0.0,0.0,3.84,0.94,12.33,291.13
2023-03-25,Tirodi,299.1,0.0,0.0,0.0,3.0,4.68,8.88,263.26
2023-03-26,Tirodi,299.1,0.0,0.0,0.0,3.0,0.21,17.86,293.73
2023-03-27,Tirodi,299.1,0.0,0.0,0.0,3.0,1.75,4.76,288.94
2023-03-28,Tirodi,299.1,0.0,0.0,0.0,3.0,1.35,3.75,286.47
2023-03-29,Tirodi,299.1,0.0,0.0,0.0,4.06,0.0,21.82,291.08
2023-03-30,Tirodi,299.1,0.0,0.0,0.0,4.9,1.27,9.51,280.3
2023-03-31,Tirodi,299.1,0.0,0.0,0.0,3.36,1.78,2.35,285.17
2023-04-01,Tirodi,299.1,0.0,0.0,0.0,4.81,0.91,12.8,299.86
2023-04-02,Tirodi,299.1,0.0,0.0,0.0,3.0,0.96,13.13,283.69
2023-04-03,Tirodi,299.1,0.0,0.0,0.0,3.0,0.69,17.5,281.66
2023-04-04,Tirodi,299.1,0.0,0.0,0.0,3.88,0.5,3.65,292.58
2023-04-05,Tirodi,299.1,0.0,0.0,0.0,4.09,0.61,2.56,292.99
2023-04-06,Tirodi,299.1,0.0,0.0,0.0,3.22,0.0,12.28,290.06
2023-04-07,Tirodi,299.1,0.0,0.0,0.0,3.22,1.06,6.9,287.43
2023-04-08,Tirodi,299.1,0.0,0.0,0.0,4.33,0.29,1.37,298.89
2023-04-09,Tirodi,299.1,4.05,1.35,0.58,3.52,0.52,26.04,290.36
2023-04-10,Tirodi,299.1,0.0,1.35,0.58,4.37,0.28,1.91,298.05
2023-04-11,Tirodi,299.1,0.0,1.35,0.58,4.35,1.71,1.02,295.79
2023-04-12,Tirodi,299.1,0.0,0.0,0.58,3.42,0.61,14.6,302.45
2023-04-13,Tirodi,299.1,0.0,0.0,0.58,4.37,0.98,7.06,294.84
2023-04-14,Tirodi,299.1,0.0,0.0,0.58,4.11,1.58,7.47,295.7
2023-04-15,Tirodi,299.1,0.0,0.0,0.58,3.5,0.31,3.4,287.39
2023-04-16,Tirodi,299.1,0.0,0.0,0.0,3.83,0.81,0.99,300.27
2023-04-17,Tirodi,299.1,0.0,0.0,0.0,3.0,1.11,1.97,290.88
2023-04-18,Tirodi,299.1,0.0,0.0,0.0,3.0,1.27,11.26,279.69
2023-04-19,Tirodi,299.1,0.0,0.0,0.0,3.3,0.06,9.59,296.37
2023-04-20,Tirodi,299.1,0.0,0.0,0.0,3.0,0.28,11.97,292.69
2023-04-21,Tirodi,299.1,0.0,0.0,0.0,3.2,2.58,0.0,282.92
2023-04-22,Tirodi,299.1,5.61,1.87,0.8,5.59,0.92,15.11,287.23
2023-04-23,Tirodi,299.1,0.0,1.87,0.8,6.45,1.53,13.26,291.17
2023-04-24,Tirodi,299.1,0.0,1.87,0.8,7.56,4.7,2.76,267.19
2023-04-25,Tirodi,299.1,0.0,0.0,0.8,6.25,1.71,2.72,276.57
2023-04-26,Tirodi,299.1,0.0,0.0,0.8,6.98,1.48,2.96,298.6
2023-04-27,Tirodi,299.1,0.0,0.0,0.8,5.33,2.1,0.14,286.37
2023-04-28,Tirodi,299.1,0.0,0.0,0.8,3.0,0.44,13.48,296.23
2023-04-29,Tirodi,299.1,2.02,0.67,0.29,4.98,3.24,1.54,287.98
2023-04-30,Tirodi,299.1,0.0,0.67,0.29,5.29,1.77,4.31,289.26
2023-05-01,Tirodi,299.1,12.25,4.76,2.04,9.26,2.04,4.31,279.29
2023-05-02,Tirodi,299.1,0.0,4.08,2.04,10.22,0.68,6.74,297.09
2023-05-03,Tirodi,299.1,0.0,4.08,2.04,11.18,0.0,18.26,293.01
2023-05-04,Tirodi,299.1,0.0,0.0,2.04,10.2,0.67,19.03,287.74
2023-05-05,Tirodi,299.1,0.0,0.0,2.04,12.13,0.0,21.57,294.67
2023-05-06,Tirodi,299.1,0.0,0.0,1.75,10.11,1.35,5.23,288.14
2023-05-07,Tirodi,299.1,0.0,0.0,1.75,8.42,0.25,3.22,299.9
2023-05-08,Tirodi,299.1,0.0,0.0,0.0,8.72,1.63,14.69,295.63
2023-05-09,Tirodi,299.1,0.0,0.0,0.0,8.4,0.0,0.0,300.22
2023-05-10,Tirodi,299.1,0.0,0.0,0.0,7.59,0.67,21.24,287.91
2023-05-11,Tirodi,299.1,0.0,0.0,0.0,5.86,0.64,9.14,283.53
2023-05-12,Tirodi,299.1,6.42,2.14,0.92,7.82,0.21,9.0,289.42
2023-05-13,Tirodi,299.1,0.0,2.14,0.92,5.83,0.34,13.16,294.74
2023-05-14,Tirodi,299.1,0.0,2.14,0.92,6.2,1.41,3.56,289.08
2023-05-15,Tirodi,299.1,14.53,4.84,2.99,11.49,0.0,14.39,297.61
2023-05-16,Tirodi,299.1,12.2,8.91,4.74,16.22,2.13,0.0,288.31
2023-05-17,Tirodi,299.1,0.0,8.91,4.74,16.52,0.63,18.37,290.14
2023-05-18,Tirodi,299.1,0.0,4.07,4.74,17.46,0.45,25.05,274.71
2023-05-19,Tirodi,299.1,17.22,5.74,6.28,26.26,5.91,0.0,262.81
2023-05-20,Tirodi,299.1,0.0,5.74,6.28,23.98,0.77,0.0,285.49
2023-05-21,Tirodi,299.1,0.0,5.74,6.28,21.82,1.08,0.89,288.01
2023-05-22,Tirodi,299.1,0.0,0.0,4.2,21.1,4.76,0.0,271.35
2023-05-23,Tirodi,299.1,0.0,0.0,2.46,18.96,0.02,11.59,296.1
2023-05-24,Tirodi,299.1,0.0,0.0,2.46,18.82,0.1,2.11,290.04
2023-05-25,Tirodi,299.1,55.99,18.66,10.46,36.03,0.57,8.85,282.7
2023-05-26,Tirodi,299.1,0.0,18.66,8.0,34.09,2.51,11.62,263.38
2023-05-27,Tirodi,299.1,9.54,21.84,9.36,35.25,0.57,0.0,284.62
2023-05-28,Tirodi,299.1,0.0,3.18,9.36,33.93,2.97,0.43,264.6
2023-05-29,Tirodi,299.1,0.0,3.18,9.36,31.74,0.13,0.0,285.33
2023-05-30,Tirodi,299.1,0.0,0.0,9.36,29.31,0.37,27.72,275.52
2023-05-31,Tirodi,299.1,0.0,0.0,9.36,27.79,1.13,4.12,282.19
2023-06-01,Tirodi,299.1,0.0,0.0,1.36,25.12,1.05,6.18,278.74
2023-06-02,Tirodi,299.1,0.0,0.0,1.36,22.72,0.17,2.96,292.4
2023-06-03,Tirodi,299.1,0.0,0.0,0.0,22.04,1.78,11.78,279.72
2023-06-04,Tirodi,299.1,0.0,0.0,0.0,21.57,1.7,6.39,287.24
2023-06-05,Tirodi,299.1,250.0,83.33,35.71,60.0,5.06,35.84,145.31
2023-06-06,Tirodi,299.1,11.84,87.28,37.41,60.0,1.59,16.74,257.55
2023-06-07,Tirodi,299.1,22.81,94.88,40.66,60.0,1.68,1.07,257.5
2023-06-08,Tirodi,299.1,35.19,23.28,45.69,60.0,1.54,15.03,248.29
2023-06-09,Tirodi,299.1,27.27,28.42,49.59,60.0,0.52,14.31,259.36
2023-06-10,Tirodi,299.1,30.3,30.92,53.92,60.0,0.0,5.78,259.92
2023-06-11,Tirodi,299.1,97.04,51.54,67.78,60.0,0.81,7.72,245.46
2023-06-12,Tirodi,299.1,32.69,53.34,36.73,60.0,2.81,0.0,243.83
2023-06-13,Tirodi,299.1,0.0,43.24,35.04,55.64,0.0,14.14,254.98
2023-06-14,Tirodi,299.1,33.34,22.01,36.55,60.0,1.16,4.59,260.69
2023-06-15,Tirodi,299.1,51.62,28.32,38.89,60.0,1.27,19.7,246.14
2023-06-16,Tirodi,299.1,21.54,35.5,38.07,60.0,1.32,32.77,249.4
2023-06-17,Tirodi,299.1,0.0,24.39,33.75,56.73,0.84,0.0,263.81
2023-06-18,Tirodi,299.1,0.0,7.18,19.88,53.66,0.0,4.25,271.96
2023-06-19,Tirodi,299.1,52.1,17.37,22.66,60.0,0.59,22.44,253.51
2023-06-20,Tirodi,299.1,0.0,17.37,22.66,56.12,1.18,1.49,260.14
2023-06-21,Tirodi,299.1,22.67,24.92,21.13,60.0,0.0,0.0,268.12
2023-06-22,Tirodi,299.1,0.0,7.56,13.76,56.64,0.0,31.05,271.09
2023-06-23,Tirodi,299.1,74.89,32.52,21.38,60.0,2.04,0.0,238.54
2023-06-24,Tirodi,299.1,0.0,24.96,21.38,54.13,0.62,2.33,268.41
2023-06-25,Tirodi,299.1,74.6,49.83,32.04,60.0,1.54,4.61,250.01
2023-06-26,Tirodi,299.1,110.99,61.86,40.45,60.0,1.64,6.85,233.68
2023-06-27,Tirodi,299.1,32.81,72.8,45.14,60.0,0.04,0.54,271.37
2023-06-28,Tirodi,299.1,0.0,47.93,41.9,57.5,3.45,0.0,242.01
2023-06-29,Tirodi,299.1,0.0,10.94,41.9,55.83,0.21,23.39,265.18
2023-06-30,Tirodi,299.1,0.0,0.0,31.2,52.97,2.22,1.52,259.55
2023-07-01,Tirodi,299.1,76.4,25.47,42.11,60.0,3.71,18.49,229.45
2023-07-02,Tirodi,299.1,0.0,25.47,31.46,55.08,2.25,7.89,256.6
2023-07-03,Tirodi,299.1,0.0,25.47,15.6,52.04,0.3,21.02,263.99
2023-07-04,Tirodi,299.1,26.01,8.67,14.63,57.17,0.79,8.84,260.29
2023-07-05,Tirodi,299.1,0.0,8.67,14.63,55.19,5.26,0.0,237.15
2023-07-06,Tirodi,299.1,17.6,14.54,17.15,58.04,0.57,8.81,255.63
2023-07-07,Tirodi,299.1,49.84,22.48,24.27,60.0,1.11,16.27,257.99
2023-07-08,Tirodi,299.1,0.0,22.48,13.35,55.84,2.37,23.62,250.02
2023-07-09,Tirodi,299.1,81.51,43.78,24.99,60.0,1.02,29.17,241.19
2023-07-10,Tirodi,299.1,0.0,27.17,24.99,57.78,0.81,5.21,260.45
2023-07-11,Tirodi,299.1,38.06,39.86,26.72,60.0,2.38,24.06,245.78
2023-07-12,Tirodi,299.1,0.0,12.69,26.72,54.81,1.61,9.88,262.35
2023-07-13,Tirodi,299.1,67.04,35.04,33.78,60.0,0.41,13.91,252.1
2023-07-14,Tirodi,299.1,20.61,29.22,29.6,60.0,1.46,22.25,247.8
2023-07-15,Tirodi,299.1,0.0,29.22,29.6,54.64,2.93,1.6,251.8
2023-07-16,Tirodi,299.1,0.0,6.87,17.96,51.45,3.47,2.32,256.11
2023-07-17,Tirodi,299.1,77.51,25.84,29.03,60.0,1.97,12.44,235.44
2023-07-18,Tirodi,299.1,39.4,38.97,29.22,60.0,0.0,0.0,257.67
2023-07-19,Tirodi,299.1,0.0,38.97,29.22,57.52,2.29,1.34,255.58
2023-07-20,Tirodi,299.1,0.0,13.13,19.65,53.92,2.22,20.09,258.79
2023-07-21,Tirodi,299.1,0.0,0.0,16.7,50.03,0.0,10.07,266.27
2023-07-22,Tirodi,299.1,0.0,0.0,16.7,47.77,0.6,0.0,269.36
2023-07-23,Tirodi,299.1,81.12,27.04,28.29,60.0,2.8,17.53,234.06
2023-07-24,Tirodi,299.1,63.85,48.32,26.34,60.0,1.71,13.69,245.04
2023-07-25,Tirodi,299.1,51.71,65.56,28.1,60.0,0.78,19.76,247.2
2023-07-26,Tirodi,299.1,0.0,38.52,28.1,56.53,1.49,21.96,251.79
2023-07-27,Tirodi,299.1,23.65,25.12,31.47,60.0,1.74,8.04,251.9
2023-07-28,Tirodi,299.1,18.74,14.13,34.15,60.0,0.65,17.01,260.82
2023-07-29,Tirodi,299.1,0.0,14.13,34.15,57.41,3.46,6.79,248.21
2023-07-30,Tirodi,299.1,0.0,6.25,22.56,55.64,0.0,12.87,259.04
2023-07-31,Tirodi,299.1,0.0,0.0,13.44,50.67,0.53,3.86,268.93
2023-08-01,Tirodi,299.1,15.03,5.01,8.2,55.1,1.19,2.45,263.25
2023-08-02,Tirodi,299.1,0.0,5.01,8.2,53.33,0.46,8.32,266.64
2023-08-03,Tirodi,299.1,0.0,5.01,4.82,49.0,1.76,1.64,269.87
2023-08-04,Tirodi,299.1,0.0,0.0,2.15,43.67,0.62,14.27,267.2
2023-08-05,Tirodi,299.1,0.0,0.0,2.15,41.23,1.04,18.81,264.98
2023-08-06,Tirodi,299.1,0.0,0.0,2.15,37.15,0.65,9.92,277.58
2023-08-07,Tirodi,299.1,0.0,0.0,2.15,35.94,0.24,2.26,282.15
2023-08-08,Tirodi,299.1,61.54,20.51,8.79,53.99,2.09,5.03,248.18
2023-08-09,Tirodi,299.1,0.0,20.51,8.79,51.57,1.17,13.04,258.96
2023-08-10,Tirodi,299.1,70.05,43.86,18.8,60.0,2.35,3.05,243.28
2023-08-11,Tirodi,299.1,28.7,32.92,22.9,60.0,2.24,7.67,247.56
2023-08-12,Tirodi,299.1,29.07,42.61,27.05,60.0,2.58,17.37,251.37
2023-08-13,Tirodi,299.1,0.0,19.26,27.05,57.23,1.33,7.4,247.57
2023-08-14,Tirodi,299.1,0.0,9.69,27.05,52.33,0.9,9.44,260.6
2023-08-15,Tirodi,299.1,0.0,0.0,18.26,50.6,0.61,10.3,254.85
2023-08-16,Tirodi,299.1,36.5,12.17,23.47,59.61,0.4,27.43,259.45
2023-08-17,Tirodi,299.1,0.0,12.17,13.47,54.94,2.32,5.08,249.46
2023-08-18,Tirodi,299.1,11.05,15.85,10.95,57.8,1.47,10.14,252.22
2023-08-19,Tirodi,299.1,0.0,3.68,6.79,55.68,0.64,17.15,256.56
2023-08-20,Tirodi,299.1,0.0,3.68,6.79,52.06,1.18,13.64,256.1
2023-08-21,Tirodi,299.1,0.0,0.0,6.79,49.83,1.99,3.48,249.64
2023-08-22,Tirodi,299.1,15.49,5.16,9.01,53.52,2.07,6.65,257.25
2023-08-23,Tirodi,299.1,13.65,9.71,5.74,56.89,1.65,18.84,250.74
2023-08-24,Tirodi,299.1,117.87,49.0,22.58,60.0,1.85,21.6,217.64
2023-08-25,Tirodi,299.1,127.07,86.2,39.16,60.0,2.2,23.97,215.94
2023-08-26,Tirodi,299.1,30.68,91.88,43.54,60.0,1.48,16.85,246.83
2023-08-27,Tirodi,299.1,0.0,52.59,43.54,57.5,0.0,2.66,264.95
2023-08-28,Tirodi,299.1,56.15,28.94,51.56,60.0,1.54,14.38,246.98
2023-08-29,Tirodi,299.1,0.0,18.72,49.35,55.07,3.13,4.57,245.22
2023-08-30,Tirodi,299.1,34.4,30.18,52.31,60.0,2.11,0.0,253.14
2023-08-31,Tirodi,299.1,0.0,11.47,35.47,55.89,1.6,13.3,248.52
2023-09-01,Tirodi,299.1,46.92,27.11,24.02,60.0,1.42,15.69,248.71
2023-09-02,Tirodi,299.1,19.96,22.29,22.49,60.0,4.92,16.3,233.26
2023-09-03,Tirodi,299.1,0.0,22.29,22.49,58.34,1.44,3.47,243.87
2023-09-04,Tirodi,299.1,27.77,15.91,18.44,60.0,3.37,28.43,247.83
2023-09-05,Tirodi,299.1,0.0,9.26,18.44,57.19,0.09,16.0,264.86
2023-09-06,Tirodi,299.1,21.95,16.57,16.66,60.0,0.0,10.14,258.52
2023-09-07,Tirodi,299.1,14.28,12.08,18.7,60.0,0.95,0.47,270.64
2023-09-08,Tirodi,299.1,79.01,38.41,23.28,60.0,1.94,38.41,235.44
2023-09-09,Tirodi,299.1,43.93,45.74,26.71,60.0,0.0,4.15,259.63
2023-09-10,Tirodi,299.1,0.0,40.98,26.71,56.82,1.3,0.0,258.07
2023-09-11,Tirodi,299.1,0.0,14.64,22.74,52.99,1.84,6.64,255.8
2023-09-12,Tirodi,299.1,14.17,4.72,24.76,53.71,2.92,15.75,245.79
2023-09-13,Tirodi,299.1,28.33,14.17,25.67,59.52,0.06,21.36,260.69
2023-09-14,Tirodi,299.1,30.48,24.33,27.99,60.0,3.32,4.91,239.95
2023-09-15,Tirodi,299.1,88.98,49.26,29.41,60.0,3.29,11.93,232.2
2023-09-16,Tirodi,299.1,141.18,86.88,43.31,60.0,3.04,14.68,209.77
2023-09-17,Tirodi,299.1,28.1,86.09,47.32,60.0,3.48,18.15,237.91
2023-09-18,Tirodi,299.1,0.0,56.43,47.32,57.11,1.34,2.05,259.5
2023-09-19,Tirodi,299.1,0.0,9.37,45.3,53.89,1.41,2.14,261.0
2023-09-20,Tirodi,299.1,0.0,0.0,41.25,52.46,0.0,7.87,268.1
2023-09-21,Tirodi,299.1,146.41,48.8,57.81,60.0,3.34,23.04,202.79
2023-09-22,Tirodi,299.1,26.44,57.62,48.88,60.0,2.65,0.0,259.39
2023-09-23,Tirodi,299.1,47.28,73.38,35.46,60.0,3.13,3.51,239.78
2023-09-24,Tirodi,299.1,68.72,47.48,41.26,60.0,1.14,13.93,241.41
2023-09-25,Tirodi,299.1,0.0,38.67,41.26,56.46,0.18,8.75,266.99
2023-09-26,Tirodi,299.1,30.84,33.19,45.67,60.0,0.69,10.19,261.15
2023-09-27,Tirodi,299.1,74.9,35.25,56.37,60.0,1.81,9.14,244.91
2023-09-28,Tirodi,299.1,52.65,52.8,42.98,60.0,2.23,12.12,245.11
2023-09-29,Tirodi,299.1,0.0,42.52,39.2,56.99,1.29,10.49,264.27
2023-09-30,Tirodi,299.1,0.0,17.55,32.44,53.2,0.37,19.14,251.39
2023-10-01,Tirodi,299.1,0.0,0.0,22.63,51.37,1.01,5.97,255.92
2023-10-02,Tirodi,299.1,0.0,0.0,22.63,48.75,0.26,14.61,270.14
2023-10-03,Tirodi,299.1,0.0,0.0,18.22,47.02,1.19,2.38,272.74
2023-10-04,Tirodi,299.1,0.0,0.0,7.52,44.01,2.02,0.0,257.3
2023-10-05,Tirodi,299.1,0.0,0.0,0.0,38.91,0.0,3.36,272.16
2023-10-06,Tirodi,299.1,0.0,0.0,0.0,38.35,1.85,22.12,259.39
2023-10-07,Tirodi,299.1,0.0,0.0,0.0,34.83,0.0,3.49,294.03
2023-10-08,Tirodi,299.1,0.0,0.0,0.0,32.06,0.82,6.33,290.65
2023-10-09,Tirodi,299.1,0.0,0.0,0.0,31.73,1.48,8.07,272.78
2023-10-10,Tirodi,299.1,4.49,1.5,0.64,32.62,0.02,13.51,289.15
2023-10-11,Tirodi,299.1,0.0,1.5,0.64,30.94,0.21,11.39,290.81
2023-10-12,Tirodi,299.1,0.0,1.5,0.64,30.51,0.33,0.0,283.55
2023-10-13,Tirodi,299.1,0.0,0.0,0.64,28.34,1.3,2.34,288.4
2023-10-14,Tirodi,299.1,0.0,0.0,0.64,25.22,0.0,0.32,290.6
2023-10-15,Tirodi,299.1,0.0,0.0,0.64,23.87,0.0,3.72,292.7
2023-10-16,Tirodi,299.1,7.66,2.55,1.74,25.65,0.0,3.67,290.32
2023-10-17,Tirodi,299.1,0.0,2.55,1.09,24.36,0.56,0.0,290.42
2023-10-18,Tirodi,299.1,0.0,2.55,1.09,24.69,2.96,7.18,280.59
2023-10-19,Tirodi,299.1,25.22,8.41,4.7,33.99,0.94,7.38,267.89
2023-10-20,Tirodi,299.1,0.0,8.41,4.7,30.62,0.32,11.66,284.52
2023-10-21,Tirodi,299.1,0.0,8.41,4.7,28.57,0.0,12.22,273.88
2023-10-22,Tirodi,299.1,0.0,0.0,4.7,27.29,0.89,0.0,291.87
2023-10-23,Tirodi,299.1,0.0,0.0,3.6,26.45,1.54,3.52,272.24
2023-10-24,Tirodi,299.1,0.0,0.0,3.6,23.11,0.24,8.05,282.76
2023-10-25,Tirodi,299.1,0.0,0.0,3.6,22.34,0.21,24.07,297.12
2023-10-26,Tirodi,299.1,24.3,8.1,3.47,28.93,0.0,12.98,297.49
2023-10-27,Tirodi,299.1,0.0,8.1,3.47,26.08,0.58,1.0,281.38
2023-10-28,Tirodi,299.1,0.0,8.1,3.47,25.09,0.49,14.92,283.08
2023-10-29,Tirodi,299.1,0.0,0.0,3.47,23.86,2.68,2.23,276.37
2023-10-30,Tirodi,299.1,0.0,0.0,3.47,22.7,2.56,3.81,286.37
2023-10-31,Tirodi,299.1,0.0,0.0,3.47,23.62,2.68,0.0,280.03
2023-11-01,Tirodi,299.1,0.0,0.0,3.47,21.01,5.08,9.61,260.79
2023-11-02,Tirodi,299.1,0.0,0.0,0.0,20.92,0.61,0.0,293.43
2023-11-03,Tirodi,299.1,0.0,0.0,0.0,18.4,0.11,19.89,297.91
2023-11-04,Tirodi,299.1,0.0,0.0,0.0,15.65,1.75,9.88,291.46
2023-11-05,Tirodi,299.1,0.0,0.0,0.0,13.22,1.55,4.3,293.62
2023-11-06,Tirodi,299.1,0.0,0.0,0.0,14.43,1.09,2.33,297.78
2023-11-07,Tirodi,299.1,0.0,0.0,0.0,13.71,1.83,12.46,291.6
2023-11-08,Tirodi,299.1,0.0,0.0,0.0,12.28,2.46,4.92,281.81
2023-11-09,Tirodi,299.1,0.0,0.0,0.0,10.72,1.34,0.0,301.77
2023-11-10,Tirodi,299.1,0.0,0.0,0.0,9.26,2.22,25.74,280.19
2023-11-11,Tirodi,299.1,0.0,0.0,0.0,8.27,0.86,14.43,281.47
2023-11-12,Tirodi,299.1,0.0,0.0,0.0,8.0,0.0,23.64,287.62
2023-11-13,Tirodi,299.1,0.0,0.0,0.0,7.02,0.08,6.52,287.01
2023-11-14,Tirodi,299.1,0.0,0.0,0.0,7.7,0.47,8.83,302.23
2023-11-15,Tirodi,299.1,0.0,0.0,0.0,3.17,0.0,5.17,295.93
2023-11-16,Tirodi,299.1,0.0,0.0,0.0,3.0,0.0,7.22,297.52
2023-11-17,Tirodi,299.1,0.0,0.0,0.0,3.0,3.19,8.94,278.48
2023-11-18,Tirodi,299.1,0.0,0.0,0.0,3.88,2.08,30.1,275.3
2023-11-19,Tirodi,299.1,0.0,0.0,0.0,3.61,0.48,3.14,299.76
2023-11-20,Tirodi,299.1,0.0,0.0,0.0,4.37,0.63,28.91,275.0
2023-11-21,Tirodi,299.1,0.0,0.0,0.0,4.96,0.37,11.39,301.47
2023-11-22,Tirodi,299.1,0.0,0.0,0.0,5.62,2.24,4.88,289.49
2023-11-23,Tirodi,299.1,0.0,0.0,0.0,3.0,2.35,15.32,278.59
2023-11-24,Tirodi,299.1,0.0,0.0,0.0,3.0,2.21,0.25,290.73
2023-11-25,Tirodi,299.1,0.0,0.0,0.0,3.0,0.21,0.0,307.75
2023-11-26,Tirodi,299.1,7.9,2.63,1.13,8.17,2.28,22.77,281.61
2023-11-27,Tirodi,299.1,0.0,2.63,1.13,6.06,0.13,1.13,291.86
2023-11-28,Tirodi,299.1,0.0,2.63,1.13,4.71,3.1,5.05,276.98
2023-11-29,Tirodi,299.1,0.0,0.0,1.13,4.43,4.65,1.45,266.15
2023-11-30,Tirodi,299.1,0.0,0.0,1.13,4.13,2.24,18.98,283.76
2023-12-01,Tirodi,299.1,0.0,0.0,1.13,3.14,0.34,5.84,293.14
2023-12-02,Tirodi,299.1,0.0,0.0,1.13,3.61,1.09,0.0,294.44
2023-12-03,Tirodi,299.1,0.0,0.0,0.0,3.0,0.98,9.59,289.85
2023-12-04,Tirodi,299.1,0.0,0.0,0.0,5.62,0.41,0.0,296.79
2023-12-05,Tirodi,299.1,0.0,0.0,0.0,4.77,1.34,1.9,284.72
2023-12-06,Tirodi,299.1,0.0,0.0,0.0,3.0,2.57,11.92,275.08
2023-12-07,Tirodi,299.1,0.0,0.0,0.0,3.0,0.77,0.0,293.03
2023-12-08,Tirodi,299.1,0.0,0.0,0.0,4.61,0.98,13.39,278.98
2023-12-09,Tirodi,299.1,0.0,0.0,0.0,4.97,2.08,8.36,271.98
2023-12-10,Tirodi,299.1,0.0,0.0,0.0,6.28,0.52,21.62,292.96
2023-12-11,Tirodi,299.1,0.0,0.0,0.0,5.89,3.39,1.3,276.61
2023-12-12,Tirodi,299.1,0.0,0.0,0.0,5.86,1.91,5.85,287.05
2023-12-13,Tirodi,299.1,0.33,0.11,0.05,5.01,4.69,1.73,266.76
2023-12-14,Tirodi,299.1,0.0,0.11,0.05,4.99,0.0,0.0,310.93
2023-12-15,Tirodi,299.1,0.0,0.11,0.05,5.22,0.47,11.19,297.11
2023-12-16,Tirodi,299.1,0.0,0.0,0.05,3.06,0.04,13.92,303.25
2023-12-17,Tirodi,299.1,0.0,0.0,0.05,3.0,0.0,4.71,304.35
2023-12-18,Tirodi,299.1,0.0,0.0,0.05,3.39,0.58,5.86,290.41
2023-12-19,Tirodi,299.1,0.0,0.0,0.05,4.88,1.55,0.0,289.92
2023-12-20,Tirodi,299.1,0.0,0.0,0.0,6.2,2.09,4.83,277.51
2023-12-21,Tirodi,299.1,0.0,0.0,0.0,4.89,0.37,28.72,289.92
2023-12-22,Tirodi,299.1,0.0,0.0,0.0,3.45,2.6,0.0,285.0
2023-12-23,Tirodi,299.1,0.0,0.0,0.0,3.0,1.01,11.15,296.62
2023-12-24,Tirodi,299.1,0.0,0.0,0.0,3.0,0.0,1.88,303.36
2023-12-25,Tirodi,299.1,0.0,0.0,0.0,4.07,0.39,6.46,289.51
2023-12-26,Tirodi,299.1,0.0,0.0,0.0,3.8,2.35,17.61,286.25
2023-12-27,Tirodi,299.1,0.0,0.0,0.0,3.97,1.84,3.04,280.54
2023-12-28,Tirodi,299.1,4.65,1.55,0.66,3.69,1.91,10.72,278.93
2023-12-29,Tirodi,299.1,0.0,1.55,0.66,6.2,1.96,1.39,287.15
2023-12-30,Tirodi,299.1,0.0,1.55,0.66,5.31,1.48,2.97,287.0
2023-12-31,Tirodi,299.1,0.0,0.0,0.66,4.29,0.07,19.65,295.46
2024-01-01,Tirodi,299.1,0.0,0.0,0.66,5.53,0.95,34.52,295.47
2024-01-02,Tirodi,299.1,0.0,0.0,0.66,4.49,0.44,13.88,294.14
2024-01-03,Tirodi,299.1,0.0,0.0,0.66,3.5,0.8,10.36,281.6
2024-01-04,Tirodi,299.1,0.0,0.0,0.0,4.62,0.02,0.0,282.76
2024-01-05,Tirodi,299.1,0.0,0.0,0.0,3.4,2.09,9.45,280.0
2024-01-06,Tirodi,299.1,0.0,0.0,0.0,3.0,2.51,0.0,285.89
2024-01-07,Tirodi,299.1,0.0,0.0,0.0,3.02,3.81,9.82,270.25
2024-01-08,Tirodi,299.1,0.0,0.0,0.0,4.38,1.09,2.02,291.44
2024-01-09,Tirodi,299.1,3.33,1.11,0.48,3.63,0.4,4.12,282.87
2024-01-10,Tirodi,299.1,0.0,1.11,0.48,5.03,0.27,8.72,296.75
2024-01-11,Tirodi,299.1,0.0,1.11,0.48,5.21,0.0,10.49,289.36
2024-01-12,Tirodi,299.1,0.0,0.0,0.48,4.41,0.78,9.22,291.68
2024-01-13,Tirodi,299.1,0.0,0.0,0.48,3.39,0.61,0.0,295.6
2024-01-14,Tirodi,299.1,0.0,0.0,0.48,3.0,1.76,4.12,283.51
2024-01-15,Tirodi,299.1,0.0,0.0,0.48,3.0,1.09,13.35,281.01
2024-01-16,Tirodi,299.1,0.0,0.0,0.0,3.0,0.52,17.95,278.98
2024-01-17,Tirodi,299.1,0.0,0.0,0.0,3.13,1.3,0.0,293.92
2024-01-18,Tirodi,299.1,3.01,1.0,0.43,4.5,0.37,23.73,298.07
2024-01-19,Tirodi,299.1,0.0,1.0,0.43,4.07,0.3,6.51,299.63
2024-01-20,Tirodi,299.1,0.0,1.0,0.43,3.26,0.44,8.5,298.38
2024-01-21,Tirodi,299.1,0.0,0.0,0.43,3.0,0.0,7.82,303.31
2024-01-22,Tirodi,299.1,0.0,0.0,0.43,4.84,2.02,2.15,286.28
2024-01-23,Tirodi,299.1,0.0,0.0,0.43,5.86,0.49,8.4,291.85
2024-01-24,Tirodi,299.1,0.0,0.0,0.43,5.95,0.65,0.0,292.88
2024-01-25,Tirodi,299.1,0.0,0.0,0.0,4.06,2.66,7.35,288.35
2024-01-26,Tirodi,299.1,0.0,0.0,0.0,3.0,1.02,8.84,292.71
2024-01-27,Tirodi,299.1,0.0,0.0,0.0,3.64,1.09,5.63,293.62
2024-01-28,Tirodi,299.1,7.09,2.36,1.01,3.83,0.51,9.58,300.34
2024-01-29,Tirodi,299.1,7.63,4.91,2.1,6.66,0.31,0.9,297.01
2024-01-30,Tirodi,299.1,0.0,4.91,2.1,4.49,0.17,9.23,295.01
2024-01-31,Tirodi,299.1,0.0,2.54,2.1,3.0,0.73,8.22,283.3
2024-02-01,Tirodi,299.1,0.0,0.0,2.1,3.43,1.89,8.56,290.33
2024-02-02,Tirodi,299.1,0.0,0.0,2.1,3.0,1.52,8.63,277.75
2024-02-03,Tirodi,299.1,0.0,0.0,2.1,3.0,0.12,10.89,295.81
2024-02-04,Tirodi,299.1,0.0,0.0,1.09,3.0,1.92,5.27,278.36
2024-02-05,Tirodi,299.1,0.0,0.0,0.0,3.0,0.0,5.93,293.62
2024-02-06,Tirodi,299.1,0.0,0.0,0.0,3.0,0.78,12.02,292.59
2024-02-07,Tirodi,299.1,0.0,0.0,0.0,3.0,0.06,2.52,291.74
2024-02-08,Tirodi,299.1,0.0,0.0,0.0,3.31,1.5,23.22,289.41
2024-02-09,Tirodi,299.1,0.0,0.0,0.0,3.05,0.6,22.25,291.16
2024-02-10,Tirodi,299.1,0.0,0.0,0.0,3.0,0.72,7.49,293.55
2024-02-11,Tirodi,299.1,0.0,0.0,0.0,3.0,0.48,6.19,297.37
2024-02-12,Tirodi,299.1,4.76,1.59,0.68,3.0,1.1,20.77,277.4
2024-02-13,Tirodi,299.1,0.0,1.59,0.68,3.0,1.21,6.95,283.36
2024-02-14,Tirodi,299.1,0.0,1.59,0.68,3.0,0.37,13.84,290.52
2024-02-15,Tirodi,299.1,0.0,0.0,0.68,3.42,0.98,2.59,294.56
2024-02-16,Tirodi,299.1,0.0,0.0,0.68,3.9,0.0,11.43,302.18
2024-02-17,Tirodi,299.1,0.0,0.0,0.68,4.44,0.0,6.93,301.02
2024-02-18,Tirodi,299.1,0.0,0.0,0.68,3.0,1.25,13.12,282.21
2024-02-19,Tirodi,299.1,0.0,0.0,0.0,3.23,1.65,3.66,283.41
2024-02-20,Tirodi,299.1,0.0,0.0,0.0,3.51,0.0,22.16,292.18
2024-02-21,Tirodi,299.1,0.0,0.0,0.0,3.29,1.33,23.32,287.05
2024-02-22,Tirodi,299.1,0.0,0.0,0.0,3.76,2.56,4.63,283.27
2024-02-23,Tirodi,299.1,0.0,0.0,0.0,4.76,1.82,4.91,279.3
2024-02-24,Tirodi,299.1,0.0,0.0,0.0,5.42,0.72,13.31,303.96
2024-02-25,Tirodi,299.1,0.0,0.0,0.0,4.17,0.96,0.0,301.93
2024-02-26,Tirodi,299.1,0.0,0.0,0.0,5.41,0.0,8.92,296.7
2024-02-27,Tirodi,299.1,0.0,0.0,0.0,4.37,1.4,3.53,298.35
2024-02-28,Tirodi,299.1,0.0,0.0,0.0,6.2,1.24,30.54,286.36
2024-02-29,Tirodi,299.1,0.0,0.0,0.0,6.41,3.29,2.72,267.69
2024-03-01,Tirodi,299.1,0.0,0.0,0.0,3.91,0.08,22.0,303.11
2024-03-02,Tirodi,299.1,0.0,0.0,0.0,3.0,1.9,0.0,288.77
2024-03-03,Tirodi,299.1,0.0,0.0,0.0,4.65,2.13,15.63,276.24
2024-03-04,Tirodi,299.1,0.0,0.0,0.0,5.62,0.53,20.01,291.61
2024-03-05,Tirodi,299.1,2.19,0.73,0.31,4.0,0.25,8.69,295.57
2024-03-06,Tirodi,299.1,0.0,0.73,0.31,3.0,6.01,0.0,259.73
2024-03-07,Tirodi,299.1,0.0,0.73,0.31,3.0,0.22,3.39,292.36
2024-03-08,Tirodi,299.1,0.0,0.0,0.31,3.79,0.74,2.13,286.34
2024-03-09,Tirodi,299.1,0.0,0.0,0.31,3.0,2.33,4.68,267.76
2024-03-10,Tirodi,299.1,0.0,0.0,0.31,3.0,0.18,19.0,286.18
2024-03-11,Tirodi,299.1,0.0,0.0,0.31,3.0,1.87,3.27,289.9
2024-03-12,Tirodi,299.1,0.0,0.0,0.0,3.25,0.34,27.18,287.06
2024-03-13,Tirodi,299.1,0.0,0.0,0.0,6.09,0.1,8.97,283.92
2024-03-14,Tirodi,299.1,0.0,0.0,0.0,4.86,1.8,9.96,281.09
2024-03-15,Tirodi,299.1,0.0,0.0,0.0,4.09,2.46,4.4,280.57
2024-03-16,Tirodi,299.1,0.0,0.0,0.0,3.0,0.31,2.09,303.9
2024-03-17,Tirodi,299.1,0.0,0.0,0.0,3.0,4.11,8.84,269.08
2024-03-18,Tirodi,299.1,0.0,0.0,0.0,5.44,1.88,5.6,284.54
2024-03-19,Tirodi,299.1,0.0,0.0,0.0,3.73,0.46,5.47,293.55
2024-03-20,Tirodi,299.1,0.0,0.0,0.0,4.32,0.22,3.14,289.16
2024-03-21,Tirodi,299.1,0.0,0.0,0.0,4.26,1.49,28.33,280.71
2024-03-22,Tirodi,299.1,0.0,0.0,0.0,4.78,1.36,5.67,297.95
2024-03-23,Tirodi,299.1,0.0,0.0,0.0,5.13,0.62,2.35,285.35
2024-03-24,Tirodi,299.1,0.0,0.0,0.0,6.43,1.58,0.0,292.43
2024-03-25,Tirodi,299.1,0.0,0.0,0.0,7.85,0.89,7.85,294.39
2024-03-26,Tirodi,299.1,0.0,0.0,0.0,7.97,2.65,2.36,276.44
2024-03-27,Tirodi,299.1,3.18,1.06,0.45,9.07,1.89,9.96,280.77
2024-03-28,Tirodi,299.1,0.0,1.06,0.45,5.72,0.5,0.51,288.13
2024-03-29,Tirodi,299.1,0.0,1.06,0.45,5.21,0.3,15.28,295.38
2024-03-30,Tirodi,299.1,0.0,0.0,0.45,4.72,0.47,23.47,286.38
2024-03-31,Tirodi,299.1,4.97,1.66,1.16,8.01,2.45,24.87,275.31
2024-04-01,Tirodi,299.1,0.0,1.66,1.16,7.32,2.38,16.63,284.53
2024-04-02,Tirodi,299.1,0.0,1.66,1.16,6.62,3.36,3.44,278.31
2024-04-03,Tirodi,299.1,0.0,0.0,0.71,6.15,0.08,8.9,283.2
2024-04-04,Tirodi,299.1,0.0,0.0,0.71,6.23,0.76,5.03,291.17
2024-04-05,Tirodi,299.1,0.0,0.0,0.71,5.45,6.29,9.66,245.53
2024-04-06,Tirodi,299.1,0.0,0.0,0.71,5.39,0.6,0.0,295.41
2024-04-07,Tirodi,299.1,0.0,0.0,0.0,6.13,1.21,12.51,295.65
2024-04-08,Tirodi,299.1,0.0,0.0,0.0,7.05,2.79,7.92,287.17
2024-04-09,Tirodi,299.1,0.0,0.0,0.0,6.81,0.98,0.0,293.36
2024-04-10,Tirodi,299.1,0.0,0.0,0.0,5.3,0.41,3.72,298.52
2024-04-11,Tirodi,299.1,0.0,0.0,0.0,5.46,0.3,5.84,303.81
2024-04-12,Tirodi,299.1,0.0,0.0,0.0,4.06,0.0,32.02,281.76
2024-04-13,Tirodi,299.1,0.0,0.0,0.0,3.51,0.52,13.1,298.33
2024-04-14,Tirodi,299.1,0.0,0.0,0.0,3.0,0.35,9.96,289.63
2024-04-15,Tirodi,299.1,4.52,1.51,0.65,4.84,0.85,4.59,302.14
2024-04-16,Tirodi,299.1,0.0,1.51,0.65,4.03,1.15,12.2,282.93
2024-04-17,Tirodi,299.1,0.0,1.51,0.65,3.73,0.07,5.74,290.67
2024-04-18,Tirodi,299.1,0.0,0.0,0.65,3.49,3.92,0.0,280.62
2024-04-19,Tirodi,299.1,0.0,0.0,0.65,3.0,1.2,8.48,283.16
2024-04-20,Tirodi,299.1,0.0,0.0,0.65,4.25,2.38,7.19,282.29
2024-04-21,Tirodi,299.1,0.0,0.0,0.65,4.04,2.51,0.0,280.26
2024-04-22,Tirodi,299.1,0.0,0.0,0.0,4.87,1.63,10.04,291.36
2024-04-23,Tirodi,299.1,0.0,0.0,0.0,5.7,0.74,10.28,295.04
2024-04-24,Tirodi,299.1,0.0,0.0,0.0,5.63,2.26,0.0,285.16
2024-04-25,Tirodi,299.1,0.0,0.0,0.0,4.58,1.7,9.52,294.1
2024-04-26,Tirodi,299.1,0.0,0.0,0.0,4.11,0.69,8.36,295.49
2024-04-27,Tirodi,299.1,0.0,0.0,0.0,4.55,0.54,4.18,304.64
2024-04-28,Tirodi,299.1,0.0,0.0,0.0,3.0,2.35,10.22,269.41
2024-04-29,Tirodi,299.1,0.0,0.0,0.0,4.21,1.42,22.73,288.13
2024-04-30,Tirodi,299.1,0.0,0.0,0.0,4.21,0.46,8.52,288.41
2024-05-01,Tirodi,299.1,0.0,0.0,0.0,4.42,2.26,11.78,284.71
2024-05-02,Tirodi,299.1,0.0,0.0,0.0,4.46,1.11,2.83,284.46
2024-05-03,Tirodi,299.1,0.0,0.0,0.0,3.41,1.44,12.3,296.03
2024-05-04,Tirodi,299.1,0.0,0.0,0.0,3.08,1.64,2.22,289.97
2024-05-05,Tirodi,299.1,0.0,0.0,0.0,3.0,2.83,5.19,284.25
2024-05-06,Tirodi,299.1,0.0,0.0,0.0,3.83,1.9,2.75,277.67
2024-05-07,Tirodi,299.1,0.0,0.0,0.0,3.0,0.0,9.12,291.69
2024-05-08,Tirodi,299.1,0.0,0.0,0.0,3.0,0.75,9.1,279.44
2024-05-09,Tirodi,299.1,0.0,0.0,0.0,3.0,0.34,8.48,305.54
2024-05-10,Tirodi,299.1,0.0,0.0,0.0,3.0,0.0,0.0,291.57
2024-05-11,Tirodi,299.1,0.0,0.0,0.0,4.51,1.14,3.81,288.61
2024-05-12,Tirodi,299.1,0.0,0.0,0.0,4.84,0.0,0.0,291.83
2024-05-13,Tirodi,299.1,0.0,0.0,0.0,5.28,0.55,23.99,296.77
2024-05-14,Tirodi,299.1,6.42,2.14,0.92,8.36,1.46,7.21,284.8
2024-05-15,Tirodi,299.1,0.0,2.14,0.92,9.19,0.33,34.64,279.68
2024-05-16,Tirodi,299.1,7.5,4.64,1.99,12.38,2.07,14.42,285.82
2024-05-17,Tirodi,299.1,10.53,6.01,3.49,16.01,2.55,14.24,281.71
2024-05-18,Tirodi,299.1,0.0,6.01,3.49,12.76,0.83,1.44,290.98
2024-05-19,Tirodi,299.1,0.0,3.51,3.49,11.08,2.24,8.16,276.42
2024-05-20,Tirodi,299.1,25.63,8.54,7.15,19.76,0.29,10.32,291.99
2024-05-21,Tirodi,299.1,0.0,8.54,6.24,21.0,0.62,14.47,291.06
2024-05-22,Tirodi,299.1,0.0,8.54,6.24,20.56,0.55,5.63,294.46
2024-05-23,Tirodi,299.1,0.0,0.0,5.17,22.26,0.71,15.36,286.52
2024-05-24,Tirodi,299.1,0.0,0.0,3.66,21.88,0.26,11.73,290.91
2024-05-25,Tirodi,299.1,0.0,0.0,3.66,19.01,0.53,0.0,289.47
2024-05-26,Tirodi,299.1,0.0,0.0,3.66,17.49,0.7,19.13,291.42
2024-05-27,Tirodi,299.1,0.0,0.0,0.0,16.78,0.0,12.14,307.02
2024-05-28,Tirodi,299.1,0.0,0.0,0.0,15.77,4.22,0.0,281.26
2024-05-29,Tirodi,299.1,0.0,0.0,0.0,13.19,0.79,11.27,297.89
2024-05-30,Tirodi,299.1,0.0,0.0,0.0,10.99,0.76,1.16,289.25
2024-05-31,Tirodi,299.1,0.0,0.0,0.0,10.74,0.91,10.08,291.55
2024-06-01,Tirodi,299.1,108.31,36.1,15.47,47.7,3.5,29.79,228.11
2024-06-02,Tirodi,299.1,40.45,49.59,21.25,57.35,1.42,14.69,257.08
2024-06-03,Tirodi,299.1,61.78,70.18,30.08,60.0,1.07,19.75,240.86
2024-06-04,Tirodi,299.1,0.0,34.08,30.08,56.04,0.38,9.98,255.81
2024-06-05,Tirodi,299.1,0.0,20.59,30.08,51.32,1.89,8.55,264.9
2024-06-06,Tirodi,299.1,0.0,0.0,30.08,47.66,0.5,19.88,272.99
2024-06-07,Tirodi,299.1,0.0,0.0,30.08,43.97,0.97,2.66,269.83
2024-06-08,Tirodi,299.1,84.48,28.16,26.67,60.0,1.65,10.46,248.34
2024-06-09,Tirodi,299.1,25.79,36.76,24.58,60.0,0.0,4.4,264.68
2024-06-10,Tirodi,299.1,0.0,36.76,15.75,56.82,0.07,0.0,258.27
2024-06-11,Tirodi,299.1,0.0,8.6,15.75,54.8,2.04,5.64,247.01
2024-06-12,Tirodi,299.1,52.75,17.58,23.29,60.0,0.45,19.82,251.24
2024-06-13,Tirodi,299.1,63.35,38.7,32.34,60.0,2.13,12.33,237.01
2024-06-14,Tirodi,299.1,0.0,38.7,32.34,57.28,0.18,13.0,254.69
2024-06-15,Tirodi,299.1,29.38,30.91,24.47,60.0,0.0,5.16,248.96
2024-06-16,Tirodi,299.1,41.87,23.75,26.76,60.0,1.99,0.4,257.99
2024-06-17,Tirodi,299.1,64.24,45.16,35.94,60.0,1.27,10.98,245.24
2024-06-18,Tirodi,299.1,116.5,74.2,52.58,60.0,2.33,15.47,219.01
2024-06-19,Tirodi,299.1,122.26,101.0,62.52,60.0,2.43,18.72,216.2
2024-06-20,Tirodi,299.1,31.95,90.24,58.03,60.0,0.64,30.67,255.08
2024-06-21,Tirodi,299.1,40.56,64.92,63.82,60.0,0.15,3.96,263.62
2024-06-22,Tirodi,299.1,0.0,24.17,59.63,54.1,0.0,3.18,268.5
2024-06-23,Tirodi,299.1,109.04,49.87,69.22,60.0,1.06,10.88,229.15
2024-06-24,Tirodi,299.1,16.88,41.97,62.46,60.0,2.77,4.05,239.56
2024-06-25,Tirodi,299.1,0.0,41.97,45.81,57.07,1.8,8.49,256.51
2024-06-26,Tirodi,299.1,28.0,14.96,32.35,60.0,1.01,4.74,260.01
2024-06-27,Tirodi,299.1,18.5,15.5,30.43,60.0,0.0,5.27,264.19
2024-06-28,Tirodi,299.1,50.74,32.42,31.88,60.0,0.3,0.0,270.39
2024-06-29,Tirodi,299.1,0.0,23.08,31.88,56.92,0.19,24.8,259.78
2024-06-30,Tirodi,299.1,24.44,25.06,19.8,60.0,2.84,21.34,244.55
2024-07-01,Tirodi,299.1,16.38,13.61,19.72,60.0,2.46,8.76,248.66
2024-07-02,Tirodi,299.1,43.62,28.14,25.95,60.0,1.6,2.04,252.12
2024-07-03,Tirodi,299.1,0.0,20.0,21.95,58.1,3.45,1.83,246.24
2024-07-04,Tirodi,299.1,0.0,14.54,19.31,54.38,0.26,10.96,261.14
2024-07-05,Tirodi,299.1,0.0,0.0,12.06,50.04,0.76,0.0,278.75
2024-07-06,Tirodi,299.1,23.14,7.71,15.37,55.07,0.81,12.43,257.13
2024-07-07,Tirodi,299.1,70.65,31.26,21.97,60.0,2.37,19.74,230.84
2024-07-08,Tirodi,299.1,0.0,31.26,19.63,56.47,1.9,4.4,257.31
2024-07-09,Tirodi,299.1,76.69,49.11,24.35,60.0,1.32,11.52,249.86
2024-07-10,Tirodi,299.1,0.0,25.56,24.35,57.5,3.46,17.23,246.93
2024-07-11,Tirodi,299.1,0.0,25.56,24.35,54.23,3.91,12.22,256.29
2024-07-12,Tirodi,299.1,21.12,7.04,27.37,58.02,0.23,16.02,258.3
2024-07-13,Tirodi,299.1,0.0,7.04,24.07,54.18,1.17,24.57,258.96
2024-07-14,Tirodi,299.1,56.3,25.81,22.02,60.0,1.22,7.26,240.42
2024-07-15,Tirodi,299.1,0.0,18.77,22.02,57.24,4.09,2.58,243.59
2024-07-16,Tirodi,299.1,0.0,18.77,11.06,52.88,0.52,18.71,255.78
2024-07-17,Tirodi,299.1,89.11,29.7,23.79,60.0,2.86,9.34,227.35
2024-07-18,Tirodi,299.1,0.0,29.7,23.79,56.99,3.1,31.85,238.07
2024-07-19,Tirodi,299.1,0.0,29.7,20.77,52.96,0.0,27.09,263.07
2024-07-20,Tirodi,299.1,121.47,40.49,38.13,60.0,2.06,16.92,225.77
2024-07-21,Tirodi,299.1,28.53,50.0,34.16,60.0,2.06,0.0,252.28
2024-07-22,Tirodi,299.1,0.0,50.0,34.16,56.0,0.37,10.81,261.81
2024-07-23,Tirodi,299.1,23.47,17.33,37.51,60.0,0.61,4.25,266.45
2024-07-24,Tirodi,299.1,169.4,64.29,48.98,60.0,4.87,34.96,178.6
2024-07-25,Tirodi,299.1,0.0,64.29,48.98,57.65,1.31,7.54,259.84
2024-07-26,Tirodi,299.1,60.63,76.68,57.64,60.0,1.18,17.44,239.18
2024-07-27,Tirodi,299.1,0.0,20.21,40.29,56.22,0.31,3.92,266.49
2024-07-28,Tirodi,299.1,23.62,28.08,39.59,59.97,0.86,2.71,261.76
2024-07-29,Tirodi,299.1,0.0,7.87,39.59,58.19,0.71,12.92,262.29
2024-07-30,Tirodi,299.1,0.0,7.87,36.24,54.55,2.37,0.0,257.48
2024-07-31,Tirodi,299.1,0.0,0.0,12.04,51.22,2.01,14.27,262.16
2024-08-01,Tirodi,299.1,0.0,0.0,12.04,47.79,1.59,0.0,269.21
2024-08-02,Tirodi,299.1,54.19,18.06,11.12,60.0,1.01,7.74,249.27
2024-08-03,Tirodi,299.1,0.0,18.06,11.12,56.68,1.08,0.0,262.23
2024-08-04,Tirodi,299.1,0.0,18.06,7.74,54.86,2.95,3.08,246.78
2024-08-05,Tirodi,299.1,0.0,0.0,7.74,50.49,1.0,11.56,255.68
2024-08-06,Tirodi,299.1,16.46,5.49,10.09,54.38,0.93,42.77,249.64
2024-08-07,Tirodi,299.1,0.0,5.49,10.09,51.91,0.31,0.0,272.13
2024-08-08,Tirodi,299.1,0.0,5.49,10.09,50.58,0.0,1.84,268.35
2024-08-09,Tirodi,299.1,0.0,0.0,2.35,47.1,0.0,0.0,275.92
2024-08-10,Tirodi,299.1,52.71,17.57,9.88,60.0,0.41,5.58,244.32
2024-08-11,Tirodi,299.1,0.0,17.57,9.88,54.98,2.17,3.73,254.46
2024-08-12,Tirodi,299.1,0.0,17.57,9.88,51.76,0.0,0.0,270.22
2024-08-13,Tirodi,299.1,38.56,12.85,13.04,60.0,1.04,11.52,253.55
2024-08-14,Tirodi,299.1,0.0,12.85,13.04,56.46,1.49,12.95,264.07
2024-08-15,Tirodi,299.1,0.0,12.85,13.04,52.61,0.8,1.32,258.3
2024-08-16,Tirodi,299.1,53.48,17.83,20.68,60.0,0.81,20.97,252.89
2024-08-17,Tirodi,299.1,0.0,17.83,13.15,56.27,1.87,4.09,261.99
2024-08-18,Tirodi,299.1,39.37,30.95,18.77,60.0,0.91,14.28,257.59
2024-08-19,Tirodi,299.1,0.0,13.12,18.77,58.48,0.67,2.63,248.4
2024-08-20,Tirodi,299.1,0.0,13.12,13.26,56.71,0.64,0.14,258.76
2024-08-21,Tirodi,299.1,0.0,0.0,13.26,49.93,2.4,0.61,263.55
2024-08-22,Tirodi,299.1,61.21,20.4,22.01,60.0,0.96,4.11,251.31
2024-08-23,Tirodi,299.1,21.65,27.62,17.46,60.0,0.0,10.3,260.26
2024-08-24,Tirodi,299.1,26.1,36.32,21.19,60.0,1.05,3.23,258.74
2024-08-25,Tirodi,299.1,42.59,30.11,21.65,60.0,0.82,5.72,266.57
2024-08-26,Tirodi,299.1,0.0,22.89,21.65,57.61,2.23,4.5,251.33
2024-08-27,Tirodi,299.1,0.0,14.2,21.65,52.06,1.08,14.83,268.02
2024-08-28,Tirodi,299.1,76.07,25.36,32.52,60.0,3.0,4.33,237.8
2024-08-29,Tirodi,299.1,0.0,25.36,23.77,58.31,1.14,7.59,256.17
2024-08-30,Tirodi,299.1,0.0,25.36,20.68,55.94,3.98,49.93,232.35
2024-08-31,Tirodi,299.1,32.44,10.81,21.58,60.0,0.42,0.0,266.2
2024-09-01,Tirodi,299.1,52.37,28.27,22.98,60.0,1.84,6.48,250.72
2024-09-02,Tirodi,299.1,51.67,45.49,30.36,60.0,0.59,17.26,248.06
2024-09-03,Tirodi,299.1,0.0,34.68,30.36,56.76,1.07,0.0,260.23
2024-09-04,Tirodi,299.1,0.0,17.22,19.5,54.44,1.76,14.17,250.29
2024-09-05,Tirodi,299.1,3.36,1.12,19.98,51.32,1.62,5.46,251.41
2024-09-06,Tirodi,299.1,59.53,20.97,28.48,60.0,1.66,9.34,239.01
2024-09-07,Tirodi,299.1,58.72,40.54,32.24,60.0,0.59,3.43,245.82
2024-09-08,Tirodi,299.1,0.0,39.42,24.76,56.86,0.44,18.92,258.83
2024-09-09,Tirodi,299.1,0.0,19.57,17.37,54.38,0.63,0.0,261.03
2024-09-10,Tirodi,299.1,0.0,0.0,17.37,52.52,2.7,4.69,257.86
2024-09-11,Tirodi,299.1,25.12,8.37,20.96,57.23,0.66,16.22,253.59
2024-09-12,Tirodi,299.1,24.15,16.42,23.93,60.0,0.48,26.92,253.05
2024-09-13,Tirodi,299.1,51.07,33.45,22.72,60.0,1.04,15.89,250.64
2024-09-14,Tirodi,299.1,0.0,25.07,14.33,56.2,0.0,0.0,266.8
2024-09-15,Tirodi,299.1,0.0,17.02,14.33,53.86,1.58,13.77,258.21
2024-09-16,Tirodi,299.1,105.77,35.26,29.44,60.0,1.38,14.07,245.73
2024-09-17,Tirodi,299.1,33.79,46.52,34.27,60.0,0.43,5.33,262.64
2024-09-18,Tirodi,299.1,54.38,64.65,38.45,60.0,0.88,0.0,255.09
2024-09-19,Tirodi,299.1,125.15,71.11,52.88,60.0,1.35,25.12,218.83
2024-09-20,Tirodi,299.1,43.06,74.2,51.74,60.0,1.2,8.56,253.88
2024-09-21,Tirodi,299.1,0.0,56.07,51.74,56.63,2.18,5.99,245.06
2024-09-22,Tirodi,299.1,0.0,14.35,51.74,53.36,0.77,3.83,264.82
2024-09-23,Tirodi,299.1,49.28,16.43,43.67,60.0,5.25,11.76,225.38
2024-09-24,Tirodi,299.1,0.0,16.43,38.84,55.16,0.66,7.17,262.74
2024-09-25,Tirodi,299.1,131.89,60.39,49.91,60.0,1.68,12.97,224.65
2024-09-26,Tirodi,299.1,0.0,43.96,32.03,55.83,0.53,11.23,263.42
2024-09-27,Tirodi,299.1,0.0,43.96,25.88,52.62,0.46,13.63,253.75
2024-09-28,Tirodi,299.1,0.0,0.0,25.88,48.33,1.47,10.13,264.96
2024-09-29,Tirodi,299.1,0.0,0.0,25.88,44.86,1.98,26.18,259.07
2024-09-30,Tirodi,299.1,65.78,21.93,28.24,60.0,1.27,3.73,254.85
2024-10-01,Tirodi,299.1,4.15,23.31,28.83,55.82,1.24,11.71,253.9
2024-10-02,Tirodi,299.1,0.0,23.31,9.99,49.63,0.75,16.46,260.13
2024-10-03,Tirodi,299.1,0.0,1.38,9.99,47.2,1.18,5.84,270.97
2024-10-04,Tirodi,299.1,0.0,0.0,9.99,44.87,0.89,4.55,273.25
2024-10-05,Tirodi,299.1,0.0,0.0,9.99,42.58,0.45,2.49,267.85
2024-10-06,Tirodi,299.1,0.0,0.0,9.99,41.99,1.22,3.07,260.04
2024-10-07,Tirodi,299.1,0.0,0.0,0.59,38.39,1.68,23.95,264.71
2024-10-08,Tirodi,299.1,0.0,0.0,0.0,37.62,4.19,20.55,258.74
2024-10-09,Tirodi,299.1,0.0,0.0,0.0,35.42,0.0,0.0,283.43
2024-10-10,Tirodi,299.1,0.0,0.0,0.0,31.07,0.0,3.81,282.17
2024-10-11,Tirodi,299.1,0.0,0.0,0.0,29.04,3.28,12.81,261.47
2024-10-12,Tirodi,299.1,0.0,0.0,0.0,27.98,0.09,3.29,288.58
2024-10-13,Tirodi,299.1,0.0,0.0,0.0,26.43,1.04,11.09,290.86
2024-10-14,Tirodi,299.1,0.0,0.0,0.0,23.7,0.0,1.55,297.11
2024-10-15,Tirodi,299.1,0.0,0.0,0.0,19.21,0.04,12.97,301.65
2024-10-16,Tirodi,299.1,0.0,0.0,0.0,16.79,2.13,14.31,285.59
2024-10-17,Tirodi,299.1,6.75,2.25,0.96,18.21,0.88,3.2,288.67
2024-10-18,Tirodi,299.1,0.0,2.25,0.96,16.55,1.33,3.84,291.91
2024-10-19,Tirodi,299.1,0.0,2.25,0.96,13.36,3.15,9.03,271.52
2024-10-20,Tirodi,299.1,6.5,2.17,1.89,15.01,2.1,8.91,276.2
2024-10-21,Tirodi,299.1,0.0,2.17,1.89,13.33,0.0,6.85,291.99
2024-10-22,Tirodi,299.1,0.0,2.17,1.89,11.97,0.23,10.02,283.48
2024-10-23,Tirodi,299.1,0.0,0.0,1.89,12.13,6.02,11.39,254.83
2024-10-24,Tirodi,299.1,0.0,0.0,0.93,11.48,2.0,2.82,287.31
2024-10-25,Tirodi,299.1,0.0,0.0,0.93,11.35,0.96,1.76,297.96
2024-10-26,Tirodi,299.1,25.48,8.49,4.57,20.43,2.05,1.84,292.31
2024-10-27,Tirodi,299.1,0.0,8.49,3.64,19.99,0.67,7.91,297.14
2024-10-28,Tirodi,299.1,0.0,8.49,3.64,19.8,1.19,5.03,291.24
2024-10-29,Tirodi,299.1,0.0,0.0,3.64,18.28,0.15,18.85,295.53
2024-10-30,Tirodi,299.1,0.0,0.0,3.64,17.24,0.0,9.91,304.38
2024-10-31,Tirodi,299.1,0.0,0.0,3.64,15.18,4.13,17.22,268.34
2024-11-01,Tirodi,299.1,0.0,0.0,3.64,14.04,2.08,0.0,290.97
2024-11-02,Tirodi,299.1,0.0,0.0,0.0,12.75,1.55,7.08,283.86
2024-11-03,Tirodi,299.1,0.0,0.0,0.0,12.25,3.34,8.38,272.32
2024-11-04,Tirodi,299.1,0.0,0.0,0.0,11.37,0.74,4.33,284.34
2024-11-05,Tirodi,299.1,0.0,0.0,0.0,9.96,1.79,6.95,285.73
2024-11-06,Tirodi,299.1,0.0,0.0,0.0,10.07,1.09,0.0,290.92
2024-11-07,Tirodi,299.1,0.0,0.0,0.0,10.62,0.51,23.91,287.84
2024-11-08,Tirodi,299.1,0.0,0.0,0.0,9.22,3.0,8.07,280.47
2024-11-09,Tirodi,299.1,0.0,0.0,0.0,8.21,2.16,6.13,288.38
2024-11-10,Tirodi,299.1,0.0,0.0,0.0,6.05,0.2,5.83,302.55
2024-11-11,Tirodi,299.1,0.0,0.0,0.0,3.33,0.73,9.82,299.38
2024-11-12,Tirodi,299.1,0.0,0.0,0.0,3.0,1.51,4.96,290.17
2024-11-13,Tirodi,299.1,0.0,0.0,0.0,5.19,2.47,6.68,284.91
2024-11-14,Tirodi,299.1,0.0,0.0,0.0,4.17,0.3,5.68,292.63
2024-11-15,Tirodi,299.1,0.0,0.0,0.0,3.58,1.47,7.63,280.06
2024-11-16,Tirodi,299.1,0.0,0.0,0.0,3.0,2.71,12.85,276.22
2024-11-17,Tirodi,299.1,0.0,0.0,0.0,3.0,0.28,16.19,302.12
2024-11-18,Tirodi,299.1,0.0,0.0,0.0,3.0,2.13,6.04,281.23
2024-11-19,Tirodi,299.1,0.0,0.0,0.0,3.0,0.53,5.05,303.22
2024-11-20,Tirodi,299.1,0.0,0.0,0.0,3.0,0.47,11.07,296.93
2024-11-21,Tirodi,299.1,2.94,0.98,0.42,3.0,1.23,3.98,289.83
2024-11-22,Tirodi,299.1,0.0,0.98,0.42,3.0,3.06,3.22,278.81
2024-11-23,Tirodi,299.1,0.0,0.98,0.42,3.0,0.2,11.06,295.0
2024-11-24,Tirodi,299.1,0.0,0.0,0.42,3.0,1.3,0.45,292.75
2024-11-25,Tirodi,299.1,0.0,0.0,0.42,3.0,0.07,9.82,299.39
2024-11-26,Tirodi,299.1,0.0,0.0,0.42,4.08,0.01,6.32,293.77
2024-11-27,Tirodi,299.1,0.0,0.0,0.42,3.97,1.49,0.0,285.1
2024-11-28,Tirodi,299.1,0.0,0.0,0.0,4.65,1.13,0.0,291.91
2024-11-29,Tirodi,299.1,0.0,0.0,0.0,3.12,0.78,5.59,286.02
2024-11-30,Tirodi,299.1,0.0,0.0,0.0,3.0,1.23,10.94,284.25
2024-12-01,Tirodi,299.1,0.0,0.0,0.0,3.0,0.94,2.29,287.83
2024-12-02,Tirodi,299.1,0.0,0.0,0.0,3.1,0.73,3.24,292.85
2024-12-03,Tirodi,299.1,0.0,0.0,0.0,4.56,1.87,14.92,283.05
2024-12-04,Tirodi,299.1,0.0,0.0,0.0,5.42,2.0,12.09,289.8
2024-12-05,Tirodi,299.1,0.0,0.0,0.0,4.51,0.62,8.28,284.69
2024-12-06,Tirodi,299.1,3.85,1.28,0.55,5.47,0.55,6.61,286.39
2024-12-07,Tirodi,299.1,0.0,1.28,0.55,3.91,0.28,1.66,303.82
2024-12-08,Tirodi,299.1,0.0,1.28,0.55,3.0,2.11,6.71,273.27
2024-12-09,Tirodi,299.1,0.0,0.0,0.55,3.0,3.08,0.62,274.15
2024-12-10,Tirodi,299.1,0.0,0.0,0.55,4.2,0.97,2.74,292.47
2024-12-11,Tirodi,299.1,0.0,0.0,0.55,3.0,0.45,9.95,289.76
2024-12-12,Tirodi,299.1,0.0,0.0,0.55,3.49,1.29,14.68,293.24
2024-12-13,Tirodi,299.1,0.0,0.0,0.0,3.0,2.63,9.19,285.09
2024-12-14,Tirodi,299.1,0.0,0.0,0.0,3.0,1.53,5.97,275.56
2024-12-15,Tirodi,299.1,0.0,0.0,0.0,3.35,1.44,3.01,284.12
2024-12-16,Tirodi,299.1,0.0,0.0,0.0,3.0,1.59,14.46,284.06
2024-12-17,Tirodi,299.1,0.0,0.0,0.0,3.0,0.39,0.0,295.64
2024-12-18,Tirodi,299.1,0.0,0.0,0.0,3.0,0.85,13.51,294.87
2024-12-19,Tirodi,299.1,0.0,0.0,0.0,3.0,1.21,3.39,282.93
2024-12-20,Tirodi,299.1,0.0,0.0,0.0,4.09,1.96,3.2,287.83
2024-12-21,Tirodi,299.1,0.0,0.0,0.0,3.0,1.29,4.03,290.9
2024-12-22,Tirodi,299.1,0.0,0.0,0.0,4.77,0.11,3.84,304.54
2024-12-23,Tirodi,299.1,0.0,0.0,0.0,5.78,1.17,24.84,282.73
2024-12-24,Tirodi,299.1,0.0,0.0,0.0,4.77,2.41,0.0,285.56
2024-12-25,Tirodi,299.1,0.0,0.0,0.0,3.6,1.42,2.06,286.62
2024-12-26,Tirodi,299.1,0.0,0.0,0.0,5.21,1.14,15.18,288.28
2024-12-27,Tirodi,299.1,0.0,0.0,0.0,4.43,0.62,35.53,288.39
2024-12-28,Tirodi,299.1,0.0,0.0,0.0,3.0,0.09,6.1,284.85
2024-12-29,Tirodi,299.1,0.0,0.0,0.0,3.0,2.07,5.48,285.83
2024-12-30,Tirodi,299.1,0.0,0.0,0.0,3.0,2.63,34.98,272.53
2022-01-01,Ukwa,317.3,0.0,0.0,0.0,15.56,0.18,0.0,316.57
2022-01-02,Ukwa,317.3,0.0,0.0,0.0,14.76,1.28,3.49,317.97
2022-01-03,Ukwa,317.3,0.0,0.0,0.0,12.45,0.8,3.8,315.84
2022-01-04,Ukwa,317.3,0.0,0.0,0.0,11.2,1.87,0.27,303.42
2022-01-05,Ukwa,317.3,0.0,0.0,0.0,10.9,3.74,10.91,287.72
2022-01-06,Ukwa,317.3,0.0,0.0,0.0,11.72,0.34,22.33,305.59
2022-01-07,Ukwa,317.3,0.0,0.0,0.0,8.7,0.21,1.92,321.72
2022-01-08,Ukwa,317.3,0.0,0.0,0.0,8.19,0.03,7.84,320.99
2022-01-09,Ukwa,317.3,0.0,0.0,0.0,8.09,0.0,0.38,310.79
2022-01-10,Ukwa,317.3,0.0,0.0,0.0,7.96,1.35,3.08,307.91
2022-01-11,Ukwa,317.3,0.0,0.0,0.0,8.22,1.36,6.98,297.37
2022-01-12,Ukwa,317.3,0.0,0.0,0.0,7.53,0.0,14.17,321.34
2022-01-13,Ukwa,317.3,0.0,0.0,0.0,5.8,2.38,0.52,295.09
2022-01-14,Ukwa,317.3,0.0,0.0,0.0,6.75,1.78,4.67,307.07
2022-01-15,Ukwa,317.3,0.0,0.0,0.0,6.93,0.96,3.96,312.63
2022-01-16,Ukwa,317.3,0.0,0.0,0.0,7.82,1.44,29.71,304.7
2022-01-17,Ukwa,317.3,0.0,0.0,0.0,7.48,6.79,9.82,268.0
2022-01-18,Ukwa,317.3,0.0,0.0,0.0,8.67,0.0,9.26,303.93
2022-01-19,Ukwa,317.3,0.0,0.0,0.0,7.14,1.93,7.85,311.95
2022-01-20,Ukwa,317.3,0.0,0.0,0.0,6.2,0.69,9.02,311.45
2022-01-21,Ukwa,317.3,0.07,0.02,0.01,7.1,0.54,0.0,311.68
2022-01-22,Ukwa,317.3,0.0,0.02,0.01,7.79,3.0,8.43,290.93
2022-01-23,Ukwa,317.3,0.0,0.02,0.01,7.79,0.47,3.89,311.92
2022-01-24,Ukwa,317.3,10.34,3.45,1.49,10.23,3.14,10.5,293.18
2022-01-25,Ukwa,317.3,0.0,3.45,1.49,9.05,1.17,1.98,317.06
2022-01-26,Ukwa,317.3,0.0,3.45,1.49,10.78,0.24,9.87,313.6
2022-01-27,Ukwa,317.3,0.0,0.0,1.49,9.18,0.0,21.37,320.48
2022-01-28,Ukwa,317.3,0.0,0.0,1.48,8.47,1.43,10.25,299.02
2022-01-29,Ukwa,317.3,0.0,0.0,1.48,7.69,0.98,1.57,304.65
2022-01-30,Ukwa,317.3,0.0,0.0,1.48,8.31,2.11,10.68,301.78
2022-01-31,Ukwa,317.3,0.0,0.0,0.0,6.11,0.24,3.55,311.91
2022-02-01,Ukwa,317.3,0.0,0.0,0.0,5.88,0.0,7.69,313.37
2022-02-02,Ukwa,317.3,0.0,0.0,0.0,4.72,0.14,0.0,321.85
2022-02-03,Ukwa,317.3,0.0,0.0,0.0,7.76,2.64,0.0,302.78
2022-02-04,Ukwa,317.3,0.0,0.0,0.0,5.85,0.0,2.39,306.15
2022-02-05,Ukwa,317.3,0.0,0.0,0.0,5.36,0.23,0.6,312.14
2022-02-06,Ukwa,317.3,5.76,1.92,0.82,6.04,0.5,3.91,311.23
2022-02-07,Ukwa,317.3,0.0,1.92,0.82,5.77,0.58,9.68,306.51
2022-02-08,Ukwa,317.3,0.0,1.92,0.82,3.37,0.46,7.05,319.05
2022-02-09,Ukwa,317.3,0.0,0.0,0.82,3.0,0.43,30.58,304.53
2022-02-10,Ukwa,317.3,0.0,0.0,0.82,3.0,0.92,0.36,300.9
2022-02-11,Ukwa,317.3,0.0,0.0,0.82,3.0,0.58,0.8,312.08
2022-02-12,Ukwa,317.3,0.0,0.0,0.82,4.23,0.81,9.46,301.62
2022-02-13,Ukwa,317.3,0.0,0.0,0.0,3.39,4.59,0.0,284.03
2022-02-14,Ukwa,317.3,0.0,0.0,0.0,3.0,0.78,12.09,311.43
2022-02-15,Ukwa,317.3,0.0,0.0,0.0,3.0,2.13,0.25,301.39
2022-02-16,Ukwa,317.3,0.0,0.0,0.0,3.82,0.48,26.19,310.6
2022-02-17,Ukwa,317.3,0.0,0.0,0.0,3.32,0.0,13.04,312.15
2022-02-18,Ukwa,317.3,0.0,0.0,0.0,3.0,1.26,15.49,312.54
2022-02-19,Ukwa,317.3,0.0,0.0,0.0,4.28,1.2,1.63,319.19
2022-02-20,Ukwa,317.3,0.0,0.0,0.0,3.35,0.63,20.26,296.82
2022-02-21,Ukwa,317.3,0.0,0.0,0.0,3.0,1.53,14.75,296.9
2022-02-22,Ukwa,317.3,0.0,0.0,0.0,3.0,1.86,13.12,299.27
2022-02-23,Ukwa,317.3,0.0,0.0,0.0,3.05,0.0,7.63,315.87
2022-02-24,Ukwa,317.3,0.0,0.0,0.0,3.31,2.09,0.48,303.7
2022-02-25,Ukwa,317.3,0.0,0.0,0.0,4.24,0.74,7.13,309.99
2022-02-26,Ukwa,317.3,0.0,0.0,0.0,3.0,2.83,11.53,301.51
2022-02-27,Ukwa,317.3,0.0,0.0,0.0,3.56,0.0,3.02,319.44
2022-02-28,Ukwa,317.3,1.74,0.58,0.25,3.0,1.98,5.41,305.87
2022-03-01,Ukwa,317.3,0.0,0.58,0.25,5.14,1.16,9.01,307.85
2022-03-02,Ukwa,317.3,0.0,0.58,0.25,5.36,2.58,0.66,300.86
2022-03-03,Ukwa,317.3,0.0,0.0,0.25,5.93,1.72,0.0,309.86
2022-03-04,Ukwa,317.3,1.88,0.63,0.52,3.72,0.14,2.7,318.25
2022-03-05,Ukwa,317.3,0.0,0.63,0.52,4.49,0.6,9.3,308.23
2022-03-06,Ukwa,317.3,0.0,0.63,0.52,3.0,1.64,8.26,303.05
2022-03-07,Ukwa,317.3,10.41,3.47,1.76,4.68,0.02,0.08,319.92
2022-03-08,Ukwa,317.3,0.0,3.47,1.76,5.57,1.32,2.66,308.04
2022-03-09,Ukwa,317.3,0.0,3.47,1.76,4.41,2.4,6.16,298.56
2022-03-10,Ukwa,317.3,0.0,0.0,1.76,3.0,0.43,26.8,297.89
2022-03-11,Ukwa,317.3,0.0,0.0,1.49,3.0,3.05,0.0,303.68
2022-03-12,Ukwa,317.3,0.0,0.0,1.49,3.9,6.22,0.71,270.17
2022-03-13,Ukwa,317.3,0.0,0.0,1.49,4.67,1.44,0.0,309.99
2022-03-14,Ukwa,317.3,0.0,0.0,0.0,3.1,0.25,29.33,312.7
2022-03-15,Ukwa,317.3,0.0,0.0,0.0,3.06,0.0,5.16,311.2
2022-03-16,Ukwa,317.3,0.0,0.0,0.0,3.0,0.26,24.49,312.76
2022-03-17,Ukwa,317.3,0.0,0.0,0.0,3.36,1.64,0.0,306.95
2022-03-18,Ukwa,317.3,0.0,0.0,0.0,3.0,0.75,14.57,314.32
2022-03-19,Ukwa,317.3,2.08,0.69,0.3,4.63,2.1,7.69,288.54
2022-03-20,Ukwa,317.3,0.0,0.69,0.3,3.43,1.34,5.49,305.4
2022-03-21,Ukwa,317.3,0.0,0.69,0.3,4.85,0.0,10.07,315.36
2022-03-22,Ukwa,317.3,6.47,2.16,1.22,7.71,0.34,0.0,313.68
2022-03-23,Ukwa,317.3,0.0,2.16,1.22,6.61,1.13,2.21,315.98
2022-03-24,Ukwa,317.3,0.0,2.16,1.22,7.08,1.86,10.36,311.78
2022-03-25,Ukwa,317.3,0.0,0.0,1.22,5.81,0.0,1.69,306.89
2022-03-26,Ukwa,317.3,2.24,0.75,1.24,7.04,1.6,15.62,289.77
2022-03-27,Ukwa,317.3,0.0,0.75,1.24,5.96,0.54,16.91,296.46
2022-03-28,Ukwa,317.3,0.0,0.75,1.24,5.19,0.0,13.16,313.67
2022-03-29,Ukwa,317.3,0.0,0.0,0.32,5.1,0.52,29.6,311.23
2022-03-30,Ukwa,317.3,5.61,1.87,1.12,4.64,4.42,19.34,289.71
2022-03-31,Ukwa,317.3,0.0,1.87,1.12,4.08,0.77,0.0,314.09
2022-04-01,Ukwa,317.3,0.0,1.87,1.12,4.96,1.96,5.98,297.44
2022-04-02,Ukwa,317.3,0.0,0.0,0.8,5.05,4.27,0.12,290.7
2022-04-03,Ukwa,317.3,0.0,0.0,0.8,4.39,1.46,10.08,308.83
2022-04-04,Ukwa,317.3,0.0,0.0,0.8,5.24,0.57,14.98,302.14
2022-04-05,Ukwa,317.3,0.0,0.0,0.8,4.01,2.21,9.98,291.93
2022-04-06,Ukwa,317.3,0.0,0.0,0.0,3.0,0.3,7.67,310.78
2022-04-07,Ukwa,317.3,0.0,0.0,0.0,3.26,0.09,12.07,324.84
2022-04-08,Ukwa,317.3,0.0,0.0,0.0,3.0,1.78,12.31,295.93
2022-04-09,Ukwa,317.3,0.0,0.0,0.0,3.0,0.83,7.14,303.67
2022-04-10,Ukwa,317.3,2.35,0.78,0.34,4.6,1.14,8.43,314.85
2022-04-11,Ukwa,317.3,0.0,0.78,0.34,4.72,0.11,6.06,311.19
2022-04-12,Ukwa,317.3,0.0,0.78,0.34,5.8,1.97,23.95,304.53
2022-04-13,Ukwa,317.3,0.0,0.0,0.34,5.67,2.59,6.55,302.23
2022-04-14,Ukwa,317.3,0.0,0.0,0.34,4.27,0.47,18.44,314.96
2022-04-15,Ukwa,317.3,0.0,0.0,0.34,4.01,0.84,13.32,309.91
2022-04-16,Ukwa,317.3,0.0,0.0,0.34,4.21,0.28,12.43,310.6
2022-04-17,Ukwa,317.3,0.0,0.0,0.0,3.46,0.85,14.53,298.9
2022-04-18,Ukwa,317.3,0.0,0.0,0.0,3.0,0.56,9.55,302.11
2022-04-19,Ukwa,317.3,0.0,0.0,0.0,3.0,2.54,16.83,289.57
2022-04-20,Ukwa,317.3,0.0,0.0,0.0,3.0,0.0,7.44,312.14
2022-04-21,Ukwa,317.3,2.95,0.98,0.42,3.68,0.0,0.0,317.63
2022-04-22,Ukwa,317.3,0.0,0.98,0.42,3.0,2.23,13.64,297.13
2022-04-23,Ukwa,317.3,0.0,0.98,0.42,3.0,1.05,5.67,324.58
2022-04-24,Ukwa,317.3,0.0,0.0,0.42,3.0,1.33,20.19,297.49
2022-04-25,Ukwa,317.3,8.67,2.89,1.66,6.27,4.28,6.29,284.42
2022-04-26,Ukwa,317.3,0.0,2.89,1.66,7.04,1.77,3.54,321.33
2022-04-27,Ukwa,317.3,4.26,4.31,2.27,6.51,0.33,14.79,306.62
2022-04-28,Ukwa,317.3,2.55,2.27,2.21,8.01,0.13,11.86,304.66
2022-04-29,Ukwa,317.3,0.0,2.27,2.21,8.45,3.48,3.94,292.46
2022-04-30,Ukwa,317.3,0.0,0.85,2.21,8.43,1.1,22.3,303.6
2022-05-01,Ukwa,317.3,0.0,0.0,2.21,8.88,0.77,11.0,302.87
2022-05-02,Ukwa,317.3,0.0,0.0,0.97,7.83,0.85,7.77,308.7
2022-05-03,Ukwa,317.3,0.0,0.0,0.97,6.8,3.1,0.0,302.94
2022-05-04,Ukwa,317.3,0.0,0.0,0.36,7.14,1.33,6.4,310.46
2022-05-05,Ukwa,317.3,0.0,0.0,0.0,3.47,2.68,10.54,293.86
2022-05-06,Ukwa,317.3,0.0,0.0,0.0,3.0,1.57,24.43,302.72
2022-05-07,Ukwa,317.3,5.73,1.91,0.82,3.77,2.38,9.09,290.73
2022-05-08,Ukwa,317.3,0.0,1.91,0.82,3.0,1.01,16.61,297.94
2022-05-09,Ukwa,317.3,0.0,1.91,0.82,3.03,0.87,4.58,301.81
2022-05-10,Ukwa,317.3,0.0,0.0,0.82,4.21,0.38,33.57,305.63
2022-05-11,Ukwa,317.3,0.0,0.0,0.82,3.01,1.66,0.0,311.61
2022-05-12,Ukwa,317.3,11.74,3.91,2.5,9.22,1.92,11.11,295.43
2022-05-13,Ukwa,317.3,0.0,3.91,2.5,7.44,1.05,3.68,312.65
2022-05-14,Ukwa,317.3,0.0,3.91,1.68,5.6,0.45,3.88,320.91
2022-05-15,Ukwa,317.3,0.0,0.0,1.68,6.94,2.97,5.81,297.9
2022-05-16,Ukwa,317.3,0.0,0.0,1.68,7.06,0.0,2.1,332.82
2022-05-17,Ukwa,317.3,13.8,4.6,3.65,11.12,1.13,6.07,308.25
2022-05-18,Ukwa,317.3,10.74,8.18,5.18,15.36,2.5,7.97,299.26
2022-05-19,Ukwa,317.3,0.0,8.18,3.51,16.61,2.11,3.35,294.17
2022-05-20,Ukwa,317.3,0.0,3.58,3.51,15.37,1.06,3.87,304.65
2022-05-21,Ukwa,317.3,0.0,0.0,3.51,15.04,0.38,4.47,309.19
2022-05-22,Ukwa,317.3,32.0,10.67,8.08,26.6,1.34,2.04,292.03
2022-05-23,Ukwa,317.3,0.0,10.67,8.08,25.56,0.0,0.0,310.96
2022-05-24,Ukwa,317.3,0.0,10.67,6.11,21.45,0.91,13.65,296.68
2022-05-25,Ukwa,317.3,13.65,4.55,6.52,25.38,0.01,5.62,323.53
2022-05-26,Ukwa,317.3,0.0,4.55,6.52,24.05,1.45,0.0,309.16
2022-05-27,Ukwa,317.3,0.0,4.55,6.52,23.36,1.17,11.91,305.38
2022-05-28,Ukwa,317.3,0.0,0.0,6.52,21.49,0.61,23.24,301.4
2022-05-29,Ukwa,317.3,0.0,0.0,1.95,19.7,4.95,2.42,284.5
2022-05-30,Ukwa,317.3,0.0,0.0,1.95,18.83,0.39,10.85,308.76
2022-05-31,Ukwa,317.3,0.0,0.0,1.95,21.03,0.0,9.54,317.51
2022-06-01,Ukwa,317.3,60.67,20.22,8.67,39.23,0.22,24.07,283.08
2022-06-02,Ukwa,317.3,0.0,20.22,8.67,36.76,1.42,11.76,290.08
2022-06-03,Ukwa,317.3,5.05,21.91,9.39,36.57,0.12,20.07,288.25
2022-06-04,Ukwa,317.3,0.0,1.68,9.39,35.86,0.0,20.42,303.0
2022-06-05,Ukwa,317.3,0.0,1.68,9.39,34.34,1.97,8.45,285.05
2022-06-06,Ukwa,317.3,4.72,1.57,10.06,33.81,0.0,11.39,306.14
2022-06-07,Ukwa,317.3,66.44,23.72,19.55,55.98,0.83,21.75,266.56
2022-06-08,Ukwa,317.3,11.47,27.54,12.52,58.43,0.91,8.1,273.29
2022-06-09,Ukwa,317.3,0.0,25.97,12.52,56.82,3.41,14.22,263.39
2022-06-10,Ukwa,317.3,76.46,29.31,22.73,60.0,0.63,6.06,259.82
2022-06-11,Ukwa,317.3,59.83,45.43,31.27,60.0,1.25,8.95,264.96
2022-06-12,Ukwa,317.3,94.74,77.01,44.81,60.0,1.21,26.22,259.99
2022-06-13,Ukwa,317.3,0.0,51.52,44.13,55.69,1.93,11.25,273.03
2022-06-14,Ukwa,317.3,0.0,31.58,34.64,53.98,2.39,8.65,271.32
2022-06-15,Ukwa,317.3,88.91,29.64,45.71,60.0,0.93,6.83,252.03
2022-06-16,Ukwa,317.3,0.0,29.64,45.71,56.58,1.26,39.34,255.31
2022-06-17,Ukwa,317.3,42.64,43.85,40.87,60.0,3.59,12.9,252.55
2022-06-18,Ukwa,317.3,98.28,46.97,46.37,60.0,0.85,15.27,261.09
2022-06-19,Ukwa,317.3,47.75,62.89,39.65,60.0,0.17,9.33,281.92
2022-06-20,Ukwa,317.3,84.74,76.92,51.76,60.0,1.59,17.66,260.17
2022-06-21,Ukwa,317.3,18.3,50.26,54.37,60.0,3.62,24.76,256.85
2022-06-22,Ukwa,317.3,40.07,47.71,47.4,60.0,1.51,16.82,266.93
2022-06-23,Ukwa,317.3,0.0,19.46,47.4,57.48,0.18,19.1,272.2
2022-06-24,Ukwa,317.3,0.0,13.36,41.31,52.93,0.73,0.0,296.28
2022-06-25,Ukwa,317.3,0.0,0.0,27.27,47.59,0.28,0.0,286.18
2022-06-26,Ukwa,317.3,0.0,0.0,20.45,43.11,0.85,2.81,292.07
2022-06-27,Ukwa,317.3,43.11,14.37,14.5,54.63,1.62,6.66,266.67
2022-06-28,Ukwa,317.3,0.0,14.37,11.88,52.65,0.38,21.44,281.23
2022-06-29,Ukwa,317.3,101.37,48.16,20.64,60.0,1.33,11.69,249.02
2022-06-30,Ukwa,317.3,41.65,47.67,26.59,60.0,0.31,5.85,271.04
2022-07-01,Ukwa,317.3,121.46,88.16,43.94,60.0,3.72,14.96,232.22
2022-07-02,Ukwa,317.3,110.81,91.31,59.77,60.0,1.62,6.09,245.16
2022-07-03,Ukwa,317.3,0.0,77.42,59.77,58.44,2.08,18.91,260.2
2022-07-04,Ukwa,317.3,0.0,36.94,53.61,52.18,1.26,10.12,276.25
2022-07-05,Ukwa,317.3,0.0,0.0,53.61,48.9,0.53,2.53,281.43
2022-07-06,Ukwa,317.3,0.0,0.0,39.13,44.29,1.45,1.56,278.53
2022-07-07,Ukwa,317.3,27.54,9.18,37.11,52.21,1.27,5.93,274.15
2022-07-08,Ukwa,317.3,0.0,9.18,19.76,49.87,2.66,10.68,271.95
2022-07-09,Ukwa,317.3,0.0,9.18,3.93,45.34,0.99,17.98,278.38
2022-07-10,Ukwa,317.3,48.64,16.21,10.88,60.0,0.3,9.98,284.43
2022-07-11,Ukwa,317.3,54.11,34.25,18.61,60.0,1.51,7.76,265.95
2022-07-12,Ukwa,317.3,121.35,74.7,35.95,60.0,2.35,15.4,239.1
2022-07-13,Ukwa,317.3,39.26,71.57,41.56,60.0,2.2,33.09,250.94
2022-07-14,Ukwa,317.3,72.12,77.58,47.93,60.0,0.82,11.36,256.2
2022-07-15,Ukwa,317.3,0.0,37.13,47.93,55.91,0.46,0.0,277.29
2022-07-16,Ukwa,317.3,21.84,31.32,51.05,60.0,1.17,1.24,271.33
2022-07-17,Ukwa,317.3,27.13,16.32,47.97,60.0,0.95,10.96,270.79
2022-07-18,Ukwa,317.3,23.66,24.21,43.62,60.0,0.8,7.64,269.39
2022-07-19,Ukwa,317.3,0.0,16.93,26.29,57.88,0.03,5.7,275.91
2022-07-20,Ukwa,317.3,55.64,26.43,28.63,60.0,0.0,5.95,265.24
2022-07-21,Ukwa,317.3,44.06,33.23,24.62,60.0,0.36,16.46,273.58
2022-07-22,Ukwa,317.3,42.29,47.33,30.66,60.0,0.83,0.0,275.04
2022-07-23,Ukwa,317.3,9.03,31.79,28.83,58.51,4.76,2.94,252.91
2022-07-24,Ukwa,317.3,0.0,17.11,24.95,56.97,0.11,3.73,288.66
2022-07-25,Ukwa,317.3,34.61,14.55,26.52,60.0,1.39,11.23,260.35
2022-07-26,Ukwa,317.3,0.0,11.54,26.52,55.99,0.82,9.52,273.52
2022-07-27,Ukwa,317.3,0.0,11.54,18.57,53.42,2.21,6.6,252.87
2022-07-28,Ukwa,317.3,0.0,0.0,12.28,51.13,1.29,9.24,273.53
2022-07-29,Ukwa,317.3,0.0,0.0,6.23,47.81,1.03,14.69,289.07
2022-07-30,Ukwa,317.3,19.6,6.53,7.74,53.08,1.23,13.38,271.15
2022-07-31,Ukwa,317.3,0.0,6.53,7.74,49.09,0.49,0.0,290.95
2022-08-01,Ukwa,317.3,75.36,31.65,13.57,60.0,1.93,9.74,256.06
2022-08-02,Ukwa,317.3,0.0,25.12,13.57,54.9,4.3,20.89,261.75
2022-08-03,Ukwa,317.3,0.0,25.12,13.57,51.71,0.35,0.0,285.96
2022-08-04,Ukwa,317.3,0.0,0.0,13.57,47.55,1.15,14.52,288.58
2022-08-05,Ukwa,317.3,25.99,8.66,17.28,55.03,3.15,14.83,256.74
2022-08-06,Ukwa,317.3,0.0,8.66,14.48,52.84,0.4,0.0,280.87
2022-08-07,Ukwa,317.3,0.0,8.66,14.48,50.34,2.33,1.4,281.14
2022-08-08,Ukwa,317.3,0.0,0.0,3.71,46.87,0.22,10.45,281.1
2022-08-09,Ukwa,317.3,0.0,0.0,3.71,46.31,2.87,1.84,271.89
2022-08-10,Ukwa,317.3,0.0,0.0,3.71,43.33,0.44,2.1,291.33
2022-08-11,Ukwa,317.3,30.89,10.3,8.13,53.75,0.0,8.72,283.35
2022-08-12,Ukwa,317.3,0.0,10.3,4.41,51.0,0.64,18.91,280.63
2022-08-13,Ukwa,317.3,0.0,10.3,4.41,48.53,0.0,5.7,292.27
2022-08-14,Ukwa,317.3,84.87,28.29,16.54,60.0,2.15,12.46,246.53
2022-08-15,Ukwa,317.3,0.0,28.29,16.54,57.02,0.63,18.7,282.29
2022-08-16,Ukwa,317.3,0.0,28.29,16.54,52.77,0.05,14.21,283.01
2022-08-17,Ukwa,317.3,0.0,0.0,16.54,50.61,0.19,1.83,286.1
2022-08-18,Ukwa,317.3,0.0,0.0,12.12,49.32,1.1,20.37,269.43
2022-08-19,Ukwa,317.3,78.12,26.04,23.28,60.0,0.66,13.11,270.17
2022-08-20,Ukwa,317.3,0.0,26.04,23.28,56.67,2.94,0.0,267.86
2022-08-21,Ukwa,317.3,72.71,50.27,21.55,60.0,1.59,6.68,264.0
2022-08-22,Ukwa,317.3,0.0,24.24,21.55,54.78,0.09,38.35,274.81
2022-08-23,Ukwa,317.3,0.0,24.24,21.55,51.56,1.26,32.54,275.1
2022-08-24,Ukwa,317.3,0.0,0.0,21.55,48.69,0.17,19.42,284.74
2022-08-25,Ukwa,317.3,28.47,9.49,25.61,55.74,3.58,5.97,254.3
2022-08-26,Ukwa,317.3,0.0,9.49,14.45,51.73,0.0,0.0,277.7
2022-08-27,Ukwa,317.3,100.7,43.06,28.84,60.0,1.9,27.64,245.5
2022-08-28,Ukwa,317.3,34.23,44.98,23.34,60.0,1.1,15.5,259.3
2022-08-29,Ukwa,317.3,0.0,44.98,23.34,55.36,0.24,23.46,277.04
2022-08-30,Ukwa,317.3,63.83,32.68,32.46,60.0,1.88,6.9,251.55
2022-08-31,Ukwa,317.3,20.77,28.2,35.43,60.0,1.66,4.65,274.44
2022-09-01,Ukwa,317.3,14.53,33.04,33.44,60.0,2.14,8.07,254.31
2022-09-02,Ukwa,317.3,0.0,11.77,33.44,55.7,1.25,3.56,279.3
2022-09-03,Ukwa,317.3,135.45,49.99,38.4,60.0,3.4,25.9,215.16
2022-09-04,Ukwa,317.3,11.15,48.87,35.1,60.0,0.45,2.63,276.09
2022-09-05,Ukwa,317.3,30.6,59.07,39.48,60.0,1.0,10.92,280.07
2022-09-06,Ukwa,317.3,0.0,13.92,30.36,57.47,0.63,3.31,276.99
2022-09-07,Ukwa,317.3,0.0,10.2,27.39,54.38,0.0,23.98,278.44
2022-09-08,Ukwa,317.3,0.0,0.0,25.31,49.85,1.94,10.26,275.1
2022-09-09,Ukwa,317.3,0.0,0.0,25.31,45.97,2.29,7.01,277.49
2022-09-10,Ukwa,317.3,119.15,39.72,22.99,60.0,2.04,4.07,241.81
2022-09-11,Ukwa,317.3,0.0,39.72,21.39,55.65,0.96,16.83,287.54
2022-09-12,Ukwa,317.3,68.89,62.68,26.86,60.0,1.81,12.39,257.8
2022-09-13,Ukwa,317.3,0.0,22.96,26.86,54.67,0.36,0.0,286.34
2022-09-14,Ukwa,317.3,42.49,37.12,32.93,60.0,0.81,1.51,267.67
2022-09-15,Ukwa,317.3,0.0,14.16,32.93,55.63,0.88,5.12,274.96
2022-09-16,Ukwa,317.3,11.48,17.99,34.57,58.56,0.39,0.36,283.12
2022-09-17,Ukwa,317.3,0.0,3.83,17.55,53.49,0.33,2.78,287.75
2022-09-18,Ukwa,317.3,25.72,12.4,21.22,58.79,0.0,11.79,274.73
2022-09-19,Ukwa,317.3,66.07,30.6,20.82,60.0,1.52,17.9,258.87
2022-09-20,Ukwa,317.3,0.0,30.6,20.82,55.39,0.69,10.53,277.57
2022-09-21,Ukwa,317.3,0.0,22.02,14.75,53.76,1.15,11.37,275.66
2022-09-22,Ukwa,317.3,33.46,11.15,19.53,60.0,0.81,11.48,271.8
2022-09-23,Ukwa,317.3,0.0,11.15,17.89,56.34,1.87,8.99,273.97
2022-09-24,Ukwa,317.3,0.0,11.15,17.89,51.61,0.02,15.3,291.17
2022-09-25,Ukwa,317.3,0.0,0.0,14.22,49.3,0.27,2.01,280.61
2022-09-26,Ukwa,317.3,32.65,10.88,9.44,57.26,0.66,8.23,270.58
2022-09-27,Ukwa,317.3,92.3,41.65,22.63,60.0,1.07,21.95,253.44
2022-09-28,Ukwa,317.3,0.0,41.65,22.63,54.37,3.76,9.78,272.44
2022-09-29,Ukwa,317.3,0.0,30.77,17.85,50.83,0.47,4.7,274.93
2022-09-30,Ukwa,317.3,0.0,0.0,17.85,47.38,1.61,6.14,276.11
2022-10-01,Ukwa,317.3,0.0,0.0,17.85,45.73,0.88,2.79,279.59
2022-10-02,Ukwa,317.3,0.0,0.0,17.85,43.47,1.25,13.51,288.3
2022-10-03,Ukwa,317.3,20.84,6.95,16.16,49.12,1.81,6.65,279.64
2022-10-04,Ukwa,317.3,0.0,6.95,2.98,44.55,0.35,0.66,308.41
2022-10-05,Ukwa,317.3,0.0,6.95,2.98,43.1,0.61,19.07,286.45
2022-10-06,Ukwa,317.3,25.88,8.63,6.67,49.96,0.59,0.0,283.88
2022-10-07,Ukwa,317.3,13.05,12.98,8.54,52.14,4.57,15.8,258.7
2022-10-08,Ukwa,317.3,0.0,12.98,8.54,48.26,0.4,9.75,280.51
2022-10-09,Ukwa,317.3,0.0,4.35,8.54,45.94,0.0,4.22,290.65
2022-10-10,Ukwa,317.3,0.0,0.0,5.56,41.73,0.86,12.32,285.27
2022-10-11,Ukwa,317.3,0.0,0.0,5.56,39.1,1.2,2.22,296.67
2022-10-12,Ukwa,317.3,3.92,1.31,6.12,36.93,1.51,14.3,287.44
2022-10-13,Ukwa,317.3,6.68,3.53,3.38,37.92,0.72,5.46,290.45
2022-10-14,Ukwa,317.3,0.0,3.53,1.51,33.79,2.14,17.51,285.13
2022-10-15,Ukwa,317.3,13.54,6.74,3.45,36.33,0.69,11.55,292.89
2022-10-16,Ukwa,317.3,0.0,4.51,3.45,30.9,0.87,2.81,298.66
2022-10-17,Ukwa,317.3,50.36,21.3,10.64,46.81,1.02,8.03,272.8
2022-10-18,Ukwa,317.3,0.0,16.79,10.64,45.17,0.69,0.0,295.09
2022-10-19,Ukwa,317.3,6.87,19.08,11.07,43.55,1.17,5.39,282.97
2022-10-20,Ukwa,317.3,0.0,2.29,10.11,41.01,0.4,10.05,287.05
2022-10-21,Ukwa,317.3,0.0,2.29,10.11,39.06,2.36,0.0,285.05
2022-10-22,Ukwa,317.3,14.07,4.69,10.19,42.86,1.28,0.0,285.33
2022-10-23,Ukwa,317.3,0.0,4.69,10.19,39.16,1.77,19.66,285.73
2022-10-24,Ukwa,317.3,20.6,11.56,5.93,43.59,0.73,3.23,284.15
2022-10-25,Ukwa,317.3,0.0,6.87,5.93,42.78,0.39,32.07,288.38
2022-10-26,Ukwa,317.3,18.79,13.13,7.64,47.89,0.89,14.39,276.1
2022-10-27,Ukwa,317.3,9.42,9.4,8.98,48.07,1.58,2.5,281.86
2022-10-28,Ukwa,317.3,26.82,18.34,12.82,55.17,1.32,9.16,274.9
2022-10-29,Ukwa,317.3,8.38,14.87,12.0,54.58,2.28,0.0,273.88
2022-10-30,Ukwa,317.3,0.0,11.73,12.0,50.64,0.89,6.74,285.56
2022-10-31,Ukwa,317.3,0.0,2.79,9.06,48.04,0.79,7.25,282.08
2022-11-01,Ukwa,317.3,0.0,0.0,9.06,46.96,0.91,10.03,285.63
2022-11-02,Ukwa,317.3,0.0,0.0,6.37,42.63,1.26,18.35,283.91
2022-11-03,Ukwa,317.3,4.06,1.35,5.61,40.73,0.0,1.84,292.42
2022-11-04,Ukwa,317.3,0.0,1.35,1.78,39.33,0.84,56.66,277.38
2022-11-05,Ukwa,317.3,0.0,1.35,0.58,37.4,4.55,8.84,265.92
2022-11-06,Ukwa,317.3,0.0,0.0,0.58,36.74,0.25,2.61,278.93
2022-11-07,Ukwa,317.3,0.0,0.0,0.58,35.88,1.39,7.76,287.04
2022-11-08,Ukwa,317.3,0.0,0.0,0.58,33.15,0.43,0.28,291.51
2022-11-09,Ukwa,317.3,0.0,0.0,0.58,29.42,0.0,3.11,296.76
2022-11-10,Ukwa,317.3,0.0,0.0,0.0,28.05,0.72,2.66,302.92
2022-11-11,Ukwa,317.3,0.0,0.0,0.0,25.52,1.24,0.0,294.37
2022-11-12,Ukwa,317.3,0.0,0.0,0.0,23.66,1.21,8.33,312.72
2022-11-13,Ukwa,317.3,0.0,0.0,0.0,21.35,0.01,2.69,324.62
2022-11-14,Ukwa,317.3,2.86,0.95,0.41,22.89,2.99,15.39,279.56
2022-11-15,Ukwa,317.3,0.0,0.95,0.41,21.77,0.08,7.16,310.13
2022-11-16,Ukwa,317.3,0.0,0.95,0.41,20.23,4.62,10.82,289.01
2022-11-17,Ukwa,317.3,0.0,0.0,0.41,18.13,0.82,6.27,317.84
2022-11-18,Ukwa,317.3,0.0,0.0,0.41,16.85,0.37,23.12,312.01
2022-11-19,Ukwa,317.3,0.0,0.0,0.41,14.88,2.45,23.03,284.71
2022-11-20,Ukwa,317.3,0.0,0.0,0.41,13.05,1.02,9.58,303.78
2022-11-21,Ukwa,317.3,0.0,0.0,0.0,12.41,1.86,2.45,297.87
2022-11-22,Ukwa,317.3,0.0,0.0,0.0,12.2,0.35,16.08,321.23
2022-11-23,Ukwa,317.3,0.0,0.0,0.0,11.85,2.23,5.18,300.75
2022-11-24,Ukwa,317.3,0.0,0.0,0.0,11.46,0.31,9.57,326.01
2022-11-25,Ukwa,317.3,0.0,0.0,0.0,9.48,0.9,4.54,307.89
2022-11-26,Ukwa,317.3,1.27,0.42,0.18,9.56,0.86,1.26,312.36
2022-11-27,Ukwa,317.3,0.0,0.42,0.18,9.01,0.45,6.45,314.98
2022-11-28,Ukwa,317.3,0.0,0.42,0.18,9.65,2.36,10.75,313.26
2022-11-29,Ukwa,317.3,0.0,0.0,0.18,10.76,0.83,17.7,305.51
2022-11-30,Ukwa,317.3,0.0,0.0,0.18,10.56,1.88,6.83,300.16
2022-12-01,Ukwa,317.3,0.0,0.0,0.18,9.16,1.0,9.33,308.11
2022-12-02,Ukwa,317.3,0.0,0.0,0.18,9.02,0.0,13.02,307.2
2022-12-03,Ukwa,317.3,0.0,0.0,0.0,9.27,0.33,1.52,312.85
2022-12-04,Ukwa,317.3,0.0,0.0,0.0,7.9,0.29,6.32,310.68
2022-12-05,Ukwa,317.3,0.0,0.0,0.0,9.08,0.22,10.04,317.77
2022-12-06,Ukwa,317.3,0.0,0.0,0.0,8.62,1.73,15.17,304.87
2022-12-07,Ukwa,317.3,0.0,0.0,0.0,7.7,0.81,5.33,319.49
2022-12-08,Ukwa,317.3,0.0,0.0,0.0,7.28,1.96,11.34,295.21
2022-12-09,Ukwa,317.3,0.0,0.0,0.0,6.61,0.21,16.92,309.85
2022-12-10,Ukwa,317.3,0.0,0.0,0.0,5.78,0.63,3.43,311.51
2022-12-11,Ukwa,317.3,0.0,0.0,0.0,6.74,0.45,4.87,308.53
2022-12-12,Ukwa,317.3,0.0,0.0,0.0,6.38,1.11,7.18,303.04
2022-12-13,Ukwa,317.3,0.0,0.0,0.0,6.87,2.29,1.25,290.36
2022-12-14,Ukwa,317.3,0.0,0.0,0.0,5.91,0.29,6.09,310.92
2022-12-15,Ukwa,317.3,0.0,0.0,0.0,6.05,2.24,4.86,294.58
2022-12-16,Ukwa,317.3,0.0,0.0,0.0,7.0,0.06,13.59,310.67
2022-12-17,Ukwa,317.3,0.0,0.0,0.0,5.05,1.85,16.01,304.38
2022-12-18,Ukwa,317.3,0.0,0.0,0.0,3.31,0.61,0.04,310.44
2022-12-19,Ukwa,317.3,0.0,0.0,0.0,3.65,0.46,4.14,297.78
2022-12-20,Ukwa,317.3,0.0,0.0,0.0,3.0,1.62,16.93,307.83
2022-12-21,Ukwa,317.3,0.0,0.0,0.0,3.0,0.57,4.56,302.13
2022-12-22,Ukwa,317.3,0.0,0.0,0.0,3.0,0.21,1.5,306.02
2022-12-23,Ukwa,317.3,3.12,1.04,0.45,3.29,0.6,10.51,308.14
2022-12-24,Ukwa,317.3,0.0,1.04,0.45,3.75,1.72,3.95,306.74
2022-12-25,Ukwa,317.3,0.0,1.04,0.45,4.18,1.62,6.25,305.42
2022-12-26,Ukwa,317.3,0.0,0.0,0.45,3.0,1.38,9.0,311.7
2022-12-27,Ukwa,317.3,0.0,0.0,0.45,3.72,0.63,4.27,303.44
2022-12-28,Ukwa,317.3,0.0,0.0,0.45,3.93,0.63,15.36,311.06
2022-12-29,Ukwa,317.3,0.0,0.0,0.45,5.5,1.57,6.08,305.8
2022-12-30,Ukwa,317.3,0.0,0.0,0.0,5.1,1.53,25.69,292.66
2022-12-31,Ukwa,317.3,0.0,0.0,0.0,4.93,1.22,0.0,314.51
2023-01-01,Ukwa,317.3,0.0,0.0,0.0,5.01,2.21,11.74,290.25
2023-01-02,Ukwa,317.3,0.0,0.0,0.0,4.0,0.54,11.37,310.85
2023-01-03,Ukwa,317.3,0.0,0.0,0.0,3.8,0.0,13.43,301.9
2023-01-04,Ukwa,317.3,0.0,0.0,0.0,3.46,2.14,8.45,302.31
2023-01-05,Ukwa,317.3,0.0,0.0,0.0,3.0,0.0,0.0,320.39
2023-01-06,Ukwa,317.3,0.0,0.0,0.0,3.7,0.36,3.0,312.52
2023-01-07,Ukwa,317.3,0.0,0.0,0.0,4.11,0.3,9.11,317.45
2023-01-08,Ukwa,317.3,0.0,0.0,0.0,3.56,0.72,3.87,313.26
2023-01-09,Ukwa,317.3,0.0,0.0,0.0,4.12,0.68,9.18,304.73
2023-01-10,Ukwa,317.3,0.0,0.0,0.0,4.98,1.25,2.56,313.62
2023-01-11,Ukwa,317.3,0.0,0.0,0.0,4.87,1.05,7.06,318.9
2023-01-12,Ukwa,317.3,0.0,0.0,0.0,3.5,2.47,16.4,295.46
2023-01-13,Ukwa,317.3,4.46,1.49,0.64,6.3,2.13,0.9,306.93
2023-01-14,Ukwa,317.3,0.0,1.49,0.64,6.72,1.49,15.9,295.57
2023-01-15,Ukwa,317.3,0.0,1.49,0.64,5.95,1.37,5.22,315.1
2023-01-16,Ukwa,317.3,0.0,0.0,0.64,5.59,0.0,20.48,317.21
2023-01-17,Ukwa,317.3,0.0,0.0,0.64,4.85,2.09,5.57,304.98
2023-01-18,Ukwa,317.3,0.0,0.0,0.64,3.35,0.48,11.18,314.34
2023-01-19,Ukwa,317.3,0.0,0.0,0.64,4.35,1.27,1.63,304.11
2023-01-20,Ukwa,317.3,0.0,0.0,0.0,3.85,0.38,3.71,313.48
2023-01-21,Ukwa,317.3,0.0,0.0,0.0,3.0,0.0,11.55,325.5
2023-01-22,Ukwa,317.3,0.0,0.0,0.0,3.0,2.24,5.19,292.45
2023-01-23,Ukwa,317.3,0.0,0.0,0.0,3.0,0.71,26.47,315.54
2023-01-24,Ukwa,317.3,0.0,0.0,0.0,3.0,1.15,5.35,303.2
2023-01-25,Ukwa,317.3,0.0,0.0,0.0,3.0,0.09,14.16,302.99
2023-01-26,Ukwa,317.3,0.0,0.0,0.0,3.0,0.73,11.92,309.98
2023-01-27,Ukwa,317.3,0.0,0.0,0.0,3.0,4.09,16.7,295.89
2023-01-28,Ukwa,317.3,0.0,0.0,0.0,3.24,1.16,4.71,312.34
2023-01-29,Ukwa,317.3,0.0,0.0,0.0,3.0,0.53,0.22,313.35
2023-01-30,Ukwa,317.3,0.0,0.0,0.0,3.0,0.79,2.34,302.48
2023-01-31,Ukwa,317.3,0.0,0.0,0.0,3.37,0.11,13.16,326.38
2023-02-01,Ukwa,317.3,0.0,0.0,0.0,4.37,0.45,4.5,317.32
2023-02-02,Ukwa,317.3,0.0,0.0,0.0,5.27,0.89,0.0,320.33
2023-02-03,Ukwa,317.3,0.0,0.0,0.0,6.02,0.45,5.34,317.55
2023-02-04,Ukwa,317.3,0.0,0.0,0.0,5.65,0.48,11.4,315.14
2023-02-05,Ukwa,317.3,0.0,0.0,0.0,7.21,2.42,6.67,301.94
2023-02-06,Ukwa,317.3,0.0,0.0,0.0,8.45,0.0,3.65,312.05
2023-02-07,Ukwa,317.3,0.0,0.0,0.0,7.75,0.14,14.29,318.94
2023-02-08,Ukwa,317.3,0.0,0.0,0.0,6.6,0.77,17.26,302.2
2023-02-09,Ukwa,317.3,0.0,0.0,0.0,7.96,0.37,27.22,313.77
2023-02-10,Ukwa,317.3,0.0,0.0,0.0,9.81,0.0,35.42,318.61
2023-02-11,Ukwa,317.3,0.0,0.0,0.0,9.81,0.16,14.87,317.0
2023-02-12,Ukwa,317.3,0.0,0.0,0.0,9.94,0.41,15.31,302.58
2023-02-13,Ukwa,317.3,0.0,0.0,0.0,8.98,1.97,0.0,299.49
2023-02-14,Ukwa,317.3,0.0,0.0,0.0,8.69,3.16,7.95,301.82
2023-02-15,Ukwa,317.3,0.0,0.0,0.0,8.97,0.91,13.17,313.73
2023-02-16,Ukwa,317.3,0.0,0.0,0.0,8.73,0.36,15.35,305.48
2023-02-17,Ukwa,317.3,0.0,0.0,0.0,10.03,0.14,5.48,320.2
2023-02-18,Ukwa,317.3,0.0,0.0,0.0,8.42,0.57,7.12,311.12
2023-02-19,Ukwa,317.3,0.0,0.0,0.0,7.58,0.46,2.81,325.34
2023-02-20,Ukwa,317.3,0.0,0.0,0.0,7.1,2.02,10.83,296.03
2023-02-21,Ukwa,317.3,0.0,0.0,0.0,7.31,1.34,37.56,296.44
2023-02-22,Ukwa,317.3,0.0,0.0,0.0,7.36,2.11,20.66,291.03
2023-02-23,Ukwa,317.3,0.0,0.0,0.0,8.54,1.84,21.91,305.4
2023-02-24,Ukwa,317.3,0.0,0.0,0.0,7.63,0.19,4.64,309.24
2023-02-25,Ukwa,317.3,0.0,0.0,0.0,9.26,1.8,0.0,312.88
2023-02-26,Ukwa,317.3,0.0,0.0,0.0,7.94,1.21,1.9,298.03
2023-02-27,Ukwa,317.3,0.0,0.0,0.0,6.29,0.76,2.43,306.92
2023-02-28,Ukwa,317.3,0.0,0.0,0.0,5.63,3.28,0.97,295.51
2023-03-01,Ukwa,317.3,0.0,0.0,0.0,4.58,1.62,11.62,315.3
2023-03-02,Ukwa,317.3,0.0,0.0,0.0,3.33,0.59,15.65,313.58
2023-03-03,Ukwa,317.3,0.0,0.0,0.0,4.3,0.0,0.0,331.81
2023-03-04,Ukwa,317.3,0.0,0.0,0.0,3.0,1.12,24.5,296.75
2023-03-05,Ukwa,317.3,0.0,0.0,0.0,3.0,0.4,11.68,298.88
2023-03-06,Ukwa,317.3,0.0,0.0,0.0,3.4,0.14,10.4,318.21
2023-03-07,Ukwa,317.3,0.0,0.0,0.0,3.27,0.04,0.0,320.72
2023-03-08,Ukwa,317.3,0.0,0.0,0.0,3.0,0.68,0.0,321.97
2023-03-09,Ukwa,317.3,0.0,0.0,0.0,4.11,0.86,1.38,304.75
2023-03-10,Ukwa,317.3,0.0,0.0,0.0,3.51,0.29,11.69,315.53
2023-03-11,Ukwa,317.3,0.0,0.0,0.0,3.48,0.0,0.0,317.32
2023-03-12,Ukwa,317.3,0.0,0.0,0.0,3.76,4.31,19.17,284.68
2023-03-13,Ukwa,317.3,0.0,0.0,0.0,3.0,2.65,0.0,302.54
2023-03-14,Ukwa,317.3,0.0,0.0,0.0,3.0,0.79,6.52,314.85
2023-03-15,Ukwa,317.3,0.0,0.0,0.0,3.0,1.62,13.99,294.45
2023-03-16,Ukwa,317.3,0.0,0.0,0.0,3.92,1.21,7.09,300.8
2023-03-17,Ukwa,317.3,0.0,0.0,0.0,3.0,1.64,2.79,292.86
2023-03-18,Ukwa,317.3,0.0,0.0,0.0,3.73,0.01,20.69,305.78
2023-03-19,Ukwa,317.3,0.0,0.0,0.0,4.23,0.44,9.22,298.6
2023-03-20,Ukwa,317.3,0.0,0.0,0.0,3.0,0.5,20.73,309.27
2023-03-21,Ukwa,317.3,0.0,0.0,0.0,3.0,3.07,6.37,294.34
2023-03-22,Ukwa,317.3,0.0,0.0,0.0,3.0,0.95,22.99,296.47
2023-03-23,Ukwa,317.3,0.0,0.0,0.0,3.0,3.24,0.0,289.16
2023-03-24,Ukwa,317.3,0.0,0.0,0.0,3.0,1.47,0.0,292.34
2023-03-25,Ukwa,317.3,0.0,0.0,0.0,3.75,1.3,6.59,293.86
2023-03-26,Ukwa,317.3,0.0,0.0,0.0,4.99,0.96,4.88,311.12
2023-03-27,Ukwa,317.3,0.0,0.0,0.0,5.75,0.85,3.86,315.03
2023-03-28,Ukwa,317.3,0.0,0.0,0.0,5.65,1.97,2.21,300.23
2023-03-29,Ukwa,317.3,0.0,0.0,0.0,4.7,0.59,5.28,311.91
2023-03-30,Ukwa,317.3,0.0,0.0,0.0,5.03,1.08,4.08,320.89
2023-03-31,Ukwa,317.3,0.0,0.0,0.0,3.3,0.45,0.0,320.96
2023-04-01,Ukwa,317.3,0.0,0.0,0.0,3.15,0.87,16.52,298.77
2023-04-02,Ukwa,317.3,0.0,0.0,0.0,5.83,2.46,8.86,296.59
2023-04-03,Ukwa,317.3,0.0,0.0,0.0,6.18,1.18,15.26,295.95
2023-04-04,Ukwa,317.3,0.0,0.0,0.0,5.0,1.3,11.13,296.22
2023-04-05,Ukwa,317.3,0.0,0.0,0.0,4.98,2.67,0.0,290.92
2023-04-06,Ukwa,317.3,0.0,0.0,0.0,3.46,0.09,4.76,305.31
2023-04-07,Ukwa,317.3,0.0,0.0,0.0,4.41,0.0,7.95,307.3
2023-04-08,Ukwa,317.3,0.0,0.0,0.0,3.35,0.74,14.11,307.54
2023-04-09,Ukwa,317.3,0.0,0.0,0.0,3.0,0.44,0.0,318.13
2023-04-10,Ukwa,317.3,0.0,0.0,0.0,3.0,0.14,7.85,311.59
2023-04-11,Ukwa,317.3,0.0,0.0,0.0,3.0,0.83,12.71,305.56
2023-04-12,Ukwa,317.3,0.0,0.0,0.0,3.21,0.38,0.0,330.85
2023-04-13,Ukwa,317.3,0.0,0.0,0.0,3.0,0.82,10.29,312.14
2023-04-14,Ukwa,317.3,0.0,0.0,0.0,4.88,2.05,16.54,293.73
2023-04-15,Ukwa,317.3,0.0,0.0,0.0,3.64,0.0,7.4,308.08
2023-04-16,Ukwa,317.3,0.0,0.0,0.0,3.0,0.89,8.23,302.08
2023-04-17,Ukwa,317.3,1.54,0.51,0.22,3.0,2.02,13.4,300.35
2023-04-18,Ukwa,317.3,0.0,0.51,0.22,3.0,0.57,20.4,303.55
2023-04-19,Ukwa,317.3,0.0,0.51,0.22,3.73,0.79,28.86,297.62
2023-04-20,Ukwa,317.3,0.0,0.0,0.22,4.48,1.41,15.34,304.01
2023-04-21,Ukwa,317.3,3.95,1.32,0.78,5.96,0.0,0.0,321.14
2023-04-22,Ukwa,317.3,0.0,1.32,0.78,7.34,1.89,9.39,305.1
2023-04-23,Ukwa,317.3,0.0,1.32,0.78,5.55,2.7,13.78,286.28
2023-04-24,Ukwa,317.3,0.0,0.0,0.56,3.81,2.59,16.5,300.42
2023-04-25,Ukwa,317.3,0.0,0.0,0.56,3.0,1.16,4.37,306.9
2023-04-26,Ukwa,317.3,0.0,0.0,0.56,3.65,2.08,6.81,299.88
2023-04-27,Ukwa,317.3,0.0,0.0,0.56,5.55,1.23,22.91,303.5
2023-04-28,Ukwa,317.3,0.0,0.0,0.0,6.37,0.49,4.51,315.94
2023-04-29,Ukwa,317.3,0.0,0.0,0.0,5.08,2.47,21.54,289.4
2023-04-30,Ukwa,317.3,0.0,0.0,0.0,5.72,2.13,4.62,305.94
2023-05-01,Ukwa,317.3,0.0,0.0,0.0,4.87,2.62,3.73,297.9
2023-05-02,Ukwa,317.3,0.0,0.0,0.0,4.45,0.82,3.3,312.99
2023-05-03,Ukwa,317.3,0.0,0.0,0.0,3.0,0.03,45.78,293.18
2023-05-04,Ukwa,317.3,22.2,7.4,3.17,9.27,0.73,2.03,307.43
2023-05-05,Ukwa,317.3,0.0,7.4,3.17,9.22,2.62,11.77,301.91
2023-05-06,Ukwa,317.3,0.0,7.4,3.17,7.43,0.62,17.23,303.29
2023-05-07,Ukwa,317.3,0.0,0.0,3.17,4.51,0.73,8.01,307.42
2023-05-08,Ukwa,317.3,0.0,0.0,3.17,4.34,0.63,39.5,297.27
2023-05-09,Ukwa,317.3,0.0,0.0,3.17,4.37,1.53,20.34,306.39
2023-05-10,Ukwa,317.3,0.0,0.0,3.17,5.14,0.87,2.21,308.62
2023-05-11,Ukwa,317.3,4.04,1.35,0.58,4.01,1.78,26.79,310.49
2023-05-12,Ukwa,317.3,0.0,1.35,0.58,3.09,1.82,13.1,301.09
2023-05-13,Ukwa,317.3,0.0,1.35,0.58,6.12,0.39,8.36,302.08
2023-05-14,Ukwa,317.3,0.0,0.0,0.58,5.66,0.82,9.72,311.09
2023-05-15,Ukwa,317.3,0.0,0.0,0.58,4.75,0.74,30.55,295.07
2023-05-16,Ukwa,317.3,0.0,0.0,0.58,3.42,0.0,0.0,319.24
2023-05-17,Ukwa,317.3,0.0,0.0,0.58,4.03,1.1,3.91,312.33
2023-05-18,Ukwa,317.3,0.0,0.0,0.0,3.27,0.27,10.81,316.48
2023-05-19,Ukwa,317.3,14.16,4.72,2.02,9.14,4.44,7.83,286.76
2023-05-20,Ukwa,317.3,0.0,4.72,2.02,7.75,2.21,20.05,297.58
2023-05-21,Ukwa,317.3,0.0,4.72,2.02,6.96,0.85,0.0,302.48
2023-05-22,Ukwa,317.3,0.0,0.0,2.02,7.96,1.41,19.49,300.13
2023-05-23,Ukwa,317.3,0.0,0.0,2.02,7.2,0.83,12.25,310.52
2023-05-24,Ukwa,317.3,0.0,0.0,2.02,7.04,1.31,13.46,291.46
2023-05-25,Ukwa,317.3,0.0,0.0,2.02,6.41,0.0,3.41,320.82
2023-05-26,Ukwa,317.3,0.0,0.0,0.0,8.24,0.0,27.72,299.77
2023-05-27,Ukwa,317.3,0.0,0.0,0.0,6.14,0.53,0.0,310.96
2023-05-28,Ukwa,317.3,0.0,0.0,0.0,5.62,0.99,8.14,297.26
2023-05-29,Ukwa,317.3,0.0,0.0,0.0,5.56,2.63,3.33,305.04
2023-05-30,Ukwa,317.3,0.0,0.0,0.0,4.84,0.66,7.08,311.62
2023-05-31,Ukwa,317.3,0.0,0.0,0.0,5.06,4.14,30.1,278.91
2023-06-01,Ukwa,317.3,6.74,2.25,0.96,7.4,2.19,0.0,295.26
2023-06-02,Ukwa,317.3,0.0,2.25,0.96,9.63,4.18,0.0,289.46
2023-06-03,Ukwa,317.3,72.76,26.5,11.36,35.26,0.94,11.46,281.87
2023-06-04,Ukwa,317.3,54.39,42.38,19.13,51.59,1.24,9.93,271.17
2023-06-05,Ukwa,317.3,127.89,85.01,37.4,60.0,2.15,22.97,223.48
2023-06-06,Ukwa,317.3,78.36,86.88,48.59,60.0,2.25,20.92,246.33
2023-06-07,Ukwa,317.3,0.0,68.75,48.59,57.49,2.58,0.46,266.54
2023-06-08,Ukwa,317.3,0.0,26.12,47.63,54.19,3.42,19.21,256.36
2023-06-09,Ukwa,317.3,30.39,10.13,51.97,60.0,0.93,9.49,261.19
2023-06-10,Ukwa,317.3,0.0,10.13,41.58,56.49,0.0,14.07,274.82
2023-06-11,Ukwa,317.3,22.74,17.71,37.05,59.64,0.0,3.65,282.85
2023-06-12,Ukwa,317.3,0.0,7.58,18.78,57.42,0.48,37.19,275.46
2023-06-13,Ukwa,317.3,78.22,33.65,18.76,60.0,3.72,27.98,245.53
2023-06-14,Ukwa,317.3,58.01,45.41,27.05,60.0,0.43,21.63,272.01
2023-06-15,Ukwa,317.3,30.5,55.58,31.41,60.0,0.0,8.89,276.96
2023-06-16,Ukwa,317.3,0.0,29.51,27.07,57.2,1.68,7.51,267.49
2023-06-17,Ukwa,317.3,87.61,39.37,39.58,60.0,1.82,16.54,250.68
2023-06-18,Ukwa,317.3,34.74,40.78,41.3,60.0,1.26,12.68,266.15
2023-06-19,Ukwa,317.3,22.55,48.3,44.52,60.0,0.97,6.22,274.94
2023-06-20,Ukwa,317.3,121.6,59.63,50.72,60.0,2.77,13.36,230.35
2023-06-21,Ukwa,317.3,21.23,55.13,45.46,60.0,0.89,20.88,257.42
2023-06-22,Ukwa,317.3,0.0,47.61,41.1,57.3,1.37,8.95,266.02
2023-06-23,Ukwa,317.3,55.98,25.74,49.1,60.0,1.62,22.29,260.53
2023-06-24,Ukwa,317.3,0.0,18.66,36.59,55.57,1.09,26.35,269.82
2023-06-25,Ukwa,317.3,0.0,18.66,31.62,53.07,0.22,6.71,267.51
2023-06-26,Ukwa,317.3,0.0,0.0,28.4,50.05,0.0,13.15,279.33
2023-06-27,Ukwa,317.3,50.91,16.97,18.3,60.0,1.57,0.51,266.05
2023-06-28,Ukwa,317.3,0.0,16.97,15.27,57.37,1.68,21.26,272.52
2023-06-29,Ukwa,317.3,42.55,31.15,21.35,60.0,0.2,6.6,268.95
2023-06-30,Ukwa,317.3,128.2,56.92,31.67,60.0,3.26,21.7,225.13
2023-07-01,Ukwa,317.3,0.0,56.92,31.67,56.48,1.11,19.42,266.96
2023-07-02,Ukwa,317.3,11.12,46.44,33.25,57.48,0.41,25.04,273.25
2023-07-03,Ukwa,317.3,0.0,3.71,33.25,54.09,1.59,0.7,283.97
2023-07-04,Ukwa,317.3,44.5,18.54,32.34,60.0,1.11,14.79,274.0
2023-07-05,Ukwa,317.3,0.0,14.83,32.34,56.78,2.54,6.45,269.22
2023-07-06,Ukwa,317.3,19.79,21.43,29.09,59.5,1.76,20.29,267.34
2023-07-07,Ukwa,317.3,90.12,36.64,23.65,60.0,0.55,21.44,257.31
2023-07-08,Ukwa,317.3,0.0,36.64,23.65,55.31,0.58,5.3,280.06
2023-07-09,Ukwa,317.3,0.0,30.04,22.06,53.69,0.0,11.26,292.4
2023-07-10,Ukwa,317.3,62.85,20.95,31.04,60.0,2.59,8.08,253.89
2023-07-11,Ukwa,317.3,50.1,37.65,31.84,60.0,1.86,16.2,253.78
2023-07-12,Ukwa,317.3,0.0,37.65,31.84,55.36,2.44,32.15,264.71
2023-07-13,Ukwa,317.3,0.0,16.7,29.01,50.58,0.42,15.66,283.1
2023-07-14,Ukwa,317.3,0.0,0.0,16.14,46.94,1.31,3.04,284.68
2023-07-15,Ukwa,317.3,0.0,0.0,16.14,42.66,1.71,7.1,284.03
2023-07-16,Ukwa,317.3,14.2,4.73,18.16,44.61,1.14,3.0,288.56
2023-07-17,Ukwa,317.3,0.0,4.73,9.19,41.67,1.32,18.75,273.26
2023-07-18,Ukwa,317.3,0.0,4.73,2.03,38.48,1.38,6.17,291.84
2023-07-19,Ukwa,317.3,99.91,33.3,16.3,60.0,1.95,9.29,245.78
2023-07-20,Ukwa,317.3,15.21,38.38,18.47,60.0,0.28,5.67,287.03
2023-07-21,Ukwa,317.3,0.0,38.38,18.47,55.75,0.82,16.45,266.24
2023-07-22,Ukwa,317.3,58.23,24.48,26.79,60.0,1.74,4.28,275.15
2023-07-23,Ukwa,317.3,45.96,34.73,31.33,60.0,0.75,1.44,270.55
2023-07-24,Ukwa,317.3,0.0,34.73,31.33,56.23,0.48,7.43,280.32
2023-07-25,Ukwa,317.3,0.0,15.32,31.33,51.96,0.43,0.0,277.62
2023-07-26,Ukwa,317.3,51.69,17.23,24.44,60.0,2.68,12.1,252.35
2023-07-27,Ukwa,317.3,55.01,35.57,30.13,60.0,0.33,17.02,270.62
2023-07-28,Ukwa,317.3,18.75,41.82,32.81,60.0,0.85,61.21,261.93
2023-07-29,Ukwa,317.3,73.41,49.05,34.97,60.0,1.25,13.92,258.63
2023-07-30,Ukwa,317.3,0.0,30.72,28.41,56.18,0.47,0.8,285.03
2023-07-31,Ukwa,317.3,0.0,24.47,28.41,52.36,1.06,7.87,274.48
2023-08-01,Ukwa,317.3,28.86,9.62,32.53,59.4,0.46,3.25,270.9
2023-08-02,Ukwa,317.3,0.0,9.62,25.15,56.94,1.32,1.43,276.62
2023-08-03,Ukwa,317.3,0.0,9.62,17.29,53.87,0.0,11.11,281.35
2023-08-04,Ukwa,317.3,79.35,26.45,25.95,60.0,1.29,8.03,257.21
2023-08-05,Ukwa,317.3,49.23,42.86,22.49,60.0,1.42,20.06,267.49
2023-08-06,Ukwa,317.3,0.0,42.86,22.49,55.6,0.91,9.4,269.57
2023-08-07,Ukwa,317.3,21.07,23.44,25.5,59.89,2.23,24.35,263.47
2023-08-08,Ukwa,317.3,82.55,34.54,33.17,60.0,1.56,0.0,254.74
2023-08-09,Ukwa,317.3,15.17,39.6,35.34,60.0,1.02,10.76,268.96
2023-08-10,Ukwa,317.3,41.87,46.53,41.32,60.0,1.39,6.48,277.1
2023-08-11,Ukwa,317.3,0.0,19.01,29.99,58.15,0.18,3.68,284.64
2023-08-12,Ukwa,317.3,0.0,13.96,22.95,54.66,1.09,8.6,276.78
2023-08-13,Ukwa,317.3,11.8,3.93,24.64,55.56,0.89,6.59,272.35
2023-08-14,Ukwa,317.3,0.0,3.93,21.63,51.73,5.03,10.88,256.31
2023-08-15,Ukwa,317.3,53.03,21.61,17.41,60.0,1.16,6.2,253.5
2023-08-16,Ukwa,317.3,18.83,23.95,17.93,60.0,1.17,19.17,272.41
2023-08-17,Ukwa,317.3,25.89,32.59,15.65,60.0,0.0,14.77,281.35
2023-08-18,Ukwa,317.3,41.67,28.8,21.6,60.0,0.3,6.21,264.35
2023-08-19,Ukwa,317.3,23.02,30.19,24.89,60.0,0.84,1.53,273.6
2023-08-20,Ukwa,317.3,0.0,21.56,23.21,55.15,1.19,20.19,276.26
2023-08-21,Ukwa,317.3,0.0,7.67,23.21,50.88,0.69,11.42,278.27
2023-08-22,Ukwa,317.3,0.0,0.0,15.63,45.5,1.1,11.33,278.92
2023-08-23,Ukwa,317.3,46.65,15.55,19.6,56.6,0.07,12.16,274.54
2023-08-24,Ukwa,317.3,32.52,26.39,20.55,60.0,3.18,16.32,260.77
2023-08-25,Ukwa,317.3,31.44,36.87,19.09,60.0,1.76,2.33,276.87
2023-08-26,Ukwa,317.3,0.0,21.32,15.8,55.12,0.98,8.5,271.16
2023-08-27,Ukwa,317.3,33.14,21.53,20.54,60.0,1.87,9.97,265.9
2023-08-28,Ukwa,317.3,0.0,11.05,20.54,56.27,3.74,10.89,265.95
2023-08-29,Ukwa,317.3,0.0,11.05,20.54,53.78,1.13,0.0,278.16
2023-08-30,Ukwa,317.3,34.35,11.45,18.78,60.0,1.1,12.96,275.01
2023-08-31,Ukwa,317.3,44.07,26.14,20.43,60.0,2.22,9.1,272.66
2023-09-01,Ukwa,317.3,33.41,37.28,20.71,60.0,0.08,0.0,276.73
2023-09-02,Ukwa,317.3,0.0,25.83,20.71,58.81,2.43,4.21,270.96
2023-09-03,Ukwa,317.3,12.1,15.17,17.7,58.26,0.46,4.37,285.43
2023-09-04,Ukwa,317.3,0.0,4.03,17.7,53.27,1.69,10.09,264.15
2023-09-05,Ukwa,317.3,39.4,17.16,23.33,60.0,0.04,16.05,278.02
2023-09-06,Ukwa,317.3,19.95,19.78,21.27,60.0,0.0,10.33,278.63
2023-09-07,Ukwa,317.3,0.0,19.78,14.98,58.13,2.94,9.35,255.18
2023-09-08,Ukwa,317.3,0.0,6.65,10.21,54.12,0.19,5.97,273.3
2023-09-09,Ukwa,317.3,76.56,25.52,21.14,60.0,2.97,0.72,253.03
2023-09-10,Ukwa,317.3,0.0,25.52,19.42,57.88,2.31,0.0,267.09
2023-09-11,Ukwa,317.3,26.79,34.45,23.24,60.0,2.76,15.25,261.31
2023-09-12,Ukwa,317.3,21.31,16.03,20.66,60.0,0.9,1.96,265.42
2023-09-13,Ukwa,317.3,19.89,22.66,20.65,60.0,4.52,20.89,247.05
2023-09-14,Ukwa,317.3,92.69,44.63,33.89,60.0,1.9,22.76,242.14
2023-09-15,Ukwa,317.3,0.0,37.53,33.89,55.82,0.58,2.17,278.24
2023-09-16,Ukwa,317.3,0.0,30.9,22.95,50.77,1.78,15.75,282.08
2023-09-17,Ukwa,317.3,0.0,0.0,22.95,48.6,1.15,11.33,273.67
2023-09-18,Ukwa,317.3,0.0,0.0,19.13,45.84,0.44,14.25,288.53
2023-09-19,Ukwa,317.3,15.74,5.25,18.33,47.49,0.85,15.01,279.34
2023-09-20,Ukwa,317.3,18.94,11.56,18.2,50.9,1.38,11.09,281.1
2023-09-21,Ukwa,317.3,9.26,14.65,6.28,51.79,3.81,17.76,260.91
2023-09-22,Ukwa,317.3,10.16,12.79,7.73,51.42,1.17,11.54,286.09
2023-09-23,Ukwa,317.3,91.21,36.87,20.76,60.0,1.72,14.54,251.78
2023-09-24,Ukwa,317.3,0.0,33.79,20.76,55.97,2.69,0.86,273.21
2023-09-25,Ukwa,317.3,0.0,30.4,20.76,52.31,0.28,12.32,284.96
2023-09-26,Ukwa,317.3,0.0,0.0,18.51,51.08,0.0,1.84,301.15
2023-09-27,Ukwa,317.3,5.07,1.69,16.53,47.75,2.4,11.96,281.42
2023-09-28,Ukwa,317.3,24.08,9.72,18.65,52.99,1.21,7.46,269.18
2023-09-29,Ukwa,317.3,46.97,25.37,23.9,60.0,1.42,7.4,268.16
2023-09-30,Ukwa,317.3,14.35,28.47,12.93,60.0,0.65,30.38,267.53
2023-10-01,Ukwa,317.3,0.0,20.44,12.93,56.89,1.17,7.4,274.59
2023-10-02,Ukwa,317.3,11.02,8.46,14.5,57.98,2.07,0.0,269.81
2023-10-03,Ukwa,317.3,0.0,3.67,14.5,55.12,1.56,5.92,272.96
2023-10-04,Ukwa,317.3,0.0,3.67,13.77,52.05,0.71,0.0,280.42
2023-10-05,Ukwa,317.3,0.0,0.0,10.33,48.95,1.85,0.0,269.63
2023-10-06,Ukwa,317.3,0.0,0.0,3.62,46.35,0.15,20.19,281.01
2023-10-07,Ukwa,317.3,8.99,3.0,2.86,47.36,4.25,8.56,253.45
2023-10-08,Ukwa,317.3,0.0,3.0,2.86,44.32,0.14,10.28,298.3
2023-10-09,Ukwa,317.3,0.0,3.0,1.28,42.08,0.49,30.17,281.08
2023-10-10,Ukwa,317.3,0.0,0.0,1.28,39.79,0.0,4.55,302.26
2023-10-11,Ukwa,317.3,0.0,0.0,1.28,36.09,3.02,28.63,273.66
2023-10-12,Ukwa,317.3,0.0,0.0,1.28,33.67,0.0,29.15,300.26
2023-10-13,Ukwa,317.3,0.0,0.0,1.28,31.44,0.34,43.0,298.08
2023-10-14,Ukwa,317.3,34.44,11.48,4.92,41.33,2.75,5.78,271.74
2023-10-15,Ukwa,317.3,0.0,11.48,4.92,39.3,0.53,9.57,293.76
2023-10-16,Ukwa,317.3,42.49,25.64,10.99,51.45,1.15,0.58,290.19
2023-10-17,Ukwa,317.3,0.0,14.16,10.99,49.17,0.6,0.0,288.94
2023-10-18,Ukwa,317.3,0.0,14.16,10.99,46.61,2.68,2.97,283.4
2023-10-19,Ukwa,317.3,34.54,11.51,15.92,55.7,1.43,7.34,270.35
2023-10-20,Ukwa,317.3,0.0,11.51,15.92,51.43,0.55,3.95,272.05
2023-10-21,Ukwa,317.3,0.0,11.51,11.0,46.48,0.56,5.98,290.61
2023-10-22,Ukwa,317.3,0.0,0.0,11.0,43.03,0.0,13.92,292.5
2023-10-23,Ukwa,317.3,2.45,0.82,5.28,40.86,0.27,11.94,288.83
2023-10-24,Ukwa,317.3,0.0,0.82,5.28,36.6,0.3,19.76,291.86
2023-10-25,Ukwa,317.3,0.0,0.82,5.28,34.14,1.48,10.14,294.65
2023-10-26,Ukwa,317.3,0.0,0.0,0.35,31.67,0.84,0.67,290.44
2023-10-27,Ukwa,317.3,25.39,8.46,3.98,37.66,0.25,18.71,292.72
2023-10-28,Ukwa,317.3,0.0,8.46,3.98,37.32,0.79,3.67,297.09
2023-10-29,Ukwa,317.3,0.0,8.46,3.98,37.07,1.03,5.9,301.63
2023-10-30,Ukwa,317.3,0.0,0.0,3.63,35.39,0.28,0.0,297.0
2023-10-31,Ukwa,317.3,0.0,0.0,3.63,32.59,0.0,6.91,314.54
2023-11-01,Ukwa,317.3,0.0,0.0,3.63,31.59,0.23,7.99,307.32
2023-11-02,Ukwa,317.3,0.0,0.0,3.63,29.6,0.53,11.54,300.31
2023-11-03,Ukwa,317.3,0.0,0.0,0.0,27.73,2.55,8.75,291.75
2023-11-04,Ukwa,317.3,3.47,1.16,0.5,27.55,0.79,13.36,318.06
2023-11-05,Ukwa,317.3,0.0,1.16,0.5,24.84,1.44,8.89,292.38
2023-11-06,Ukwa,317.3,0.0,1.16,0.5,21.56,0.57,15.99,305.88
2023-11-07,Ukwa,317.3,0.0,0.0,0.5,20.57,2.19,1.49,309.58
2023-11-08,Ukwa,317.3,0.0,0.0,0.5,20.97,3.26,0.0,288.43
2023-11-09,Ukwa,317.3,0.0,0.0,0.5,18.14,0.78,4.55,306.0
2023-11-10,Ukwa,317.3,0.0,0.0,0.5,16.17,0.0,17.38,313.87
2023-11-11,Ukwa,317.3,0.0,0.0,0.0,15.99,1.13,11.12,301.14
2023-11-12,Ukwa,317.3,0.0,0.0,0.0,16.14,2.03,6.21,299.93
2023-11-13,Ukwa,317.3,0.0,0.0,0.0,13.94,2.77,10.54,295.38
2023-11-14,Ukwa,317.3,0.0,0.0,0.0,12.53,0.57,10.39,321.49
2023-11-15,Ukwa,317.3,0.0,0.0,0.0,12.25,0.04,7.32,308.6
2023-11-16,Ukwa,317.3,0.0,0.0,0.0,11.18,1.06,7.37,310.01
2023-11-17,Ukwa,317.3,0.0,0.0,0.0,11.44,1.91,8.49,290.72
2023-11-18,Ukwa,317.3,0.0,0.0,0.0,11.45,0.06,4.31,308.9
2023-11-19,Ukwa,317.3,0.0,0.0,0.0,9.88,1.5,0.0,308.35
2023-11-20,Ukwa,317.3,0.0,0.0,0.0,8.77,0.52,0.0,313.86
2023-11-21,Ukwa,317.3,0.0,0.0,0.0,9.59,3.36,10.44,299.04
2023-11-22,Ukwa,317.3,0.0,0.0,0.0,11.27,1.24,1.41,311.92
2023-11-23,Ukwa,317.3,0.0,0.0,0.0,11.2,1.32,3.27,309.76
2023-11-24,Ukwa,317.3,0.0,0.0,0.0,10.69,1.9,0.3,305.29
2023-11-25,Ukwa,317.3,0.0,0.0,0.0,10.66,1.24,3.76,311.55
2023-11-26,Ukwa,317.3,0.0,0.0,0.0,10.37,0.0,10.27,304.28
2023-11-27,Ukwa,317.3,4.24,1.41,0.61,11.2,4.16,13.83,282.49
2023-11-28,Ukwa,317.3,0.0,1.41,0.61,10.87,0.0,14.86,315.59
2023-11-29,Ukwa,317.3,0.0,1.41,0.61,11.21,0.49,4.4,309.18
2023-11-30,Ukwa,317.3,0.67,0.22,0.7,8.87,0.82,6.99,304.43
2023-12-01,Ukwa,317.3,0.0,0.22,0.7,7.22,1.71,4.43,293.17
2023-12-02,Ukwa,317.3,0.0,0.22,0.7,6.8,0.38,17.14,312.24
2023-12-03,Ukwa,317.3,0.0,0.0,0.7,7.53,1.51,9.97,301.81
2023-12-04,Ukwa,317.3,0.0,0.0,0.1,8.01,1.25,3.22,308.9
2023-12-05,Ukwa,317.3,3.32,1.11,0.57,8.67,0.79,6.57,314.74
2023-12-06,Ukwa,317.3,0.0,1.11,0.57,10.88,1.25,12.15,311.67
2023-12-07,Ukwa,317.3,0.0,1.11,0.47,12.13,2.98,2.38,299.24
2023-12-08,Ukwa,317.3,0.0,0.0,0.47,12.5,0.19,1.19,309.93
2023-12-09,Ukwa,317.3,0.0,0.0,0.47,12.62,0.0,0.14,313.91
2023-12-10,Ukwa,317.3,0.0,0.0,0.47,9.34,3.17,16.4,286.81
2023-12-11,Ukwa,317.3,0.0,0.0,0.47,7.73,0.0,6.73,309.96
2023-12-12,Ukwa,317.3,0.0,0.0,0.0,8.11,0.74,23.25,295.42
2023-12-13,Ukwa,317.3,0.0,0.0,0.0,8.01,2.22,9.46,296.24
2023-12-14,Ukwa,317.3,0.0,0.0,0.0,5.3,0.41,13.03,305.19
2023-12-15,Ukwa,317.3,0.0,0.0,0.0,3.22,0.0,2.42,315.2
2023-12-16,Ukwa,317.3,2.69,0.9,0.38,3.0,0.11,10.91,315.56
2023-12-17,Ukwa,317.3,0.0,0.9,0.38,3.0,0.23,0.0,309.96
2023-12-18,Ukwa,317.3,0.0,0.9,0.38,3.31,1.38,7.58,311.5
2023-12-19,Ukwa,317.3,0.0,0.0,0.38,3.04,3.55,31.07,284.45
2023-12-20,Ukwa,317.3,0.0,0.0,0.38,3.0,0.71,8.29,322.75
2023-12-21,Ukwa,317.3,0.0,0.0,0.38,3.0,0.94,8.08,307.25
2023-12-22,Ukwa,317.3,0.0,0.0,0.38,3.0,0.66,11.14,313.84
2023-12-23,Ukwa,317.3,0.0,0.0,0.0,3.0,4.63,4.55,280.42
2023-12-24,Ukwa,317.3,0.0,0.0,0.0,3.13,0.24,9.8,320.3
2023-12-25,Ukwa,317.3,0.0,0.0,0.0,3.26,0.97,0.89,303.58
2023-12-26,Ukwa,317.3,0.0,0.0,0.0,3.0,0.0,21.22,306.35
2023-12-27,Ukwa,317.3,0.0,0.0,0.0,3.32,2.02,14.73,298.89
2023-12-28,Ukwa,317.3,0.0,0.0,0.0,3.52,0.0,0.0,317.75
2023-12-29,Ukwa,317.3,1.47,0.49,0.21,5.17,3.59,17.71,296.77
2023-12-30,Ukwa,317.3,0.0,0.49,0.21,5.0,0.53,32.41,303.11
2023-12-31,Ukwa,317.3,0.0,0.49,0.21,5.4,1.62,1.11,298.01
2024-01-01,Ukwa,317.3,0.0,0.0,0.21,4.75,1.71,0.0,307.71
2024-01-02,Ukwa,317.3,0.0,0.0,0.21,4.5,2.28,8.17,288.98
2024-01-03,Ukwa,317.3,0.0,0.0,0.21,4.09,0.0,1.37,322.51
2024-01-04,Ukwa,317.3,2.86,0.95,0.62,5.13,0.93,10.73,315.25
2024-01-05,Ukwa,317.3,0.0,0.95,0.41,5.83,0.44,13.91,314.05
2024-01-06,Ukwa,317.3,0.0,0.95,0.41,6.19,0.26,2.5,310.6
2024-01-07,Ukwa,317.3,0.0,0.0,0.41,6.09,2.85,24.59,291.68
2024-01-08,Ukwa,317.3,0.0,0.0,0.41,6.24,0.24,14.33,316.97
2024-01-09,Ukwa,317.3,0.0,0.0,0.41,6.78,0.94,15.76,313.11
2024-01-10,Ukwa,317.3,0.0,0.0,0.41,4.97,0.2,11.03,295.6
2024-01-11,Ukwa,317.3,0.0,0.0,0.0,5.29,8.03,10.4,259.84
2024-01-12,Ukwa,317.3,0.0,0.0,0.0,6.35,1.72,10.67,291.12
2024-01-13,Ukwa,317.3,0.87,0.29,0.12,7.14,0.38,19.25,309.73
2024-01-14,Ukwa,317.3,0.0,0.29,0.12,8.2,1.37,11.54,300.01
2024-01-15,Ukwa,317.3,0.0,0.29,0.12,7.49,0.0,17.14,314.97
2024-01-16,Ukwa,317.3,3.52,1.17,0.63,10.41,0.71,5.12,314.65
2024-01-17,Ukwa,317.3,0.0,1.17,0.63,8.56,1.51,13.14,300.94
2024-01-18,Ukwa,317.3,0.0,1.17,0.63,7.89,1.02,20.0,313.04
2024-01-19,Ukwa,317.3,0.0,0.0,0.63,7.68,2.24,21.98,298.56
2024-01-20,Ukwa,317.3,0.0,0.0,0.5,7.01,1.34,18.3,304.92
2024-01-21,Ukwa,317.3,0.8,0.27,0.62,7.69,0.53,8.33,306.46
2024-01-22,Ukwa,317.3,0.0,0.27,0.62,8.06,0.22,20.78,298.52
2024-01-23,Ukwa,317.3,0.0,0.27,0.11,7.99,0.31,3.73,303.8
2024-01-24,Ukwa,317.3,0.0,0.0,0.11,6.82,2.51,18.58,291.09
2024-01-25,Ukwa,317.3,0.0,0.0,0.11,9.23,0.67,5.3,307.02
2024-01-26,Ukwa,317.3,0.0,0.0,0.11,9.12,0.84,3.92,299.66
2024-01-27,Ukwa,317.3,0.0,0.0,0.11,7.65,0.98,18.92,304.89
2024-01-28,Ukwa,317.3,0.0,0.0,0.0,5.3,0.4,0.0,321.78
2024-01-29,Ukwa,317.3,0.0,0.0,0.0,3.0,0.2,30.01,312.38
2024-01-30,Ukwa,317.3,0.0,0.0,0.0,3.0,1.78,0.62,301.66
2024-01-31,Ukwa,317.3,0.0,0.0,0.0,5.02,1.36,9.22,300.65
2024-02-01,Ukwa,317.3,0.0,0.0,0.0,3.35,0.26,5.22,313.97
2024-02-02,Ukwa,317.3,0.0,0.0,0.0,4.79,0.05,14.76,322.06
2024-02-03,Ukwa,317.3,0.0,0.0,0.0,5.92,0.24,13.06,314.57
2024-02-04,Ukwa,317.3,0.0,0.0,0.0,5.37,1.79,10.21,305.85
2024-02-05,Ukwa,317.3,0.0,0.0,0.0,3.78,0.69,9.92,318.15
2024-02-06,Ukwa,317.3,0.0,0.0,0.0,4.98,1.21,0.0,307.86
2024-02-07,Ukwa,317.3,0.0,0.0,0.0,4.17,1.01,5.89,315.08
2024-02-08,Ukwa,317.3,0.0,0.0,0.0,3.1,1.73,0.0,302.69
2024-02-09,Ukwa,317.3,0.0,0.0,0.0,3.0,1.07,31.29,309.29
2024-02-10,Ukwa,317.3,0.0,0.0,0.0,3.0,2.18,12.31,294.39
2024-02-11,Ukwa,317.3,0.0,0.0,0.0,3.0,0.51,13.64,311.33
2024-02-12,Ukwa,317.3,0.0,0.0,0.0,3.0,0.78,20.55,290.1
2024-02-13,Ukwa,317.3,0.0,0.0,0.0,3.0,1.25,4.8,308.22
2024-02-14,Ukwa,317.3,0.0,0.0,0.0,3.0,2.57,11.32,290.15
2024-02-15,Ukwa,317.3,0.0,0.0,0.0,3.04,0.87,7.71,311.29
2024-02-16,Ukwa,317.3,0.0,0.0,0.0,3.77,2.73,24.48,290.28
2024-02-17,Ukwa,317.3,0.0,0.0,0.0,4.15,1.23,1.3,296.86
2024-02-18,Ukwa,317.3,0.0,0.0,0.0,4.06,0.53,11.51,313.03
2024-02-19,Ukwa,317.3,0.0,0.0,0.0,4.68,0.5,15.87,312.38
2024-02-20,Ukwa,317.3,0.0,0.0,0.0,4.34,0.2,0.57,314.81
2024-02-21,Ukwa,317.3,0.0,0.0,0.0,5.73,0.53,10.56,303.97
2024-02-22,Ukwa,317.3,0.0,0.0,0.0,5.96,0.43,8.15,305.52
2024-02-23,Ukwa,317.3,0.0,0.0,0.0,3.72,0.32,4.79,303.45
2024-02-24,Ukwa,317.3,0.0,0.0,0.0,5.5,0.94,9.99,304.01
2024-02-25,Ukwa,317.3,0.0,0.0,0.0,5.94,1.25,15.77,303.91
2024-02-26,Ukwa,317.3,0.0,0.0,0.0,6.53,0.16,0.14,310.72
2024-02-27,Ukwa,317.3,4.71,1.57,0.67,7.48,6.51,5.9,271.69
2024-02-28,Ukwa,317.3,0.0,1.57,0.67,6.84,0.29,6.02,306.01
2024-02-29,Ukwa,317.3,0.0,1.57,0.67,6.18,0.28,16.15,299.75
2024-03-01,Ukwa,317.3,0.0,0.0,0.67,6.55,1.73,17.26,298.67
2024-03-02,Ukwa,317.3,0.0,0.0,0.67,7.15,0.23,5.43,324.44
2024-03-03,Ukwa,317.3,0.0,0.0,0.67,6.69,0.96,8.32,306.41
2024-03-04,Ukwa,317.3,0.0,0.0,0.67,4.97,1.34,12.59,301.27
2024-03-05,Ukwa,317.3,0.0,0.0,0.0,4.85,1.05,5.02,318.03
2024-03-06,Ukwa,317.3,0.0,0.0,0.0,5.8,1.08,8.08,313.71
2024-03-07,Ukwa,317.3,0.0,0.0,0.0,5.08,2.33,12.29,293.32
2024-03-08,Ukwa,317.3,0.0,0.0,0.0,3.85,0.34,1.83,316.51
2024-03-09,Ukwa,317.3,0.0,0.0,0.0,4.82,1.93,0.0,305.15
2024-03-10,Ukwa,317.3,1.44,0.48,0.21,3.0,0.67,15.95,300.43
2024-03-11,Ukwa,317.3,0.0,0.48,0.21,3.31,3.23,0.0,289.58
2024-03-12,Ukwa,317.3,0.0,0.48,0.21,4.2,0.1,5.81,312.17
2024-03-13,Ukwa,317.3,0.0,0.0,0.21,4.08,2.16,9.48,307.06
2024-03-14,Ukwa,317.3,0.0,0.0,0.21,4.64,0.25,12.45,311.27
2024-03-15,Ukwa,317.3,0.0,0.0,0.21,5.37,0.55,3.85,310.31
2024-03-16,Ukwa,317.3,0.0,0.0,0.21,4.44,0.51,17.53,292.79
2024-03-17,Ukwa,317.3,0.0,0.0,0.0,3.67,0.52,5.19,308.06
2024-03-18,Ukwa,317.3,0.0,0.0,0.0,3.0,1.01,11.25,303.25
2024-03-19,Ukwa,317.3,0.0,0.0,0.0,3.0,1.46,3.03,304.5
2024-03-20,Ukwa,317.3,0.0,0.0,0.0,3.0,3.87,7.22,296.43
2024-03-21,Ukwa,317.3,0.0,0.0,0.0,3.0,5.47,8.38,285.11
2024-03-22,Ukwa,317.3,0.0,0.0,0.0,3.88,0.7,12.62,305.01
2024-03-23,Ukwa,317.3,0.0,0.0,0.0,3.28,1.03,1.21,309.67
2024-03-24,Ukwa,317.3,0.0,0.0,0.0,4.35,1.22,5.97,315.28
2024-03-25,Ukwa,317.3,0.0,0.0,0.0,3.82,0.48,0.0,319.65
2024-03-26,Ukwa,317.3,0.0,0.0,0.0,3.36,1.09,14.9,306.56
2024-03-27,Ukwa,317.3,0.0,0.0,0.0,3.87,0.86,12.43,310.46
2024-03-28,Ukwa,317.3,0.0,0.0,0.0,3.59,2.21,4.97,297.02
2024-03-29,Ukwa,317.3,0.0,0.0,0.0,3.0,0.23,8.53,314.56
2024-03-30,Ukwa,317.3,0.0,0.0,0.0,3.41,3.04,13.52,289.2
2024-03-31,Ukwa,317.3,0.0,0.0,0.0,3.0,1.02,21.14,295.78
2024-04-01,Ukwa,317.3,0.0,0.0,0.0,3.77,0.67,4.26,306.01
2024-04-02,Ukwa,317.3,0.0,0.0,0.0,4.67,0.0,10.57,328.42
2024-04-03,Ukwa,317.3,0.0,0.0,0.0,4.72,2.35,14.94,289.32
2024-04-04,Ukwa,317.3,0.0,0.0,0.0,3.54,0.28,0.7,324.28
2024-04-05,Ukwa,317.3,0.0,0.0,0.0,4.57,0.0,2.67,331.16
2024-04-06,Ukwa,317.3,0.0,0.0,0.0,3.0,0.69,13.21,316.06
2024-04-07,Ukwa,317.3,0.0,0.0,0.0,3.0,0.58,7.23,314.65
2024-04-08,Ukwa,317.3,0.0,0.0,0.0,3.93,1.19,6.0,307.45
2024-04-09,Ukwa,317.3,0.0,0.0,0.0,4.35,0.6,4.25,308.52
2024-04-10,Ukwa,317.3,0.0,0.0,0.0,3.53,0.66,10.61,318.61
2024-04-11,Ukwa,317.3,0.0,0.0,0.0,4.41,0.68,8.93,309.11
2024-04-12,Ukwa,317.3,5.29,1.76,0.76,5.3,1.29,4.19,299.54
2024-04-13,Ukwa,317.3,0.0,1.76,0.76,4.92,0.72,8.41,306.67
2024-04-14,Ukwa,317.3,0.0,1.76,0.76,5.23,0.0,0.7,321.89
2024-04-15,Ukwa,317.3,0.0,0.0,0.76,5.4,1.51,8.57,300.78
2024-04-16,Ukwa,317.3,0.0,0.0,0.76,6.13,0.29,17.98,297.75
2024-04-17,Ukwa,317.3,0.0,0.0,0.76,5.77,1.2,8.7,309.97
2024-04-18,Ukwa,317.3,0.0,0.0,0.76,5.3,1.91,2.01,304.42
2024-04-19,Ukwa,317.3,0.69,0.23,0.1,5.22,0.37,13.38,320.94
2024-04-20,Ukwa,317.3,0.0,0.23,0.1,5.34,0.0,2.56,315.71
2024-04-21,Ukwa,317.3,0.0,0.23,0.1,6.18,0.33,0.0,316.65
2024-04-22,Ukwa,317.3,0.0,0.0,0.1,7.03,1.19,13.65,317.54
2024-04-23,Ukwa,317.3,0.0,0.0,0.1,6.59,1.08,21.03,297.07
2024-04-24,Ukwa,317.3,0.0,0.0,0.1,7.2,4.55,7.38,284.36
2024-04-25,Ukwa,317.3,0.0,0.0,0.1,6.04,2.63,5.72,300.32
2024-04-26,Ukwa,317.3,0.0,0.0,0.0,6.7,0.46,9.79,308.88
2024-04-27,Ukwa,317.3,0.0,0.0,0.0,5.66,0.92,13.89,309.74
2024-04-28,Ukwa,317.3,0.0,0.0,0.0,7.63,0.42,7.21,312.61
2024-04-29,Ukwa,317.3,0.0,0.0,0.0,6.57,4.52,8.5,270.67
2024-04-30,Ukwa,317.3,0.0,0.0,0.0,5.78,2.24,32.42,295.09
2024-05-01,Ukwa,317.3,0.0,0.0,0.0,5.97,0.31,12.86,317.5
2024-05-02,Ukwa,317.3,7.68,2.56,1.1,9.95,1.41,2.05,304.97
2024-05-03,Ukwa,317.3,19.99,9.22,3.95,16.91,1.02,5.45,314.42
2024-05-04,Ukwa,317.3,0.0,9.22,3.95,16.75,2.87,4.98,297.85
2024-05-05,Ukwa,317.3,0.0,6.66,3.95,14.26,1.54,33.38,301.28
2024-05-06,Ukwa,317.3,15.77,5.26,6.21,19.0,3.07,11.97,300.38
2024-05-07,Ukwa,317.3,0.0,5.26,6.21,18.34,0.9,0.0,314.53
2024-05-08,Ukwa,317.3,0.0,5.26,6.21,17.69,1.9,11.9,291.55
2024-05-09,Ukwa,317.3,0.0,0.0,5.11,18.16,0.46,24.31,306.42
2024-05-10,Ukwa,317.3,19.63,6.54,5.06,22.22,0.43,0.0,306.71
2024-05-11,Ukwa,317.3,0.0,6.54,5.06,19.09,1.44,9.88,311.46
2024-05-12,Ukwa,317.3,0.0,6.54,5.06,15.73,1.2,6.86,299.3
2024-05-13,Ukwa,317.3,0.0,0.0,2.8,15.75,0.11,11.69,318.29
2024-05-14,Ukwa,317.3,0.0,0.0,2.8,14.52,0.93,18.39,308.48
2024-05-15,Ukwa,317.3,9.54,3.18,4.17,16.97,1.92,5.86,306.9
2024-05-16,Ukwa,317.3,0.0,3.18,4.17,14.27,2.98,1.82,293.85
2024-05-17,Ukwa,317.3,0.0,3.18,1.36,16.43,1.55,8.52,304.99
2024-05-18,Ukwa,317.3,26.23,8.74,5.11,24.35,0.35,4.22,305.22
2024-05-19,Ukwa,317.3,0.0,8.74,5.11,22.45,1.41,8.63,306.69
2024-05-20,Ukwa,317.3,0.0,8.74,5.11,23.21,0.48,8.42,309.24
2024-05-21,Ukwa,317.3,0.0,0.0,5.11,21.36,0.75,19.94,298.68
2024-05-22,Ukwa,317.3,0.0,0.0,3.75,19.28,1.72,8.7,308.62
2024-05-23,Ukwa,317.3,0.0,0.0,3.75,18.38,0.0,18.16,308.29
2024-05-24,Ukwa,317.3,0.0,0.0,3.75,16.07,1.35,8.45,307.38
2024-05-25,Ukwa,317.3,0.0,0.0,0.0,12.81,0.22,15.72,305.48
2024-05-26,Ukwa,317.3,0.0,0.0,0.0,9.6,1.07,16.5,310.55
2024-05-27,Ukwa,317.3,9.17,3.06,1.31,11.87,0.09,11.42,315.51
2024-05-28,Ukwa,317.3,0.0,3.06,1.31,10.72,1.8,5.5,296.82
2024-05-29,Ukwa,317.3,0.0,3.06,1.31,8.54,2.47,7.0,297.99
2024-05-30,Ukwa,317.3,0.0,0.0,1.31,9.04,1.44,2.43,312.12
2024-05-31,Ukwa,317.3,10.73,3.58,2.84,13.71,0.06,17.77,308.75
2024-06-01,Ukwa,317.3,15.34,8.69,5.03,18.01,0.84,6.68,314.28
2024-06-02,Ukwa,317.3,54.09,26.72,12.76,34.41,1.22,8.1,283.1
2024-06-03,Ukwa,317.3,25.07,31.5,15.03,42.91,1.75,4.52,282.24
2024-06-04,Ukwa,317.3,48.83,42.66,22.01,57.97,0.78,48.42,266.01
2024-06-05,Ukwa,317.3,40.29,38.06,27.76,60.0,0.0,13.51,271.25
2024-06-06,Ukwa,317.3,9.02,32.72,29.05,60.0,1.6,8.49,267.0
2024-06-07,Ukwa,317.3,0.0,16.44,27.52,56.18,3.25,0.0,265.01
2024-06-08,Ukwa,317.3,0.0,3.01,25.33,52.6,2.63,6.32,270.5
2024-06-09,Ukwa,317.3,33.08,11.03,22.33,60.0,0.98,13.64,265.71
2024-06-10,Ukwa,317.3,0.0,11.03,18.75,56.4,1.57,25.92,260.3
2024-06-11,Ukwa,317.3,41.53,24.87,17.7,60.0,0.08,0.01,272.76
2024-06-12,Ukwa,317.3,19.83,20.45,14.78,60.0,1.81,25.5,253.46
2024-06-13,Ukwa,317.3,18.7,26.69,16.16,60.0,2.11,0.0,271.28
2024-06-14,Ukwa,317.3,0.0,12.84,16.16,58.29,1.28,0.0,276.84
2024-06-15,Ukwa,317.3,13.04,10.58,18.03,59.07,0.76,9.41,274.37
2024-06-16,Ukwa,317.3,68.45,27.16,23.08,60.0,1.64,14.87,260.12
2024-06-17,Ukwa,317.3,27.25,36.24,26.97,60.0,0.29,1.7,276.69
2024-06-18,Ukwa,317.3,0.0,31.9,21.04,57.68,0.47,14.98,282.06
2024-06-19,Ukwa,317.3,0.0,9.08,18.2,54.68,0.78,4.25,281.81
2024-06-20,Ukwa,317.3,22.59,7.53,18.76,58.67,0.3,2.74,269.38
2024-06-21,Ukwa,317.3,12.0,11.53,20.48,55.62,0.99,16.8,273.7
2024-06-22,Ukwa,317.3,92.86,42.49,31.88,60.0,1.79,15.45,250.46
2024-06-23,Ukwa,317.3,0.0,34.95,22.1,54.49,0.85,3.54,267.54
2024-06-24,Ukwa,317.3,45.85,46.24,24.76,60.0,3.77,14.0,251.33
2024-06-25,Ukwa,317.3,0.0,15.28,24.76,57.79,1.28,26.07,263.75
2024-06-26,Ukwa,317.3,61.44,35.76,33.54,60.0,2.23,9.72,257.58
2024-06-27,Ukwa,317.3,0.0,20.48,30.31,57.39,0.97,8.52,276.71
2024-06-28,Ukwa,317.3,34.99,32.15,33.59,60.0,4.49,0.0,253.39
2024-06-29,Ukwa,317.3,0.0,11.66,20.33,56.55,1.59,1.31,256.92
2024-06-30,Ukwa,317.3,0.0,11.66,20.33,52.24,0.25,3.3,278.94
2024-07-01,Ukwa,317.3,37.23,12.41,19.1,60.0,0.79,4.4,275.41
2024-07-02,Ukwa,317.3,0.0,12.41,19.1,57.5,1.5,15.2,269.48
2024-07-03,Ukwa,317.3,4.69,13.97,10.99,55.95,1.27,6.44,269.0
2024-07-04,Ukwa,317.3,13.03,5.91,12.85,57.24,0.22,0.0,285.35
2024-07-05,Ukwa,317.3,0.0,5.91,7.85,54.69,2.61,25.25,255.89
2024-07-06,Ukwa,317.3,30.83,14.62,12.25,60.0,2.37,21.77,262.71
2024-07-07,Ukwa,317.3,39.57,23.47,17.91,60.0,1.6,12.75,271.23
2024-07-08,Ukwa,317.3,97.44,55.95,26.51,60.0,2.9,32.0,251.24
2024-07-09,Ukwa,317.3,70.89,69.3,36.64,60.0,2.05,28.15,252.5
2024-07-10,Ukwa,317.3,5.24,57.86,36.71,57.54,1.05,11.22,270.87
2024-07-11,Ukwa,317.3,57.81,44.65,43.11,60.0,2.42,1.57,257.61
2024-07-12,Ukwa,317.3,54.75,39.27,50.93,60.0,0.8,13.53,268.28
2024-07-13,Ukwa,317.3,40.47,51.01,52.31,60.0,0.29,10.48,284.49
2024-07-14,Ukwa,317.3,16.37,37.2,49.0,60.0,2.0,31.3,256.91
2024-07-15,Ukwa,317.3,21.67,26.17,38.17,60.0,1.15,5.12,272.4
2024-07-16,Ukwa,317.3,19.07,19.04,30.77,60.0,0.68,19.36,262.74
2024-07-17,Ukwa,317.3,75.24,38.66,40.77,60.0,1.24,4.68,266.44
2024-07-18,Ukwa,317.3,0.0,31.43,32.51,54.85,4.88,14.7,248.62
2024-07-19,Ukwa,317.3,0.0,25.08,24.69,53.87,0.3,15.38,282.13
2024-07-20,Ukwa,317.3,83.38,27.79,30.82,60.0,0.98,14.55,248.86
2024-07-21,Ukwa,317.3,7.71,30.36,29.58,57.6,0.81,9.42,277.17
2024-07-22,Ukwa,317.3,112.66,67.92,42.58,60.0,2.28,21.45,238.86
2024-07-23,Ukwa,317.3,0.0,40.12,39.85,54.54,0.9,5.35,284.81
2024-07-24,Ukwa,317.3,0.0,37.55,29.11,49.7,2.53,16.96,268.05
2024-07-25,Ukwa,317.3,15.92,5.31,31.38,51.26,2.38,6.29,271.77
2024-07-26,Ukwa,317.3,55.82,23.91,39.36,60.0,0.33,6.96,277.11
2024-07-27,Ukwa,317.3,145.7,72.48,48.26,60.0,2.23,21.47,220.25
2024-07-28,Ukwa,317.3,40.78,80.77,52.98,60.0,1.25,0.0,282.69
2024-07-29,Ukwa,317.3,0.0,62.16,36.89,58.91,1.07,6.38,276.9
2024-07-30,Ukwa,317.3,0.0,13.59,36.89,57.58,1.51,6.32,264.63
2024-07-31,Ukwa,317.3,157.54,52.51,59.39,60.0,4.64,28.44,212.73
2024-08-01,Ukwa,317.3,41.35,66.3,63.03,60.0,0.55,0.0,272.08
2024-08-02,Ukwa,317.3,1.49,66.79,55.27,55.96,1.68,1.75,263.86
2024-08-03,Ukwa,317.3,64.32,35.72,43.64,60.0,1.23,11.78,251.97
2024-08-04,Ukwa,317.3,73.73,46.51,48.35,60.0,0.93,5.8,265.82
2024-08-05,Ukwa,317.3,0.0,46.02,48.35,57.39,0.8,0.0,274.54
2024-08-06,Ukwa,317.3,123.38,65.7,65.97,60.0,1.95,23.85,225.53
2024-08-07,Ukwa,317.3,0.0,41.13,43.47,56.58,1.2,6.8,277.51
2024-08-08,Ukwa,317.3,0.0,41.13,37.56,53.67,1.7,14.27,267.38
2024-08-09,Ukwa,317.3,0.0,0.0,37.35,48.66,1.44,5.64,293.1
2024-08-10,Ukwa,317.3,0.0,0.0,28.16,46.17,0.35,7.15,284.81
2024-08-11,Ukwa,317.3,71.23,23.74,27.8,60.0,2.54,10.75,252.33
2024-08-12,Ukwa,317.3,0.0,23.74,27.8,55.33,1.15,7.83,277.89
2024-08-13,Ukwa,317.3,0.0,23.74,10.18,52.18,1.84,0.0,268.69
2024-08-14,Ukwa,317.3,62.08,20.69,19.04,60.0,0.86,9.95,257.72
2024-08-15,Ukwa,317.3,37.47,33.19,24.4,60.0,5.33,15.72,244.62
2024-08-16,Ukwa,317.3,33.65,44.4,29.21,60.0,0.34,16.17,277.75
2024-08-17,Ukwa,317.3,34.48,35.2,34.13,60.0,3.49,9.24,252.88
2024-08-18,Ukwa,317.3,11.26,26.46,25.56,60.0,0.0,7.69,285.05
2024-08-19,Ukwa,317.3,6.92,17.55,26.55,59.97,0.0,2.53,290.85
2024-08-20,Ukwa,317.3,67.84,28.67,36.24,60.0,0.27,14.7,273.36
2024-08-21,Ukwa,317.3,84.98,53.25,39.51,60.0,0.86,37.81,250.18
2024-08-22,Ukwa,317.3,0.0,50.94,34.16,57.61,1.58,21.21,264.63
2024-08-23,Ukwa,317.3,0.0,28.33,29.35,53.58,1.8,2.71,272.74
2024-08-24,Ukwa,317.3,0.0,0.0,24.43,50.53,2.61,3.86,276.0
2024-08-25,Ukwa,317.3,0.0,0.0,22.82,48.47,0.0,0.39,301.58
2024-08-26,Ukwa,317.3,47.71,15.9,28.65,60.0,0.21,13.65,270.28
2024-08-27,Ukwa,317.3,75.73,41.15,29.77,60.0,2.53,3.84,256.91
2024-08-28,Ukwa,317.3,73.62,65.69,28.15,60.0,1.35,8.74,253.64
2024-08-29,Ukwa,317.3,0.0,49.78,28.15,57.79,0.16,0.0,277.64
2024-08-30,Ukwa,317.3,0.0,24.54,28.15,51.8,0.05,25.71,278.59
2024-08-31,Ukwa,317.3,110.72,36.91,43.97,60.0,1.56,14.0,239.9
2024-09-01,Ukwa,317.3,2.78,37.83,44.37,55.69,0.06,10.39,274.3
2024-09-02,Ukwa,317.3,0.0,37.83,37.55,53.92,0.66,3.9,271.54
2024-09-03,Ukwa,317.3,30.99,11.25,31.16,60.0,4.85,18.63,243.49
2024-09-04,Ukwa,317.3,51.4,27.46,27.98,60.0,1.31,3.48,276.7
2024-09-05,Ukwa,317.3,59.28,47.22,36.45,60.0,2.85,11.27,256.44
2024-09-06,Ukwa,317.3,67.31,59.33,46.07,60.0,0.59,22.97,258.73
2024-09-07,Ukwa,317.3,50.12,58.9,37.41,60.0,2.47,21.53,262.84
2024-09-08,Ukwa,317.3,22.25,46.56,40.19,60.0,0.39,8.1,276.99
2024-09-09,Ukwa,317.3,39.65,37.34,45.86,60.0,0.34,3.62,276.94
2024-09-10,Ukwa,317.3,4.56,22.15,42.08,59.28,0.53,12.52,267.34
2024-09-11,Ukwa,317.3,0.0,14.73,34.74,57.13,0.47,15.19,270.78
2024-09-12,Ukwa,317.3,66.95,23.83,35.83,60.0,1.05,12.23,268.05
2024-09-13,Ukwa,317.3,0.0,22.32,26.22,56.0,2.83,0.0,265.36
2024-09-14,Ukwa,317.3,0.0,22.32,19.06,50.51,0.73,7.74,279.69
2024-09-15,Ukwa,317.3,0.0,0.0,15.88,47.97,0.15,9.29,287.65
2024-09-16,Ukwa,317.3,0.0,0.0,10.21,43.5,0.49,2.77,287.34
2024-09-17,Ukwa,317.3,0.0,0.0,9.56,40.29,5.92,7.91,251.16
2024-09-18,Ukwa,317.3,67.51,22.5,19.21,60.0,1.01,10.81,259.14
2024-09-19,Ukwa,317.3,0.0,22.5,9.64,56.64,0.0,9.98,284.58
2024-09-20,Ukwa,317.3,0.0,22.5,9.64,51.67,0.52,6.92,282.8
2024-09-21,Ukwa,317.3,0.0,0.0,9.64,47.64,1.45,3.48,282.4
2024-09-22,Ukwa,317.3,0.0,0.0,9.64,46.02,0.57,0.0,296.7
2024-09-23,Ukwa,317.3,0.0,0.0,9.64,43.72,0.92,2.33,276.87
2024-09-24,Ukwa,317.3,0.0,0.0,9.64,40.94,0.88,1.31,287.36
2024-09-25,Ukwa,317.3,0.0,0.0,0.0,37.38,0.5,3.19,301.17
2024-09-26,Ukwa,317.3,89.81,29.94,12.83,60.0,1.37,17.63,252.68
2024-09-27,Ukwa,317.3,19.73,36.51,15.65,60.0,2.15,14.86,254.45
2024-09-28,Ukwa,317.3,30.31,46.61,19.98,60.0,0.53,0.0,281.03
2024-09-29,Ukwa,317.3,61.49,37.18,28.76,60.0,2.43,7.74,253.47
2024-09-30,Ukwa,317.3,0.0,30.6,28.76,55.68,0.0,23.4,273.48
2024-10-01,Ukwa,317.3,5.02,22.17,29.48,53.71,1.66,8.13,272.21
2024-10-02,Ukwa,317.3,0.0,1.67,29.48,50.54,0.38,18.78,290.92
2024-10-03,Ukwa,317.3,0.0,1.67,16.65,47.43,0.0,8.41,287.4
2024-10-04,Ukwa,317.3,0.0,0.0,13.83,42.5,0.0,17.79,303.03
2024-10-05,Ukwa,317.3,0.0,0.0,9.5,38.38,1.01,0.0,280.05
2024-10-06,Ukwa,317.3,0.0,0.0,0.72,34.01,1.72,8.52,292.76
2024-10-07,Ukwa,317.3,0.0,0.0,0.72,31.73,4.06,4.73,274.93
2024-10-08,Ukwa,317.3,0.0,0.0,0.0,28.66,1.01,11.11,301.5
2024-10-09,Ukwa,317.3,0.0,0.0,0.0,25.1,0.41,2.23,315.36
2024-10-10,Ukwa,317.3,30.32,10.11,4.33,35.98,0.44,20.18,292.19
2024-10-11,Ukwa,317.3,52.09,27.47,11.77,53.29,1.11,12.34,271.79
2024-10-12,Ukwa,317.3,0.0,27.47,11.77,49.56,1.92,7.11,285.64
2024-10-13,Ukwa,317.3,8.75,20.28,13.02,49.8,5.16,4.41,266.54
2024-10-14,Ukwa,317.3,0.0,2.92,13.02,47.63,0.11,1.27,286.49
2024-10-15,Ukwa,317.3,0.0,2.92,13.02,43.57,0.14,9.3,291.39
2024-10-16,Ukwa,317.3,0.0,0.0,13.02,41.06,0.88,1.75,293.4
2024-10-17,Ukwa,317.3,0.0,0.0,8.69,41.27,3.32,13.23,275.98
2024-10-18,Ukwa,317.3,0.0,0.0,1.25,37.43,0.96,27.65,288.92
2024-10-19,Ukwa,317.3,17.24,5.75,3.71,42.24,4.26,11.72,270.44
2024-10-20,Ukwa,317.3,7.05,8.1,3.47,42.36,2.61,8.74,277.07
2024-10-21,Ukwa,317.3,17.46,13.92,5.96,45.55,0.48,3.26,287.3
2024-10-22,Ukwa,317.3,0.0,8.17,5.96,40.82,0.97,16.95,298.1
2024-10-23,Ukwa,317.3,0.0,5.82,5.96,37.27,0.2,12.34,305.8
2024-10-24,Ukwa,317.3,17.4,5.8,8.45,41.64,1.34,3.6,287.44
2024-10-25,Ukwa,317.3,0.0,5.8,8.45,36.99,0.65,18.19,295.69
2024-10-26,Ukwa,317.3,0.0,5.8,5.99,35.93,0.39,18.63,296.1
2024-10-27,Ukwa,317.3,5.82,1.94,5.81,35.89,1.47,39.69,279.14
2024-10-28,Ukwa,317.3,0.0,1.94,3.32,33.69,1.49,17.9,288.99
2024-10-29,Ukwa,317.3,0.0,1.94,3.32,29.43,0.22,1.68,315.81
2024-10-30,Ukwa,317.3,0.0,0.0,3.32,27.52,0.64,10.2,312.15
2024-10-31,Ukwa,317.3,0.0,0.0,0.83,27.0,1.1,22.76,305.32
2024-11-01,Ukwa,317.3,0.0,0.0,0.83,24.05,1.17,16.38,294.29
2024-11-02,Ukwa,317.3,0.0,0.0,0.83,21.88,1.04,1.69,302.32
2024-11-03,Ukwa,317.3,0.0,0.0,0.0,18.74,0.02,0.94,323.77
2024-11-04,Ukwa,317.3,0.0,0.0,0.0,19.9,0.13,25.21,320.43
2024-11-05,Ukwa,317.3,2.38,0.79,0.34,19.4,0.0,1.18,315.1
2024-11-06,Ukwa,317.3,0.0,0.79,0.34,16.0,1.14,0.0,323.48
2024-11-07,Ukwa,317.3,0.0,0.79,0.34,15.23,3.68,12.32,279.88
2024-11-08,Ukwa,317.3,0.0,0.0,0.34,13.9,2.19,0.0,304.32
2024-11-09,Ukwa,317.3,0.0,0.0,0.34,14.07,0.0,11.45,315.59
2024-11-10,Ukwa,317.3,0.0,0.0,0.34,12.92,0.0,0.35,321.08
2024-11-11,Ukwa,317.3,0.0,0.0,0.34,12.11,1.98,14.53,300.94
2024-11-12,Ukwa,317.3,2.03,0.68,0.29,10.42,1.3,17.03,313.68
2024-11-13,Ukwa,317.3,0.0,0.68,0.29,10.78,0.25,7.2,318.25
2024-11-14,Ukwa,317.3,0.0,0.68,0.29,11.0,3.45,6.29,295.53
2024-11-15,Ukwa,317.3,0.0,0.0,0.29,10.61,1.57,18.98,292.88
2024-11-16,Ukwa,317.3,0.0,0.0,0.29,9.59,0.0,9.26,322.79
2024-11-17,Ukwa,317.3,0.0,0.0,0.29,7.42,2.8,0.0,297.55
2024-11-18,Ukwa,317.3,0.0,0.0,0.29,8.85,0.94,6.33,311.96
2024-11-19,Ukwa,317.3,0.0,0.0,0.0,8.46,5.59,7.98,283.79
2024-11-20,Ukwa,317.3,0.0,0.0,0.0,9.73,0.46,8.53,312.68
2024-11-21,Ukwa,317.3,0.0,0.0,0.0,9.08,2.19,15.39,300.56
2024-11-22,Ukwa,317.3,0.0,0.0,0.0,9.19,0.62,2.74,318.64
2024-11-23,Ukwa,317.3,0.0,0.0,0.0,7.49,1.07,6.29,303.61
2024-11-24,Ukwa,317.3,0.0,0.0,0.0,7.73,0.53,20.89,313.51
2024-11-25,Ukwa,317.3,0.0,0.0,0.0,8.43,2.09,21.36,301.9
2024-11-26,Ukwa,317.3,0.0,0.0,0.0,6.76,0.05,9.33,311.78
2024-11-27,Ukwa,317.3,0.0,0.0,0.0,7.39,0.81,0.0,307.29
2024-11-28,Ukwa,317.3,0.0,0.0,0.0,5.96,0.87,3.8,308.99
2024-11-29,Ukwa,317.3,0.0,0.0,0.0,4.47,0.35,9.28,312.18
2024-11-30,Ukwa,317.3,0.0,0.0,0.0,3.0,2.09,1.97,287.06
2024-12-01,Ukwa,317.3,0.0,0.0,0.0,6.12,0.0,12.09,313.82
2024-12-02,Ukwa,317.3,0.0,0.0,0.0,5.54,0.52,2.04,313.87
2024-12-03,Ukwa,317.3,0.0,0.0,0.0,3.99,1.19,10.01,297.31
2024-12-04,Ukwa,317.3,0.0,0.0,0.0,4.43,1.97,14.79,287.2
2024-12-05,Ukwa,317.3,0.0,0.0,0.0,4.18,3.97,20.11,289.93
2024-12-06,Ukwa,317.3,4.59,1.53,0.66,4.36,0.0,7.4,304.92
2024-12-07,Ukwa,317.3,0.0,1.53,0.66,4.87,0.24,5.13,313.24
2024-12-08,Ukwa,317.3,0.0,1.53,0.66,4.55,2.06,0.62,303.24
2024-12-09,Ukwa,317.3,2.02,0.67,0.95,3.0,1.29,2.42,315.39
2024-12-10,Ukwa,317.3,0.0,0.67,0.95,5.12,1.49,10.67,305.45
2024-12-11,Ukwa,317.3,0.0,0.67,0.95,5.48,0.62,4.21,312.95
2024-12-12,Ukwa,317.3,0.0,0.0,0.95,3.37,0.87,14.82,304.98
2024-12-13,Ukwa,317.3,0.0,0.0,0.29,4.3,3.69,3.36,285.43
2024-12-14,Ukwa,317.3,0.0,0.0,0.29,4.92,3.7,4.97,295.71
2024-12-15,Ukwa,317.3,0.0,0.0,0.29,5.63,2.76,19.7,296.66
2024-12-16,Ukwa,317.3,0.0,0.0,0.0,6.09,0.29,1.89,325.79
2024-12-17,Ukwa,317.3,0.0,0.0,0.0,7.74,0.0,25.04,317.34
2024-12-18,Ukwa,317.3,0.0,0.0,0.0,9.73,1.09,0.0,297.41
2024-12-19,Ukwa,317.3,0.0,0.0,0.0,7.84,4.49,21.38,281.46
2024-12-20,Ukwa,317.3,0.0,0.0,0.0,5.23,0.44,10.16,313.25
2024-12-21,Ukwa,317.3,0.0,0.0,0.0,6.15,0.0,5.4,316.27
2024-12-22,Ukwa,317.3,0.0,0.0,0.0,5.19,1.96,14.15,297.41
2024-12-23,Ukwa,317.3,0.0,0.0,0.0,6.01,0.48,2.39,313.7
2024-12-24,Ukwa,317.3,0.0,0.0,0.0,6.06,1.67,22.37,297.32
2024-12-25,Ukwa,317.3,0.0,0.0,0.0,7.62,1.94,14.59,303.35
2024-12-26,Ukwa,317.3,0.0,0.0,0.0,8.06,2.15,2.94,297.04
2024-12-27,Ukwa,317.3,0.0,0.0,0.0,9.16,0.09,17.18,311.94
2024-12-28,Ukwa,317.3,0.0,0.0,0.0,7.77,0.77,3.82,315.03
2024-12-29,Ukwa,317.3,0.0,0.0,0.0,7.17,1.42,6.36,302.29
2024-12-30,Ukwa,317.3,0.0,0.0,0.0,5.86,0.0,3.37,318.33
2022-01-01,Kandri,147.4,0.0,0.0,0.0,14.22,0.0,1.16,146.68
2022-01-02,Kandri,147.4,0.0,0.0,0.0,13.37,1.86,33.24,134.23
2022-01-03,Kandri,147.4,0.0,0.0,0.0,13.78,3.01,22.38,133.01
2022-01-04,Kandri,147.4,0.0,0.0,0.0,10.38,2.81,0.0,135.8
2022-01-05,Kandri,147.4,0.0,0.0,0.0,10.98,1.61,14.22,141.67
2022-01-06,Kandri,147.4,1.73,0.58,0.29,11.99,0.81,16.9,139.61
2022-01-07,Kandri,147.4,0.0,0.58,0.25,9.81,1.09,5.44,145.25
2022-01-08,Kandri,147.4,5.09,2.27,0.97,10.61,1.31,7.41,143.7
2022-01-09,Kandri,147.4,1.72,2.27,1.22,11.5,2.61,36.27,135.91
2022-01-10,Kandri,147.4,0.0,2.27,1.22,10.3,0.0,2.1,150.24
2022-01-11,Kandri,147.4,0.0,0.57,1.22,10.37,1.16,17.74,138.99
2022-01-12,Kandri,147.4,2.99,1.0,1.65,11.66,2.83,21.82,137.9
2022-01-13,Kandri,147.4,0.0,1.0,1.4,11.62,0.76,9.52,139.88
2022-01-14,Kandri,147.4,0.0,1.0,1.4,10.9,0.17,7.68,142.89
2022-01-15,Kandri,147.4,0.0,0.0,0.67,12.22,0.37,7.58,143.75
2022-01-16,Kandri,147.4,0.0,0.0,0.43,11.82,1.28,15.94,141.44
2022-01-17,Kandri,147.4,0.0,0.0,0.43,11.45,0.1,12.51,145.14
2022-01-18,Kandri,147.4,0.0,0.0,0.43,11.26,1.06,4.99,135.44
2022-01-19,Kandri,147.4,0.0,0.0,0.0,12.95,0.19,0.0,151.41
2022-01-20,Kandri,147.4,0.0,0.0,0.0,11.33,1.62,13.82,142.4
2022-01-21,Kandri,147.4,0.0,0.0,0.0,10.83,1.39,21.27,140.27
2022-01-22,Kandri,147.4,0.0,0.0,0.0,9.38,0.66,29.58,140.89
2022-01-23,Kandri,147.4,0.0,0.0,0.0,8.78,1.61,3.05,145.4
2022-01-24,Kandri,147.4,0.0,0.0,0.0,9.01,1.36,4.74,142.19
2022-01-25,Kandri,147.4,0.0,0.0,0.0,7.38,2.93,9.28,134.56
2022-01-26,Kandri,147.4,2.21,0.74,0.32,6.25,0.72,4.3,144.63
2022-01-27,Kandri,147.4,0.0,0.74,0.32,4.87,1.58,3.97,142.07
2022-01-28,Kandri,147.4,2.69,1.63,0.7,5.57,1.67,0.66,141.95
2022-01-29,Kandri,147.4,0.0,0.9,0.7,4.39,3.3,19.28,130.65
2022-01-30,Kandri,147.4,0.0,0.9,0.7,3.72,2.29,25.19,133.46
2022-01-31,Kandri,147.4,0.0,0.0,0.7,3.0,0.4,24.27,143.03
2022-02-01,Kandri,147.4,0.0,0.0,0.7,3.0,1.25,0.0,143.35
2022-02-02,Kandri,147.4,0.0,0.0,0.38,3.66,0.68,12.03,140.87
2022-02-03,Kandri,147.4,0.0,0.0,0.38,3.81,0.97,11.52,141.37
2022-02-04,Kandri,147.4,0.0,0.0,0.0,3.2,0.72,13.13,141.24
2022-02-05,Kandri,147.4,0.0,0.0,0.0,4.02,0.75,11.34,142.92
2022-02-06,Kandri,147.4,0.0,0.0,0.0,3.86,0.85,1.43,141.46
2022-02-07,Kandri,147.4,0.0,0.0,0.0,4.36,1.32,3.8,144.84
2022-02-08,Kandri,147.4,0.0,0.0,0.0,5.57,4.33,7.67,136.54
2022-02-09,Kandri,147.4,0.0,0.0,0.0,5.61,0.72,18.27,144.73
2022-02-10,Kandri,147.4,0.0,0.0,0.0,3.0,1.82,8.89,146.8
2022-02-11,Kandri,147.4,0.0,0.0,0.0,4.13,1.54,1.23,138.86
2022-02-12,Kandri,147.4,0.0,0.0,0.0,3.0,0.96,1.1,148.06
2022-02-13,Kandri,147.4,0.0,0.0,0.0,4.11,1.91,21.3,138.38
2022-02-14,Kandri,147.4,0.0,0.0,0.0,4.28,0.0,5.59,153.51
2022-02-15,Kandri,147.4,0.0,0.0,0.0,4.12,0.62,3.97,145.78
2022-02-16,Kandri,147.4,0.0,0.0,0.0,3.71,0.4,2.88,143.33
2022-02-17,Kandri,147.4,0.0,0.0,0.0,4.71,1.34,9.71,138.6
2022-02-18,Kandri,147.4,0.0,0.0,0.0,5.29,2.41,6.63,141.97
2022-02-19,Kandri,147.4,0.0,0.0,0.0,5.92,1.14,15.15,140.79
2022-02-20,Kandri,147.4,0.0,0.0,0.0,5.46,1.87,7.84,141.12
2022-02-21,Kandri,147.4,0.0,0.0,0.0,7.21,0.26,12.55,147.13
2022-02-22,Kandri,147.4,0.0,0.0,0.0,5.51,1.31,4.76,140.4
2022-02-23,Kandri,147.4,0.0,0.0,0.0,5.82,0.71,17.39,146.24
2022-02-24,Kandri,147.4,0.0,0.0,0.0,6.58,0.47,11.98,141.81
2022-02-25,Kandri,147.4,0.0,0.0,0.0,4.15,1.08,5.33,139.55
2022-02-26,Kandri,147.4,0.0,0.0,0.0,3.0,0.41,2.49,146.34
2022-02-27,Kandri,147.4,0.0,0.0,0.0,3.0,0.82,0.0,142.87
2022-02-28,Kandri,147.4,0.0,0.0,0.0,3.0,1.86,11.8,140.67
2022-03-01,Kandri,147.4,0.0,0.0,0.0,3.0,1.19,2.68,146.83
2022-03-02,Kandri,147.4,14.57,4.86,2.08,7.87,3.22,3.94,135.58
2022-03-03,Kandri,147.4,0.0,4.86,2.08,5.58,1.54,11.72,139.22
2022-03-04,Kandri,147.4,0.0,4.86,2.08,5.31,1.33,2.84,139.53
2022-03-05,Kandri,147.4,0.0,0.0,2.08,3.15,0.62,11.6,141.26
2022-03-06,Kandri,147.4,0.0,0.0,2.08,3.0,1.8,2.41,140.55
2022-03-07,Kandri,147.4,0.0,0.0,2.08,3.0,0.7,4.81,141.92
2022-03-08,Kandri,147.4,0.0,0.0,2.08,5.66,0.15,15.52,143.4
2022-03-09,Kandri,147.4,0.0,0.0,0.0,5.91,0.21,0.0,149.31
2022-03-10,Kandri,147.4,0.0,0.0,0.0,5.54,1.13,8.1,142.87
2022-03-11,Kandri,147.4,0.0,0.0,0.0,5.84,1.69,13.18,137.95
2022-03-12,Kandri,147.4,0.0,0.0,0.0,5.54,0.93,38.35,137.47
2022-03-13,Kandri,147.4,0.0,0.0,0.0,5.8,0.76,2.84,146.19
2022-03-14,Kandri,147.4,0.0,0.0,0.0,5.14,0.77,5.69,144.32
2022-03-15,Kandri,147.4,0.0,0.0,0.0,6.31,1.37,8.53,143.34
2022-03-16,Kandri,147.4,0.0,0.0,0.0,8.01,0.02,0.91,152.54
2022-03-17,Kandri,147.4,0.0,0.0,0.0,7.21,0.82,2.76,143.82
2022-03-18,Kandri,147.4,0.0,0.0,0.0,6.66,0.19,0.0,143.54
2022-03-19,Kandri,147.4,0.0,0.0,0.0,5.35,0.41,7.14,148.72
2022-03-20,Kandri,147.4,0.0,0.0,0.0,4.15,0.08,6.95,144.63
2022-03-21,Kandri,147.4,0.0,0.0,0.0,3.76,1.62,4.35,140.96
2022-03-22,Kandri,147.4,0.0,0.0,0.0,3.0,1.35,0.0,138.18
2022-03-23,Kandri,147.4,0.0,0.0,0.0,3.36,1.12,8.43,146.82
2022-03-24,Kandri,147.4,2.95,0.98,0.42,3.0,0.65,2.51,143.71
2022-03-25,Kandri,147.4,0.0,0.98,0.42,3.43,1.27,7.33,140.17
2022-03-26,Kandri,147.4,0.0,0.98,0.42,3.0,0.46,7.92,144.76
2022-03-27,Kandri,147.4,0.0,0.0,0.42,3.0,0.44,3.77,145.81
2022-03-28,Kandri,147.4,0.0,0.0,0.42,3.29,0.66,3.68,144.94
2022-03-29,Kandri,147.4,0.0,0.0,0.42,3.0,0.77,5.26,144.83
2022-03-30,Kandri,147.4,0.0,0.0,0.42,3.55,1.02,15.62,148.79
2022-03-31,Kandri,147.4,0.0,0.0,0.0,6.07,0.81,7.88,151.42
2022-04-01,Kandri,147.4,0.0,0.0,0.0,5.08,2.0,2.65,141.39
2022-04-02,Kandri,147.4,0.0,0.0,0.0,5.23,2.48,10.45,140.5
2022-04-03,Kandri,147.4,0.0,0.0,0.0,3.75,0.27,4.81,145.7
2022-04-04,Kandri,147.4,0.0,0.0,0.0,3.0,0.71,11.78,145.0
2022-04-05,Kandri,147.4,0.0,0.0,0.0,3.19,0.79,2.88,144.51
2022-04-06,Kandri,147.4,0.0,0.0,0.0,3.36,2.83,0.0,138.4
2022-04-07,Kandri,147.4,0.0,0.0,0.0,3.0,0.48,2.2,145.63
2022-04-08,Kandri,147.4,0.0,0.0,0.0,3.0,0.0,8.73,141.19
2022-04-09,Kandri,147.4,0.0,0.0,0.0,3.0,0.65,4.62,141.63
2022-04-10,Kandri,147.4,0.0,0.0,0.0,3.65,1.45,0.27,143.56
2022-04-11,Kandri,147.4,0.0,0.0,0.0,3.0,1.78,0.0,139.42
2022-04-12,Kandri,147.4,0.0,0.0,0.0,4.48,0.56,4.57,145.36
2022-04-13,Kandri,147.4,0.0,0.0,0.0,6.75,0.26,0.7,148.04
2022-04-14,Kandri,147.4,0.0,0.0,0.0,7.48,2.87,10.18,139.05
2022-04-15,Kandri,147.4,0.0,0.0,0.0,8.1,1.12,18.14,138.34
2022-04-16,Kandri,147.4,0.0,0.0,0.0,9.0,0.74,0.0,143.79
2022-04-17,Kandri,147.4,0.0,0.0,0.0,6.89,1.24,8.76,144.35
2022-04-18,Kandri,147.4,0.0,0.0,0.0,5.63,0.38,12.19,144.24
2022-04-19,Kandri,147.4,0.0,0.0,0.0,5.68,0.0,1.23,147.91
2022-04-20,Kandri,147.4,0.0,0.0,0.0,4.9,0.68,13.6,143.3
2022-04-21,Kandri,147.4,0.0,0.0,0.0,4.05,0.4,0.0,147.68
2022-04-22,Kandri,147.4,0.0,0.0,0.0,3.68,0.0,2.92,151.19
2022-04-23,Kandri,147.4,0.0,0.0,0.0,3.0,0.53,9.88,146.51
2022-04-24,Kandri,147.4,0.0,0.0,0.0,3.0,1.95,2.59,143.36
2022-04-25,Kandri,147.4,0.0,0.0,0.0,3.0,1.77,0.0,140.51
2022-04-26,Kandri,147.4,0.0,0.0,0.0,3.89,0.0,5.2,145.05
2022-04-27,Kandri,147.4,13.57,4.52,1.94,9.0,0.93,10.47,141.34
2022-04-28,Kandri,147.4,0.0,4.52,1.94,6.93,0.36,0.0,146.91
2022-04-29,Kandri,147.4,0.0,4.52,1.94,6.21,0.0,3.81,145.04
2022-04-30,Kandri,147.4,0.0,0.0,1.94,4.33,1.45,0.0,143.29
2022-05-01,Kandri,147.4,3.66,1.22,2.46,4.79,1.89,32.95,137.01
2022-05-02,Kandri,147.4,0.0,1.22,2.46,3.58,0.59,16.96,141.12
2022-05-03,Kandri,147.4,0.0,1.22,2.46,4.27,0.66,21.58,146.3
2022-05-04,Kandri,147.4,0.0,0.0,0.52,3.77,2.73,19.88,134.65
2022-05-05,Kandri,147.4,0.0,0.0,0.52,3.0,1.27,11.18,144.44
2022-05-06,Kandri,147.4,0.0,0.0,0.52,3.0,0.46,11.39,146.76
2022-05-07,Kandri,147.4,0.0,0.0,0.52,3.0,2.62,16.31,133.18
2022-05-08,Kandri,147.4,0.0,0.0,0.0,3.0,0.28,6.56,140.53
2022-05-09,Kandri,147.4,0.0,0.0,0.0,3.09,2.44,7.55,138.11
2022-05-10,Kandri,147.4,0.0,0.0,0.0,3.0,0.91,0.0,141.14
2022-05-11,Kandri,147.4,0.0,0.0,0.0,5.85,3.13,2.11,139.32
2022-05-12,Kandri,147.4,0.0,0.0,0.0,5.13,1.31,3.46,143.77
2022-05-13,Kandri,147.4,25.04,8.35,3.58,14.02,0.07,21.28,147.27
2022-05-14,Kandri,147.4,0.0,8.35,3.58,11.49,0.52,0.0,146.63
2022-05-15,Kandri,147.4,0.0,8.35,3.58,10.93,0.91,4.81,147.29
2022-05-16,Kandri,147.4,0.0,0.0,3.58,11.67,1.92,7.76,138.2
2022-05-17,Kandri,147.4,0.0,0.0,3.58,10.83,1.32,10.06,142.57
2022-05-18,Kandri,147.4,0.0,0.0,3.58,8.37,0.65,9.74,149.9
2022-05-19,Kandri,147.4,5.52,1.84,4.37,10.71,0.59,5.61,140.94
2022-05-20,Kandri,147.4,0.0,1.84,0.79,9.72,1.0,5.8,150.86
2022-05-21,Kandri,147.4,0.0,1.84,0.79,8.67,0.95,15.63,146.91
2022-05-22,Kandri,147.4,0.0,0.0,0.79,7.1,1.05,2.12,146.24
2022-05-23,Kandri,147.4,32.8,10.93,5.47,19.79,1.07,10.02,140.31
2022-05-24,Kandri,147.4,0.0,10.93,5.47,18.87,3.87,10.38,131.75
2022-05-25,Kandri,147.4,24.69,19.16,9.0,25.94,0.93,6.11,139.35
2022-05-26,Kandri,147.4,20.26,14.98,11.11,31.93,0.36,5.28,143.32
2022-05-27,Kandri,147.4,0.0,14.98,11.11,30.43,0.32,40.07,146.1
2022-05-28,Kandri,147.4,0.0,6.75,11.11,29.87,0.53,16.45,142.3
2022-05-29,Kandri,147.4,0.0,0.0,11.11,27.63,1.02,8.26,144.07
2022-05-30,Kandri,147.4,27.11,9.04,10.29,34.38,2.25,0.0,136.3
2022-05-31,Kandri,147.4,0.0,9.04,10.29,31.61,3.22,0.0,133.2
2022-06-01,Kandri,147.4,0.0,9.04,6.77,29.68,2.11,11.41,131.64
2022-06-02,Kandri,147.4,0.0,0.0,3.87,29.26,0.0,3.49,143.35
2022-06-03,Kandri,147.4,0.0,0.0,3.87,30.97,4.12,22.91,123.62
2022-06-04,Kandri,147.4,106.93,35.64,19.15,60.0,1.49,15.16,113.78
2022-06-05,Kandri,147.4,0.0,35.64,19.15,56.99,1.92,1.31,124.69
2022-06-06,Kandri,147.4,41.19,49.37,21.16,60.0,1.16,14.58,123.07
2022-06-07,Kandri,147.4,0.0,13.73,21.16,55.16,1.9,8.03,123.8
2022-06-08,Kandri,147.4,0.0,13.73,21.16,53.72,2.46,8.3,124.79
2022-06-09,Kandri,147.4,0.0,0.0,21.16,49.2,2.12,0.53,124.85
2022-06-10,Kandri,147.4,27.78,9.26,25.13,56.3,1.07,16.22,127.19
2022-06-11,Kandri,147.4,0.0,9.26,9.85,53.38,1.3,0.0,125.49
2022-06-12,Kandri,147.4,32.47,20.08,14.49,60.0,1.5,8.96,123.9
2022-06-13,Kandri,147.4,84.55,39.0,20.68,60.0,1.57,6.51,121.01
2022-06-14,Kandri,147.4,28.63,48.55,24.77,60.0,0.43,0.0,128.71
2022-06-15,Kandri,147.4,105.08,72.75,39.79,60.0,3.74,0.25,108.91
2022-06-16,Kandri,147.4,25.69,53.13,43.46,60.0,2.78,17.33,122.82
2022-06-17,Kandri,147.4,74.57,68.45,50.14,60.0,0.61,11.36,125.32
2022-06-18,Kandri,147.4,0.0,33.42,50.14,55.54,0.64,0.25,127.33
2022-06-19,Kandri,147.4,0.0,24.86,45.5,51.64,1.75,16.52,126.99
2022-06-20,Kandri,147.4,0.0,0.0,33.42,48.09,0.74,21.75,129.06
2022-06-21,Kandri,147.4,0.0,0.0,29.33,45.04,1.22,0.41,129.82
2022-06-22,Kandri,147.4,0.0,0.0,14.32,42.82,1.59,12.39,128.95
2022-06-23,Kandri,147.4,118.04,39.35,27.52,60.0,2.39,9.89,113.88
2022-06-24,Kandri,147.4,24.45,47.5,20.36,60.0,1.01,4.07,127.8
2022-06-25,Kandri,147.4,33.76,58.75,25.18,60.0,0.68,5.37,127.94
2022-06-26,Kandri,147.4,109.91,56.04,40.88,60.0,2.48,13.4,111.3
2022-06-27,Kandri,147.4,0.0,47.89,40.88,57.68,0.2,29.76,122.94
2022-06-28,Kandri,147.4,0.0,36.64,40.88,56.01,2.01,7.38,125.7
2022-06-29,Kandri,147.4,45.32,15.11,47.36,60.0,1.55,8.9,120.48
2022-06-30,Kandri,147.4,0.0,15.11,30.49,56.48,0.0,0.0,127.49
2022-07-01,Kandri,147.4,0.0,15.11,27.0,50.71,1.65,5.35,129.9
2022-07-02,Kandri,147.4,37.71,12.57,27.56,60.0,1.51,0.0,128.43
2022-07-03,Kandri,147.4,0.0,12.57,11.86,55.73,1.76,4.7,124.8
2022-07-04,Kandri,147.4,38.74,25.48,17.4,60.0,0.61,1.9,128.3
2022-07-05,Kandri,147.4,0.0,12.91,17.4,53.3,1.86,16.71,124.32
2022-07-06,Kandri,147.4,0.0,12.91,10.92,50.19,0.48,2.63,130.37
2022-07-07,Kandri,147.4,5.77,1.92,11.74,50.12,1.78,5.2,125.33
2022-07-08,Kandri,147.4,142.02,49.26,32.03,60.0,2.65,29.23,103.45
2022-07-09,Kandri,147.4,0.0,49.26,26.65,57.78,1.68,0.37,124.34
2022-07-10,Kandri,147.4,123.73,88.58,44.32,60.0,2.55,23.2,106.15
2022-07-11,Kandri,147.4,12.26,45.33,40.54,60.0,0.03,1.5,134.37
2022-07-12,Kandri,147.4,67.88,67.96,50.24,60.0,0.26,6.08,123.54
2022-07-13,Kandri,147.4,22.98,34.37,53.52,60.0,0.0,0.48,132.53
2022-07-14,Kandri,147.4,143.26,78.04,73.16,60.0,3.91,12.14,97.67
2022-07-15,Kandri,147.4,19.73,61.99,55.69,60.0,0.52,6.55,127.74
2022-07-16,Kandri,147.4,26.98,63.32,59.55,60.0,0.78,21.22,126.74
2022-07-17,Kandri,147.4,0.0,15.57,41.87,55.27,0.33,1.53,133.38
2022-07-18,Kandri,147.4,4.97,10.65,40.83,53.88,0.69,15.86,130.08
2022-07-19,Kandri,147.4,0.0,1.66,31.13,50.72,1.83,5.99,132.34
2022-07-20,Kandri,147.4,99.57,34.85,42.07,60.0,2.66,26.56,114.7
2022-07-21,Kandri,147.4,80.03,59.87,33.04,60.0,1.36,19.52,115.95
2022-07-22,Kandri,147.4,67.46,82.35,39.86,60.0,2.95,6.79,113.72
2022-07-23,Kandri,147.4,37.09,61.53,41.3,60.0,1.92,7.09,118.95
2022-07-24,Kandri,147.4,0.0,34.85,41.3,55.05,1.88,18.68,124.14
2022-07-25,Kandri,147.4,93.56,43.55,53.96,60.0,3.42,0.49,116.84
2022-07-26,Kandri,147.4,0.0,31.19,53.96,56.41,0.82,7.13,129.06
2022-07-27,Kandri,147.4,0.0,31.19,39.74,52.95,0.94,0.95,132.12
2022-07-28,Kandri,147.4,31.9,10.63,32.86,59.71,0.0,6.26,133.74
2022-07-29,Kandri,147.4,0.0,10.63,23.22,57.85,0.19,4.64,132.76
2022-07-30,Kandri,147.4,0.0,10.63,17.92,51.51,0.05,5.04,133.41
2022-07-31,Kandri,147.4,0.0,0.0,17.92,48.33,1.32,23.6,126.49
2022-08-01,Kandri,147.4,0.0,0.0,4.56,46.03,2.1,0.0,131.32
2022-08-02,Kandri,147.4,75.47,25.16,15.34,60.0,2.85,12.33,120.55
2022-08-03,Kandri,147.4,39.28,38.25,20.95,60.0,0.17,0.8,130.99
2022-08-04,Kandri,147.4,0.0,38.25,16.39,55.99,0.0,18.8,129.05
2022-08-05,Kandri,147.4,22.89,20.72,19.66,59.62,0.0,25.81,128.97
2022-08-06,Kandri,147.4,94.35,39.08,33.14,60.0,1.8,6.77,118.69
2022-08-07,Kandri,147.4,56.52,57.92,41.22,60.0,0.26,31.37,126.74
2022-08-08,Kandri,147.4,0.0,50.29,41.22,56.45,4.23,5.73,120.4
2022-08-09,Kandri,147.4,71.18,42.57,40.6,60.0,1.87,8.88,122.65
2022-08-10,Kandri,147.4,0.0,23.73,34.99,56.36,1.09,7.02,131.19
2022-08-11,Kandri,147.4,11.97,27.72,36.7,55.89,0.81,14.19,126.99
2022-08-12,Kandri,147.4,0.0,3.99,33.43,52.64,1.26,10.16,126.08
2022-08-13,Kandri,147.4,232.74,81.57,53.2,60.0,4.46,49.81,73.63
2022-08-14,Kandri,147.4,0.0,77.58,45.13,55.11,0.38,9.52,132.86
2022-08-15,Kandri,147.4,0.0,77.58,45.13,51.24,0.46,0.0,132.64
2022-08-16,Kandri,147.4,34.37,11.46,39.87,60.0,2.42,0.67,123.12
2022-08-17,Kandri,147.4,0.0,11.46,39.87,56.75,0.02,0.0,129.99
2022-08-18,Kandri,147.4,0.0,11.46,38.16,54.0,0.0,13.02,128.71
2022-08-19,Kandri,147.4,40.94,13.65,44.01,60.0,0.28,11.48,126.6
2022-08-20,Kandri,147.4,97.36,46.1,24.67,60.0,1.91,11.15,116.7
2022-08-21,Kandri,147.4,63.68,67.33,33.76,60.0,3.49,15.8,118.82
2022-08-22,Kandri,147.4,88.35,83.13,46.38,60.0,5.57,28.97,107.75
2022-08-23,Kandri,147.4,45.35,65.79,47.95,60.0,2.27,12.5,120.7
2022-08-24,Kandri,147.4,0.0,44.57,47.95,58.13,0.0,1.18,128.37
2022-08-25,Kandri,147.4,70.69,38.68,58.05,60.0,1.05,20.61,121.6
2022-08-26,Kandri,147.4,23.31,31.33,55.53,60.0,1.13,10.14,122.73
2022-08-27,Kandri,147.4,28.84,40.95,45.75,60.0,1.54,11.89,121.71
2022-08-28,Kandri,147.4,0.0,17.38,36.65,56.25,0.28,1.66,126.21
2022-08-29,Kandri,147.4,0.0,9.61,24.03,54.61,1.23,7.34,127.97
2022-08-30,Kandri,147.4,0.0,0.0,17.55,51.62,0.07,5.97,128.48
2022-08-31,Kandri,147.4,25.65,8.55,21.21,59.06,1.49,18.11,125.72
2022-09-01,Kandri,147.4,0.0,8.55,11.11,55.5,0.16,20.42,132.03
2022-09-02,Kandri,147.4,99.72,41.79,22.03,60.0,0.38,25.99,119.87
2022-09-03,Kandri,147.4,0.0,33.24,17.91,55.01,2.42,4.02,117.27
2022-09-04,Kandri,147.4,0.0,33.24,17.91,51.45,0.51,8.62,131.88
2022-09-05,Kandri,147.4,29.77,9.92,22.16,56.89,1.04,17.33,129.61
2022-09-06,Kandri,147.4,42.03,23.93,28.17,60.0,0.83,25.36,118.3
2022-09-07,Kandri,147.4,28.6,33.47,28.59,60.0,4.1,8.18,118.6
2022-09-08,Kandri,147.4,5.71,25.44,29.4,57.55,0.56,9.9,127.23
2022-09-09,Kandri,147.4,0.0,11.44,15.16,55.01,4.51,1.8,113.36
2022-09-10,Kandri,147.4,0.0,1.9,15.16,51.21,1.72,7.65,132.25
2022-09-11,Kandri,147.4,8.57,2.86,16.38,49.67,0.0,23.09,130.75
2022-09-12,Kandri,147.4,106.48,38.35,27.34,60.0,1.08,1.56,119.69
2022-09-13,Kandri,147.4,36.07,50.37,26.49,60.0,1.0,20.6,126.87
2022-09-14,Kandri,147.4,0.0,47.52,22.4,55.71,2.89,0.0,118.45
2022-09-15,Kandri,147.4,0.0,12.02,21.59,52.43,2.16,4.65,124.76
2022-09-16,Kandri,147.4,94.5,31.5,35.09,60.0,1.63,23.6,115.6
2022-09-17,Kandri,147.4,0.0,31.5,35.09,55.59,2.19,9.25,132.78
2022-09-18,Kandri,147.4,0.0,31.5,33.86,53.12,2.59,2.95,124.91
2022-09-19,Kandri,147.4,29.39,9.8,22.85,60.0,0.51,4.37,128.07
2022-09-20,Kandri,147.4,60.62,30.0,26.36,60.0,0.28,26.32,121.76
2022-09-21,Kandri,147.4,0.0,30.0,26.36,57.4,1.71,3.92,123.16
2022-09-22,Kandri,147.4,42.65,34.42,32.45,60.0,0.0,11.23,131.96
2022-09-23,Kandri,147.4,0.0,14.22,18.95,58.17,2.19,6.58,124.02
2022-09-24,Kandri,147.4,74.93,39.19,29.66,60.0,1.25,26.01,118.0
2022-09-25,Kandri,147.4,24.73,33.22,33.19,60.0,0.0,2.09,125.97
2022-09-26,Kandri,147.4,39.68,46.45,34.66,60.0,2.97,13.21,122.33
2022-09-27,Kandri,147.4,0.0,21.47,26.0,55.48,0.0,5.21,131.1
2022-09-28,Kandri,147.4,0.0,13.23,26.0,52.61,0.09,1.29,129.58
2022-09-29,Kandri,147.4,0.0,0.0,19.91,50.23,0.07,0.0,129.83
2022-09-30,Kandri,147.4,0.0,0.0,19.91,45.55,0.2,17.14,135.27
2022-10-01,Kandri,147.4,15.56,5.19,11.42,49.14,0.16,5.28,137.8
2022-10-02,Kandri,147.4,23.16,12.91,11.2,53.7,2.89,34.48,120.44
2022-10-03,Kandri,147.4,0.0,12.91,5.53,48.71,2.49,29.95,120.58
2022-10-04,Kandri,147.4,0.0,7.72,5.53,47.6,0.17,13.31,137.09
2022-10-05,Kandri,147.4,0.0,0.0,5.53,46.8,4.26,0.0,121.37
2022-10-06,Kandri,147.4,0.0,0.0,5.53,45.32,3.07,0.0,128.29
2022-10-07,Kandri,147.4,0.0,0.0,5.53,40.55,0.48,4.36,135.89
2022-10-08,Kandri,147.4,0.0,0.0,3.31,38.5,0.82,14.66,140.01
2022-10-09,Kandri,147.4,0.0,0.0,0.0,36.42,0.41,6.56,137.58
2022-10-10,Kandri,147.4,0.0,0.0,0.0,34.41,0.35,16.22,140.7
2022-10-11,Kandri,147.4,0.0,0.0,0.0,32.29,0.01,11.24,139.16
2022-10-12,Kandri,147.4,0.0,0.0,0.0,30.13,0.59,2.76,147.72
2022-10-13,Kandri,147.4,0.0,0.0,0.0,27.22,1.48,0.0,137.81
2022-10-14,Kandri,147.4,0.0,0.0,0.0,25.22,1.11,0.0,142.02
2022-10-15,Kandri,147.4,0.0,0.0,0.0,23.84,1.01,2.48,138.84
2022-10-16,Kandri,147.4,0.0,0.0,0.0,22.6,0.0,0.0,143.87
2022-10-17,Kandri,147.4,77.69,25.9,11.1,48.2,0.62,9.3,126.28
2022-10-18,Kandri,147.4,0.0,25.9,11.1,44.66,0.38,0.0,134.3
2022-10-19,Kandri,147.4,0.0,25.9,11.1,41.3,0.52,0.0,141.4
2022-10-20,Kandri,147.4,0.0,0.0,11.1,37.66,0.0,38.12,136.35
2022-10-21,Kandri,147.4,0.0,0.0,11.1,35.35,0.48,5.19,139.44
2022-10-22,Kandri,147.4,0.0,0.0,11.1,32.07,0.0,5.83,141.96
2022-10-23,Kandri,147.4,39.04,13.01,16.68,42.15,1.01,8.83,136.54
2022-10-24,Kandri,147.4,0.0,13.01,5.58,40.38,0.13,8.86,136.34
2022-10-25,Kandri,147.4,0.0,13.01,5.58,38.57,0.41,0.0,136.03
2022-10-26,Kandri,147.4,0.0,0.0,5.58,35.81,2.17,5.49,132.54
2022-10-27,Kandri,147.4,0.0,0.0,5.58,33.28,0.24,5.65,139.91
2022-10-28,Kandri,147.4,0.0,0.0,5.58,30.31,0.42,7.8,136.49
2022-10-29,Kandri,147.4,0.0,0.0,5.58,26.9,0.5,18.74,144.61
2022-10-30,Kandri,147.4,8.27,2.76,1.18,27.62,2.7,9.54,133.29
2022-10-31,Kandri,147.4,0.0,2.76,1.18,23.96,1.89,3.24,139.85
2022-11-01,Kandri,147.4,0.0,2.76,1.18,21.29,1.18,7.33,139.38
2022-11-02,Kandri,147.4,0.0,0.0,1.18,21.69,1.58,2.21,138.36
2022-11-03,Kandri,147.4,0.0,0.0,1.18,20.32,0.07,12.71,146.38
2022-11-04,Kandri,147.4,0.0,0.0,1.18,19.17,1.4,2.79,138.65
2022-11-05,Kandri,147.4,0.0,0.0,1.18,18.12,1.0,0.0,139.35
2022-11-06,Kandri,147.4,0.0,0.0,0.0,15.74,0.29,7.03,143.89
2022-11-07,Kandri,147.4,0.0,0.0,0.0,15.24,2.63,3.22,134.61
2022-11-08,Kandri,147.4,0.0,0.0,0.0,13.99,0.0,0.0,142.92
2022-11-09,Kandri,147.4,0.0,0.0,0.0,14.98,0.21,0.0,151.52
2022-11-10,Kandri,147.4,0.0,0.0,0.0,12.64,1.7,1.95,143.82
2022-11-11,Kandri,147.4,0.0,0.0,0.0,10.82,0.7,10.98,141.85
2022-11-12,Kandri,147.4,0.0,0.0,0.0,10.98,0.0,1.7,142.29
2022-11-13,Kandri,147.4,0.0,0.0,0.0,9.97,1.17,18.63,140.22
2022-11-14,Kandri,147.4,0.0,0.0,0.0,8.01,4.44,41.56,125.01
2022-11-15,Kandri,147.4,0.0,0.0,0.0,8.24,1.27,7.06,143.15
2022-11-16,Kandri,147.4,0.0,0.0,0.0,7.82,0.0,7.38,146.63
2022-11-17,Kandri,147.4,0.0,0.0,0.0,7.24,1.96,10.63,141.72
2022-11-18,Kandri,147.4,0.0,0.0,0.0,7.16,0.25,3.9,144.11
2022-11-19,Kandri,147.4,0.0,0.0,0.0,7.33,1.9,13.98,141.75
2022-11-20,Kandri,147.4,0.0,0.0,0.0,7.09,0.74,9.17,147.65
2022-11-21,Kandri,147.4,0.0,0.0,0.0,6.07,0.59,2.86,145.44
2022-11-22,Kandri,147.4,0.0,0.0,0.0,5.66,2.62,9.42,137.23
2022-11-23,Kandri,147.4,0.0,0.0,0.0,7.74,1.02,1.72,147.69
2022-11-24,Kandri,147.4,0.0,0.0,0.0,6.02,0.32,21.75,143.57
2022-11-25,Kandri,147.4,0.0,0.0,0.0,6.11,0.71,0.0,140.04
2022-11-26,Kandri,147.4,0.0,0.0,0.0,4.73,3.15,0.0,137.81
2022-11-27,Kandri,147.4,0.0,0.0,0.0,5.5,0.27,2.69,150.65
2022-11-28,Kandri,147.4,0.0,0.0,0.0,6.25,0.88,10.13,139.43
2022-11-29,Kandri,147.4,0.0,0.0,0.0,6.32,0.0,8.17,145.72
2022-11-30,Kandri,147.4,0.0,0.0,0.0,4.78,0.66,18.14,144.81
2022-12-01,Kandri,147.4,0.0,0.0,0.0,7.26,2.34,0.0,143.48
2022-12-02,Kandri,147.4,0.0,0.0,0.0,7.82,2.53,8.59,135.49
2022-12-03,Kandri,147.4,0.0,0.0,0.0,5.88,0.23,0.0,144.01
2022-12-04,Kandri,147.4,0.0,0.0,0.0,5.25,0.21,25.09,141.26
2022-12-05,Kandri,147.4,0.0,0.0,0.0,6.03,0.59,15.07,139.83
2022-12-06,Kandri,147.4,0.0,0.0,0.0,7.12,2.09,0.0,138.82
2022-12-07,Kandri,147.4,0.0,0.0,0.0,7.07,1.08,8.31,140.62
2022-12-08,Kandri,147.4,0.0,0.0,0.0,6.89,1.23,19.1,140.96
2022-12-09,Kandri,147.4,0.0,0.0,0.0,6.13,1.15,9.38,137.52
2022-12-10,Kandri,147.4,0.0,0.0,0.0,7.85,3.58,16.24,128.98
2022-12-11,Kandri,147.4,0.0,0.0,0.0,5.33,2.23,0.95,140.77
2022-12-12,Kandri,147.4,0.0,0.0,0.0,6.81,4.49,20.96,126.26
2022-12-13,Kandri,147.4,0.0,0.0,0.0,5.53,2.29,14.72,140.55
2022-12-14,Kandri,147.4,0.0,0.0,0.0,4.82,1.61,9.59,137.8
2022-12-15,Kandri,147.4,0.0,0.0,0.0,6.74,0.71,16.07,146.5
2022-12-16,Kandri,147.4,0.0,0.0,0.0,5.77,1.41,1.45,140.11
2022-12-17,Kandri,147.4,0.0,0.0,0.0,4.71,2.55,4.4,142.18
2022-12-18,Kandri,147.4,0.0,0.0,0.0,5.66,0.6,7.43,149.49
2022-12-19,Kandri,147.4,0.0,0.0,0.0,5.25,1.11,12.39,140.15
2022-12-20,Kandri,147.4,0.0,0.0,0.0,5.23,0.23,14.62,146.97
2022-12-21,Kandri,147.4,0.0,0.0,0.0,5.06,2.2,8.18,142.41
2022-12-22,Kandri,147.4,4.47,1.49,0.64,9.43,0.0,2.23,143.76
2022-12-23,Kandri,147.4,0.0,1.49,0.64,10.12,0.64,0.0,149.36
2022-12-24,Kandri,147.4,0.0,1.49,0.64,10.74,0.77,4.45,137.86
2022-12-25,Kandri,147.4,0.0,0.0,0.64,9.86,0.76,14.07,140.76
2022-12-26,Kandri,147.4,0.0,0.0,0.64,9.54,1.54,9.78,139.44
2022-12-27,Kandri,147.4,0.0,0.0,0.64,7.17,1.54,6.16,145.52
2022-12-28,Kandri,147.4,0.0,0.0,0.64,6.74,0.82,10.33,145.07
2022-12-29,Kandri,147.4,0.0,0.0,0.0,4.96,1.34,4.84,142.25
2022-12-30,Kandri,147.4,0.0,0.0,0.0,4.67,2.01,6.98,139.01
2022-12-31,Kandri,147.4,0.0,0.0,0.0,4.68,0.42,26.87,142.27
2023-01-01,Kandri,147.4,0.0,0.0,0.0,5.01,0.86,0.0,143.65
2023-01-02,Kandri,147.4,0.0,0.0,0.0,6.19,1.14,14.92,137.7
2023-01-03,Kandri,147.4,0.0,0.0,0.0,5.46,0.51,6.46,145.64
2023-01-04,Kandri,147.4,0.0,0.0,0.0,4.0,1.98,9.19,142.76
2023-01-05,Kandri,147.4,0.0,0.0,0.0,3.8,3.85,3.81,134.79
2023-01-06,Kandri,147.4,0.0,0.0,0.0,5.78,0.0,9.67,148.27
2023-01-07,Kandri,147.4,0.0,0.0,0.0,5.65,0.8,2.33,141.78
2023-01-08,Kandri,147.4,0.0,0.0,0.0,5.73,1.51,16.5,138.85
2023-01-09,Kandri,147.4,0.0,0.0,0.0,4.21,0.42,28.09,144.11
2023-01-10,Kandri,147.4,0.0,0.0,0.0,4.86,0.89,4.29,146.27
2023-01-11,Kandri,147.4,0.0,0.0,0.0,6.65,0.0,2.98,148.59
2023-01-12,Kandri,147.4,0.0,0.0,0.0,3.26,0.18,0.0,153.08
2023-01-13,Kandri,147.4,0.0,0.0,0.0,3.4,0.67,20.22,142.07
2023-01-14,Kandri,147.4,0.0,0.0,0.0,5.14,0.6,12.03,144.88
2023-01-15,Kandri,147.4,0.0,0.0,0.0,5.56,5.31,4.13,125.77
2023-01-16,Kandri,147.4,0.0,0.0,0.0,5.9,0.88,1.55,146.82
2023-01-17,Kandri,147.4,0.0,0.0,0.0,8.22,1.46,15.6,139.01
2023-01-18,Kandri,147.4,0.0,0.0,0.0,7.75,1.11,7.56,140.79
2023-01-19,Kandri,147.4,0.0,0.0,0.0,7.61,2.17,0.48,135.55
2023-01-20,Kandri,147.4,0.0,0.0,0.0,8.31,1.44,10.2,133.49
2023-01-21,Kandri,147.4,0.0,0.0,0.0,8.61,0.0,17.75,143.36
2023-01-22,Kandri,147.4,0.0,0.0,0.0,9.12,0.83,8.6,145.66
2023-01-23,Kandri,147.4,0.0,0.0,0.0,8.07,0.0,4.13,145.3
2023-01-24,Kandri,147.4,0.0,0.0,0.0,8.48,2.67,5.54,138.6
2023-01-25,Kandri,147.4,0.0,0.0,0.0,7.86,0.82,4.22,140.88
2023-01-26,Kandri,147.4,0.0,0.0,0.0,7.7,2.33,4.97,138.62
2023-01-27,Kandri,147.4,0.0,0.0,0.0,6.22,0.54,0.32,145.69
2023-01-28,Kandri,147.4,0.0,0.0,0.0,6.21,1.23,7.91,141.11
2023-01-29,Kandri,147.4,0.0,0.0,0.0,4.2,1.03,12.92,142.19
2023-01-30,Kandri,147.4,0.0,0.0,0.0,4.18,1.74,4.59,145.99
2023-01-31,Kandri,147.4,0.0,0.0,0.0,4.51,1.29,19.33,137.07
2023-02-01,Kandri,147.4,0.0,0.0,0.0,5.15,1.26,11.72,139.54
2023-02-02,Kandri,147.4,0.0,0.0,0.0,4.49,1.96,28.21,140.58
2023-02-03,Kandri,147.4,0.0,0.0,0.0,4.65,0.51,0.0,141.63
2023-02-04,Kandri,147.4,0.0,0.0,0.0,4.14,0.46,0.0,147.62
2023-02-05,Kandri,147.4,0.0,0.0,0.0,3.87,0.82,1.9,141.81
2023-02-06,Kandri,147.4,0.0,0.0,0.0,4.54,1.19,0.0,146.89
2023-02-07,Kandri,147.4,0.0,0.0,0.0,4.8,5.23,4.48,126.35
2023-02-08,Kandri,147.4,0.0,0.0,0.0,5.94,0.54,3.74,143.41
2023-02-09,Kandri,147.4,0.0,0.0,0.0,7.06,0.0,6.04,144.04
2023-02-10,Kandri,147.4,0.0,0.0,0.0,8.32,0.35,5.32,147.35
2023-02-11,Kandri,147.4,0.0,0.0,0.0,9.23,0.74,4.43,148.77
2023-02-12,Kandri,147.4,0.0,0.0,0.0,8.23,1.22,1.25,142.47
2023-02-13,Kandri,147.4,0.0,0.0,0.0,8.15,3.0,0.0,136.72
2023-02-14,Kandri,147.4,0.0,0.0,0.0,7.9,1.65,0.0,146.43
2023-02-15,Kandri,147.4,0.0,0.0,0.0,7.04,2.33,3.05,139.96
2023-02-16,Kandri,147.4,0.0,0.0,0.0,6.38,0.0,1.23,149.12
2023-02-17,Kandri,147.4,0.0,0.0,0.0,5.24,0.17,16.91,145.08
2023-02-18,Kandri,147.4,0.0,0.0,0.0,6.97,0.48,5.63,142.33
2023-02-19,Kandri,147.4,0.0,0.0,0.0,6.41,1.0,8.39,145.99
2023-02-20,Kandri,147.4,0.0,0.0,0.0,6.8,0.0,5.63,147.38
2023-02-21,Kandri,147.4,0.0,0.0,0.0,5.0,2.54,0.05,140.95
2023-02-22,Kandri,147.4,0.0,0.0,0.0,4.89,0.0,1.76,147.5
2023-02-23,Kandri,147.4,0.0,0.0,0.0,4.76,1.07,9.92,144.53
2023-02-24,Kandri,147.4,0.0,0.0,0.0,3.0,7.11,0.0,125.18
2023-02-25,Kandri,147.4,0.0,0.0,0.0,4.17,2.76,17.08,131.83
2023-02-26,Kandri,147.4,0.0,0.0,0.0,3.18,1.09,15.23,144.22
2023-02-27,Kandri,147.4,0.0,0.0,0.0,3.0,0.39,25.41,142.41
2023-02-28,Kandri,147.4,0.0,0.0,0.0,3.0,1.17,22.3,138.82
2023-03-01,Kandri,147.4,0.0,0.0,0.0,3.0,0.78,3.86,143.07
2023-03-02,Kandri,147.4,0.0,0.0,0.0,3.0,0.36,11.08,146.36
2023-03-03,Kandri,147.4,0.0,0.0,0.0,5.67,0.82,1.01,140.16
2023-03-04,Kandri,147.4,0.0,0.0,0.0,6.35,0.0,20.77,143.11
2023-03-05,Kandri,147.4,0.0,0.0,0.0,5.05,1.64,1.17,144.0
2023-03-06,Kandri,147.4,0.0,0.0,0.0,5.28,0.19,13.73,142.74
2023-03-07,Kandri,147.4,0.0,0.0,0.0,4.09,0.0,12.25,148.57
2023-03-08,Kandri,147.4,8.73,2.91,1.25,6.25,0.61,1.45,147.89
2023-03-09,Kandri,147.4,0.0,2.91,1.25,6.31,0.0,1.83,149.79
2023-03-10,Kandri,147.4,0.0,2.91,1.25,4.82,0.82,0.0,138.11
2023-03-11,Kandri,147.4,0.0,0.0,1.25,5.76,1.1,0.22,142.55
2023-03-12,Kandri,147.4,0.0,0.0,1.25,5.88,1.11,8.56,146.06
2023-03-13,Kandri,147.4,0.0,0.0,1.25,7.79,0.57,5.2,143.82
2023-03-14,Kandri,147.4,0.0,0.0,1.25,7.22,0.0,2.72,144.25
2023-03-15,Kandri,147.4,0.0,0.0,0.0,7.29,3.96,19.71,134.37
2023-03-16,Kandri,147.4,0.0,0.0,0.0,8.2,2.24,13.42,135.76
2023-03-17,Kandri,147.4,0.0,0.0,0.0,7.81,0.62,12.63,142.73
2023-03-18,Kandri,147.4,0.0,0.0,0.0,10.46,3.58,0.0,138.86
2023-03-19,Kandri,147.4,0.0,0.0,0.0,9.88,3.85,2.74,132.9
2023-03-20,Kandri,147.4,0.0,0.0,0.0,9.08,1.25,6.27,143.01
2023-03-21,Kandri,147.4,0.0,0.0,0.0,9.6,3.08,8.34,137.26
2023-03-22,Kandri,147.4,0.0,0.0,0.0,11.82,1.83,13.96,137.27
2023-03-23,Kandri,147.4,0.0,0.0,0.0,10.92,0.19,7.25,148.18
2023-03-24,Kandri,147.4,0.0,0.0,0.0,11.41,2.82,8.8,135.78
2023-03-25,Kandri,147.4,0.0,0.0,0.0,11.58,1.23,9.0,138.49
2023-03-26,Kandri,147.4,0.0,0.0,0.0,10.15,0.89,7.82,144.68
2023-03-27,Kandri,147.4,0.0,0.0,0.0,9.52,1.58,1.53,142.52
2023-03-28,Kandri,147.4,0.0,0.0,0.0,10.21,0.09,12.79,141.49
2023-03-29,Kandri,147.4,0.0,0.0,0.0,9.62,2.29,6.49,136.61
2023-03-30,Kandri,147.4,0.0,0.0,0.0,8.25,0.33,5.58,145.07
2023-03-31,Kandri,147.4,0.0,0.0,0.0,6.49,2.04,12.24,137.73
2023-04-01,Kandri,147.4,0.0,0.0,0.0,6.89,0.02,8.68,144.44
2023-04-02,Kandri,147.4,0.0,0.0,0.0,5.83,0.29,6.83,149.17
2023-04-03,Kandri,147.4,0.0,0.0,0.0,6.72,0.86,4.06,146.03
2023-04-04,Kandri,147.4,0.0,0.0,0.0,6.33,1.66,3.82,141.11
2023-04-05,Kandri,147.4,0.0,0.0,0.0,6.97,0.88,0.34,138.78
2023-04-06,Kandri,147.4,0.0,0.0,0.0,5.14,1.23,2.54,138.44
2023-04-07,Kandri,147.4,0.0,0.0,0.0,6.32,0.04,16.0,141.8
2023-04-08,Kandri,147.4,0.0,0.0,0.0,6.24,1.0,17.51,144.7
2023-04-09,Kandri,147.4,0.0,0.0,0.0,4.63,0.53,0.0,143.13
2023-04-10,Kandri,147.4,0.0,0.0,0.0,4.34,1.21,11.79,148.22
2023-04-11,Kandri,147.4,0.0,0.0,0.0,3.0,0.5,6.83,149.26
2023-04-12,Kandri,147.4,0.0,0.0,0.0,3.63,2.19,0.0,142.35
2023-04-13,Kandri,147.4,0.0,0.0,0.0,3.7,0.0,1.91,148.22
2023-04-14,Kandri,147.4,0.0,0.0,0.0,3.6,2.29,20.94,141.1
2023-04-15,Kandri,147.4,0.0,0.0,0.0,4.89,1.16,8.95,142.12
2023-04-16,Kandri,147.4,0.0,0.0,0.0,5.97,0.59,10.56,143.15
2023-04-17,Kandri,147.4,0.0,0.0,0.0,5.81,0.77,8.34,139.49
2023-04-18,Kandri,147.4,0.0,0.0,0.0,5.32,1.97,10.73,141.14
2023-04-19,Kandri,147.4,0.0,0.0,0.0,5.53,0.1,3.57,143.05
2023-04-20,Kandri,147.4,0.0,0.0,0.0,5.84,0.44,17.0,145.24
2023-04-21,Kandri,147.4,0.0,0.0,0.0,6.59,1.01,14.92,144.29
2023-04-22,Kandri,147.4,0.0,0.0,0.0,6.64,0.0,1.61,146.22
2023-04-23,Kandri,147.4,0.0,0.0,0.0,7.46,1.85,0.68,140.77
2023-04-24,Kandri,147.4,0.0,0.0,0.0,6.36,1.58,9.62,142.52
2023-04-25,Kandri,147.4,0.0,0.0,0.0,6.94,1.19,17.02,139.94
2023-04-26,Kandri,147.4,0.0,0.0,0.0,7.21,0.0,0.0,145.43
2023-04-27,Kandri,147.4,4.99,1.66,0.71,11.12,2.89,8.45,138.3
2023-04-28,Kandri,147.4,0.0,1.66,0.71,9.61,0.85,8.18,143.32
2023-04-29,Kandri,147.4,0.0,1.66,0.71,8.81,1.16,4.28,142.2
2023-04-30,Kandri,147.4,0.0,0.0,0.71,7.45,1.96,2.01,143.26
2023-05-01,Kandri,147.4,0.0,0.0,0.71,6.35,0.72,16.14,145.03
2023-05-02,Kandri,147.4,0.0,0.0,0.71,7.0,1.14,21.87,143.38
2023-05-03,Kandri,147.4,0.0,0.0,0.71,4.98,1.24,10.42,142.77
2023-05-04,Kandri,147.4,0.0,0.0,0.0,4.47,1.13,14.98,140.55
2023-05-05,Kandri,147.4,0.0,0.0,0.0,3.71,1.39,15.38,137.34
2023-05-06,Kandri,147.4,0.0,0.0,0.0,5.58,3.11,5.14,140.72
2023-05-07,Kandri,147.4,0.0,0.0,0.0,6.37,0.52,2.74,147.85
2023-05-08,Kandri,147.4,0.0,0.0,0.0,6.68,0.0,12.82,143.34
2023-05-09,Kandri,147.4,0.0,0.0,0.0,5.0,0.13,6.18,142.86
2023-05-10,Kandri,147.4,0.0,0.0,0.0,3.05,1.11,2.28,145.36
2023-05-11,Kandri,147.4,0.0,0.0,0.0,3.0,0.41,13.32,144.92
2023-05-12,Kandri,147.4,0.0,0.0,0.0,3.0,1.53,11.9,138.17
2023-05-13,Kandri,147.4,0.0,0.0,0.0,3.0,1.94,10.18,134.61
2023-05-14,Kandri,147.4,0.0,0.0,0.0,5.01,2.21,10.65,135.57
2023-05-15,Kandri,147.4,0.0,0.0,0.0,5.29,1.44,5.05,143.39
2023-05-16,Kandri,147.4,0.0,0.0,0.0,5.89,0.0,7.92,147.78
2023-05-17,Kandri,147.4,0.0,0.0,0.0,6.34,0.0,4.34,144.75
2023-05-18,Kandri,147.4,0.0,0.0,0.0,5.67,0.82,3.69,144.95
2023-05-19,Kandri,147.4,0.0,0.0,0.0,5.17,0.0,10.46,148.95
2023-05-20,Kandri,147.4,0.0,0.0,0.0,4.92,1.06,8.76,145.02
2023-05-21,Kandri,147.4,0.0,0.0,0.0,5.66,0.13,12.18,145.36
2023-05-22,Kandri,147.4,0.0,0.0,0.0,6.13,3.52,17.77,131.45
2023-05-23,Kandri,147.4,0.0,0.0,0.0,4.44,0.57,5.24,141.46
2023-05-24,Kandri,147.4,0.0,0.0,0.0,6.62,2.18,6.17,137.72
2023-05-25,Kandri,147.4,0.0,0.0,0.0,7.32,0.66,4.32,144.84
2023-05-26,Kandri,147.4,0.0,0.0,0.0,6.67,0.0,8.3,146.85
2023-05-27,Kandri,147.4,17.64,5.88,2.52,11.65,0.91,31.05,141.73
2023-05-28,Kandri,147.4,0.0,5.88,2.52,8.97,0.22,0.93,145.9
2023-05-29,Kandri,147.4,0.0,5.88,2.52,6.57,0.26,24.61,145.84
2023-05-30,Kandri,147.4,33.87,11.29,7.36,17.84,1.01,2.81,143.36
2023-05-31,Kandri,147.4,22.88,18.92,10.63,24.8,0.92,6.31,139.38
2023-06-01,Kandri,147.4,32.12,29.62,15.22,33.7,2.29,15.73,127.99
2023-06-02,Kandri,147.4,0.0,18.33,15.22,31.74,3.55,4.49,132.61
2023-06-03,Kandri,147.4,21.85,17.99,15.82,39.09,1.33,7.1,131.57
2023-06-04,Kandri,147.4,14.27,12.04,17.85,41.66,0.0,13.32,137.37
2023-06-05,Kandri,147.4,76.67,37.59,28.81,60.0,1.08,6.55,119.85
2023-06-06,Kandri,147.4,76.68,55.87,34.92,60.0,2.22,26.54,114.57
2023-06-07,Kandri,147.4,27.08,60.14,35.52,60.0,0.0,13.87,125.86
2023-06-08,Kandri,147.4,0.0,34.58,30.93,58.71,2.68,11.0,116.97
2023-06-09,Kandri,147.4,0.0,9.03,30.93,55.53,1.19,0.0,124.84
2023-06-10,Kandri,147.4,10.39,3.46,29.3,55.57,0.54,9.71,132.77
2023-06-11,Kandri,147.4,0.0,3.46,27.26,51.37,0.42,12.32,132.95
2023-06-12,Kandri,147.4,36.29,15.56,21.49,60.0,1.55,5.44,121.8
2023-06-13,Kandri,147.4,77.37,37.89,21.59,60.0,1.8,8.14,119.57
2023-06-14,Kandri,147.4,0.0,37.89,17.72,56.58,1.44,3.35,124.19
2023-06-15,Kandri,147.4,0.0,25.79,17.72,51.91,0.42,7.13,131.79
2023-06-16,Kandri,147.4,0.0,0.0,17.72,50.25,1.34,3.82,125.42
2023-06-17,Kandri,147.4,50.46,16.82,23.45,60.0,0.08,7.0,131.05
2023-06-18,Kandri,147.4,10.14,20.2,24.9,59.83,4.82,25.76,112.76
2023-06-19,Kandri,147.4,18.59,26.4,22.37,60.0,1.39,6.8,127.4
2023-06-20,Kandri,147.4,181.92,70.22,37.3,60.0,2.88,19.71,93.42
2023-06-21,Kandri,147.4,48.58,83.03,44.24,60.0,1.6,0.0,122.58
2023-06-22,Kandri,147.4,0.0,76.83,44.24,58.05,0.21,9.68,127.4
2023-06-23,Kandri,147.4,0.0,16.19,44.24,53.92,2.9,11.5,121.67
2023-06-24,Kandri,147.4,0.0,0.0,37.03,49.67,2.24,19.63,122.55
2023-06-25,Kandri,147.4,130.82,43.61,54.27,60.0,3.79,11.72,103.06
2023-06-26,Kandri,147.4,0.0,43.61,51.62,56.76,1.58,8.62,129.37
2023-06-27,Kandri,147.4,55.79,62.2,33.6,60.0,0.69,6.2,124.04
2023-06-28,Kandri,147.4,0.0,18.6,26.66,55.21,5.09,18.44,113.94
2023-06-29,Kandri,147.4,0.0,18.6,26.66,49.39,2.57,0.0,124.81
2023-06-30,Kandri,147.4,65.11,21.7,35.96,60.0,1.41,10.54,122.02
2023-07-01,Kandri,147.4,28.52,31.21,40.03,60.0,2.52,16.07,117.24
2023-07-02,Kandri,147.4,64.04,52.56,30.49,60.0,1.99,3.29,121.18
2023-07-03,Kandri,147.4,14.43,35.66,32.56,60.0,0.65,8.38,125.37
2023-07-04,Kandri,147.4,0.0,26.16,24.59,57.18,1.16,2.99,127.22
2023-07-05,Kandri,147.4,0.0,4.81,24.59,52.71,0.82,13.77,128.7
2023-07-06,Kandri,147.4,42.37,14.12,30.64,60.0,0.24,14.2,126.01
2023-07-07,Kandri,147.4,0.0,14.12,21.34,59.74,3.41,9.5,116.74
2023-07-08,Kandri,147.4,70.55,37.64,27.34,60.0,1.17,2.65,125.43
2023-07-09,Kandri,147.4,0.0,23.52,18.19,57.39,2.16,13.46,127.45
2023-07-10,Kandri,147.4,85.1,51.88,28.29,60.0,1.4,19.12,115.64
2023-07-11,Kandri,147.4,0.0,28.37,28.29,56.4,0.0,8.31,129.17
2023-07-12,Kandri,147.4,0.0,28.37,28.29,52.97,0.0,14.7,133.54
2023-07-13,Kandri,147.4,4.66,1.55,22.9,49.91,0.15,8.43,135.88
2023-07-14,Kandri,147.4,24.02,9.56,26.33,55.3,0.3,4.25,131.3
2023-07-15,Kandri,147.4,0.0,9.56,16.25,52.5,0.07,8.1,136.75
2023-07-16,Kandri,147.4,68.59,30.87,26.05,60.0,2.2,24.65,125.1
2023-07-17,Kandri,147.4,50.85,39.81,21.16,60.0,0.36,38.81,125.24
2023-07-18,Kandri,147.4,13.13,44.19,23.03,60.0,0.0,5.54,127.77
2023-07-19,Kandri,147.4,28.24,30.74,27.07,60.0,0.59,0.29,126.39
2023-07-20,Kandri,147.4,8.25,16.54,27.58,58.95,1.2,6.33,129.23
2023-07-21,Kandri,147.4,0.0,12.16,24.15,55.12,0.3,1.05,125.22
2023-07-22,Kandri,147.4,0.0,2.75,24.15,50.09,2.64,5.08,124.6
2023-07-23,Kandri,147.4,0.0,0.0,14.35,46.46,0.24,3.33,133.69
2023-07-24,Kandri,147.4,46.6,15.53,13.75,60.0,1.4,0.0,125.05
2023-07-25,Kandri,147.4,0.0,15.53,11.87,56.08,3.05,24.85,119.55
2023-07-26,Kandri,147.4,129.08,58.56,26.28,60.0,4.96,37.0,97.53
2023-07-27,Kandri,147.4,0.0,43.03,25.1,55.67,0.94,6.2,129.49
2023-07-28,Kandri,147.4,36.44,55.17,30.3,60.0,0.4,14.04,127.63
2023-07-29,Kandri,147.4,51.64,29.36,37.68,60.0,1.87,7.23,127.02
2023-07-30,Kandri,147.4,19.94,36.01,40.53,60.0,1.76,2.75,132.81
2023-07-31,Kandri,147.4,0.0,23.86,33.87,57.73,0.42,29.29,124.79
2023-08-01,Kandri,147.4,11.44,10.46,35.51,58.89,0.0,21.55,130.07
2023-08-02,Kandri,147.4,52.01,21.15,24.5,60.0,1.91,10.58,126.17
2023-08-03,Kandri,147.4,0.0,21.15,24.5,55.44,0.01,4.37,128.99
2023-08-04,Kandri,147.4,0.0,17.34,19.29,53.23,1.14,13.16,130.41
2023-08-05,Kandri,147.4,5.76,1.92,12.74,52.2,1.93,1.1,127.48
2023-08-06,Kandri,147.4,46.47,17.41,16.53,60.0,1.24,11.5,123.9
2023-08-07,Kandri,147.4,38.39,30.21,22.01,60.0,0.04,14.19,125.81
2023-08-08,Kandri,147.4,67.78,50.88,30.06,60.0,2.01,24.78,112.97
2023-08-09,Kandri,147.4,0.0,35.39,22.63,55.94,3.16,31.74,119.1
2023-08-10,Kandri,147.4,21.77,29.85,25.74,60.0,0.01,25.51,129.95
2023-08-11,Kandri,147.4,0.0,7.26,25.74,55.41,0.6,0.04,132.55
2023-08-12,Kandri,147.4,19.8,13.86,27.75,60.0,1.91,4.98,119.57
2023-08-13,Kandri,147.4,0.0,6.6,21.11,54.78,0.66,20.62,130.62
2023-08-14,Kandri,147.4,47.16,22.32,22.36,60.0,1.64,3.68,123.95
2023-08-15,Kandri,147.4,55.27,34.15,20.57,60.0,0.0,0.0,123.62
2023-08-16,Kandri,147.4,104.79,69.08,35.54,60.0,2.41,15.57,114.62
2023-08-17,Kandri,147.4,91.19,83.75,45.46,60.0,2.83,6.74,111.39
2023-08-18,Kandri,147.4,0.0,65.33,45.46,55.41,2.96,12.88,121.26
2023-08-19,Kandri,147.4,0.0,30.4,42.63,51.2,0.14,0.0,131.87
2023-08-20,Kandri,147.4,34.59,11.53,47.57,60.0,1.22,0.76,127.4
2023-08-21,Kandri,147.4,0.0,11.53,40.83,56.75,0.01,0.0,131.83
2023-08-22,Kandri,147.4,122.16,52.25,50.39,60.0,1.84,21.17,111.76
2023-08-23,Kandri,147.4,0.0,40.72,35.42,57.34,1.44,8.28,126.53
2023-08-24,Kandri,147.4,78.79,66.98,33.65,60.0,0.82,16.83,119.7
2023-08-25,Kandri,147.4,57.5,45.43,41.86,60.0,3.42,10.92,114.98
2023-08-26,Kandri,147.4,0.0,45.43,41.86,57.36,1.08,9.81,124.51
2023-08-27,Kandri,147.4,59.07,38.86,45.36,60.0,2.17,4.54,123.45
2023-08-28,Kandri,147.4,35.63,31.57,50.45,60.0,0.97,11.47,126.15
2023-08-29,Kandri,147.4,80.68,58.46,44.53,60.0,1.51,14.98,118.17
2023-08-30,Kandri,147.4,0.0,38.77,44.53,55.48,0.74,2.06,133.8
2023-08-31,Kandri,147.4,0.0,26.89,33.27,50.8,0.21,12.92,132.34
2023-09-01,Kandri,147.4,60.15,20.05,33.65,60.0,2.5,7.49,120.17
2023-09-02,Kandri,147.4,45.06,35.07,40.08,60.0,4.15,0.0,117.62
2023-09-03,Kandri,147.4,0.0,35.07,31.65,56.75,1.63,2.36,126.24
2023-09-04,Kandri,147.4,0.0,15.02,26.56,51.59,2.47,3.13,131.64
2023-09-05,Kandri,147.4,24.62,8.21,18.55,58.47,0.0,3.21,128.65
2023-09-06,Kandri,147.4,158.98,61.2,41.26,60.0,7.85,26.94,87.98
2023-09-07,Kandri,147.4,0.0,61.2,41.26,56.58,2.14,6.3,127.12
2023-09-08,Kandri,147.4,97.79,85.59,46.64,60.0,1.03,15.02,119.37
2023-09-09,Kandri,147.4,0.0,32.6,40.2,56.93,3.86,0.0,122.16
2023-09-10,Kandri,147.4,9.25,35.68,41.52,56.42,0.74,4.7,125.55
2023-09-11,Kandri,147.4,71.6,26.95,51.75,60.0,1.35,18.1,121.94
2023-09-12,Kandri,147.4,98.03,59.62,62.23,60.0,1.88,16.0,116.64
2023-09-13,Kandri,147.4,5.02,58.22,40.24,57.59,0.92,12.55,123.22
2023-09-14,Kandri,147.4,0.0,34.35,40.24,52.14,5.22,0.0,117.65
2023-09-15,Kandri,147.4,0.0,1.67,26.27,48.33,0.94,14.11,127.52
2023-09-16,Kandri,147.4,0.0,0.0,26.27,45.83,1.0,1.48,134.67
2023-09-17,Kandri,147.4,39.01,13.0,30.52,55.47,1.36,7.58,124.31
2023-09-18,Kandri,147.4,88.34,42.45,32.91,60.0,1.51,29.2,116.6
2023-09-19,Kandri,147.4,39.79,55.71,24.59,60.0,1.08,30.07,124.95
2023-09-20,Kandri,147.4,91.73,73.29,36.98,60.0,1.87,15.08,118.44
2023-09-21,Kandri,147.4,21.53,51.02,40.06,60.0,0.56,6.45,124.36
2023-09-22,Kandri,147.4,0.0,37.75,40.06,53.57,0.18,6.68,131.7
2023-09-23,Kandri,147.4,0.0,7.18,40.06,49.46,1.28,17.56,123.56
2023-09-24,Kandri,147.4,40.53,13.51,40.27,59.69,0.08,31.09,128.86
2023-09-25,Kandri,147.4,22.19,20.91,30.83,60.0,1.03,6.87,128.01
2023-09-26,Kandri,147.4,92.12,51.62,38.3,60.0,1.0,3.08,121.04
2023-09-27,Kandri,147.4,0.0,38.1,25.2,57.61,0.9,6.88,124.63
2023-09-28,Kandri,147.4,0.0,30.71,22.12,55.5,0.0,0.0,131.16
2023-09-29,Kandri,147.4,21.58,7.19,25.2,58.04,0.0,6.24,124.33
2023-09-30,Kandri,147.4,6.78,9.45,26.17,57.22,1.88,14.19,124.32
2023-10-01,Kandri,147.4,0.0,9.45,20.38,53.41,0.72,2.91,128.56
2023-10-02,Kandri,147.4,0.0,2.26,17.21,50.77,0.51,0.0,133.34
2023-10-03,Kandri,147.4,0.0,0.0,4.05,45.82,2.96,7.23,126.04
2023-10-04,Kandri,147.4,0.0,0.0,4.05,44.22,1.09,0.0,133.59
2023-10-05,Kandri,147.4,40.9,13.63,9.89,56.81,1.57,1.43,123.13
2023-10-06,Kandri,147.4,0.0,13.63,6.81,54.66,0.36,17.6,133.37
2023-10-07,Kandri,147.4,0.0,13.63,5.84,50.08,0.61,6.1,131.2
2023-10-08,Kandri,147.4,0.0,0.0,5.84,49.43,0.79,22.4,126.09
2023-10-09,Kandri,147.4,11.76,3.92,7.52,48.65,1.47,14.17,127.62
2023-10-10,Kandri,147.4,0.0,3.92,7.52,44.38,0.47,6.81,132.75
2023-10-11,Kandri,147.4,0.0,3.92,7.52,44.42,0.21,2.51,131.76
2023-10-12,Kandri,147.4,22.7,7.57,4.92,49.3,0.83,13.88,128.08
2023-10-13,Kandri,147.4,0.0,7.57,4.92,46.67,0.67,4.18,135.82
2023-10-14,Kandri,147.4,0.0,7.57,4.92,46.05,0.0,15.15,139.16
2023-10-15,Kandri,147.4,0.0,0.0,4.92,44.46,3.68,0.0,125.1
2023-10-16,Kandri,147.4,0.0,0.0,3.24,41.79,2.07,0.0,130.93
2023-10-17,Kandri,147.4,0.0,0.0,3.24,38.86,0.0,5.57,143.59
2023-10-18,Kandri,147.4,0.0,0.0,3.24,36.65,0.0,0.0,138.26
2023-10-19,Kandri,147.4,0.0,0.0,0.0,33.81,0.0,6.92,141.83
2023-10-20,Kandri,147.4,0.0,0.0,0.0,31.06,1.55,15.41,136.79
2023-10-21,Kandri,147.4,0.0,0.0,0.0,29.18,3.0,12.07,129.86
2023-10-22,Kandri,147.4,0.0,0.0,0.0,26.79,0.63,11.15,146.3
2023-10-23,Kandri,147.4,0.0,0.0,0.0,23.93,1.95,8.51,142.61
2023-10-24,Kandri,147.4,0.0,0.0,0.0,23.17,0.37,4.93,145.7
2023-10-25,Kandri,147.4,0.0,0.0,0.0,19.47,0.68,3.77,139.24
2023-10-26,Kandri,147.4,0.0,0.0,0.0,15.56,0.33,0.0,149.23
2023-10-27,Kandri,147.4,0.0,0.0,0.0,14.27,0.34,10.36,147.28
2023-10-28,Kandri,147.4,0.0,0.0,0.0,11.89,0.0,5.8,146.89
2023-10-29,Kandri,147.4,0.0,0.0,0.0,12.69,0.57,1.97,147.64
2023-10-30,Kandri,147.4,0.0,0.0,0.0,13.75,2.42,1.88,137.9
2023-10-31,Kandri,147.4,0.0,0.0,0.0,13.48,0.55,1.43,147.96
2023-11-01,Kandri,147.4,0.0,0.0,0.0,10.62,0.7,24.57,140.53
2023-11-02,Kandri,147.4,0.0,0.0,0.0,11.47,1.12,6.3,142.36
2023-11-03,Kandri,147.4,0.0,0.0,0.0,13.04,1.06,4.83,139.3
2023-11-04,Kandri,147.4,0.0,0.0,0.0,12.69,1.33,0.05,145.44
2023-11-05,Kandri,147.4,0.0,0.0,0.0,11.55,4.91,0.0,133.65
2023-11-06,Kandri,147.4,0.0,0.0,0.0,12.23,0.26,4.81,144.76
2023-11-07,Kandri,147.4,0.0,0.0,0.0,13.86,1.22,24.95,144.76
2023-11-08,Kandri,147.4,0.0,0.0,0.0,13.94,1.13,30.69,141.61
2023-11-09,Kandri,147.4,0.0,0.0,0.0,13.32,3.07,12.35,139.76
2023-11-10,Kandri,147.4,0.0,0.0,0.0,11.29,0.53,7.4,143.17
2023-11-11,Kandri,147.4,0.0,0.0,0.0,11.95,1.02,17.64,141.04
2023-11-12,Kandri,147.4,0.0,0.0,0.0,11.08,0.99,0.07,147.31
2023-11-13,Kandri,147.4,0.0,0.0,0.0,12.78,0.96,3.29,149.03
2023-11-14,Kandri,147.4,0.0,0.0,0.0,11.51,1.17,7.04,140.3
2023-11-15,Kandri,147.4,0.0,0.0,0.0,10.97,2.37,24.73,135.77
2023-11-16,Kandri,147.4,0.0,0.0,0.0,9.79,0.0,0.0,147.04
2023-11-17,Kandri,147.4,0.0,0.0,0.0,10.01,0.0,0.0,149.8
2023-11-18,Kandri,147.4,0.0,0.0,0.0,8.72,3.43,6.52,137.33
2023-11-19,Kandri,147.4,0.0,0.0,0.0,8.38,0.53,7.67,143.33
2023-11-20,Kandri,147.4,0.0,0.0,0.0,7.94,0.37,0.0,145.27
2023-11-21,Kandri,147.4,1.55,0.52,0.22,8.76,2.25,2.68,136.94
2023-11-22,Kandri,147.4,0.0,0.52,0.22,9.56,1.23,6.09,147.64
2023-11-23,Kandri,147.4,0.0,0.52,0.22,11.11,0.8,11.66,140.9
2023-11-24,Kandri,147.4,0.0,0.0,0.22,9.72,0.9,6.83,141.68
2023-11-25,Kandri,147.4,0.0,0.0,0.22,9.91,0.0,27.36,140.73
2023-11-26,Kandri,147.4,0.0,0.0,0.22,11.66,2.15,0.0,146.43
2023-11-27,Kandri,147.4,0.0,0.0,0.22,11.33,1.1,0.0,142.23
2023-11-28,Kandri,147.4,0.0,0.0,0.0,11.23,0.74,23.44,140.78
2023-11-29,Kandri,147.4,0.0,0.0,0.0,11.41,0.31,16.36,141.64
2023-11-30,Kandri,147.4,0.0,0.0,0.0,8.12,0.45,38.75,135.87
2023-12-01,Kandri,147.4,0.0,0.0,0.0,6.21,0.95,23.02,136.62
2023-12-02,Kandri,147.4,0.0,0.0,0.0,5.47,0.74,1.7,150.07
2023-12-03,Kandri,147.4,0.0,0.0,0.0,3.45,0.0,8.29,143.67
2023-12-04,Kandri,147.4,0.0,0.0,0.0,3.0,0.32,7.6,148.89
2023-12-05,Kandri,147.4,0.0,0.0,0.0,3.0,3.69,2.72,134.38
2023-12-06,Kandri,147.4,0.0,0.0,0.0,4.66,0.22,24.44,142.27
2023-12-07,Kandri,147.4,0.0,0.0,0.0,5.39,1.22,8.43,144.93
2023-12-08,Kandri,147.4,0.0,0.0,0.0,5.61,0.79,7.84,145.76
2023-12-09,Kandri,147.4,0.0,0.0,0.0,4.72,2.39,26.01,140.64
2023-12-10,Kandri,147.4,0.0,0.0,0.0,3.24,1.01,4.2,143.79
2023-12-11,Kandri,147.4,0.0,0.0,0.0,4.71,1.34,0.0,146.66
2023-12-12,Kandri,147.4,0.0,0.0,0.0,3.0,2.87,0.0,136.75
2023-12-13,Kandri,147.4,0.0,0.0,0.0,3.63,0.04,2.7,148.05
2023-12-14,Kandri,147.4,0.0,0.0,0.0,3.86,0.8,6.55,143.2
2023-12-15,Kandri,147.4,0.0,0.0,0.0,3.71,3.64,7.34,132.59
2023-12-16,Kandri,147.4,3.71,1.24,0.53,3.0,0.39,10.38,143.44
2023-12-17,Kandri,147.4,0.0,1.24,0.53,4.37,2.07,5.58,148.04
2023-12-18,Kandri,147.4,0.0,1.24,0.53,3.22,0.3,5.4,143.78
2023-12-19,Kandri,147.4,4.71,1.57,1.2,5.75,0.74,0.1,149.49
2023-12-20,Kandri,147.4,1.35,2.02,1.4,6.29,0.75,10.06,140.75
2023-12-21,Kandri,147.4,0.0,2.02,1.4,4.92,0.45,5.25,144.77
2023-12-22,Kandri,147.4,0.0,0.45,1.4,4.58,1.64,5.01,142.58
2023-12-23,Kandri,147.4,0.0,0.0,0.87,6.4,1.83,0.0,147.38
2023-12-24,Kandri,147.4,0.0,0.0,0.87,7.01,0.68,7.64,140.94
2023-12-25,Kandri,147.4,0.0,0.0,0.87,6.48,1.44,27.03,137.96
2023-12-26,Kandri,147.4,0.0,0.0,0.19,5.52,0.42,0.0,147.14
2023-12-27,Kandri,147.4,0.0,0.0,0.0,3.0,0.88,24.95,139.79
2023-12-28,Kandri,147.4,0.0,0.0,0.0,3.16,0.66,24.68,140.65
2023-12-29,Kandri,147.4,0.0,0.0,0.0,3.0,1.23,0.0,144.72
2023-12-30,Kandri,147.4,0.0,0.0,0.0,3.45,4.56,3.52,134.88
2023-12-31,Kandri,147.4,0.0,0.0,0.0,3.0,1.06,0.0,147.85
2024-01-01,Kandri,147.4,0.0,0.0,0.0,3.0,1.09,17.39,144.04
2024-01-02,Kandri,147.4,1.39,0.46,0.2,3.0,0.49,3.01,144.02
2024-01-03,Kandri,147.4,0.0,0.46,0.2,3.0,0.74,4.48,144.84
2024-01-04,Kandri,147.4,0.0,0.46,0.2,3.0,2.47,7.78,140.67
2024-01-05,Kandri,147.4,0.0,0.0,0.2,4.33,0.7,0.0,143.32
2024-01-06,Kandri,147.4,0.0,0.0,0.2,4.51,0.67,0.0,145.81
2024-01-07,Kandri,147.4,0.0,0.0,0.2,4.39,1.2,6.78,143.31
2024-01-08,Kandri,147.4,0.0,0.0,0.2,3.27,0.77,4.05,144.53
2024-01-09,Kandri,147.4,0.0,0.0,0.0,3.0,0.53,31.08,144.34
2024-01-10,Kandri,147.4,0.0,0.0,0.0,3.45,0.09,16.56,144.44
2024-01-11,Kandri,147.4,0.0,0.0,0.0,4.53,0.0,6.89,151.02
2024-01-12,Kandri,147.4,0.0,0.0,0.0,3.92,3.42,16.38,135.61
2024-01-13,Kandri,147.4,0.0,0.0,0.0,4.17,0.0,11.22,143.36
2024-01-14,Kandri,147.4,0.0,0.0,0.0,3.0,1.81,0.0,137.34
2024-01-15,Kandri,147.4,4.98,1.66,0.71,3.0,0.0,9.82,146.33
2024-01-16,Kandri,147.4,0.0,1.66,0.71,5.26,0.3,4.16,149.94
2024-01-17,Kandri,147.4,0.0,1.66,0.71,4.93,0.19,1.61,147.8
2024-01-18,Kandri,147.4,0.0,0.0,0.71,4.67,1.21,0.67,141.24
2024-01-19,Kandri,147.4,0.0,0.0,0.71,4.77,1.59,20.03,145.37
2024-01-20,Kandri,147.4,0.0,0.0,0.71,4.22,0.7,11.82,141.37
2024-01-21,Kandri,147.4,0.0,0.0,0.71,3.0,4.05,13.78,130.64
2024-01-22,Kandri,147.4,0.0,0.0,0.0,3.26,3.38,8.06,133.74
2024-01-23,Kandri,147.4,0.0,0.0,0.0,3.78,1.12,11.4,143.41
2024-01-24,Kandri,147.4,0.0,0.0,0.0,3.0,0.24,0.0,147.09
2024-01-25,Kandri,147.4,0.0,0.0,0.0,3.0,3.47,9.21,138.61
2024-01-26,Kandri,147.4,0.0,0.0,0.0,3.0,4.68,16.04,131.71
2024-01-27,Kandri,147.4,0.0,0.0,0.0,3.0,0.34,7.91,144.94
2024-01-28,Kandri,147.4,0.0,0.0,0.0,3.0,3.21,14.75,129.05
2024-01-29,Kandri,147.4,4.72,1.57,0.67,5.01,0.0,22.2,142.32
2024-01-30,Kandri,147.4,0.0,1.57,0.67,3.48,0.26,3.43,143.14
2024-01-31,Kandri,147.4,0.0,1.57,0.67,3.0,2.66,13.92,133.37
2024-02-01,Kandri,147.4,0.0,0.0,0.67,3.0,0.34,4.9,151.8
2024-02-02,Kandri,147.4,0.0,0.0,0.67,3.0,2.36,21.62,136.27
2024-02-03,Kandri,147.4,4.42,1.47,1.31,5.77,1.91,8.42,139.78
2024-02-04,Kandri,147.4,0.0,1.47,1.31,4.97,0.34,8.84,146.75
2024-02-05,Kandri,147.4,0.0,1.47,0.63,4.9,1.15,4.5,136.6
2024-02-06,Kandri,147.4,0.0,0.0,0.63,4.48,0.69,10.68,145.59
2024-02-07,Kandri,147.4,0.0,0.0,0.63,5.39,0.67,0.0,150.61
2024-02-08,Kandri,147.4,0.0,0.0,0.63,3.58,1.04,2.88,143.33
2024-02-09,Kandri,147.4,0.0,0.0,0.63,3.0,0.36,2.4,146.81
2024-02-10,Kandri,147.4,0.0,0.0,0.0,3.0,0.04,9.45,140.29
2024-02-11,Kandri,147.4,0.0,0.0,0.0,4.0,2.19,7.7,133.9
2024-02-12,Kandri,147.4,0.0,0.0,0.0,4.34,1.71,20.88,139.73
2024-02-13,Kandri,147.4,0.0,0.0,0.0,3.75,0.0,5.14,142.54
2024-02-14,Kandri,147.4,0.0,0.0,0.0,3.63,3.18,6.85,137.92
2024-02-15,Kandri,147.4,0.0,0.0,0.0,3.0,1.28,1.42,141.49
2024-02-16,Kandri,147.4,0.0,0.0,0.0,3.0,0.75,2.33,142.66
2024-02-17,Kandri,147.4,0.0,0.0,0.0,3.0,1.03,1.26,148.02
2024-02-18,Kandri,147.4,0.0,0.0,0.0,3.19,0.81,7.17,143.76
2024-02-19,Kandri,147.4,4.28,1.43,0.61,5.58,0.82,22.3,144.52
2024-02-20,Kandri,147.4,0.0,1.43,0.61,5.47,1.68,9.25,141.58
2024-02-21,Kandri,147.4,0.0,1.43,0.61,6.29,0.42,11.12,143.52
2024-02-22,Kandri,147.4,0.0,0.0,0.61,6.21,0.71,7.69,145.66
2024-02-23,Kandri,147.4,0.0,0.0,0.61,4.91,0.46,4.41,144.84
2024-02-24,Kandri,147.4,0.0,0.0,0.61,3.43,2.26,5.26,141.67
2024-02-25,Kandri,147.4,1.71,0.57,0.86,3.53,3.43,1.34,137.48
2024-02-26,Kandri,147.4,0.0,0.57,0.24,3.0,1.28,24.13,141.47
2024-02-27,Kandri,147.4,0.0,0.57,0.24,3.0,1.04,4.32,142.37
2024-02-28,Kandri,147.4,0.0,0.0,0.24,3.0,0.84,0.0,147.84
2024-02-29,Kandri,147.4,0.0,0.0,0.24,3.0,1.19,0.0,137.88
2024-03-01,Kandri,147.4,0.0,0.0,0.24,3.0,1.1,12.33,141.89
2024-03-02,Kandri,147.4,0.0,0.0,0.24,3.0,2.37,7.69,136.63
2024-03-03,Kandri,147.4,0.0,0.0,0.0,3.0,2.32,2.24,139.3
2024-03-04,Kandri,147.4,0.0,0.0,0.0,3.0,0.83,10.71,144.37
2024-03-05,Kandri,147.4,0.0,0.0,0.0,3.0,0.97,3.91,144.8
2024-03-06,Kandri,147.4,4.8,1.6,0.69,3.0,0.34,0.0,145.54
2024-03-07,Kandri,147.4,0.0,1.6,0.69,3.23,0.18,13.43,144.72
2024-03-08,Kandri,147.4,0.0,1.6,0.69,4.61,4.07,20.62,132.54
2024-03-09,Kandri,147.4,0.0,0.0,0.69,5.2,0.87,4.93,140.36
2024-03-10,Kandri,147.4,0.0,0.0,0.69,5.09,0.55,0.0,147.38
2024-03-11,Kandri,147.4,0.0,0.0,0.69,3.86,0.0,6.77,147.83
2024-03-12,Kandri,147.4,0.0,0.0,0.69,3.0,1.71,5.46,140.83
2024-03-13,Kandri,147.4,0.0,0.0,0.0,3.0,1.12,3.74,145.66
2024-03-14,Kandri,147.4,0.0,0.0,0.0,3.07,1.37,8.25,148.92
2024-03-15,Kandri,147.4,0.0,0.0,0.0,3.0,1.87,13.24,140.95
2024-03-16,Kandri,147.4,0.0,0.0,0.0,3.0,0.92,3.27,147.11
2024-03-17,Kandri,147.4,0.0,0.0,0.0,3.0,3.13,14.66,142.83
2024-03-18,Kandri,147.4,0.0,0.0,0.0,4.19,0.14,7.08,145.15
2024-03-19,Kandri,147.4,0.0,0.0,0.0,3.1,0.6,6.5,141.13
2024-03-20,Kandri,147.4,0.0,0.0,0.0,5.56,0.52,15.22,142.8
2024-03-21,Kandri,147.4,0.0,0.0,0.0,6.18,2.86,8.78,134.32
2024-03-22,Kandri,147.4,0.0,0.0,0.0,5.8,0.35,2.93,142.36
2024-03-23,Kandri,147.4,0.0,0.0,0.0,4.99,0.85,19.61,142.57
2024-03-24,Kandri,147.4,0.0,0.0,0.0,4.73,1.94,5.41,138.88
2024-03-25,Kandri,147.4,0.0,0.0,0.0,3.0,0.98,10.21,141.74
2024-03-26,Kandri,147.4,0.0,0.0,0.0,4.96,0.83,10.44,142.44
2024-03-27,Kandri,147.4,8.21,2.74,1.17,6.95,0.0,3.28,148.3
2024-03-28,Kandri,147.4,0.0,2.74,1.17,5.28,2.2,0.89,138.97
2024-03-29,Kandri,147.4,0.0,2.74,1.17,4.25,1.56,12.73,145.61
2024-03-30,Kandri,147.4,0.0,0.0,1.17,4.32,1.14,29.3,139.35
2024-03-31,Kandri,147.4,0.0,0.0,1.17,3.0,0.71,16.19,147.06
2024-04-01,Kandri,147.4,0.0,0.0,1.17,3.1,0.63,10.37,146.31
2024-04-02,Kandri,147.4,0.0,0.0,1.17,3.0,1.39,7.85,138.71
2024-04-03,Kandri,147.4,0.0,0.0,0.0,3.64,0.0,7.6,145.93
2024-04-04,Kandri,147.4,0.0,0.0,0.0,4.67,0.73,24.88,137.29
2024-04-05,Kandri,147.4,0.0,0.0,0.0,3.83,1.84,2.51,138.43
2024-04-06,Kandri,147.4,0.0,0.0,0.0,3.0,4.96,20.68,131.4
2024-04-07,Kandri,147.4,0.0,0.0,0.0,3.0,1.16,7.1,139.43
2024-04-08,Kandri,147.4,0.0,0.0,0.0,6.69,1.39,6.91,138.96
2024-04-09,Kandri,147.4,0.0,0.0,0.0,4.4,0.92,15.57,137.92
2024-04-10,Kandri,147.4,0.0,0.0,0.0,3.0,3.09,3.65,142.01
2024-04-11,Kandri,147.4,0.0,0.0,0.0,4.19,0.78,0.0,149.07
2024-04-12,Kandri,147.4,0.0,0.0,0.0,3.07,0.25,10.65,145.93
2024-04-13,Kandri,147.4,0.0,0.0,0.0,4.62,0.73,0.0,143.76
2024-04-14,Kandri,147.4,0.0,0.0,0.0,5.66,0.37,34.63,138.73
2024-04-15,Kandri,147.4,0.0,0.0,0.0,3.31,0.83,4.68,140.75
2024-04-16,Kandri,147.4,0.0,0.0,0.0,3.0,1.08,23.85,138.21
2024-04-17,Kandri,147.4,0.0,0.0,0.0,3.75,2.09,11.29,142.41
2024-04-18,Kandri,147.4,0.0,0.0,0.0,3.0,2.57,2.77,135.34
2024-04-19,Kandri,147.4,0.0,0.0,0.0,3.13,0.01,0.41,148.1
2024-04-20,Kandri,147.4,0.0,0.0,0.0,4.57,1.01,11.52,143.2
2024-04-21,Kandri,147.4,0.0,0.0,0.0,5.75,3.08,12.99,134.7
2024-04-22,Kandri,147.4,0.0,0.0,0.0,5.73,1.5,9.4,139.85
2024-04-23,Kandri,147.4,0.0,0.0,0.0,6.28,0.74,13.2,141.68
2024-04-24,Kandri,147.4,0.0,0.0,0.0,6.19,2.24,15.89,135.52
2024-04-25,Kandri,147.4,0.0,0.0,0.0,7.19,1.68,13.68,143.53
2024-04-26,Kandri,147.4,0.0,0.0,0.0,6.65,0.35,0.19,146.19
2024-04-27,Kandri,147.4,0.0,0.0,0.0,6.62,2.04,3.64,142.5
2024-04-28,Kandri,147.4,0.0,0.0,0.0,7.78,0.07,7.23,139.92
2024-04-29,Kandri,147.4,0.0,0.0,0.0,9.4,1.53,10.22,139.59
2024-04-30,Kandri,147.4,0.0,0.0,0.0,8.71,1.64,5.28,141.2
2024-05-01,Kandri,147.4,0.0,0.0,0.0,7.73,0.2,15.83,144.38
2024-05-02,Kandri,147.4,0.0,0.0,0.0,6.42,0.25,7.68,145.22
2024-05-03,Kandri,147.4,0.0,0.0,0.0,5.55,2.63,3.82,136.76
2024-05-04,Kandri,147.4,0.0,0.0,0.0,7.99,2.55,12.98,139.36
2024-05-05,Kandri,147.4,0.0,0.0,0.0,7.33,0.33,15.72,142.1
2024-05-06,Kandri,147.4,0.0,0.0,0.0,6.79,0.45,10.69,140.49
2024-05-07,Kandri,147.4,0.0,0.0,0.0,4.25,1.83,0.0,142.62
2024-05-08,Kandri,147.4,0.0,0.0,0.0,5.64,0.71,3.78,145.72
2024-05-09,Kandri,147.4,17.39,5.8,2.48,9.42,0.68,3.66,145.75
2024-05-10,Kandri,147.4,0.0,5.8,2.48,10.42,1.12,3.82,143.75
2024-05-11,Kandri,147.4,0.0,5.8,2.48,8.48,0.32,12.83,143.21
2024-05-12,Kandri,147.4,8.96,2.99,3.76,9.68,1.5,15.15,140.2
2024-05-13,Kandri,147.4,0.0,2.99,3.76,8.11,1.11,12.5,145.48
2024-05-14,Kandri,147.4,0.0,2.99,3.76,6.33,0.38,26.49,142.42
2024-05-15,Kandri,147.4,14.85,4.95,5.89,11.55,1.55,6.61,139.43
2024-05-16,Kandri,147.4,10.42,8.42,4.89,13.63,0.82,7.79,145.43
2024-05-17,Kandri,147.4,22.38,15.88,8.09,19.48,0.0,9.67,143.85
2024-05-18,Kandri,147.4,0.0,10.93,8.09,18.22,1.0,13.1,136.13
2024-05-19,Kandri,147.4,0.0,7.46,6.81,17.78,0.0,5.91,143.38
2024-05-20,Kandri,147.4,0.0,0.0,6.81,14.22,0.51,3.88,142.87
2024-05-21,Kandri,147.4,13.16,4.39,8.69,17.69,2.46,8.96,139.36
2024-05-22,Kandri,147.4,0.0,4.39,6.57,16.65,0.91,22.71,144.51
2024-05-23,Kandri,147.4,24.48,12.55,8.58,23.56,0.23,4.06,141.38
2024-05-24,Kandri,147.4,0.0,8.16,5.38,22.79,1.23,1.52,144.95
2024-05-25,Kandri,147.4,50.88,25.12,12.65,38.74,1.41,5.55,137.27
2024-05-26,Kandri,147.4,0.0,16.96,12.65,36.54,1.38,8.15,135.32
2024-05-27,Kandri,147.4,0.0,16.96,12.65,34.77,1.24,7.16,134.69
2024-05-28,Kandri,147.4,0.0,0.0,10.77,33.79,0.97,2.42,138.36
2024-05-29,Kandri,147.4,10.62,3.54,12.28,32.55,0.0,8.42,137.21
2024-05-30,Kandri,147.4,0.0,3.54,8.78,31.54,4.24,4.21,130.64
2024-05-31,Kandri,147.4,0.0,3.54,8.78,27.83,0.0,17.7,142.2
2024-06-01,Kandri,147.4,0.0,0.0,1.52,25.5,3.49,5.41,132.67
2024-06-02,Kandri,147.4,0.0,0.0,1.52,24.12,0.0,5.61,138.67
2024-06-03,Kandri,147.4,57.94,19.31,9.79,41.91,0.1,8.59,136.87
2024-06-04,Kandri,147.4,0.0,19.31,9.79,38.49,2.2,12.41,128.43
2024-06-05,Kandri,147.4,38.5,32.15,13.78,48.64,0.94,14.55,132.7
2024-06-06,Kandri,147.4,0.0,12.83,13.78,44.17,0.45,13.43,135.5
2024-06-07,Kandri,147.4,0.0,12.83,13.78,40.96,0.12,6.91,135.75
2024-06-08,Kandri,147.4,71.17,23.72,23.94,60.0,1.11,21.08,125.11
2024-06-09,Kandri,147.4,0.0,23.72,23.94,53.93,3.53,9.55,122.99
2024-06-10,Kandri,147.4,0.0,23.72,15.67,51.22,1.38,0.0,129.75
2024-06-11,Kandri,147.4,32.13,10.71,20.26,58.01,0.58,13.59,132.12
2024-06-12,Kandri,147.4,98.61,43.58,28.84,60.0,1.49,22.73,112.57
2024-06-13,Kandri,147.4,30.6,53.78,33.21,60.0,1.06,0.0,123.99
2024-06-14,Kandri,147.4,69.47,66.22,43.14,60.0,0.68,7.37,128.49
2024-06-15,Kandri,147.4,36.11,45.39,38.13,60.0,0.86,4.02,130.3
2024-06-16,Kandri,147.4,29.5,45.03,42.35,60.0,0.0,13.06,126.0
2024-06-17,Kandri,147.4,0.0,21.87,42.35,56.78,0.0,24.59,126.11
2024-06-18,Kandri,147.4,0.0,9.83,37.76,54.68,0.48,4.58,131.47
2024-06-19,Kandri,147.4,0.0,0.0,23.67,49.05,0.9,26.1,127.18
2024-06-20,Kandri,147.4,53.78,17.93,26.98,60.0,1.21,1.21,128.36
2024-06-21,Kandri,147.4,29.36,27.71,21.25,60.0,3.05,20.5,115.95
2024-06-22,Kandri,147.4,0.0,27.71,16.09,55.5,1.3,3.75,128.44
2024-06-23,Kandri,147.4,43.81,24.39,18.14,60.0,4.16,4.58,119.53
2024-06-24,Kandri,147.4,6.89,16.9,19.12,59.89,3.37,11.56,117.18
2024-06-25,Kandri,147.4,20.96,23.89,22.11,60.0,1.82,13.44,121.46
2024-06-26,Kandri,147.4,0.0,9.28,22.11,55.08,3.09,11.98,120.17
2024-06-27,Kandri,147.4,29.14,16.7,18.59,60.0,2.98,6.56,118.76
2024-06-28,Kandri,147.4,45.17,24.77,20.85,60.0,1.84,25.01,122.32
2024-06-29,Kandri,147.4,0.0,24.77,20.85,55.82,1.9,17.19,122.59
2024-06-30,Kandri,147.4,0.0,15.06,14.59,50.54,3.74,22.61,120.98
2024-07-01,Kandri,147.4,39.59,13.2,19.27,60.0,0.0,18.71,128.51
2024-07-02,Kandri,147.4,0.0,13.2,16.27,56.27,0.12,0.0,132.68
2024-07-03,Kandri,147.4,36.8,25.46,21.53,60.0,0.0,6.01,129.88
2024-07-04,Kandri,147.4,33.38,23.39,22.13,60.0,1.79,0.0,123.87
2024-07-05,Kandri,147.4,62.01,44.06,24.54,60.0,1.56,16.19,119.68
2024-07-06,Kandri,147.4,37.15,44.18,29.85,60.0,1.35,6.93,124.86
2024-07-07,Kandri,147.4,0.0,33.06,29.85,56.37,0.97,2.74,126.3
2024-07-08,Kandri,147.4,17.48,18.21,26.69,60.0,0.0,18.43,126.7
2024-07-09,Kandri,147.4,102.31,39.93,41.3,60.0,2.37,18.71,113.96
2024-07-10,Kandri,147.4,28.61,49.47,40.13,60.0,1.58,7.06,125.22
2024-07-11,Kandri,147.4,17.28,49.4,37.83,60.0,0.79,10.88,120.44
2024-07-12,Kandri,147.4,153.46,66.45,50.9,60.0,2.63,25.01,103.52
2024-07-13,Kandri,147.4,0.0,56.91,45.59,57.45,2.88,9.14,123.34
2024-07-14,Kandri,147.4,97.84,83.77,59.57,60.0,1.52,11.97,116.11
2024-07-15,Kandri,147.4,24.66,40.83,60.59,60.0,3.04,17.06,117.54
2024-07-16,Kandri,147.4,21.61,48.04,49.07,60.0,0.0,16.47,128.65
2024-07-17,Kandri,147.4,0.0,15.42,44.98,57.5,1.1,16.41,125.8
2024-07-18,Kandri,147.4,39.66,20.42,48.18,60.0,1.62,4.17,123.34
2024-07-19,Kandri,147.4,118.24,52.63,43.14,60.0,1.9,15.38,112.0
2024-07-20,Kandri,147.4,0.0,52.63,43.14,56.19,0.94,32.79,120.16
2024-07-21,Kandri,147.4,48.65,55.63,36.12,60.0,3.34,15.42,116.73
2024-07-22,Kandri,147.4,30.53,26.39,36.96,60.0,0.26,0.24,134.88
2024-07-23,Kandri,147.4,103.1,60.76,48.6,60.0,1.66,18.28,111.17
2024-07-24,Kandri,147.4,0.0,44.54,48.6,56.79,0.99,9.04,123.71
2024-07-25,Kandri,147.4,17.62,40.24,45.45,59.31,0.0,14.86,125.17
2024-07-26,Kandri,147.4,0.0,5.87,28.56,55.6,0.57,4.11,129.28
2024-07-27,Kandri,147.4,63.43,27.02,37.62,60.0,3.67,7.07,114.43
2024-07-28,Kandri,147.4,0.0,21.14,30.67,54.19,1.8,20.35,124.83
2024-07-29,Kandri,147.4,0.0,21.14,26.31,52.34,2.04,3.29,124.99
2024-07-30,Kandri,147.4,0.0,0.0,11.58,48.67,8.01,1.59,108.53
2024-07-31,Kandri,147.4,71.53,23.84,21.8,60.0,0.52,2.54,121.88
2024-08-01,Kandri,147.4,0.0,23.84,19.28,55.62,2.08,1.02,125.15
2024-08-02,Kandri,147.4,27.61,33.05,23.22,60.0,1.06,0.0,128.78
2024-08-03,Kandri,147.4,31.99,19.87,18.73,60.0,0.51,11.37,126.22
2024-08-04,Kandri,147.4,0.0,19.87,18.73,55.59,0.73,0.64,129.53
2024-08-05,Kandri,147.4,0.0,10.66,18.73,52.74,0.85,5.64,125.83
2024-08-06,Kandri,147.4,0.0,0.0,18.73,50.07,0.32,15.88,132.14
2024-08-07,Kandri,147.4,97.47,32.49,22.44,60.0,1.02,15.35,120.71
2024-08-08,Kandri,147.4,14.25,37.24,24.48,60.0,0.18,0.0,132.28
2024-08-09,Kandri,147.4,75.51,62.41,31.32,60.0,0.78,34.39,117.09
2024-08-10,Kandri,147.4,52.22,47.33,34.21,60.0,0.11,5.71,128.26
2024-08-11,Kandri,147.4,7.95,45.23,35.34,57.29,1.03,10.2,126.95
2024-08-12,Kandri,147.4,44.13,34.77,41.65,60.0,0.0,3.03,128.56
2024-08-13,Kandri,147.4,53.87,35.32,49.34,60.0,0.0,15.38,125.01
2024-08-14,Kandri,147.4,0.0,32.67,35.42,55.19,0.0,15.37,135.63
2024-08-15,Kandri,147.4,19.15,24.34,36.12,60.0,0.25,0.0,127.93
2024-08-16,Kandri,147.4,49.27,22.81,32.37,60.0,0.68,10.66,123.69
2024-08-17,Kandri,147.4,63.58,44.0,33.99,60.0,0.21,30.23,122.16
2024-08-18,Kandri,147.4,53.71,55.52,40.53,60.0,0.28,4.93,125.5
2024-08-19,Kandri,147.4,0.0,39.1,34.23,55.47,0.0,10.05,126.61
2024-08-20,Kandri,147.4,0.0,17.9,26.53,52.33,1.19,5.67,133.65
2024-08-21,Kandri,147.4,0.0,0.0,26.53,50.06,0.12,9.89,129.52
2024-08-22,Kandri,147.4,0.0,0.0,23.79,47.68,1.71,2.86,128.32
2024-08-23,Kandri,147.4,55.73,18.58,24.72,60.0,0.29,1.25,127.01
2024-08-24,Kandri,147.4,0.0,18.58,15.63,54.92,1.24,0.0,129.49
2024-08-25,Kandri,147.4,15.27,23.67,10.14,56.54,0.0,12.09,129.91
2024-08-26,Kandri,147.4,48.86,21.38,17.12,60.0,1.13,10.91,120.89
2024-08-27,Kandri,147.4,47.11,37.08,23.85,60.0,2.56,31.79,113.19
2024-08-28,Kandri,147.4,25.4,40.46,27.48,60.0,2.32,6.73,120.87
2024-08-29,Kandri,147.4,20.91,31.14,30.47,60.0,1.0,10.64,129.15
2024-08-30,Kandri,147.4,65.34,37.22,31.84,60.0,1.33,19.09,116.07
2024-08-31,Kandri,147.4,0.0,28.75,31.84,54.71,0.28,2.96,128.73
2024-09-01,Kandri,147.4,29.84,31.73,33.92,60.0,2.28,19.42,122.71
2024-09-02,Kandri,147.4,13.19,14.34,28.83,60.0,0.57,3.53,124.65
2024-09-03,Kandri,147.4,0.0,14.34,22.1,55.75,0.17,2.41,125.34
2024-09-04,Kandri,147.4,0.0,4.4,18.47,52.74,0.0,7.98,129.86
2024-09-05,Kandri,147.4,68.61,22.87,25.28,60.0,2.43,7.98,117.06
2024-09-06,Kandri,147.4,79.98,49.53,27.38,60.0,1.41,3.66,119.34
2024-09-07,Kandri,147.4,0.0,49.53,27.38,57.29,1.65,17.12,122.01
2024-09-08,Kandri,147.4,0.0,26.66,23.11,51.29,2.03,14.02,130.21
2024-09-09,Kandri,147.4,42.19,14.06,27.25,60.0,0.66,9.47,122.56
2024-09-10,Kandri,147.4,0.0,14.06,27.25,55.21,0.36,5.93,129.5
2024-09-11,Kandri,147.4,78.65,40.28,38.49,60.0,1.21,8.05,119.16
2024-09-12,Kandri,147.4,20.61,33.09,31.63,60.0,3.34,6.31,122.44
2024-09-13,Kandri,147.4,47.11,48.79,26.94,60.0,0.61,6.51,127.1
2024-09-14,Kandri,147.4,0.0,22.57,26.94,57.25,0.74,4.28,132.06
2024-09-15,Kandri,147.4,0.0,15.7,26.94,52.46,2.26,24.44,128.34
2024-09-16,Kandri,147.4,77.67,25.89,32.01,60.0,0.98,9.37,117.74
2024-09-17,Kandri,147.4,0.0,25.89,32.01,55.59,0.08,4.05,128.43
2024-09-18,Kandri,147.4,35.12,37.6,25.79,60.0,0.47,0.0,128.01
2024-09-19,Kandri,147.4,0.0,11.71,22.84,57.76,0.09,5.0,128.34
2024-09-20,Kandri,147.4,63.19,32.77,25.14,60.0,1.39,7.29,120.67
2024-09-21,Kandri,147.4,15.57,26.26,27.37,60.0,0.98,4.02,127.14
2024-09-22,Kandri,147.4,0.0,26.26,27.37,56.15,1.63,19.81,123.08
2024-09-23,Kandri,147.4,1.02,5.53,16.41,53.03,1.47,15.21,127.37
2024-09-24,Kandri,147.4,15.0,5.34,18.56,56.32,0.36,3.5,132.6
2024-09-25,Kandri,147.4,65.14,27.05,22.85,60.0,0.32,8.92,123.6
2024-09-26,Kandri,147.4,0.0,26.71,22.85,56.07,0.74,11.17,124.25
2024-09-27,Kandri,147.4,82.14,49.1,25.55,60.0,3.19,14.88,112.68
2024-09-28,Kandri,147.4,0.0,27.38,23.33,54.23,0.54,4.46,127.67
2024-09-29,Kandri,147.4,0.0,27.38,23.33,50.28,1.77,0.0,134.0
2024-09-30,Kandri,147.4,97.7,32.57,37.14,60.0,2.11,21.27,113.49
2024-10-01,Kandri,147.4,0.0,32.57,35.0,56.62,0.54,11.47,128.75
2024-10-02,Kandri,147.4,0.0,32.57,25.69,52.06,0.79,6.61,133.56
2024-10-03,Kandri,147.4,0.0,0.0,25.69,47.84,0.11,10.79,133.01
2024-10-04,Kandri,147.4,0.0,0.0,13.96,41.41,0.0,13.41,137.4
2024-10-05,Kandri,147.4,0.0,0.0,13.96,38.84,0.81,4.16,134.24
2024-10-06,Kandri,147.4,0.0,0.0,13.96,37.46,0.0,6.14,136.37
2024-10-07,Kandri,147.4,0.0,0.0,0.0,36.49,0.21,18.29,137.73
2024-10-08,Kandri,147.4,0.0,0.0,0.0,34.8,1.15,28.68,134.68
2024-10-09,Kandri,147.4,0.0,0.0,0.0,34.28,1.18,6.21,136.0
2024-10-10,Kandri,147.4,0.0,0.0,0.0,31.96,0.28,7.89,145.82
2024-10-11,Kandri,147.4,0.0,0.0,0.0,29.87,0.22,14.03,140.8
2024-10-12,Kandri,147.4,0.0,0.0,0.0,30.04,3.27,9.71,130.85
2024-10-13,Kandri,147.4,23.81,7.94,3.4,36.79,1.07,7.78,134.02
2024-10-14,Kandri,147.4,0.0,7.94,3.4,35.75,2.09,20.06,131.43
2024-10-15,Kandri,147.4,0.0,7.94,3.4,33.26,3.86,1.62,124.39
2024-10-16,Kandri,147.4,0.0,0.0,3.4,32.81,0.78,7.29,139.83
2024-10-17,Kandri,147.4,0.0,0.0,3.4,29.37,1.11,12.22,140.73
2024-10-18,Kandri,147.4,27.62,9.21,7.35,36.81,0.19,3.88,140.74
2024-10-19,Kandri,147.4,26.37,18.0,11.11,43.86,0.47,9.16,129.98
2024-10-20,Kandri,147.4,0.0,18.0,7.71,38.95,1.47,2.08,136.74
2024-10-21,Kandri,147.4,0.0,8.79,7.71,36.98,0.0,4.51,146.19
2024-10-22,Kandri,147.4,0.0,0.0,7.71,32.8,5.24,0.0,122.63
2024-10-23,Kandri,147.4,0.0,0.0,7.71,32.65,0.55,22.85,131.89
2024-10-24,Kandri,147.4,31.61,10.54,12.23,43.9,0.0,24.5,133.43
2024-10-25,Kandri,147.4,0.0,10.54,8.28,42.45,0.23,14.11,137.03
2024-10-26,Kandri,147.4,0.0,10.54,4.52,38.81,0.0,8.27,138.72
2024-10-27,Kandri,147.4,0.0,0.0,4.52,35.78,1.51,27.34,133.5
2024-10-28,Kandri,147.4,0.0,0.0,4.52,31.96,0.68,10.03,136.19
2024-10-29,Kandri,147.4,0.0,0.0,4.52,29.41,0.22,0.0,143.78
2024-10-30,Kandri,147.4,0.0,0.0,4.52,27.69,3.0,15.7,131.28
2024-10-31,Kandri,147.4,0.0,0.0,0.0,23.78,0.79,11.82,143.34
2024-11-01,Kandri,147.4,0.0,0.0,0.0,20.59,0.37,10.84,147.34
2024-11-02,Kandri,147.4,0.0,0.0,0.0,18.72,1.47,0.0,142.79
2024-11-03,Kandri,147.4,0.0,0.0,0.0,17.66,3.57,0.0,131.45
2024-11-04,Kandri,147.4,0.0,0.0,0.0,16.42,1.76,0.0,143.86
2024-11-05,Kandri,147.4,0.0,0.0,0.0,13.32,0.61,19.85,144.61
2024-11-06,Kandri,147.4,0.0,0.0,0.0,12.44,0.95,11.8,145.59
2024-11-07,Kandri,147.4,0.0,0.0,0.0,11.61,0.89,2.35,143.6
2024-11-08,Kandri,147.4,2.28,0.76,0.33,10.04,2.91,0.0,139.64
2024-11-09,Kandri,147.4,0.0,0.76,0.33,9.7,2.2,12.41,137.16
2024-11-10,Kandri,147.4,0.0,0.76,0.33,8.64,0.25,20.09,150.98
2024-11-11,Kandri,147.4,0.0,0.0,0.33,7.84,1.4,3.08,145.26
2024-11-12,Kandri,147.4,0.0,0.0,0.33,6.82,3.67,8.44,129.96
2024-11-13,Kandri,147.4,0.0,0.0,0.33,9.08,0.29,6.4,149.32
2024-11-14,Kandri,147.4,0.0,0.0,0.33,10.61,1.32,0.58,140.95
2024-11-15,Kandri,147.4,0.0,0.0,0.0,12.08,1.25,14.98,143.57
2024-11-16,Kandri,147.4,0.0,0.0,0.0,13.03,0.39,1.65,150.32
2024-11-17,Kandri,147.4,0.0,0.0,0.0,11.97,0.52,18.74,147.99
2024-11-18,Kandri,147.4,2.95,0.98,0.42,12.31,1.02,7.44,137.46
2024-11-19,Kandri,147.4,0.0,0.98,0.42,13.08,0.3,0.0,146.16
2024-11-20,Kandri,147.4,0.0,0.98,0.42,13.62,0.4,21.1,145.79
2024-11-21,Kandri,147.4,0.0,0.0,0.42,13.64,1.1,16.18,143.51
2024-11-22,Kandri,147.4,0.0,0.0,0.42,13.95,0.0,5.16,148.59
2024-11-23,Kandri,147.4,0.0,0.0,0.42,13.07,1.75,8.41,140.9
2024-11-24,Kandri,147.4,0.0,0.0,0.42,13.89,1.62,2.47,141.65
2024-11-25,Kandri,147.4,0.0,0.0,0.0,14.29,0.67,0.0,145.55
2024-11-26,Kandri,147.4,0.0,0.0,0.0,12.44,3.46,12.42,131.56
2024-11-27,Kandri,147.4,0.0,0.0,0.0,10.22,1.03,24.01,141.77
2024-11-28,Kandri,147.4,0.0,0.0,0.0,11.29,1.19,11.5,144.09
2024-11-29,Kandri,147.4,0.0,0.0,0.0,9.63,1.47,1.78,145.49
2024-11-30,Kandri,147.4,0.0,0.0,0.0,9.25,2.53,12.86,132.76
2024-12-01,Kandri,147.4,0.0,0.0,0.0,8.85,1.85,14.09,137.76
2024-12-02,Kandri,147.4,0.0,0.0,0.0,7.69,1.3,7.17,142.41
2024-12-03,Kandri,147.4,0.0,0.0,0.0,6.33,2.77,11.37,135.21
2024-12-04,Kandri,147.4,0.0,0.0,0.0,5.91,3.42,5.29,136.55
2024-12-05,Kandri,147.4,0.0,0.0,0.0,3.67,1.08,26.11,138.72
2024-12-06,Kandri,147.4,0.0,0.0,0.0,3.53,0.9,5.96,137.96
2024-12-07,Kandri,147.4,0.0,0.0,0.0,4.05,0.57,6.53,150.18
2024-12-08,Kandri,147.4,0.0,0.0,0.0,3.0,0.5,11.71,141.5
2024-12-09,Kandri,147.4,0.0,0.0,0.0,3.0,0.78,12.85,142.99
2024-12-10,Kandri,147.4,0.0,0.0,0.0,4.31,0.24,0.0,146.73
2024-12-11,Kandri,147.4,4.75,1.58,0.68,6.4,0.99,17.69,141.47
2024-12-12,Kandri,147.4,0.0,1.58,0.68,6.44,0.92,10.5,144.19
2024-12-13,Kandri,147.4,0.0,1.58,0.68,5.82,0.0,0.48,147.7
2024-12-14,Kandri,147.4,0.0,0.0,0.68,5.77,0.44,1.54,145.97
2024-12-15,Kandri,147.4,6.05,2.02,1.54,8.63,0.65,3.48,142.29
2024-12-16,Kandri,147.4,0.0,2.02,1.54,9.61,3.88,0.0,134.78
2024-12-17,Kandri,147.4,0.0,2.02,1.54,8.08,0.58,12.62,144.11
2024-12-18,Kandri,147.4,0.0,0.0,0.86,6.9,0.65,1.38,144.03
2024-12-19,Kandri,147.4,0.0,0.0,0.86,5.84,0.68,3.38,141.37
2024-12-20,Kandri,147.4,0.0,0.0,0.86,9.17,0.74,8.57,143.56
2024-12-21,Kandri,147.4,0.0,0.0,0.86,10.69,0.8,6.21,137.84
2024-12-22,Kandri,147.4,0.0,0.0,0.0,9.81,2.82,5.1,137.08
2024-12-23,Kandri,147.4,0.0,0.0,0.0,11.03,0.16,11.9,148.85
2024-12-24,Kandri,147.4,0.0,0.0,0.0,8.72,0.19,5.19,147.31
2024-12-25,Kandri,147.4,0.0,0.0,0.0,8.42,0.62,5.99,144.69
2024-12-26,Kandri,147.4,0.0,0.0,0.0,6.62,0.03,0.0,145.73
2024-12-27,Kandri,147.4,0.0,0.0,0.0,6.71,0.39,0.0,141.93
2024-12-28,Kandri,147.4,3.65,1.22,0.52,7.65,1.31,23.2,140.11
2024-12-29,Kandri,147.4,0.0,1.22,0.52,8.47,1.64,26.91,137.64
2024-12-30,Kandri,147.4,0.0,1.22,0.52,8.73,1.17,17.76,144.17
2022-01-01,Gumgaon,109.7,0.0,0.0,0.0,15.72,1.12,0.0,107.89
2022-01-02,Gumgaon,109.7,0.0,0.0,0.0,15.66,1.2,5.46,108.11
2022-01-03,Gumgaon,109.7,0.0,0.0,0.0,15.23,0.5,0.21,108.73
2022-01-04,Gumgaon,109.7,0.0,0.0,0.0,14.3,2.08,13.88,104.44
2022-01-05,Gumgaon,109.7,0.0,0.0,0.0,16.41,0.71,18.5,106.43
2022-01-06,Gumgaon,109.7,0.0,0.0,0.0,14.03,0.61,7.29,105.73
2022-01-07,Gumgaon,109.7,3.41,1.14,0.49,13.52,0.0,1.49,108.97
2022-01-08,Gumgaon,109.7,0.0,1.14,0.49,11.92,0.04,19.49,106.59
2022-01-09,Gumgaon,109.7,0.0,1.14,0.49,11.94,0.58,5.02,105.7
2022-01-10,Gumgaon,109.7,0.0,0.0,0.49,10.11,0.73,23.38,106.12
2022-01-11,Gumgaon,109.7,0.0,0.0,0.49,9.31,1.22,17.13,104.3
2022-01-12,Gumgaon,109.7,1.37,0.46,0.68,8.32,5.55,9.12,91.49
2022-01-13,Gumgaon,109.7,0.0,0.46,0.68,8.51,0.3,9.39,108.87
2022-01-14,Gumgaon,109.7,0.0,0.46,0.2,9.49,0.2,13.47,105.06
2022-01-15,Gumgaon,109.7,0.0,0.0,0.2,8.8,0.9,0.0,107.47
2022-01-16,Gumgaon,109.7,0.0,0.0,0.2,7.01,0.52,0.0,104.37
2022-01-17,Gumgaon,109.7,0.0,0.0,0.2,7.52,0.0,8.14,109.91
2022-01-18,Gumgaon,109.7,0.0,0.0,0.2,8.87,1.35,7.06,106.24
2022-01-19,Gumgaon,109.7,0.0,0.0,0.0,10.32,0.76,9.31,108.72
2022-01-20,Gumgaon,109.7,0.0,0.0,0.0,10.13,0.52,7.32,109.41
2022-01-21,Gumgaon,109.7,0.0,0.0,0.0,8.06,2.19,19.52,104.08
2022-01-22,Gumgaon,109.7,0.0,0.0,0.0,5.91,1.36,7.85,110.95
2022-01-23,Gumgaon,109.7,0.0,0.0,0.0,4.82,1.31,0.0,105.21
2022-01-24,Gumgaon,109.7,0.0,0.0,0.0,5.05,0.89,24.82,104.32
2022-01-25,Gumgaon,109.7,0.0,0.0,0.0,3.12,1.58,12.4,104.8
2022-01-26,Gumgaon,109.7,0.0,0.0,0.0,3.0,0.7,1.14,108.92
2022-01-27,Gumgaon,109.7,0.0,0.0,0.0,3.56,4.19,10.05,97.11
2022-01-28,Gumgaon,109.7,0.0,0.0,0.0,4.51,0.0,9.67,107.55
2022-01-29,Gumgaon,109.7,0.0,0.0,0.0,4.48,1.04,0.77,106.77
2022-01-30,Gumgaon,109.7,0.0,0.0,0.0,3.56,0.34,2.15,105.64
2022-01-31,Gumgaon,109.7,0.0,0.0,0.0,3.18,0.0,8.72,107.52
2022-02-01,Gumgaon,109.7,0.0,0.0,0.0,3.25,0.23,3.11,109.8
2022-02-02,Gumgaon,109.7,0.0,0.0,0.0,3.0,0.55,10.53,104.94
2022-02-03,Gumgaon,109.7,0.0,0.0,0.0,4.17,0.62,0.0,104.49
2022-02-04,Gumgaon,109.7,0.0,0.0,0.0,3.09,1.08,9.58,107.34
2022-02-05,Gumgaon,109.7,0.0,0.0,0.0,3.0,0.0,9.54,109.09
2022-02-06,Gumgaon,109.7,0.0,0.0,0.0,3.0,1.21,12.73,105.6
2022-02-07,Gumgaon,109.7,0.0,0.0,0.0,3.0,1.54,5.94,107.25
2022-02-08,Gumgaon,109.7,0.0,0.0,0.0,3.0,1.76,8.64,105.3
2022-02-09,Gumgaon,109.7,0.0,0.0,0.0,3.24,0.64,8.59,104.23
2022-02-10,Gumgaon,109.7,0.0,0.0,0.0,3.9,2.2,7.71,102.56
2022-02-11,Gumgaon,109.7,0.0,0.0,0.0,3.77,0.39,0.0,110.08
2022-02-12,Gumgaon,109.7,4.81,1.6,0.69,6.35,1.42,13.94,103.55
2022-02-13,Gumgaon,109.7,0.0,1.6,0.69,6.33,1.12,18.75,105.19
2022-02-14,Gumgaon,109.7,0.0,1.6,0.69,4.26,1.14,12.24,106.26
2022-02-15,Gumgaon,109.7,14.41,4.8,2.75,10.3,2.75,16.22,98.11
2022-02-16,Gumgaon,109.7,0.0,4.8,2.75,9.77,1.35,10.31,107.28
2022-02-17,Gumgaon,109.7,0.0,4.8,2.75,9.87,0.87,15.65,106.52
2022-02-18,Gumgaon,109.7,0.0,0.0,2.75,10.81,0.58,54.6,105.53
2022-02-19,Gumgaon,109.7,0.0,0.0,2.06,11.23,1.22,4.82,107.86
2022-02-20,Gumgaon,109.7,0.0,0.0,2.06,9.65,0.94,4.28,110.03
2022-02-21,Gumgaon,109.7,0.0,0.0,2.06,8.58,1.26,7.47,112.82
2022-02-22,Gumgaon,109.7,10.19,3.4,1.46,11.48,1.91,28.02,104.6
2022-02-23,Gumgaon,109.7,0.0,3.4,1.46,9.08,1.38,10.3,108.95
2022-02-24,Gumgaon,109.7,0.0,3.4,1.46,10.74,0.68,0.0,107.77
2022-02-25,Gumgaon,109.7,0.0,0.0,1.46,10.08,2.34,8.39,104.87
2022-02-26,Gumgaon,109.7,0.0,0.0,1.46,7.51,1.45,3.88,107.67
2022-02-27,Gumgaon,109.7,0.0,0.0,1.46,4.52,0.71,19.66,107.19
2022-02-28,Gumgaon,109.7,0.0,0.0,1.46,4.96,0.9,4.91,105.08
2022-03-01,Gumgaon,109.7,0.0,0.0,0.0,3.0,0.36,7.92,108.68
2022-03-02,Gumgaon,109.7,0.0,0.0,0.0,3.0,0.48,2.2,109.68
2022-03-03,Gumgaon,109.7,0.0,0.0,0.0,3.36,1.48,16.93,104.25
2022-03-04,Gumgaon,109.7,6.6,2.2,0.94,4.64,0.69,8.57,108.54
2022-03-05,Gumgaon,109.7,0.0,2.2,0.94,3.6,3.66,17.03,99.81
2022-03-06,Gumgaon,109.7,0.0,2.2,0.94,3.99,0.45,15.65,108.64
2022-03-07,Gumgaon,109.7,0.0,0.0,0.94,3.89,0.91,5.31,106.45
2022-03-08,Gumgaon,109.7,0.0,0.0,0.94,3.0,0.0,3.66,109.35
2022-03-09,Gumgaon,109.7,0.0,0.0,0.94,3.61,1.34,3.39,105.73
2022-03-10,Gumgaon,109.7,0.0,0.0,0.94,3.0,1.17,7.79,101.48
2022-03-11,Gumgaon,109.7,0.0,0.0,0.0,3.0,0.73,0.0,107.49
2022-03-12,Gumgaon,109.7,0.0,0.0,0.0,3.0,1.23,6.77,110.64
2022-03-13,Gumgaon,109.7,0.0,0.0,0.0,4.79,2.29,5.83,103.52
2022-03-14,Gumgaon,109.7,0.0,0.0,0.0,4.42,0.2,10.41,107.25
2022-03-15,Gumgaon,109.7,0.0,0.0,0.0,4.09,0.15,12.26,109.52
2022-03-16,Gumgaon,109.7,0.0,0.0,0.0,3.19,0.08,0.05,106.9
2022-03-17,Gumgaon,109.7,0.0,0.0,0.0,3.21,0.45,18.16,108.2
2022-03-18,Gumgaon,109.7,0.0,0.0,0.0,3.12,0.12,13.2,106.39
2022-03-19,Gumgaon,109.7,2.29,0.76,0.33,3.62,2.34,3.58,105.04
2022-03-20,Gumgaon,109.7,3.57,1.96,0.84,3.0,1.1,3.58,108.07
2022-03-21,Gumgaon,109.7,0.0,1.96,0.84,3.0,1.61,12.07,108.56
2022-03-22,Gumgaon,109.7,0.0,1.19,0.84,4.15,0.66,10.63,107.06
2022-03-23,Gumgaon,109.7,0.0,0.0,0.84,3.92,1.73,22.65,103.65
2022-03-24,Gumgaon,109.7,2.75,0.92,1.23,5.19,1.37,1.67,109.01
2022-03-25,Gumgaon,109.7,0.0,0.92,1.23,7.14,2.27,1.04,106.92
2022-03-26,Gumgaon,109.7,0.0,0.92,0.9,6.3,1.49,14.46,109.26
2022-03-27,Gumgaon,109.7,0.0,0.0,0.39,6.94,1.21,11.11,105.95
2022-03-28,Gumgaon,109.7,0.0,0.0,0.39,8.41,1.61,0.0,106.81
2022-03-29,Gumgaon,109.7,0.0,0.0,0.39,8.95,1.05,6.41,111.06
2022-03-30,Gumgaon,109.7,0.0,0.0,0.39,11.01,1.62,0.0,103.87
2022-03-31,Gumgaon,109.7,0.0,0.0,0.0,9.18,0.94,1.05,107.41
2022-04-01,Gumgaon,109.7,0.0,0.0,0.0,8.51,1.27,8.76,105.26
2022-04-02,Gumgaon,109.7,0.0,0.0,0.0,11.13,0.8,52.15,103.04
2022-04-03,Gumgaon,109.7,0.33,0.11,0.05,13.46,0.26,6.92,105.74
2022-04-04,Gumgaon,109.7,0.0,0.11,0.05,12.1,0.19,1.72,106.07
2022-04-05,Gumgaon,109.7,0.0,0.11,0.05,11.17,0.26,9.98,108.3
2022-04-06,Gumgaon,109.7,0.0,0.0,0.05,9.7,0.76,2.27,108.5
2022-04-07,Gumgaon,109.7,0.0,0.0,0.05,9.72,1.52,10.34,105.6
2022-04-08,Gumgaon,109.7,0.0,0.0,0.05,9.07,1.2,9.55,106.9
2022-04-09,Gumgaon,109.7,0.0,0.0,0.05,7.26,1.61,22.3,99.07
2022-04-10,Gumgaon,109.7,0.0,0.0,0.0,6.55,0.08,2.37,109.34
2022-04-11,Gumgaon,109.7,0.0,0.0,0.0,6.17,0.97,14.07,106.27
2022-04-12,Gumgaon,109.7,0.0,0.0,0.0,6.22,1.2,9.63,108.26
2022-04-13,Gumgaon,109.7,0.0,0.0,0.0,5.14,1.6,1.47,104.61
2022-04-14,Gumgaon,109.7,0.0,0.0,0.0,4.12,1.78,5.1,104.64
2022-04-15,Gumgaon,109.7,0.0,0.0,0.0,3.0,1.86,13.08,103.64
2022-04-16,Gumgaon,109.7,0.0,0.0,0.0,3.0,0.75,14.37,109.12
2022-04-17,Gumgaon,109.7,0.0,0.0,0.0,3.0,2.39,8.9,106.09
2022-04-18,Gumgaon,109.7,0.0,0.0,0.0,3.33,1.81,14.54,100.57
2022-04-19,Gumgaon,109.7,0.0,0.0,0.0,3.0,2.5,5.29,104.43
2022-04-20,Gumgaon,109.7,0.0,0.0,0.0,3.0,0.87,17.16,105.03
2022-04-21,Gumgaon,109.7,0.0,0.0,0.0,3.0,0.69,25.59,105.18
2022-04-22,Gumgaon,109.7,0.0,0.0,0.0,3.98,0.55,3.71,108.61
2022-04-23,Gumgaon,109.7,0.0,0.0,0.0,3.0,2.04,14.23,100.53
2022-04-24,Gumgaon,109.7,0.0,0.0,0.0,3.76,0.83,24.16,105.93
2022-04-25,Gumgaon,109.7,0.0,0.0,0.0,3.02,0.33,18.81,105.36
2022-04-26,Gumgaon,109.7,0.0,0.0,0.0,3.07,0.0,0.0,106.5
2022-04-27,Gumgaon,109.7,0.0,0.0,0.0,3.0,3.52,4.42,102.36
2022-04-28,Gumgaon,109.7,0.0,0.0,0.0,3.0,0.57,6.38,108.27
2022-04-29,Gumgaon,109.7,0.0,0.0,0.0,3.67,1.03,1.48,107.63
2022-04-30,Gumgaon,109.7,0.0,0.0,0.0,5.39,2.36,26.27,100.48
2022-05-01,Gumgaon,109.7,0.0,0.0,0.0,4.26,1.28,12.04,105.5
2022-05-02,Gumgaon,109.7,0.0,0.0,0.0,3.0,2.65,11.12,103.06
2022-05-03,Gumgaon,109.7,0.0,0.0,0.0,5.13,0.82,9.16,110.84
2022-05-04,Gumgaon,109.7,0.0,0.0,0.0,4.53,0.13,8.53,107.78
2022-05-05,Gumgaon,109.7,0.0,0.0,0.0,5.31,1.51,0.45,106.99
2022-05-06,Gumgaon,109.7,0.0,0.0,0.0,5.61,0.61,7.46,107.72
2022-05-07,Gumgaon,109.7,0.0,0.0,0.0,3.7,0.67,19.15,106.29
2022-05-08,Gumgaon,109.7,0.0,0.0,0.0,3.0,0.04,2.43,108.75
2022-05-09,Gumgaon,109.7,0.0,0.0,0.0,4.66,0.84,0.0,106.96
2022-05-10,Gumgaon,109.7,0.0,0.0,0.0,3.2,0.95,3.13,105.78
2022-05-11,Gumgaon,109.7,9.5,3.17,1.36,7.05,2.2,2.25,102.6
2022-05-12,Gumgaon,109.7,0.0,3.17,1.36,7.11,1.61,6.4,104.61
2022-05-13,Gumgaon,109.7,0.0,3.17,1.36,5.99,0.49,4.37,106.28
2022-05-14,Gumgaon,109.7,8.32,2.77,2.55,9.14,0.78,8.02,107.35
2022-05-15,Gumgaon,109.7,0.0,2.77,2.55,9.34,1.12,0.0,106.87
2022-05-16,Gumgaon,109.7,0.0,2.77,2.55,9.37,2.84,8.55,105.04
2022-05-17,Gumgaon,109.7,0.0,0.0,2.55,7.95,1.51,10.13,105.38
2022-05-18,Gumgaon,109.7,15.39,5.13,3.39,13.18,0.99,5.61,108.93
2022-05-19,Gumgaon,109.7,0.0,5.13,3.39,12.12,0.7,0.6,108.78
2022-05-20,Gumgaon,109.7,16.21,10.53,5.7,16.13,2.54,12.57,103.38
2022-05-21,Gumgaon,109.7,0.0,5.4,4.51,16.3,0.0,9.58,105.01
2022-05-22,Gumgaon,109.7,0.0,5.4,4.51,14.45,0.21,7.64,111.11
2022-05-23,Gumgaon,109.7,0.0,0.0,4.51,12.5,0.18,0.0,109.52
2022-05-24,Gumgaon,109.7,0.0,0.0,4.51,9.13,0.66,10.03,108.33
2022-05-25,Gumgaon,109.7,4.04,1.35,2.89,11.56,0.38,31.72,104.56
2022-05-26,Gumgaon,109.7,0.0,1.35,2.89,11.78,0.68,22.86,104.1
2022-05-27,Gumgaon,109.7,0.0,1.35,0.58,11.87,0.5,11.67,107.65
2022-05-28,Gumgaon,109.7,17.89,5.96,3.13,16.99,0.16,4.41,108.85
2022-05-29,Gumgaon,109.7,0.0,5.96,3.13,14.17,0.43,11.69,108.07
2022-05-30,Gumgaon,109.7,11.23,9.71,4.74,17.54,1.69,9.78,103.96
2022-05-31,Gumgaon,109.7,0.0,3.74,4.74,17.49,0.37,18.43,104.6
2022-06-01,Gumgaon,109.7,0.0,3.74,4.16,15.78,3.06,4.98,95.82
2022-06-02,Gumgaon,109.7,0.0,0.0,4.16,16.43,2.3,2.2,102.55
2022-06-03,Gumgaon,109.7,13.65,4.55,6.11,18.64,5.31,14.18,96.46
2022-06-04,Gumgaon,109.7,32.79,15.48,8.24,27.67,2.28,25.64,98.61
2022-06-05,Gumgaon,109.7,0.0,15.48,8.24,25.76,3.42,11.59,99.45
2022-06-06,Gumgaon,109.7,76.11,36.3,17.51,51.11,1.27,15.1,89.52
2022-06-07,Gumgaon,109.7,0.0,25.37,17.51,47.91,0.83,3.71,103.98
2022-06-08,Gumgaon,109.7,0.0,25.37,17.51,46.33,1.92,0.0,98.75
2022-06-09,Gumgaon,109.7,43.79,14.6,23.76,58.14,2.26,3.24,88.46
2022-06-10,Gumgaon,109.7,87.59,43.79,34.32,60.0,0.25,17.33,89.15
2022-06-11,Gumgaon,109.7,0.0,43.79,29.64,58.44,1.32,8.59,92.84
2022-06-12,Gumgaon,109.7,112.99,66.86,45.78,60.0,3.71,14.98,78.54
2022-06-13,Gumgaon,109.7,74.57,62.52,45.56,60.0,3.67,10.05,86.98
2022-06-14,Gumgaon,109.7,0.0,62.52,45.56,57.19,0.7,6.24,95.5
2022-06-15,Gumgaon,109.7,0.0,24.86,45.56,54.48,0.86,8.47,94.72
2022-06-16,Gumgaon,109.7,37.45,12.48,44.66,60.0,0.42,1.3,93.69
2022-06-17,Gumgaon,109.7,0.0,12.48,32.14,56.64,0.6,9.73,93.32
2022-06-18,Gumgaon,109.7,0.0,12.48,32.14,52.09,1.07,1.76,98.76
2022-06-19,Gumgaon,109.7,0.0,0.0,16.0,47.78,0.91,18.51,95.5
2022-06-20,Gumgaon,109.7,0.0,0.0,5.35,44.34,2.04,0.19,98.46
2022-06-21,Gumgaon,109.7,44.52,14.84,11.71,57.18,0.08,11.78,94.28
2022-06-22,Gumgaon,109.7,0.0,14.84,11.71,54.64,0.0,8.45,98.3
2022-06-23,Gumgaon,109.7,0.0,14.84,6.36,51.84,1.66,33.99,92.76
2022-06-24,Gumgaon,109.7,17.99,6.0,8.93,54.1,0.2,0.0,98.39
2022-06-25,Gumgaon,109.7,0.0,6.0,8.93,48.22,1.52,3.87,95.32
2022-06-26,Gumgaon,109.7,12.75,10.25,10.75,49.65,2.29,7.02,92.2
2022-06-27,Gumgaon,109.7,0.0,4.25,10.75,48.8,0.32,12.2,97.16
2022-06-28,Gumgaon,109.7,0.0,4.25,4.39,45.4,0.0,0.28,103.18
2022-06-29,Gumgaon,109.7,24.85,8.28,7.94,50.1,0.69,6.39,98.86
2022-06-30,Gumgaon,109.7,0.0,8.28,7.94,45.11,0.35,25.22,97.86
2022-07-01,Gumgaon,109.7,0.0,8.28,5.37,43.19,2.25,0.3,97.28
2022-07-02,Gumgaon,109.7,0.0,0.0,5.37,41.86,0.0,25.54,98.93
2022-07-03,Gumgaon,109.7,34.41,11.47,8.47,49.54,2.74,1.98,96.95
2022-07-04,Gumgaon,109.7,0.0,11.47,8.47,45.77,0.96,0.0,101.75
2022-07-05,Gumgaon,109.7,0.0,11.47,8.47,43.34,0.2,6.68,99.21
2022-07-06,Gumgaon,109.7,0.0,0.0,4.92,41.33,4.02,6.58,88.75
2022-07-07,Gumgaon,109.7,19.38,6.46,7.68,43.81,0.43,11.24,98.68
2022-07-08,Gumgaon,109.7,0.0,6.46,7.68,41.88,1.72,3.17,98.28
2022-07-09,Gumgaon,109.7,0.0,6.46,7.68,38.3,0.11,6.68,103.04
2022-07-10,Gumgaon,109.7,13.39,4.46,4.68,39.51,0.18,28.17,99.7
2022-07-11,Gumgaon,109.7,72.41,28.6,15.03,60.0,1.29,9.89,87.26
2022-07-12,Gumgaon,109.7,87.29,57.7,27.5,60.0,1.48,9.62,88.55
2022-07-13,Gumgaon,109.7,106.86,88.86,42.76,60.0,1.56,3.34,84.2
2022-07-14,Gumgaon,109.7,6.0,66.72,40.85,59.61,0.81,11.61,93.76
2022-07-15,Gumgaon,109.7,36.5,49.78,46.06,60.0,1.36,7.94,93.61
2022-07-16,Gumgaon,109.7,0.0,14.16,46.06,57.51,2.35,19.97,88.49
2022-07-17,Gumgaon,109.7,37.2,24.57,49.47,60.0,1.21,7.04,93.02
2022-07-18,Gumgaon,109.7,0.0,12.4,39.12,55.67,1.12,9.45,97.71
2022-07-19,Gumgaon,109.7,103.3,46.84,41.41,60.0,2.2,19.65,85.82
2022-07-20,Gumgaon,109.7,51.01,51.44,33.43,60.0,0.41,5.19,95.39
2022-07-21,Gumgaon,109.7,17.25,57.19,35.04,60.0,0.95,9.94,92.63
2022-07-22,Gumgaon,109.7,46.59,38.28,36.48,60.0,1.04,22.53,92.77
2022-07-23,Gumgaon,109.7,0.0,21.28,36.48,56.03,0.09,1.87,98.11
2022-07-24,Gumgaon,109.7,0.0,15.53,31.16,53.24,2.66,18.6,89.83
2022-07-25,Gumgaon,109.7,0.0,0.0,31.16,50.53,1.76,0.0,97.06
2022-07-26,Gumgaon,109.7,47.7,15.9,23.22,60.0,3.83,8.37,88.42
2022-07-27,Gumgaon,109.7,0.0,15.9,15.93,58.56,1.32,5.61,96.27
2022-07-28,Gumgaon,109.7,7.14,18.28,14.49,57.84,0.61,7.1,94.31
2022-07-29,Gumgaon,109.7,46.82,17.99,14.52,60.0,4.68,6.83,86.55
2022-07-30,Gumgaon,109.7,41.67,31.88,20.48,60.0,0.0,3.79,96.67
2022-07-31,Gumgaon,109.7,0.0,29.5,20.48,56.02,0.44,16.42,93.83
2022-08-01,Gumgaon,109.7,0.0,13.89,20.48,52.31,4.34,25.42,87.83
2022-08-02,Gumgaon,109.7,0.0,0.0,13.66,49.62,0.87,14.08,95.03
2022-08-03,Gumgaon,109.7,12.43,4.14,15.44,49.37,0.28,3.01,97.98
2022-08-04,Gumgaon,109.7,0.0,4.14,14.42,45.37,0.56,0.0,101.31
2022-08-05,Gumgaon,109.7,0.0,4.14,7.73,42.78,1.8,4.51,98.07
2022-08-06,Gumgaon,109.7,21.26,7.09,4.81,48.44,0.43,9.15,101.24
2022-08-07,Gumgaon,109.7,21.35,14.21,7.86,49.99,0.21,14.94,100.34
2022-08-08,Gumgaon,109.7,102.44,48.35,22.5,60.0,0.97,9.79,87.6
2022-08-09,Gumgaon,109.7,0.0,41.27,22.5,55.71,2.83,4.95,90.53
2022-08-10,Gumgaon,109.7,38.36,46.93,26.2,60.0,0.22,16.32,97.0
2022-08-11,Gumgaon,109.7,0.0,12.79,26.2,58.88,0.04,2.83,98.5
2022-08-12,Gumgaon,109.7,0.0,12.79,26.2,53.43,0.86,6.51,95.48
2022-08-13,Gumgaon,109.7,32.2,10.73,27.77,60.0,1.11,15.09,95.01
2022-08-14,Gumgaon,109.7,0.0,10.73,24.71,56.98,0.0,23.01,95.88
2022-08-15,Gumgaon,109.7,61.63,31.28,18.88,60.0,1.15,3.94,91.38
2022-08-16,Gumgaon,109.7,0.0,20.54,18.88,55.95,0.15,6.69,97.34
2022-08-17,Gumgaon,109.7,59.82,40.48,21.95,60.0,1.32,9.67,91.34
2022-08-18,Gumgaon,109.7,0.0,19.94,21.95,56.79,0.53,1.66,96.25
2022-08-19,Gumgaon,109.7,70.94,43.59,32.08,60.0,3.29,14.04,88.15
2022-08-20,Gumgaon,109.7,70.65,47.2,37.58,60.0,6.97,3.18,78.69
2022-08-21,Gumgaon,109.7,61.17,67.59,46.32,60.0,1.65,0.0,90.9
2022-08-22,Gumgaon,109.7,19.18,50.33,40.25,60.0,2.37,8.63,90.9
2022-08-23,Gumgaon,109.7,43.34,41.23,46.44,60.0,2.59,29.52,84.61
2022-08-24,Gumgaon,109.7,0.0,20.84,37.9,55.22,1.79,6.14,90.96
2022-08-25,Gumgaon,109.7,0.0,14.45,37.9,53.47,1.52,6.61,91.04
2022-08-26,Gumgaon,109.7,50.97,16.99,35.04,60.0,0.78,13.66,92.55
2022-08-27,Gumgaon,109.7,0.0,16.99,24.95,55.76,1.33,10.39,93.39
2022-08-28,Gumgaon,109.7,70.03,40.33,26.22,60.0,1.14,22.17,88.8
2022-08-29,Gumgaon,109.7,45.53,38.52,29.98,60.0,0.42,3.89,94.45
2022-08-30,Gumgaon,109.7,0.0,38.52,23.79,53.96,1.01,10.45,97.27
2022-08-31,Gumgaon,109.7,49.87,31.8,30.91,60.0,0.0,7.42,95.68
2022-09-01,Gumgaon,109.7,0.0,16.62,30.91,58.42,0.8,4.39,97.75
2022-09-02,Gumgaon,109.7,0.0,16.62,23.63,54.74,1.05,8.03,96.11
2022-09-03,Gumgaon,109.7,17.03,5.68,26.07,58.5,1.23,14.62,92.11
2022-09-04,Gumgaon,109.7,0.0,5.68,16.06,55.26,0.0,14.33,96.02
2022-09-05,Gumgaon,109.7,59.42,25.48,18.05,60.0,1.89,9.72,87.08
2022-09-06,Gumgaon,109.7,0.0,19.81,18.05,56.42,0.6,1.73,99.64
2022-09-07,Gumgaon,109.7,25.61,28.34,14.58,60.0,0.49,0.0,99.68
2022-09-08,Gumgaon,109.7,0.0,8.54,14.58,54.06,0.81,25.17,94.23
2022-09-09,Gumgaon,109.7,26.71,17.44,18.4,60.0,0.54,0.16,97.45
2022-09-10,Gumgaon,109.7,0.0,8.9,15.96,55.99,1.79,27.15,91.37
2022-09-11,Gumgaon,109.7,9.28,12.0,17.29,54.44,5.56,0.0,84.63
2022-09-12,Gumgaon,109.7,70.02,26.43,18.8,60.0,1.51,26.17,90.52
2022-09-13,Gumgaon,109.7,0.0,26.43,18.8,55.0,0.4,22.55,91.33
2022-09-14,Gumgaon,109.7,0.0,23.34,15.14,51.26,0.93,7.03,99.01
2022-09-15,Gumgaon,109.7,0.0,0.0,15.14,47.0,0.0,16.03,95.64
2022-09-16,Gumgaon,109.7,23.45,7.82,14.68,51.76,0.73,0.0,95.7
2022-09-17,Gumgaon,109.7,0.0,7.82,14.68,46.81,1.81,18.62,96.49
2022-09-18,Gumgaon,109.7,0.0,7.82,13.35,44.3,1.93,0.0,98.86
2022-09-19,Gumgaon,109.7,0.0,0.0,3.35,39.36,0.74,2.76,100.91
2022-09-20,Gumgaon,109.7,37.76,12.59,8.74,50.53,0.75,12.6,93.06
2022-09-21,Gumgaon,109.7,20.8,19.52,11.72,54.33,0.91,2.35,95.42
2022-09-22,Gumgaon,109.7,0.0,19.52,11.72,50.73,1.19,9.9,99.59
2022-09-23,Gumgaon,109.7,48.23,23.01,15.26,60.0,1.08,6.89,93.53
2022-09-24,Gumgaon,109.7,3.77,17.33,15.79,58.89,0.33,3.04,97.36
2022-09-25,Gumgaon,109.7,58.11,36.7,24.1,60.0,1.12,2.64,93.5
2022-09-26,Gumgaon,109.7,41.89,34.59,30.08,60.0,0.68,6.25,94.55
2022-09-27,Gumgaon,109.7,0.0,33.33,24.69,57.47,1.89,14.66,88.89
2022-09-28,Gumgaon,109.7,99.87,47.25,35.98,60.0,2.49,18.86,83.26
2022-09-29,Gumgaon,109.7,0.0,33.29,35.98,57.44,2.54,5.16,90.48
2022-09-30,Gumgaon,109.7,25.81,41.89,32.78,60.0,3.27,4.77,87.04
2022-10-01,Gumgaon,109.7,0.0,8.6,32.24,55.94,0.81,1.09,95.98
2022-10-02,Gumgaon,109.7,0.0,8.6,23.94,54.04,0.46,4.05,97.13
2022-10-03,Gumgaon,109.7,0.0,0.0,17.95,50.5,0.95,1.34,100.57
2022-10-04,Gumgaon,109.7,0.0,0.0,17.95,48.71,0.53,17.16,95.22
2022-10-05,Gumgaon,109.7,0.0,0.0,3.69,46.73,3.78,11.68,91.69
2022-10-06,Gumgaon,109.7,11.55,3.85,5.34,45.62,1.67,7.62,95.08
2022-10-07,Gumgaon,109.7,4.82,5.46,2.34,43.36,1.38,23.29,95.69
2022-10-08,Gumgaon,109.7,0.0,5.46,2.34,42.81,1.15,12.08,101.5
2022-10-09,Gumgaon,109.7,15.28,6.7,4.52,44.41,0.2,4.01,103.2
2022-10-10,Gumgaon,109.7,0.0,5.09,4.52,40.77,0.0,11.49,101.97
2022-10-11,Gumgaon,109.7,0.0,5.09,4.52,39.07,0.59,15.13,98.89
2022-10-12,Gumgaon,109.7,0.0,0.0,4.52,37.59,1.02,7.54,99.84
2022-10-13,Gumgaon,109.7,0.0,0.0,2.87,35.29,2.47,16.48,95.19
2022-10-14,Gumgaon,109.7,0.0,0.0,2.18,31.14,2.2,14.9,100.0
2022-10-15,Gumgaon,109.7,0.0,0.0,2.18,28.7,3.08,19.87,97.51
2022-10-16,Gumgaon,109.7,6.56,2.19,0.94,28.35,1.87,0.0,106.24
2022-10-17,Gumgaon,109.7,0.0,2.19,0.94,28.17,1.09,41.25,99.38
2022-10-18,Gumgaon,109.7,11.09,5.89,2.52,28.85,0.25,2.22,105.81
2022-10-19,Gumgaon,109.7,0.0,3.7,2.52,27.49,0.11,0.0,106.41
2022-10-20,Gumgaon,109.7,0.0,3.7,2.52,27.01,0.33,12.55,105.12
2022-10-21,Gumgaon,109.7,0.0,0.0,2.52,23.77,0.6,0.8,106.18
2022-10-22,Gumgaon,109.7,0.0,0.0,2.52,21.61,1.01,8.09,104.1
2022-10-23,Gumgaon,109.7,0.0,0.0,1.58,21.0,0.42,16.36,110.71
2022-10-24,Gumgaon,109.7,0.0,0.0,1.58,20.36,2.53,19.64,103.09
2022-10-25,Gumgaon,109.7,0.0,0.0,0.0,19.2,0.75,8.71,108.94
2022-10-26,Gumgaon,109.7,0.0,0.0,0.0,17.72,0.46,0.0,109.43
2022-10-27,Gumgaon,109.7,0.0,0.0,0.0,16.4,0.04,6.02,110.16
2022-10-28,Gumgaon,109.7,0.0,0.0,0.0,16.08,0.0,10.17,113.21
2022-10-29,Gumgaon,109.7,15.96,5.32,2.28,20.98,2.05,8.93,101.93
2022-10-30,Gumgaon,109.7,4.34,6.77,2.9,18.93,2.63,0.0,100.76
2022-10-31,Gumgaon,109.7,0.0,6.77,2.9,19.32,0.42,9.07,107.16
2022-11-01,Gumgaon,109.7,0.0,1.45,2.9,19.03,0.87,26.19,107.67
2022-11-02,Gumgaon,109.7,0.0,0.0,2.9,17.69,0.17,7.55,108.53
2022-11-03,Gumgaon,109.7,0.0,0.0,2.9,14.96,0.21,8.15,108.6
2022-11-04,Gumgaon,109.7,0.0,0.0,2.9,15.7,1.46,13.15,106.42
2022-11-05,Gumgaon,109.7,0.0,0.0,0.62,16.31,2.07,0.0,107.12
2022-11-06,Gumgaon,109.7,0.0,0.0,0.0,13.87,4.04,26.03,96.69
2022-11-07,Gumgaon,109.7,0.0,0.0,0.0,11.74,0.54,4.57,107.69
2022-11-08,Gumgaon,109.7,0.0,0.0,0.0,10.35,1.03,0.0,106.96
2022-11-09,Gumgaon,109.7,0.0,0.0,0.0,9.19,1.12,21.4,106.59
2022-11-10,Gumgaon,109.7,0.0,0.0,0.0,6.83,0.0,0.0,110.85
2022-11-11,Gumgaon,109.7,0.0,0.0,0.0,7.39,0.0,0.0,104.16
2022-11-12,Gumgaon,109.7,0.0,0.0,0.0,7.68,0.15,3.7,107.49
2022-11-13,Gumgaon,109.7,0.0,0.0,0.0,8.4,2.15,21.02,101.29
2022-11-14,Gumgaon,109.7,0.0,0.0,0.0,6.02,0.0,10.56,103.78
2022-11-15,Gumgaon,109.7,0.0,0.0,0.0,4.88,0.66,12.71,105.4
2022-11-16,Gumgaon,109.7,0.0,0.0,0.0,3.62,2.68,14.12,102.3
2022-11-17,Gumgaon,109.7,0.0,0.0,0.0,3.04,0.13,6.13,107.27
2022-11-18,Gumgaon,109.7,0.0,0.0,0.0,3.0,1.01,10.01,105.9
2022-11-19,Gumgaon,109.7,0.0,0.0,0.0,3.0,1.24,13.95,104.71
2022-11-20,Gumgaon,109.7,0.0,0.0,0.0,3.0,0.59,12.29,104.62
2022-11-21,Gumgaon,109.7,0.0,0.0,0.0,3.0,0.0,8.72,109.7
2022-11-22,Gumgaon,109.7,0.0,0.0,0.0,3.54,1.42,13.26,102.12
2022-11-23,Gumgaon,109.7,0.0,0.0,0.0,3.0,5.07,1.26,98.67
2022-11-24,Gumgaon,109.7,0.0,0.0,0.0,3.04,1.94,1.87,105.29
2022-11-25,Gumgaon,109.7,0.0,0.0,0.0,3.82,0.69,0.0,107.52
2022-11-26,Gumgaon,109.7,0.0,0.0,0.0,3.35,0.0,0.0,112.23
2022-11-27,Gumgaon,109.7,0.0,0.0,0.0,3.0,1.2,8.03,106.73
2022-11-28,Gumgaon,109.7,0.0,0.0,0.0,3.0,0.44,14.21,106.57
2022-11-29,Gumgaon,109.7,0.0,0.0,0.0,3.0,1.78,6.82,100.37
2022-11-30,Gumgaon,109.7,0.0,0.0,0.0,3.0,1.32,24.2,102.04
2022-12-01,Gumgaon,109.7,0.0,0.0,0.0,3.0,0.8,7.2,109.95
2022-12-02,Gumgaon,109.7,2.74,0.91,0.39,3.3,1.76,8.94,104.57
2022-12-03,Gumgaon,109.7,6.4,3.04,1.3,6.44,3.0,9.92,104.49
2022-12-04,Gumgaon,109.7,0.0,3.04,1.3,5.03,0.7,15.36,103.98
2022-12-05,Gumgaon,109.7,0.0,2.13,1.3,5.47,2.48,9.81,101.29
2022-12-06,Gumgaon,109.7,0.0,0.0,1.3,5.9,0.69,6.75,106.52
2022-12-07,Gumgaon,109.7,0.0,0.0,1.3,4.64,1.32,0.0,106.0
2022-12-08,Gumgaon,109.7,0.0,0.0,1.3,4.57,2.48,6.05,104.78
2022-12-09,Gumgaon,109.7,0.0,0.0,0.91,5.85,1.36,4.15,104.95
2022-12-10,Gumgaon,109.7,0.0,0.0,0.0,4.91,0.67,1.64,103.66
2022-12-11,Gumgaon,109.7,0.0,0.0,0.0,6.17,0.92,14.53,105.05
2022-12-12,Gumgaon,109.7,0.0,0.0,0.0,7.76,0.6,19.16,106.48
2022-12-13,Gumgaon,109.7,0.0,0.0,0.0,7.38,0.6,32.58,102.65
2022-12-14,Gumgaon,109.7,0.0,0.0,0.0,6.71,1.13,7.84,107.84
2022-12-15,Gumgaon,109.7,0.0,0.0,0.0,7.62,1.11,0.0,109.27
2022-12-16,Gumgaon,109.7,0.0,0.0,0.0,9.14,0.08,8.16,109.14
2022-12-17,Gumgaon,109.7,0.0,0.0,0.0,10.72,0.49,14.78,108.33
2022-12-18,Gumgaon,109.7,0.0,0.0,0.0,12.17,0.68,11.23,108.97
2022-12-19,Gumgaon,109.7,0.0,0.0,0.0,12.46,1.99,0.29,104.34
2022-12-20,Gumgaon,109.7,0.0,0.0,0.0,11.88,1.03,3.33,109.34
2022-12-21,Gumgaon,109.7,0.0,0.0,0.0,11.29,1.43,6.57,105.62
2022-12-22,Gumgaon,109.7,5.37,1.79,0.77,10.78,0.48,12.26,104.63
2022-12-23,Gumgaon,109.7,0.0,1.79,0.77,10.53,2.04,17.56,103.47
2022-12-24,Gumgaon,109.7,0.0,1.79,0.77,7.67,1.23,16.93,104.27
2022-12-25,Gumgaon,109.7,0.0,0.0,0.77,8.68,1.11,0.0,105.95
2022-12-26,Gumgaon,109.7,0.0,0.0,0.77,9.46,0.53,0.1,106.03
2022-12-27,Gumgaon,109.7,0.0,0.0,0.77,7.84,1.53,4.03,104.9
2022-12-28,Gumgaon,109.7,0.0,0.0,0.77,7.62,2.0,4.89,104.51
2022-12-29,Gumgaon,109.7,0.0,0.0,0.0,6.15,1.17,0.08,108.14
2022-12-30,Gumgaon,109.7,0.0,0.0,0.0,5.68,1.7,2.69,110.35
2022-12-31,Gumgaon,109.7,0.0,0.0,0.0,3.15,2.87,0.7,104.83
2023-01-01,Gumgaon,109.7,0.0,0.0,0.0,4.75,0.44,2.76,108.72
2023-01-02,Gumgaon,109.7,0.0,0.0,0.0,3.73,1.2,9.17,105.65
2023-01-03,Gumgaon,109.7,0.0,0.0,0.0,3.81,1.93,4.33,103.1
2023-01-04,Gumgaon,109.7,0.0,0.0,0.0,3.0,0.81,10.54,107.31
2023-01-05,Gumgaon,109.7,0.0,0.0,0.0,4.31,0.39,16.56,106.76
2023-01-06,Gumgaon,109.7,0.0,0.0,0.0,4.76,0.0,12.49,109.56
2023-01-07,Gumgaon,109.7,0.0,0.0,0.0,4.49,1.97,21.27,104.93
2023-01-08,Gumgaon,109.7,0.0,0.0,0.0,4.22,0.29,16.25,108.65
2023-01-09,Gumgaon,109.7,0.0,0.0,0.0,5.05,0.0,11.21,108.26
2023-01-10,Gumgaon,109.7,0.0,0.0,0.0,6.78,0.0,11.3,109.56
2023-01-11,Gumgaon,109.7,0.0,0.0,0.0,8.04,2.65,12.43,100.36
2023-01-12,Gumgaon,109.7,0.0,0.0,0.0,8.49,0.78,0.45,103.22
2023-01-13,Gumgaon,109.7,0.0,0.0,0.0,10.11,2.49,3.88,103.88
2023-01-14,Gumgaon,109.7,0.0,0.0,0.0,8.11,0.31,6.1,111.56
2023-01-15,Gumgaon,109.7,0.0,0.0,0.0,8.24,0.6,0.0,108.82
2023-01-16,Gumgaon,109.7,0.0,0.0,0.0,10.09,0.24,0.0,107.07
2023-01-17,Gumgaon,109.7,0.0,0.0,0.0,9.76,3.61,6.32,96.51
2023-01-18,Gumgaon,109.7,0.0,0.0,0.0,9.93,0.37,10.15,111.06
2023-01-19,Gumgaon,109.7,0.0,0.0,0.0,9.11,0.24,8.11,109.46
2023-01-20,Gumgaon,109.7,0.0,0.0,0.0,8.11,1.86,13.66,105.08
2023-01-21,Gumgaon,109.7,0.0,0.0,0.0,11.43,0.56,0.0,108.87
2023-01-22,Gumgaon,109.7,0.0,0.0,0.0,10.89,1.58,11.96,104.55
2023-01-23,Gumgaon,109.7,0.0,0.0,0.0,9.34,0.34,0.0,110.97
2023-01-24,Gumgaon,109.7,0.0,0.0,0.0,9.02,0.57,8.47,111.74
2023-01-25,Gumgaon,109.7,0.0,0.0,0.0,7.5,0.49,26.68,101.14
2023-01-26,Gumgaon,109.7,0.0,0.0,0.0,5.34,0.88,5.41,106.65
2023-01-27,Gumgaon,109.7,0.0,0.0,0.0,4.99,2.82,18.69,101.68
2023-01-28,Gumgaon,109.7,0.0,0.0,0.0,7.72,0.43,2.62,112.23
2023-01-29,Gumgaon,109.7,0.0,0.0,0.0,7.84,2.6,23.21,100.27
2023-01-30,Gumgaon,109.7,0.0,0.0,0.0,8.96,2.62,20.53,102.54
2023-01-31,Gumgaon,109.7,0.0,0.0,0.0,8.26,1.23,4.65,102.96
2023-02-01,Gumgaon,109.7,0.0,0.0,0.0,9.49,1.64,10.54,104.57
2023-02-02,Gumgaon,109.7,0.0,0.0,0.0,11.45,0.46,5.41,110.19
2023-02-03,Gumgaon,109.7,0.0,0.0,0.0,11.69,0.0,1.44,109.53
2023-02-04,Gumgaon,109.7,0.0,0.0,0.0,11.8,0.6,0.0,110.51
2023-02-05,Gumgaon,109.7,0.0,0.0,0.0,8.71,0.18,15.95,107.43
2023-02-06,Gumgaon,109.7,0.0,0.0,0.0,8.82,0.0,8.64,107.06
2023-02-07,Gumgaon,109.7,0.0,0.0,0.0,6.96,1.75,1.21,106.51
2023-02-08,Gumgaon,109.7,0.0,0.0,0.0,6.47,1.21,7.49,103.16
2023-02-09,Gumgaon,109.7,0.0,0.0,0.0,8.19,2.81,0.0,105.11
2023-02-10,Gumgaon,109.7,0.0,0.0,0.0,7.04,1.32,1.63,101.77
2023-02-11,Gumgaon,109.7,0.0,0.0,0.0,5.79,0.47,0.0,109.38
2023-02-12,Gumgaon,109.7,0.0,0.0,0.0,5.92,0.0,3.2,107.65
2023-02-13,Gumgaon,109.7,2.09,0.7,0.3,7.67,3.12,11.93,102.85
2023-02-14,Gumgaon,109.7,0.0,0.7,0.3,6.14,3.87,8.9,101.38
2023-02-15,Gumgaon,109.7,0.0,0.7,0.3,3.0,0.64,15.66,106.69
2023-02-16,Gumgaon,109.7,0.0,0.0,0.3,3.94,0.49,6.31,107.53
2023-02-17,Gumgaon,109.7,0.0,0.0,0.3,3.0,0.17,18.65,103.98
2023-02-18,Gumgaon,109.7,0.0,0.0,0.3,3.75,3.0,13.14,98.8
2023-02-19,Gumgaon,109.7,0.0,0.0,0.3,3.0,0.19,23.6,106.5
2023-02-20,Gumgaon,109.7,0.0,0.0,0.0,3.21,1.81,10.78,105.17
2023-02-21,Gumgaon,109.7,0.0,0.0,0.0,3.0,1.74,8.1,105.01
2023-02-22,Gumgaon,109.7,0.0,0.0,0.0,4.42,0.91,9.32,107.81
2023-02-23,Gumgaon,109.7,0.0,0.0,0.0,4.12,0.75,3.42,107.07
2023-02-24,Gumgaon,109.7,0.0,0.0,0.0,6.95,1.18,39.41,100.73
2023-02-25,Gumgaon,109.7,0.0,0.0,0.0,6.41,1.58,23.58,100.36
2023-02-26,Gumgaon,109.7,0.0,0.0,0.0,8.02,0.39,4.45,108.0
2023-02-27,Gumgaon,109.7,0.0,0.0,0.0,6.09,0.12,0.0,109.66
2023-02-28,Gumgaon,109.7,0.0,0.0,0.0,6.21,1.77,10.79,101.98
2023-03-01,Gumgaon,109.7,0.0,0.0,0.0,5.68,0.38,13.49,103.89
2023-03-02,Gumgaon,109.7,0.0,0.0,0.0,5.5,0.01,11.01,112.54
2023-03-03,Gumgaon,109.7,0.0,0.0,0.0,6.46,0.07,5.99,108.85
2023-03-04,Gumgaon,109.7,0.0,0.0,0.0,5.85,0.68,4.32,109.43
2023-03-05,Gumgaon,109.7,0.0,0.0,0.0,6.76,0.68,11.37,106.45
2023-03-06,Gumgaon,109.7,0.0,0.0,0.0,5.73,0.57,15.81,108.01
2023-03-07,Gumgaon,109.7,0.0,0.0,0.0,5.67,0.5,18.93,107.47
2023-03-08,Gumgaon,109.7,0.0,0.0,0.0,5.63,0.25,17.95,103.75
2023-03-09,Gumgaon,109.7,0.0,0.0,0.0,7.73,2.23,7.45,101.23
2023-03-10,Gumgaon,109.7,0.0,0.0,0.0,7.62,0.21,14.05,105.82
2023-03-11,Gumgaon,109.7,0.0,0.0,0.0,7.69,1.59,17.86,102.47
2023-03-12,Gumgaon,109.7,0.0,0.0,0.0,6.84,1.91,3.31,104.12
2023-03-13,Gumgaon,109.7,0.0,0.0,0.0,6.54,2.37,5.13,102.16
2023-03-14,Gumgaon,109.7,0.0,0.0,0.0,7.8,0.26,23.72,106.48
2023-03-15,Gumgaon,109.7,0.0,0.0,0.0,6.76,2.57,18.13,103.41
2023-03-16,Gumgaon,109.7,0.0,0.0,0.0,7.9,0.0,12.95,109.9
2023-03-17,Gumgaon,109.7,0.0,0.0,0.0,8.62,1.28,0.0,108.22
2023-03-18,Gumgaon,109.7,0.0,0.0,0.0,6.33,0.06,3.25,112.12
2023-03-19,Gumgaon,109.7,0.0,0.0,0.0,4.82,1.19,0.0,107.28
2023-03-20,Gumgaon,109.7,0.0,0.0,0.0,3.27,0.0,0.0,106.89
2023-03-21,Gumgaon,109.7,0.0,0.0,0.0,3.0,1.05,10.36,103.55
2023-03-22,Gumgaon,109.7,0.0,0.0,0.0,3.0,1.39,7.76,107.3
2023-03-23,Gumgaon,109.7,4.28,1.43,0.61,3.97,0.5,3.03,112.58
2023-03-24,Gumgaon,109.7,0.0,1.43,0.61,3.0,2.5,12.9,102.35
2023-03-25,Gumgaon,109.7,0.0,1.43,0.61,3.0,1.17,11.05,105.77
2023-03-26,Gumgaon,109.7,0.0,0.0,0.61,3.0,1.94,2.42,104.38
2023-03-27,Gumgaon,109.7,0.0,0.0,0.61,3.0,0.6,2.06,106.98
2023-03-28,Gumgaon,109.7,0.0,0.0,0.61,3.0,1.19,13.32,105.05
2023-03-29,Gumgaon,109.7,0.0,0.0,0.61,3.32,0.63,12.92,105.85
2023-03-30,Gumgaon,109.7,0.0,0.0,0.0,3.72,2.3,7.43,101.64
2023-03-31,Gumgaon,109.7,0.0,0.0,0.0,3.53,1.43,4.98,105.66
2023-04-01,Gumgaon,109.7,0.0,0.0,0.0,4.42,1.94,12.79,103.24
2023-04-02,Gumgaon,109.7,0.0,0.0,0.0,5.41,0.65,1.81,107.07
2023-04-03,Gumgaon,109.7,0.0,0.0,0.0,5.04,0.0,13.35,108.68
2023-04-04,Gumgaon,109.7,0.0,0.0,0.0,4.74,0.73,0.56,111.8
2023-04-05,Gumgaon,109.7,0.0,0.0,0.0,3.24,2.58,22.86,100.59
2023-04-06,Gumgaon,109.7,0.0,0.0,0.0,4.06,0.0,0.0,106.61
2023-04-07,Gumgaon,109.7,0.0,0.0,0.0,3.82,0.93,18.55,106.13
2023-04-08,Gumgaon,109.7,0.0,0.0,0.0,4.24,1.01,4.25,103.56
2023-04-09,Gumgaon,109.7,0.0,0.0,0.0,6.63,0.58,21.47,103.28
2023-04-10,Gumgaon,109.7,0.0,0.0,0.0,6.76,0.0,0.0,111.73
2023-04-11,Gumgaon,109.7,0.0,0.0,0.0,7.04,2.14,0.0,107.71
2023-04-12,Gumgaon,109.7,0.0,0.0,0.0,9.13,0.44,1.65,107.53
2023-04-13,Gumgaon,109.7,0.0,0.0,0.0,8.12,0.36,18.4,106.74
2023-04-14,Gumgaon,109.7,11.2,3.73,1.6,9.68,1.09,1.2,104.32
2023-04-15,Gumgaon,109.7,0.0,3.73,1.6,9.04,0.72,10.55,109.6
2023-04-16,Gumgaon,109.7,0.0,3.73,1.6,8.09,0.78,10.02,108.93
2023-04-17,Gumgaon,109.7,0.0,0.0,1.6,8.47,1.87,21.05,102.13
2023-04-18,Gumgaon,109.7,0.0,0.0,1.6,9.37,1.15,5.85,106.89
2023-04-19,Gumgaon,109.7,0.0,0.0,1.6,6.99,0.88,17.52,104.08
2023-04-20,Gumgaon,109.7,0.0,0.0,1.6,5.85,1.42,2.66,105.57
2023-04-21,Gumgaon,109.7,0.0,0.0,0.0,5.72,1.12,2.49,107.38
2023-04-22,Gumgaon,109.7,0.0,0.0,0.0,4.69,0.96,0.0,107.77
2023-04-23,Gumgaon,109.7,0.0,0.0,0.0,5.63,0.89,3.4,105.71
2023-04-24,Gumgaon,109.7,0.0,0.0,0.0,3.66,1.78,3.99,99.07
2023-04-25,Gumgaon,109.7,0.0,0.0,0.0,3.0,2.4,20.29,100.72
2023-04-26,Gumgaon,109.7,0.0,0.0,0.0,3.04,1.28,4.19,106.42
2023-04-27,Gumgaon,109.7,0.0,0.0,0.0,5.18,0.0,5.82,109.1
2023-04-28,Gumgaon,109.7,0.0,0.0,0.0,3.0,0.0,2.59,110.42
2023-04-29,Gumgaon,109.7,0.0,0.0,0.0,4.6,0.28,27.17,108.62
2023-04-30,Gumgaon,109.7,0.0,0.0,0.0,3.0,0.0,1.88,115.31
2023-05-01,Gumgaon,109.7,0.0,0.0,0.0,4.27,1.65,2.6,106.76
2023-05-02,Gumgaon,109.7,0.0,0.0,0.0,3.0,0.0,10.74,109.43
2023-05-03,Gumgaon,109.7,0.0,0.0,0.0,3.0,1.19,5.44,109.27
2023-05-04,Gumgaon,109.7,0.0,0.0,0.0,3.0,1.05,8.94,108.09
2023-05-05,Gumgaon,109.7,0.0,0.0,0.0,3.49,3.13,42.36,96.83
2023-05-06,Gumgaon,109.7,0.0,0.0,0.0,3.09,2.09,5.97,102.69
2023-05-07,Gumgaon,109.7,0.0,0.0,0.0,3.0,1.81,7.68,105.32
2023-05-08,Gumgaon,109.7,0.0,0.0,0.0,3.0,2.93,9.93,101.88
2023-05-09,Gumgaon,109.7,3.48,1.16,0.5,3.0,0.64,9.32,108.59
2023-05-10,Gumgaon,109.7,0.0,1.16,0.5,3.24,1.6,8.11,102.87
2023-05-11,Gumgaon,109.7,0.0,1.16,0.5,3.0,0.65,1.37,108.83
2023-05-12,Gumgaon,109.7,0.0,0.0,0.5,3.0,0.04,13.81,106.07
2023-05-13,Gumgaon,109.7,0.0,0.0,0.5,3.0,1.85,29.99,104.22
2023-05-14,Gumgaon,109.7,0.0,0.0,0.5,3.0,1.05,0.0,107.12
2023-05-15,Gumgaon,109.7,26.86,8.95,4.33,12.27,0.31,7.79,111.76
2023-05-16,Gumgaon,109.7,0.0,8.95,3.84,11.73,0.59,6.09,107.06
2023-05-17,Gumgaon,109.7,0.0,8.95,3.84,9.77,1.61,3.76,104.17
2023-05-18,Gumgaon,109.7,0.0,0.0,3.84,8.45,0.32,17.62,106.05
2023-05-19,Gumgaon,109.7,5.67,1.89,4.65,8.88,0.0,3.13,108.05
2023-05-20,Gumgaon,109.7,0.0,1.89,4.65,9.32,1.21,12.17,103.09
2023-05-21,Gumgaon,109.7,0.0,1.89,4.65,8.52,2.06,23.29,101.37
2023-05-22,Gumgaon,109.7,0.0,0.0,0.81,11.07,0.57,14.16,106.84
2023-05-23,Gumgaon,109.7,16.47,5.49,3.16,16.99,0.0,4.42,107.6
2023-05-24,Gumgaon,109.7,0.0,5.49,3.16,15.79,1.66,5.75,105.9
2023-05-25,Gumgaon,109.7,0.0,5.49,3.16,16.73,0.59,12.34,108.4
2023-05-26,Gumgaon,109.7,0.0,0.0,2.35,16.41,0.4,11.65,108.05
2023-05-27,Gumgaon,109.7,0.0,0.0,2.35,15.25,3.43,0.71,100.22
2023-05-28,Gumgaon,109.7,0.0,0.0,2.35,14.19,0.61,23.43,104.0
2023-05-29,Gumgaon,109.7,13.8,4.6,4.32,17.22,0.0,9.74,113.31
2023-05-30,Gumgaon,109.7,0.0,4.6,1.97,17.48,0.33,6.19,106.31
2023-05-31,Gumgaon,109.7,0.0,4.6,1.97,17.59,0.0,11.49,112.29
2023-06-01,Gumgaon,109.7,28.74,9.58,6.08,27.65,1.08,34.86,99.59
2023-06-02,Gumgaon,109.7,88.44,39.06,18.71,56.32,3.0,41.24,84.14
2023-06-03,Gumgaon,109.7,0.0,39.06,18.71,51.91,1.32,11.04,93.8
2023-06-04,Gumgaon,109.7,6.45,31.63,19.63,50.74,0.71,5.96,95.65
2023-06-05,Gumgaon,109.7,104.75,37.07,32.63,60.0,1.49,18.35,82.97
2023-06-06,Gumgaon,109.7,157.29,89.49,55.09,60.0,3.75,25.13,71.27
2023-06-07,Gumgaon,109.7,0.0,87.35,55.09,57.15,0.55,16.14,93.28
2023-06-08,Gumgaon,109.7,0.0,52.43,50.99,53.38,1.58,10.5,95.32
2023-06-09,Gumgaon,109.7,0.0,0.0,38.35,50.03,1.17,9.24,95.79
2023-06-10,Gumgaon,109.7,21.76,7.25,41.46,54.92,0.44,9.95,97.11
2023-06-11,Gumgaon,109.7,0.0,7.25,40.54,52.72,0.0,5.95,100.41
2023-06-12,Gumgaon,109.7,26.92,16.23,29.42,57.29,1.5,17.87,93.92
2023-06-13,Gumgaon,109.7,0.0,8.97,6.95,52.73,0.51,0.0,99.3
2023-06-14,Gumgaon,109.7,0.0,8.97,6.95,50.22,1.68,0.66,96.81
2023-06-15,Gumgaon,109.7,61.56,20.52,15.75,60.0,2.28,1.42,87.39
2023-06-16,Gumgaon,109.7,0.0,20.52,15.75,55.8,0.17,2.93,95.0
2023-06-17,Gumgaon,109.7,51.95,37.84,20.06,60.0,0.16,22.09,92.07
2023-06-18,Gumgaon,109.7,0.0,17.32,20.06,57.53,1.69,8.37,94.15
2023-06-19,Gumgaon,109.7,24.94,25.63,19.78,60.0,0.0,5.12,96.42
2023-06-20,Gumgaon,109.7,13.21,12.72,21.67,58.41,1.73,13.98,88.82
2023-06-21,Gumgaon,109.7,0.0,12.72,21.67,55.27,1.27,11.32,92.5
2023-06-22,Gumgaon,109.7,0.0,4.4,12.87,52.44,0.07,8.25,100.12
2023-06-23,Gumgaon,109.7,0.0,0.0,12.87,48.5,0.59,13.12,99.8
2023-06-24,Gumgaon,109.7,40.76,13.59,11.27,60.0,1.8,12.19,90.32
2023-06-25,Gumgaon,109.7,0.0,13.59,11.27,54.11,3.35,1.3,92.34
2023-06-26,Gumgaon,109.7,0.0,13.59,7.71,48.94,1.77,13.5,94.67
2023-06-27,Gumgaon,109.7,47.73,15.91,12.64,60.0,1.74,0.05,93.42
2023-06-28,Gumgaon,109.7,0.0,15.91,12.64,56.81,1.21,10.84,91.63
2023-06-29,Gumgaon,109.7,68.43,38.72,22.42,60.0,0.79,11.76,92.33
2023-06-30,Gumgaon,109.7,0.0,22.81,22.42,56.98,0.51,0.0,93.29
2023-07-01,Gumgaon,109.7,15.43,27.95,18.8,58.92,1.08,13.51,91.68
2023-07-02,Gumgaon,109.7,9.39,8.27,20.14,58.48,0.0,4.13,94.59
2023-07-03,Gumgaon,109.7,72.5,32.44,30.5,60.0,2.51,14.75,90.06
2023-07-04,Gumgaon,109.7,51.57,44.49,31.05,60.0,1.15,4.86,95.5
2023-07-05,Gumgaon,109.7,0.0,41.36,31.05,56.96,2.22,3.8,89.6
2023-07-06,Gumgaon,109.7,0.0,17.19,21.27,53.22,1.19,12.19,97.09
2023-07-07,Gumgaon,109.7,0.0,0.0,21.27,51.34,1.22,18.36,96.66
2023-07-08,Gumgaon,109.7,0.0,0.0,19.07,48.01,1.51,8.88,97.22
2023-07-09,Gumgaon,109.7,57.99,19.33,26.01,60.0,1.75,11.97,86.16
2023-07-10,Gumgaon,109.7,0.0,19.33,15.65,56.09,0.07,9.48,93.06
2023-07-11,Gumgaon,109.7,0.0,19.33,8.28,54.5,1.25,4.19,97.21
2023-07-12,Gumgaon,109.7,0.0,0.0,8.28,53.64,0.79,28.88,94.79
2023-07-13,Gumgaon,109.7,25.35,8.45,11.91,59.32,0.29,14.02,97.41
2023-07-14,Gumgaon,109.7,0.0,8.45,11.91,55.12,0.49,16.12,97.39
2023-07-15,Gumgaon,109.7,14.26,13.2,13.94,55.29,1.72,4.16,94.39
2023-07-16,Gumgaon,109.7,0.0,4.75,5.66,51.78,0.74,13.88,93.3
2023-07-17,Gumgaon,109.7,0.0,4.75,5.66,47.98,1.54,0.0,98.54
2023-07-18,Gumgaon,109.7,82.68,27.56,17.47,60.0,3.3,8.81,85.78
2023-07-19,Gumgaon,109.7,36.64,39.77,22.7,60.0,1.34,9.96,93.76
2023-07-20,Gumgaon,109.7,0.0,39.77,19.08,55.9,3.36,9.18,85.5
2023-07-21,Gumgaon,109.7,0.0,12.21,19.08,51.87,1.5,7.47,92.76
2023-07-22,Gumgaon,109.7,33.23,11.08,21.79,60.0,0.0,9.67,94.4
2023-07-23,Gumgaon,109.7,56.21,29.81,29.82,60.0,1.91,25.02,90.42
2023-07-24,Gumgaon,109.7,43.13,44.19,35.98,60.0,0.89,7.69,95.22
2023-07-25,Gumgaon,109.7,0.0,33.11,24.17,57.19,1.32,17.31,94.14
2023-07-26,Gumgaon,109.7,17.36,20.16,21.42,60.0,0.39,6.81,95.29
2023-07-27,Gumgaon,109.7,19.48,12.28,24.2,60.0,1.07,0.84,92.52
2023-07-28,Gumgaon,109.7,0.0,12.28,24.2,55.72,0.0,6.53,95.16
2023-07-29,Gumgaon,109.7,0.0,6.49,19.45,50.89,1.74,6.86,94.01
2023-07-30,Gumgaon,109.7,0.0,0.0,11.42,48.32,0.38,12.91,98.9
2023-07-31,Gumgaon,109.7,0.0,0.0,5.26,43.87,0.75,8.52,96.07
2023-08-01,Gumgaon,109.7,19.07,6.36,7.99,49.98,1.56,8.67,92.14
2023-08-02,Gumgaon,109.7,11.64,10.24,7.17,50.38,1.78,3.79,95.77
2023-08-03,Gumgaon,109.7,0.0,10.24,4.39,47.6,2.82,7.76,94.18
2023-08-04,Gumgaon,109.7,60.46,24.03,13.03,60.0,1.41,11.07,90.01
2023-08-05,Gumgaon,109.7,0.0,20.15,13.03,55.54,0.06,6.95,96.26
2023-08-06,Gumgaon,109.7,37.53,32.66,18.39,60.0,1.96,29.92,90.46
2023-08-07,Gumgaon,109.7,133.83,57.12,37.51,60.0,3.8,27.1,75.87
2023-08-08,Gumgaon,109.7,0.0,57.12,34.78,55.78,0.54,7.89,99.17
2023-08-09,Gumgaon,109.7,0.0,44.61,33.12,50.35,1.25,11.64,95.49
2023-08-10,Gumgaon,109.7,0.0,0.0,33.12,47.29,0.43,26.27,97.4
2023-08-11,Gumgaon,109.7,29.34,9.78,28.67,53.96,0.0,0.29,97.34
2023-08-12,Gumgaon,109.7,0.0,9.78,28.67,51.87,0.73,2.95,97.3
2023-08-13,Gumgaon,109.7,27.32,18.89,27.21,58.23,3.16,24.84,90.5
2023-08-14,Gumgaon,109.7,38.13,21.82,13.54,60.0,1.7,8.05,91.21
2023-08-15,Gumgaon,109.7,78.2,47.88,24.71,60.0,1.77,7.05,86.19
2023-08-16,Gumgaon,109.7,0.0,38.78,24.71,56.04,0.63,18.14,94.4
2023-08-17,Gumgaon,109.7,0.0,26.07,24.71,50.33,1.33,20.35,95.59
2023-08-18,Gumgaon,109.7,0.0,0.0,20.52,45.2,1.18,10.42,95.43
2023-08-19,Gumgaon,109.7,0.0,0.0,20.52,41.93,0.85,1.93,99.62
2023-08-20,Gumgaon,109.7,0.0,0.0,16.62,38.67,0.32,4.87,102.28
2023-08-21,Gumgaon,109.7,20.08,6.69,14.04,42.21,3.7,16.56,91.91
2023-08-22,Gumgaon,109.7,7.73,9.27,3.97,42.72,2.25,8.17,99.12
2023-08-23,Gumgaon,109.7,12.97,13.59,5.83,41.55,0.83,5.69,100.07
2023-08-24,Gumgaon,109.7,12.32,11.01,7.59,44.56,0.5,5.76,100.73
2023-08-25,Gumgaon,109.7,95.0,40.1,21.16,60.0,1.89,18.83,83.37
2023-08-26,Gumgaon,109.7,0.0,35.78,21.16,56.29,0.5,14.99,95.09
2023-08-27,Gumgaon,109.7,0.0,31.67,21.16,53.05,2.4,7.18,93.35
2023-08-28,Gumgaon,109.7,5.36,1.79,19.05,51.96,1.93,0.0,93.73
2023-08-29,Gumgaon,109.7,24.77,10.04,21.49,59.11,1.87,6.99,90.69
2023-08-30,Gumgaon,109.7,50.78,26.97,26.89,60.0,1.23,12.67,94.03
2023-08-31,Gumgaon,109.7,0.0,25.18,25.13,56.46,2.11,16.04,90.58
2023-09-01,Gumgaon,109.7,0.0,16.93,11.56,52.33,0.91,21.38,96.33
2023-09-02,Gumgaon,109.7,45.17,15.06,18.01,60.0,1.1,9.1,91.33
2023-09-03,Gumgaon,109.7,0.0,15.06,18.01,56.83,2.26,23.75,93.8
2023-09-04,Gumgaon,109.7,0.0,15.06,17.25,53.02,1.1,2.78,97.16
2023-09-05,Gumgaon,109.7,11.26,3.75,15.32,53.18,0.95,3.89,94.34
2023-09-06,Gumgaon,109.7,0.0,3.75,8.06,48.9,0.51,27.69,95.98
2023-09-07,Gumgaon,109.7,0.0,3.75,8.06,48.09,0.9,3.24,100.48
2023-09-08,Gumgaon,109.7,0.0,0.0,8.06,46.52,0.34,7.0,100.0
2023-09-09,Gumgaon,109.7,156.0,52.0,23.89,60.0,3.22,32.27,72.43
2023-09-10,Gumgaon,109.7,0.0,52.0,23.89,54.9,1.15,16.63,94.47
2023-09-11,Gumgaon,109.7,65.45,73.82,33.24,60.0,0.96,17.26,88.15
2023-09-12,Gumgaon,109.7,81.19,48.88,43.23,60.0,1.35,13.5,86.89
2023-09-13,Gumgaon,109.7,0.0,48.88,43.23,57.49,0.37,8.55,93.7
2023-09-14,Gumgaon,109.7,30.36,37.18,47.57,60.0,0.55,3.88,94.37
2023-09-15,Gumgaon,109.7,32.41,20.92,52.2,60.0,3.3,0.0,89.41
2023-09-16,Gumgaon,109.7,62.93,41.9,38.91,60.0,1.26,22.64,88.3
2023-09-17,Gumgaon,109.7,48.03,47.79,45.77,60.0,0.16,6.81,96.27
2023-09-18,Gumgaon,109.7,196.87,102.61,64.54,60.0,5.39,35.03,60.9
2023-09-19,Gumgaon,109.7,35.75,93.55,58.05,60.0,0.3,17.0,94.59
2023-09-20,Gumgaon,109.7,7.72,80.11,59.15,60.0,2.08,0.0,88.73
2023-09-21,Gumgaon,109.7,53.85,32.44,62.51,60.0,2.67,3.33,91.71
2023-09-22,Gumgaon,109.7,79.33,46.97,69.21,60.0,2.21,16.38,83.94
2023-09-23,Gumgaon,109.7,0.0,44.4,60.22,55.78,1.05,6.3,91.89
2023-09-24,Gumgaon,109.7,0.0,26.44,53.36,53.62,3.75,5.62,90.41
2023-09-25,Gumgaon,109.7,0.0,0.0,25.24,49.79,0.06,0.06,100.06
2023-09-26,Gumgaon,109.7,0.0,0.0,20.13,46.02,0.12,0.81,97.65
2023-09-27,Gumgaon,109.7,0.0,0.0,19.03,44.15,0.0,0.65,102.31
2023-09-28,Gumgaon,109.7,0.0,0.0,11.33,39.82,0.39,22.49,102.59
2023-09-29,Gumgaon,109.7,70.24,23.41,10.03,60.0,3.63,3.89,87.16
2023-09-30,Gumgaon,109.7,17.09,29.11,12.48,60.0,0.68,3.89,95.96
2023-10-01,Gumgaon,109.7,0.0,29.11,12.48,56.68,0.36,11.29,97.92
2023-10-02,Gumgaon,109.7,2.91,6.67,12.89,52.29,1.13,14.02,97.45
2023-10-03,Gumgaon,109.7,0.0,0.97,12.89,48.83,0.37,10.82,97.72
2023-10-04,Gumgaon,109.7,0.0,0.97,12.89,45.65,0.05,20.27,96.21
2023-10-05,Gumgaon,109.7,0.0,0.0,12.89,44.11,0.94,3.64,101.75
2023-10-06,Gumgaon,109.7,0.0,0.0,2.86,40.22,4.82,0.0,94.33
2023-10-07,Gumgaon,109.7,3.48,1.16,0.91,37.63,0.47,8.88,102.96
2023-10-08,Gumgaon,109.7,0.0,1.16,0.91,34.09,1.63,4.03,100.57
2023-10-09,Gumgaon,109.7,0.0,1.16,0.5,32.0,0.07,19.59,101.82
2023-10-10,Gumgaon,109.7,0.0,0.0,0.5,29.41,1.35,4.09,103.87
2023-10-11,Gumgaon,109.7,0.0,0.0,0.5,27.78,1.66,18.17,101.16
2023-10-12,Gumgaon,109.7,0.0,0.0,0.5,25.05,0.13,7.79,108.34
2023-10-13,Gumgaon,109.7,0.0,0.0,0.5,22.75,1.36,10.99,104.67
2023-10-14,Gumgaon,109.7,0.0,0.0,0.0,20.62,1.88,6.97,105.66
2023-10-15,Gumgaon,109.7,0.0,0.0,0.0,18.72,0.19,14.41,110.3
2023-10-16,Gumgaon,109.7,0.0,0.0,0.0,18.31,1.88,6.91,104.77
2023-10-17,Gumgaon,109.7,0.0,0.0,0.0,18.1,0.32,2.48,106.18
2023-10-18,Gumgaon,109.7,0.0,0.0,0.0,17.8,1.28,21.63,103.3
2023-10-19,Gumgaon,109.7,0.0,0.0,0.0,18.08,1.23,6.32,105.08
2023-10-20,Gumgaon,109.7,0.0,0.0,0.0,20.11,1.27,4.09,104.52
2023-10-21,Gumgaon,109.7,12.94,4.31,1.85,22.98,4.28,2.26,98.65
2023-10-22,Gumgaon,109.7,0.0,4.31,1.85,22.12,2.03,5.81,100.3
2023-10-23,Gumgaon,109.7,0.0,4.31,1.85,22.52,0.61,25.35,105.15
2023-10-24,Gumgaon,109.7,0.0,0.0,1.85,20.23,1.79,7.52,104.43
2023-10-25,Gumgaon,109.7,0.0,0.0,1.85,18.16,4.29,4.08,100.25
2023-10-26,Gumgaon,109.7,0.0,0.0,1.85,17.16,0.37,11.96,103.6
2023-10-27,Gumgaon,109.7,0.0,0.0,1.85,17.17,1.55,6.43,103.53
2023-10-28,Gumgaon,109.7,0.0,0.0,0.0,17.27,0.45,8.44,105.6
2023-10-29,Gumgaon,109.7,15.1,5.03,2.16,22.92,0.74,0.0,105.05
2023-10-30,Gumgaon,109.7,19.49,11.53,4.94,27.8,5.48,0.42,91.63
2023-10-31,Gumgaon,109.7,0.0,11.53,4.94,27.68,0.52,6.04,104.99
2023-11-01,Gumgaon,109.7,0.0,6.5,4.94,24.48,0.36,8.67,108.26
2023-11-02,Gumgaon,109.7,0.0,0.0,4.94,25.97,0.57,1.27,106.18
2023-11-03,Gumgaon,109.7,0.0,0.0,4.94,23.21,0.29,8.84,105.13
2023-11-04,Gumgaon,109.7,0.0,0.0,4.94,22.23,1.01,3.77,104.72
2023-11-05,Gumgaon,109.7,0.0,0.0,2.78,19.05,1.85,15.01,101.37
2023-11-06,Gumgaon,109.7,0.0,0.0,0.0,17.44,0.73,8.18,110.33
2023-11-07,Gumgaon,109.7,0.0,0.0,0.0,17.5,5.32,21.63,98.51
2023-11-08,Gumgaon,109.7,0.0,0.0,0.0,17.19,0.87,18.62,104.24
2023-11-09,Gumgaon,109.7,0.0,0.0,0.0,15.62,3.48,0.96,97.37
2023-11-10,Gumgaon,109.7,0.0,0.0,0.0,14.17,1.45,4.08,106.83
2023-11-11,Gumgaon,109.7,0.0,0.0,0.0,14.61,4.83,5.93,93.71
2023-11-12,Gumgaon,109.7,0.0,0.0,0.0,13.71,0.79,10.38,107.7
2023-11-13,Gumgaon,109.7,0.0,0.0,0.0,11.93,3.24,1.89,103.96
2023-11-14,Gumgaon,109.7,0.0,0.0,0.0,10.28,1.07,3.58,107.11
2023-11-15,Gumgaon,109.7,0.0,0.0,0.0,8.57,1.67,24.57,103.62
2023-11-16,Gumgaon,109.7,0.0,0.0,0.0,7.14,0.88,2.7,109.62
2023-11-17,Gumgaon,109.7,0.0,0.0,0.0,7.97,1.47,3.93,105.27
2023-11-18,Gumgaon,109.7,0.0,0.0,0.0,8.81,0.0,32.35,106.06
2023-11-19,Gumgaon,109.7,0.0,0.0,0.0,10.37,1.93,23.79,103.64
2023-11-20,Gumgaon,109.7,0.0,0.0,0.0,7.53,0.02,10.72,108.14
2023-11-21,Gumgaon,109.7,0.0,0.0,0.0,6.19,1.61,6.85,105.17
2023-11-22,Gumgaon,109.7,0.0,0.0,0.0,6.32,1.85,5.16,104.05
2023-11-23,Gumgaon,109.7,0.0,0.0,0.0,7.7,0.88,5.31,111.49
2023-11-24,Gumgaon,109.7,0.0,0.0,0.0,6.0,1.27,0.0,105.8
2023-11-25,Gumgaon,109.7,0.0,0.0,0.0,3.19,4.91,3.26,102.56
2023-11-26,Gumgaon,109.7,0.0,0.0,0.0,3.7,0.73,5.52,105.24
2023-11-27,Gumgaon,109.7,0.0,0.0,0.0,3.32,0.39,8.44,110.78
2023-11-28,Gumgaon,109.7,0.0,0.0,0.0,3.0,1.66,4.48,106.39
2023-11-29,Gumgaon,109.7,0.0,0.0,0.0,3.0,3.09,17.3,98.97
2023-11-30,Gumgaon,109.7,8.58,2.86,1.23,5.8,1.82,7.98,104.34
2023-12-01,Gumgaon,109.7,0.0,2.86,1.23,3.82,1.37,4.48,108.68
2023-12-02,Gumgaon,109.7,0.0,2.86,1.23,4.48,0.29,43.83,104.02
2023-12-03,Gumgaon,109.7,1.85,0.62,1.49,5.33,0.43,2.68,108.85
2023-12-04,Gumgaon,109.7,0.0,0.62,1.49,3.74,0.03,16.76,104.57
2023-12-05,Gumgaon,109.7,0.0,0.62,1.49,3.0,3.1,1.64,104.83
2023-12-06,Gumgaon,109.7,0.0,0.0,1.49,3.35,2.92,17.15,100.51
2023-12-07,Gumgaon,109.7,0.0,0.0,0.26,3.67,1.24,2.07,106.31
2023-12-08,Gumgaon,109.7,0.0,0.0,0.26,4.16,0.0,7.7,107.24
2023-12-09,Gumgaon,109.7,0.0,0.0,0.26,3.83,0.86,0.13,105.0
2023-12-10,Gumgaon,109.7,0.0,0.0,0.0,3.76,0.29,5.97,109.39
2023-12-11,Gumgaon,109.7,0.0,0.0,0.0,3.94,2.1,5.03,102.4
2023-12-12,Gumgaon,109.7,0.0,0.0,0.0,3.28,0.0,0.36,110.49
2023-12-13,Gumgaon,109.7,0.0,0.0,0.0,4.66,0.15,15.94,106.65
2023-12-14,Gumgaon,109.7,0.0,0.0,0.0,5.28,0.0,0.0,111.42
2023-12-15,Gumgaon,109.7,0.68,0.23,0.1,3.69,0.51,12.37,106.89
2023-12-16,Gumgaon,109.7,0.0,0.23,0.1,3.2,0.0,21.99,108.45
2023-12-17,Gumgaon,109.7,0.0,0.23,0.1,4.27,1.7,26.34,103.46
2023-12-18,Gumgaon,109.7,0.0,0.0,0.1,3.88,1.66,9.47,107.88
2023-12-19,Gumgaon,109.7,0.0,0.0,0.1,3.0,1.8,21.1,101.87
2023-12-20,Gumgaon,109.7,0.0,0.0,0.1,3.44,1.21,21.26,106.97
2023-12-21,Gumgaon,109.7,0.0,0.0,0.1,5.9,0.29,1.24,108.09
2023-12-22,Gumgaon,109.7,0.0,0.0,0.0,6.32,3.16,1.21,104.72
2023-12-23,Gumgaon,109.7,0.0,0.0,0.0,7.63,1.14,5.28,99.73
2023-12-24,Gumgaon,109.7,0.0,0.0,0.0,9.2,0.32,8.38,109.12
2023-12-25,Gumgaon,109.7,0.0,0.0,0.0,7.63,2.16,10.41,103.86
2023-12-26,Gumgaon,109.7,0.0,0.0,0.0,7.97,1.81,12.74,104.85
2023-12-27,Gumgaon,109.7,0.0,0.0,0.0,5.95,0.46,6.42,111.53
2023-12-28,Gumgaon,109.7,0.68,0.23,0.1,7.43,1.27,7.67,101.88
2023-12-29,Gumgaon,109.7,0.0,0.23,0.1,8.37,1.03,8.99,104.74
2023-12-30,Gumgaon,109.7,0.0,0.23,0.1,6.04,1.19,5.12,107.57
2023-12-31,Gumgaon,109.7,0.0,0.0,0.1,6.04,0.5,0.21,106.74
2024-01-01,Gumgaon,109.7,0.0,0.0,0.1,6.08,0.74,5.76,106.6
2024-01-02,Gumgaon,109.7,0.0,0.0,0.1,5.63,1.25,38.81,102.25
2024-01-03,Gumgaon,109.7,0.0,0.0,0.1,6.13,1.05,0.0,103.08
2024-01-04,Gumgaon,109.7,0.0,0.0,0.0,4.48,1.19,13.71,105.22
2024-01-05,Gumgaon,109.7,0.0,0.0,0.0,3.49,0.85,4.08,106.22
2024-01-06,Gumgaon,109.7,0.0,0.0,0.0,3.0,1.08,2.2,110.09
2024-01-07,Gumgaon,109.7,0.0,0.0,0.0,4.15,2.73,8.77,96.98
2024-01-08,Gumgaon,109.7,0.0,0.0,0.0,4.75,0.55,10.16,105.7
2024-01-09,Gumgaon,109.7,2.23,0.74,0.32,3.23,0.65,13.25,105.66
2024-01-10,Gumgaon,109.7,0.0,0.74,0.32,4.68,0.66,9.48,110.7
2024-01-11,Gumgaon,109.7,0.0,0.74,0.32,3.0,0.4,3.7,109.59
2024-01-12,Gumgaon,109.7,0.0,0.0,0.32,3.0,2.11,9.33,103.29
2024-01-13,Gumgaon,109.7,0.0,0.0,0.32,3.42,0.89,2.93,105.17
2024-01-14,Gumgaon,109.7,0.0,0.0,0.32,3.0,0.97,6.59,109.88
2024-01-15,Gumgaon,109.7,0.0,0.0,0.32,3.49,2.43,9.28,105.38
2024-01-16,Gumgaon,109.7,0.0,0.0,0.0,3.13,0.66,3.77,108.15
2024-01-17,Gumgaon,109.7,0.0,0.0,0.0,3.27,1.35,8.15,104.9
2024-01-18,Gumgaon,109.7,0.0,0.0,0.0,3.23,1.77,18.86,103.2
2024-01-19,Gumgaon,109.7,0.0,0.0,0.0,3.0,0.24,0.0,108.3
2024-01-20,Gumgaon,109.7,0.0,0.0,0.0,3.0,3.23,0.0,105.42
2024-01-21,Gumgaon,109.7,0.0,0.0,0.0,3.0,1.01,0.35,108.95
2024-01-22,Gumgaon,109.7,0.0,0.0,0.0,3.1,1.86,10.19,101.48
2024-01-23,Gumgaon,109.7,0.0,0.0,0.0,3.0,1.1,1.65,105.1
2024-01-24,Gumgaon,109.7,0.0,0.0,0.0,3.05,0.0,12.93,110.12
2024-01-25,Gumgaon,109.7,0.0,0.0,0.0,3.0,0.99,0.0,102.82
2024-01-26,Gumgaon,109.7,0.0,0.0,0.0,3.0,0.68,18.72,106.33
2024-01-27,Gumgaon,109.7,0.0,0.0,0.0,3.0,0.0,9.65,107.26
2024-01-28,Gumgaon,109.7,0.0,0.0,0.0,3.29,0.92,13.91,106.83
2024-01-29,Gumgaon,109.7,0.0,0.0,0.0,5.29,2.47,1.77,104.13
2024-01-30,Gumgaon,109.7,0.0,0.0,0.0,3.98,1.31,9.2,105.04
2024-01-31,Gumgaon,109.7,0.0,0.0,0.0,3.0,0.63,12.2,108.76
2024-02-01,Gumgaon,109.7,0.0,0.0,0.0,3.0,2.11,9.17,104.12
2024-02-02,Gumgaon,109.7,0.0,0.0,0.0,5.92,0.32,0.0,109.94
2024-02-03,Gumgaon,109.7,0.0,0.0,0.0,5.71,0.65,8.4,109.78
2024-02-04,Gumgaon,109.7,0.0,0.0,0.0,3.39,4.65,6.87,99.28
2024-02-05,Gumgaon,109.7,0.0,0.0,0.0,4.1,1.33,17.75,106.68
2024-02-06,Gumgaon,109.7,0.0,0.0,0.0,5.9,5.98,13.07,96.38
2024-02-07,Gumgaon,109.7,0.0,0.0,0.0,6.94,0.95,3.92,105.46
2024-02-08,Gumgaon,109.7,0.0,0.0,0.0,6.0,0.59,15.93,105.96
2024-02-09,Gumgaon,109.7,0.0,0.0,0.0,5.43,0.46,9.44,105.67
2024-02-10,Gumgaon,109.7,0.0,0.0,0.0,3.01,3.09,13.82,98.81
2024-02-11,Gumgaon,109.7,0.0,0.0,0.0,3.34,0.26,4.53,103.92
2024-02-12,Gumgaon,109.7,0.0,0.0,0.0,3.0,2.0,16.97,99.13
2024-02-13,Gumgaon,109.7,0.0,0.0,0.0,3.6,1.34,8.95,103.92
2024-02-14,Gumgaon,109.7,0.0,0.0,0.0,3.83,3.4,4.76,97.8
2024-02-15,Gumgaon,109.7,0.0,0.0,0.0,4.4,1.05,12.22,103.61
2024-02-16,Gumgaon,109.7,0.0,0.0,0.0,3.0,0.48,10.76,106.14
2024-02-17,Gumgaon,109.7,0.0,0.0,0.0,3.36,1.16,11.78,105.96
2024-02-18,Gumgaon,109.7,0.0,0.0,0.0,3.0,0.0,10.59,106.0
2024-02-19,Gumgaon,109.7,0.0,0.0,0.0,4.07,0.84,1.99,110.81
2024-02-20,Gumgaon,109.7,0.0,0.0,0.0,3.0,1.77,27.94,100.29
2024-02-21,Gumgaon,109.7,0.0,0.0,0.0,3.0,0.0,6.07,107.47
2024-02-22,Gumgaon,109.7,0.0,0.0,0.0,3.57,0.69,12.45,106.12
2024-02-23,Gumgaon,109.7,0.0,0.0,0.0,4.03,0.19,14.38,107.18
2024-02-24,Gumgaon,109.7,6.81,2.27,0.97,5.57,0.78,16.67,106.69
2024-02-25,Gumgaon,109.7,0.0,2.27,0.97,3.18,0.69,13.77,106.17
2024-02-26,Gumgaon,109.7,0.0,2.27,0.97,3.41,2.08,6.39,103.06
2024-02-27,Gumgaon,109.7,0.0,0.0,0.97,3.0,0.98,0.0,108.53
2024-02-28,Gumgaon,109.7,0.0,0.0,0.97,3.0,1.42,7.74,108.36
2024-02-29,Gumgaon,109.7,0.0,0.0,0.97,3.0,0.97,7.56,106.32
2024-03-01,Gumgaon,109.7,0.0,0.0,0.97,4.03,0.71,7.25,105.22
2024-03-02,Gumgaon,109.7,0.0,0.0,0.0,3.0,0.63,4.21,108.7
2024-03-03,Gumgaon,109.7,0.0,0.0,0.0,3.0,0.04,13.75,109.75
2024-03-04,Gumgaon,109.7,0.0,0.0,0.0,4.92,2.42,7.72,104.76
2024-03-05,Gumgaon,109.7,0.0,0.0,0.0,3.0,0.27,10.85,104.6
2024-03-06,Gumgaon,109.7,0.0,0.0,0.0,3.0,0.8,7.95,113.42
2024-03-07,Gumgaon,109.7,0.0,0.0,0.0,3.0,0.9,8.79,107.18
2024-03-08,Gumgaon,109.7,0.0,0.0,0.0,3.0,0.92,0.0,106.0
2024-03-09,Gumgaon,109.7,0.0,0.0,0.0,3.0,0.89,16.28,108.11
2024-03-10,Gumgaon,109.7,0.0,0.0,0.0,3.0,1.04,14.86,103.14
2024-03-11,Gumgaon,109.7,0.0,0.0,0.0,3.7,0.0,9.79,110.03
2024-03-12,Gumgaon,109.7,0.0,0.0,0.0,3.0,1.44,8.75,107.15
2024-03-13,Gumgaon,109.7,0.0,0.0,0.0,3.07,1.71,3.43,108.58
2024-03-14,Gumgaon,109.7,0.0,0.0,0.0,3.0,0.72,11.79,107.74
2024-03-15,Gumgaon,109.7,0.46,0.15,0.07,3.0,0.04,12.06,103.88
2024-03-16,Gumgaon,109.7,0.0,0.15,0.07,3.0,2.6,0.0,102.65
2024-03-17,Gumgaon,109.7,0.0,0.15,0.07,3.0,0.93,14.5,107.23
2024-03-18,Gumgaon,109.7,0.0,0.0,0.07,3.0,0.33,4.07,105.65
2024-03-19,Gumgaon,109.7,0.0,0.0,0.07,3.15,0.03,19.48,107.7
2024-03-20,Gumgaon,109.7,0.0,0.0,0.07,3.0,1.44,15.8,105.77
2024-03-21,Gumgaon,109.7,0.0,0.0,0.07,3.44,0.0,0.0,110.81
2024-03-22,Gumgaon,109.7,0.0,0.0,0.0,3.89,2.0,3.59,104.5
2024-03-23,Gumgaon,109.7,0.0,0.0,0.0,3.0,1.06,19.87,106.52
2024-03-24,Gumgaon,109.7,0.0,0.0,0.0,3.38,3.68,18.18,99.21
2024-03-25,Gumgaon,109.7,0.0,0.0,0.0,3.0,0.23,19.74,108.89
2024-03-26,Gumgaon,109.7,0.0,0.0,0.0,4.04,1.44,0.95,106.91
2024-03-27,Gumgaon,109.7,0.0,0.0,0.0,3.76,0.69,11.55,107.94
2024-03-28,Gumgaon,109.7,0.0,0.0,0.0,3.0,1.22,6.03,108.49
2024-03-29,Gumgaon,109.7,0.0,0.0,0.0,3.65,0.21,0.0,106.33
2024-03-30,Gumgaon,109.7,0.0,0.0,0.0,3.24,1.01,4.29,108.44
2024-03-31,Gumgaon,109.7,0.0,0.0,0.0,3.28,1.76,4.48,103.35
2024-04-01,Gumgaon,109.7,0.0,0.0,0.0,3.0,1.28,1.15,108.86
2024-04-02,Gumgaon,109.7,0.0,0.0,0.0,3.0,0.0,5.98,111.11
2024-04-03,Gumgaon,109.7,0.0,0.0,0.0,3.29,0.11,4.84,110.24
2024-04-04,Gumgaon,109.7,0.0,0.0,0.0,3.94,2.54,8.03,102.18
2024-04-05,Gumgaon,109.7,0.0,0.0,0.0,3.0,0.84,16.76,107.96
2024-04-06,Gumgaon,109.7,0.0,0.0,0.0,3.65,1.11,8.06,107.26
2024-04-07,Gumgaon,109.7,0.0,0.0,0.0,4.45,1.12,2.25,107.08
2024-04-08,Gumgaon,109.7,0.0,0.0,0.0,7.17,3.53,31.61,95.03
2024-04-09,Gumgaon,109.7,0.0,0.0,0.0,4.96,3.0,10.38,100.52
2024-04-10,Gumgaon,109.7,0.0,0.0,0.0,3.93,2.23,3.7,100.32
2024-04-11,Gumgaon,109.7,0.0,0.0,0.0,4.7,1.08,3.47,104.84
2024-04-12,Gumgaon,109.7,0.0,0.0,0.0,4.74,1.03,14.71,102.51
2024-04-13,Gumgaon,109.7,0.0,0.0,0.0,3.73,2.3,22.94,104.87
2024-04-14,Gumgaon,109.7,0.0,0.0,0.0,3.0,2.31,18.89,103.12
2024-04-15,Gumgaon,109.7,0.0,0.0,0.0,3.0,1.59,12.27,101.23
2024-04-16,Gumgaon,109.7,0.0,0.0,0.0,4.72,0.94,17.2,107.45
2024-04-17,Gumgaon,109.7,0.0,0.0,0.0,3.44,0.0,32.67,107.06
2024-04-18,Gumgaon,109.7,0.0,0.0,0.0,3.0,0.0,4.37,107.91
2024-04-19,Gumgaon,109.7,0.0,0.0,0.0,5.68,0.19,0.0,111.46
2024-04-20,Gumgaon,109.7,0.0,0.0,0.0,4.33,0.0,0.0,109.54
2024-04-21,Gumgaon,109.7,0.0,0.0,0.0,3.0,0.76,25.5,103.72
2024-04-22,Gumgaon,109.7,0.0,0.0,0.0,4.83,0.52,3.98,106.34
2024-04-23,Gumgaon,109.7,0.0,0.0,0.0,4.39,0.38,0.0,108.74
2024-04-24,Gumgaon,109.7,0.0,0.0,0.0,4.1,1.24,11.37,105.39
2024-04-25,Gumgaon,109.7,0.0,0.0,0.0,3.58,1.09,0.0,107.65
2024-04-26,Gumgaon,109.7,0.0,0.0,0.0,3.9,1.84,9.56,102.64
2024-04-27,Gumgaon,109.7,0.0,0.0,0.0,3.0,1.21,12.45,105.35
2024-04-28,Gumgaon,109.7,0.0,0.0,0.0,3.0,0.34,0.0,104.55
2024-04-29,Gumgaon,109.7,0.0,0.0,0.0,4.65,1.34,21.16,102.68
2024-04-30,Gumgaon,109.7,0.0,0.0,0.0,5.51,2.15,20.89,101.82
2024-05-01,Gumgaon,109.7,0.0,0.0,0.0,4.81,0.35,12.43,107.07
2024-05-02,Gumgaon,109.7,0.0,0.0,0.0,4.18,0.86,6.35,104.73
2024-05-03,Gumgaon,109.7,0.0,0.0,0.0,3.94,1.69,23.52,103.15
2024-05-04,Gumgaon,109.7,0.0,0.0,0.0,3.0,1.26,10.18,108.76
2024-05-05,Gumgaon,109.7,0.0,0.0,0.0,3.0,2.07,7.42,103.78
2024-05-06,Gumgaon,109.7,0.0,0.0,0.0,3.38,0.04,31.26,107.15
2024-05-07,Gumgaon,109.7,0.0,0.0,0.0,3.99,1.34,1.89,103.75
2024-05-08,Gumgaon,109.7,0.0,0.0,0.0,3.16,3.31,2.15,101.34
2024-05-09,Gumgaon,109.7,0.0,0.0,0.0,3.0,0.84,9.08,108.02
2024-05-10,Gumgaon,109.7,0.0,0.0,0.0,3.0,0.33,0.14,110.42
2024-05-11,Gumgaon,109.7,0.0,0.0,0.0,3.0,0.35,6.02,109.88
2024-05-12,Gumgaon,109.7,0.0,0.0,0.0,3.0,0.34,3.46,106.97
2024-05-13,Gumgaon,109.7,0.0,0.0,0.0,3.0,0.38,10.49,105.79
2024-05-14,Gumgaon,109.7,0.0,0.0,0.0,3.0,1.16,14.75,101.34
2024-05-15,Gumgaon,109.7,17.43,5.81,2.49,8.67,3.64,12.99,101.4
2024-05-16,Gumgaon,109.7,0.0,5.81,2.49,9.91,0.79,7.33,104.24
2024-05-17,Gumgaon,109.7,0.0,5.81,2.49,10.05,1.43,0.0,105.3
2024-05-18,Gumgaon,109.7,0.0,0.0,2.49,8.48,1.6,9.7,100.57
2024-05-19,Gumgaon,109.7,0.0,0.0,2.49,6.54,0.29,0.0,105.95
2024-05-20,Gumgaon,109.7,0.0,0.0,2.49,5.7,2.8,4.15,105.59
2024-05-21,Gumgaon,109.7,0.0,0.0,2.49,4.46,3.82,10.75,100.77
2024-05-22,Gumgaon,109.7,0.0,0.0,0.0,4.39,2.49,20.18,103.03
2024-05-23,Gumgaon,109.7,0.0,0.0,0.0,3.0,0.99,12.48,104.13
2024-05-24,Gumgaon,109.7,35.11,11.7,5.02,14.59,0.67,14.19,108.31
2024-05-25,Gumgaon,109.7,15.25,16.79,7.19,18.62,0.19,13.39,106.2
2024-05-26,Gumgaon,109.7,0.0,16.79,7.19,16.44,2.26,9.88,103.47
2024-05-27,Gumgaon,109.7,0.0,5.08,7.19,15.45,0.67,0.28,106.49
2024-05-28,Gumgaon,109.7,0.0,0.0,7.19,14.62,1.52,0.0,103.09
2024-05-29,Gumgaon,109.7,0.0,0.0,7.19,13.22,1.2,10.26,107.12
2024-05-30,Gumgaon,109.7,0.0,0.0,7.19,12.13,2.99,9.32,99.29
2024-05-31,Gumgaon,109.7,0.0,0.0,2.18,12.28,3.26,3.46,103.14
2024-06-01,Gumgaon,109.7,17.36,5.79,2.48,18.26,4.16,30.79,101.0
2024-06-02,Gumgaon,109.7,80.01,32.46,13.91,44.0,2.79,5.19,92.59
2024-06-03,Gumgaon,109.7,24.28,40.55,17.38,49.55,0.83,22.84,95.74
2024-06-04,Gumgaon,109.7,0.0,34.77,17.38,46.65,0.57,15.92,94.47
2024-06-05,Gumgaon,109.7,0.0,8.09,17.38,43.83,2.55,14.29,97.15
2024-06-06,Gumgaon,109.7,88.0,29.33,29.95,60.0,0.66,9.05,90.92
2024-06-07,Gumgaon,109.7,0.0,29.33,29.95,55.26,0.63,3.09,97.93
2024-06-08,Gumgaon,109.7,23.9,37.3,30.89,60.0,0.6,0.0,92.69
2024-06-09,Gumgaon,109.7,0.0,7.97,19.45,57.9,0.43,10.01,94.09
2024-06-10,Gumgaon,109.7,47.73,23.88,22.8,60.0,2.48,27.93,89.82
2024-06-11,Gumgaon,109.7,0.0,15.91,22.8,54.43,1.87,16.05,92.42
2024-06-12,Gumgaon,109.7,0.0,15.91,22.8,53.21,1.43,6.06,94.83
2024-06-13,Gumgaon,109.7,74.46,24.82,20.87,60.0,1.59,24.98,83.8
2024-06-14,Gumgaon,109.7,68.13,47.53,30.6,60.0,2.05,33.56,84.1
2024-06-15,Gumgaon,109.7,58.14,66.91,35.5,60.0,0.43,9.58,91.84
2024-06-16,Gumgaon,109.7,33.43,53.24,40.27,60.0,1.32,7.62,93.46
2024-06-17,Gumgaon,109.7,50.5,47.36,40.67,60.0,1.08,11.34,91.15
2024-06-18,Gumgaon,109.7,35.61,39.84,45.75,60.0,1.6,16.14,88.68
2024-06-19,Gumgaon,109.7,36.74,40.95,51.0,60.0,0.94,19.58,95.24
2024-06-20,Gumgaon,109.7,0.0,24.12,40.36,56.79,0.45,2.58,95.48
2024-06-21,Gumgaon,109.7,0.0,12.25,30.63,55.8,0.75,6.99,93.06
2024-06-22,Gumgaon,109.7,0.0,0.0,22.33,51.28,1.78,1.41,93.92
2024-06-23,Gumgaon,109.7,0.0,0.0,17.55,47.81,3.5,3.34,92.26
2024-06-24,Gumgaon,109.7,5.27,1.76,11.09,47.23,0.0,7.1,100.56
2024-06-25,Gumgaon,109.7,67.18,24.15,15.6,60.0,1.17,8.92,90.44
2024-06-26,Gumgaon,109.7,87.87,53.44,22.9,60.0,1.63,19.13,85.21
2024-06-27,Gumgaon,109.7,62.41,72.49,31.82,60.0,4.09,20.23,83.87
2024-06-28,Gumgaon,109.7,0.0,50.09,31.82,56.14,0.68,9.3,97.37
2024-06-29,Gumgaon,109.7,62.52,41.64,40.75,60.0,0.68,7.34,93.32
2024-06-30,Gumgaon,109.7,12.36,24.96,42.52,60.0,1.69,7.49,90.29
2024-07-01,Gumgaon,109.7,62.8,45.89,50.73,60.0,2.72,6.35,89.44
2024-07-02,Gumgaon,109.7,27.16,34.1,45.02,60.0,0.52,14.0,92.96
2024-07-03,Gumgaon,109.7,44.57,44.84,38.83,60.0,1.16,9.23,89.53
2024-07-04,Gumgaon,109.7,86.98,52.9,42.34,60.0,0.7,26.21,88.77
2024-07-05,Gumgaon,109.7,8.41,46.65,43.54,58.65,0.44,4.11,96.3
2024-07-06,Gumgaon,109.7,22.19,39.19,37.78,60.0,0.0,18.17,93.21
2024-07-07,Gumgaon,109.7,40.17,23.59,41.75,60.0,0.81,12.08,96.03
2024-07-08,Gumgaon,109.7,39.24,33.87,38.39,60.0,0.87,3.21,92.14
2024-07-09,Gumgaon,109.7,33.54,37.65,39.3,60.0,1.6,2.02,90.47
2024-07-10,Gumgaon,109.7,63.14,45.31,41.95,60.0,3.85,22.16,85.36
2024-07-11,Gumgaon,109.7,6.0,34.23,30.39,59.44,0.04,12.4,96.81
2024-07-12,Gumgaon,109.7,0.0,23.05,29.18,56.52,0.27,8.58,98.53
2024-07-13,Gumgaon,109.7,18.46,8.15,28.65,60.0,0.52,11.58,94.99
2024-07-14,Gumgaon,109.7,139.49,52.65,42.84,60.0,2.1,13.23,80.05
2024-07-15,Gumgaon,109.7,58.17,72.04,45.54,60.0,0.74,12.77,88.68
2024-07-16,Gumgaon,109.7,69.9,89.19,50.74,60.0,1.24,5.63,92.64
2024-07-17,Gumgaon,109.7,15.37,47.81,43.91,59.52,0.99,0.0,94.81
2024-07-18,Gumgaon,109.7,0.0,28.42,43.06,54.13,0.67,4.23,99.6
2024-07-19,Gumgaon,109.7,0.0,5.12,43.06,51.82,0.73,16.52,97.29
2024-07-20,Gumgaon,109.7,0.0,0.0,40.42,47.91,1.16,9.9,96.52
2024-07-21,Gumgaon,109.7,13.95,4.65,22.48,49.56,1.68,8.46,96.04
2024-07-22,Gumgaon,109.7,0.0,4.65,14.17,46.26,0.54,4.99,96.51
2024-07-23,Gumgaon,109.7,81.26,31.73,15.8,60.0,0.96,4.95,92.22
2024-07-24,Gumgaon,109.7,0.0,27.09,13.6,56.42,2.0,3.8,96.81
2024-07-25,Gumgaon,109.7,53.47,44.91,21.24,60.0,0.75,5.86,98.49
2024-07-26,Gumgaon,109.7,47.4,33.62,28.01,60.0,2.7,8.43,88.28
2024-07-27,Gumgaon,109.7,28.5,43.12,32.08,60.0,1.45,6.21,90.36
2024-07-28,Gumgaon,109.7,19.6,31.83,32.89,60.0,2.18,0.0,92.19
2024-07-29,Gumgaon,109.7,58.91,35.67,41.31,60.0,0.36,9.24,89.78
2024-07-30,Gumgaon,109.7,0.0,26.17,29.7,57.09,1.3,0.0,93.57
2024-07-31,Gumgaon,109.7,0.0,19.64,29.7,52.12,0.02,6.75,98.55
2024-08-01,Gumgaon,109.7,0.0,0.0,22.06,48.86,0.6,9.62,101.96
2024-08-02,Gumgaon,109.7,0.0,0.0,15.29,45.09,0.74,0.0,100.65
2024-08-03,Gumgaon,109.7,32.23,10.74,15.82,55.04,1.76,1.6,95.84
2024-08-04,Gumgaon,109.7,31.05,21.09,17.46,60.0,2.22,14.86,92.09
2024-08-05,Gumgaon,109.7,0.0,21.09,9.04,58.19,0.0,34.25,97.94
2024-08-06,Gumgaon,109.7,0.0,10.35,9.04,53.71,0.25,20.29,96.42
2024-08-07,Gumgaon,109.7,34.17,11.39,13.92,60.0,2.04,31.11,86.99
2024-08-08,Gumgaon,109.7,7.35,13.84,14.97,59.58,3.15,3.7,91.69
2024-08-09,Gumgaon,109.7,80.14,40.55,26.42,60.0,1.78,21.78,88.87
2024-08-10,Gumgaon,109.7,0.0,29.16,21.82,56.18,2.93,8.04,92.8
2024-08-11,Gumgaon,109.7,66.03,48.73,26.81,60.0,2.3,15.51,87.51
2024-08-12,Gumgaon,109.7,0.0,22.01,26.81,56.56,2.25,10.39,91.24
2024-08-13,Gumgaon,109.7,28.73,31.59,30.92,60.0,1.24,8.13,94.37
2024-08-14,Gumgaon,109.7,47.74,25.49,32.86,60.0,0.07,18.24,96.97
2024-08-15,Gumgaon,109.7,0.0,25.49,31.81,58.76,1.36,8.32,94.23
2024-08-16,Gumgaon,109.7,32.53,26.76,25.0,60.0,0.61,9.85,90.24
2024-08-17,Gumgaon,109.7,24.36,18.97,28.49,60.0,0.88,2.89,91.14
2024-08-18,Gumgaon,109.7,33.62,30.17,23.86,60.0,0.63,0.62,96.81
2024-08-19,Gumgaon,109.7,0.0,19.33,23.86,54.68,0.76,20.71,95.09
2024-08-20,Gumgaon,109.7,56.36,30.0,27.8,60.0,0.91,15.5,91.65
2024-08-21,Gumgaon,109.7,47.65,34.67,27.79,60.0,2.82,4.96,91.81
2024-08-22,Gumgaon,109.7,8.17,37.39,28.96,57.7,1.01,26.44,91.46
2024-08-23,Gumgaon,109.7,36.52,30.78,29.53,60.0,0.0,11.33,96.37
2024-08-24,Gumgaon,109.7,47.59,30.76,32.84,60.0,1.68,11.4,92.43
2024-08-25,Gumgaon,109.7,16.55,33.55,30.4,60.0,1.59,11.89,91.09
2024-08-26,Gumgaon,109.7,45.44,36.52,36.9,60.0,0.0,3.68,91.7
2024-08-27,Gumgaon,109.7,49.92,37.3,35.98,60.0,2.6,40.93,85.0
2024-08-28,Gumgaon,109.7,0.0,31.79,29.17,57.66,2.27,9.68,93.03
2024-08-29,Gumgaon,109.7,0.0,16.64,28.0,52.57,0.0,0.0,99.27
2024-08-30,Gumgaon,109.7,50.6,16.87,30.01,60.0,1.09,5.6,91.55
2024-08-31,Gumgaon,109.7,46.42,32.34,29.85,60.0,1.84,3.14,89.47
2024-09-01,Gumgaon,109.7,0.0,32.34,27.48,55.61,0.25,4.27,96.04
2024-09-02,Gumgaon,109.7,30.38,25.6,25.33,60.0,0.22,24.88,92.67
2024-09-03,Gumgaon,109.7,69.65,33.34,28.15,60.0,3.62,15.02,81.82
2024-09-04,Gumgaon,109.7,34.62,44.88,33.1,60.0,3.71,6.84,89.66
2024-09-05,Gumgaon,109.7,36.01,46.76,38.24,60.0,2.32,26.77,89.84
2024-09-06,Gumgaon,109.7,75.12,48.58,41.74,60.0,1.67,11.71,89.86
2024-09-07,Gumgaon,109.7,0.0,37.04,35.11,58.37,0.74,12.37,97.46
2024-09-08,Gumgaon,109.7,48.13,41.08,41.99,60.0,2.56,20.62,89.26
2024-09-09,Gumgaon,109.7,62.34,36.82,46.55,60.0,1.03,0.0,92.98
2024-09-10,Gumgaon,109.7,77.53,62.66,47.68,60.0,1.96,19.61,86.76
2024-09-11,Gumgaon,109.7,52.77,64.21,50.27,60.0,0.0,6.99,94.38
2024-09-12,Gumgaon,109.7,62.67,64.32,54.08,60.0,0.55,10.27,91.53
2024-09-13,Gumgaon,109.7,0.0,38.48,43.35,54.75,0.0,6.7,95.02
2024-09-14,Gumgaon,109.7,32.32,31.67,47.97,60.0,0.79,13.01,94.6
2024-09-15,Gumgaon,109.7,0.0,10.77,41.09,56.96,2.82,14.98,88.66
2024-09-16,Gumgaon,109.7,108.45,46.93,47.68,60.0,1.62,32.8,84.33
2024-09-17,Gumgaon,109.7,63.37,57.27,45.66,60.0,3.32,12.79,84.71
2024-09-18,Gumgaon,109.7,11.83,61.22,39.81,58.9,2.31,28.04,91.5
2024-09-19,Gumgaon,109.7,23.64,32.95,34.23,60.0,2.29,20.79,91.7
2024-09-20,Gumgaon,109.7,77.49,37.65,45.3,60.0,1.32,10.04,90.11
2024-09-21,Gumgaon,109.7,80.12,60.42,52.13,60.0,1.65,28.61,88.89
2024-09-22,Gumgaon,109.7,0.0,52.54,52.13,57.58,0.37,11.27,93.28
2024-09-23,Gumgaon,109.7,64.5,48.21,45.85,60.0,2.28,7.35,87.61
2024-09-24,Gumgaon,109.7,59.28,41.26,45.27,60.0,0.81,2.35,94.95
2024-09-25,Gumgaon,109.7,53.68,59.15,51.24,60.0,2.06,8.34,89.81
2024-09-26,Gumgaon,109.7,120.21,77.72,65.04,60.0,2.28,13.25,79.86
2024-09-27,Gumgaon,109.7,13.15,62.35,55.85,60.0,0.1,20.75,96.82
2024-09-28,Gumgaon,109.7,0.0,44.45,44.4,55.0,0.59,1.64,98.98
2024-09-29,Gumgaon,109.7,0.0,4.38,44.4,52.23,0.18,4.82,96.9
2024-09-30,Gumgaon,109.7,0.0,0.0,35.19,49.62,0.23,11.81,96.72
2024-10-01,Gumgaon,109.7,0.0,0.0,26.72,47.79,2.72,19.7,90.44
2024-10-02,Gumgaon,109.7,0.0,0.0,19.05,45.35,1.05,14.17,98.78
2024-10-03,Gumgaon,109.7,0.0,0.0,1.88,40.96,0.92,27.27,101.57
2024-10-04,Gumgaon,109.7,12.47,4.16,1.78,44.46,0.5,0.0,99.52
2024-10-05,Gumgaon,109.7,0.0,4.16,1.78,43.81,3.12,19.16,93.74
2024-10-06,Gumgaon,109.7,0.0,4.16,1.78,39.86,0.73,11.39,100.18
2024-10-07,Gumgaon,109.7,0.0,0.0,1.78,36.87,2.17,12.52,99.16
2024-10-08,Gumgaon,109.7,53.68,17.89,9.45,54.53,0.07,1.48,98.21
2024-10-09,Gumgaon,109.7,0.0,17.89,9.45,51.68,1.64,15.18,91.26
2024-10-10,Gumgaon,109.7,0.0,17.89,9.45,49.07,0.47,22.12,95.02
2024-10-11,Gumgaon,109.7,0.0,0.0,7.67,46.71,1.26,0.0,100.08
2024-10-12,Gumgaon,109.7,0.0,0.0,7.67,39.78,1.08,24.56,98.51
2024-10-13,Gumgaon,109.7,0.0,0.0,7.67,35.32,0.0,13.77,103.76
2024-10-14,Gumgaon,109.7,0.0,0.0,7.67,32.59,1.81,4.48,97.88
2024-10-15,Gumgaon,109.7,0.0,0.0,0.0,30.93,1.99,0.0,102.42
2024-10-16,Gumgaon,109.7,0.0,0.0,0.0,30.23,1.72,0.0,103.56
2024-10-17,Gumgaon,109.7,24.78,8.26,3.54,38.84,0.04,30.83,101.13
2024-10-18,Gumgaon,109.7,8.09,10.96,4.7,40.01,1.6,15.78,100.94
2024-10-19,Gumgaon,109.7,0.0,10.96,4.7,38.83,0.29,6.57,103.73
2024-10-20,Gumgaon,109.7,0.0,2.7,4.7,36.47,0.33,8.14,105.46
2024-10-21,Gumgaon,109.7,0.0,0.0,4.7,34.84,0.55,7.99,102.87
2024-10-22,Gumgaon,109.7,0.0,0.0,4.7,30.83,0.41,12.61,103.89
2024-10-23,Gumgaon,109.7,0.0,0.0,4.7,29.43,0.78,23.21,102.76
2024-10-24,Gumgaon,109.7,27.91,9.3,5.14,36.18,1.01,5.96,103.49
2024-10-25,Gumgaon,109.7,13.99,13.97,5.99,38.35,0.0,31.97,100.69
2024-10-26,Gumgaon,109.7,0.0,13.97,5.99,35.16,1.65,0.87,100.61
2024-10-27,Gumgaon,109.7,35.81,16.6,11.1,45.15,0.0,0.0,102.54
2024-10-28,Gumgaon,109.7,0.0,11.94,11.1,41.32,1.32,16.61,98.73
2024-10-29,Gumgaon,109.7,0.0,11.94,11.1,39.96,0.76,10.23,98.99
2024-10-30,Gumgaon,109.7,2.79,0.93,11.5,38.16,1.96,0.0,101.96
2024-10-31,Gumgaon,109.7,21.19,7.99,10.54,44.98,1.48,4.35,98.82
2024-11-01,Gumgaon,109.7,0.0,7.99,8.54,43.58,1.09,6.41,100.63
2024-11-02,Gumgaon,109.7,0.0,7.06,8.54,40.78,1.44,7.87,97.83
2024-11-03,Gumgaon,109.7,0.0,0.0,3.42,38.74,1.34,0.0,98.66
2024-11-04,Gumgaon,109.7,0.0,0.0,3.42,39.34,0.06,2.41,98.28
2024-11-05,Gumgaon,109.7,0.0,0.0,3.42,36.47,0.34,1.02,102.16
2024-11-06,Gumgaon,109.7,0.0,0.0,3.03,35.35,0.15,6.6,104.47
2024-11-07,Gumgaon,109.7,0.0,0.0,0.0,31.22,2.89,15.87,101.62
2024-11-08,Gumgaon,109.7,4.51,1.5,0.64,30.01,0.83,0.9,102.16
2024-11-09,Gumgaon,109.7,0.0,1.5,0.64,30.26,0.86,4.08,103.86
2024-11-10,Gumgaon,109.7,0.0,1.5,0.64,29.2,1.63,6.38,105.87
2024-11-11,Gumgaon,109.7,0.0,0.0,0.64,28.41,0.84,2.79,100.49
2024-11-12,Gumgaon,109.7,0.0,0.0,0.64,26.96,0.0,0.58,109.58
2024-11-13,Gumgaon,109.7,0.0,0.0,0.64,25.16,0.0,20.74,110.65
2024-11-14,Gumgaon,109.7,0.0,0.0,0.64,24.07,0.77,0.0,107.4
2024-11-15,Gumgaon,109.7,0.0,0.0,0.0,22.97,0.0,13.19,107.13
2024-11-16,Gumgaon,109.7,0.0,0.0,0.0,20.9,1.95,26.96,104.0
2024-11-17,Gumgaon,109.7,0.0,0.0,0.0,18.3,0.95,15.58,104.57
2024-11-18,Gumgaon,109.7,0.0,0.0,0.0,16.33,1.12,20.31,101.13
2024-11-19,Gumgaon,109.7,0.0,0.0,0.0,14.82,0.0,3.74,110.24
2024-11-20,Gumgaon,109.7,0.0,0.0,0.0,13.35,0.4,3.7,111.54
2024-11-21,Gumgaon,109.7,0.0,0.0,0.0,13.79,0.0,14.79,108.57
2024-11-22,Gumgaon,109.7,0.0,0.0,0.0,12.17,0.57,4.36,107.58
2024-11-23,Gumgaon,109.7,0.0,0.0,0.0,10.38,1.64,11.12,103.18
2024-11-24,Gumgaon,109.7,0.0,0.0,0.0,8.95,1.29,35.14,103.08
2024-11-25,Gumgaon,109.7,0.0,0.0,0.0,8.38,0.39,9.77,104.84
2024-11-26,Gumgaon,109.7,0.0,0.0,0.0,7.16,1.73,0.0,103.04
2024-11-27,Gumgaon,109.7,0.0,0.0,0.0,4.71,0.94,13.26,104.87
2024-11-28,Gumgaon,109.7,0.0,0.0,0.0,4.35,0.4,8.99,106.2
2024-11-29,Gumgaon,109.7,0.0,0.0,0.0,5.96,1.57,11.26,107.0
2024-11-30,Gumgaon,109.7,0.0,0.0,0.0,7.12,1.87,8.24,103.73
2024-12-01,Gumgaon,109.7,0.0,0.0,0.0,8.07,1.67,7.92,107.25
2024-12-02,Gumgaon,109.7,0.0,0.0,0.0,7.85,0.0,15.22,106.72
2024-12-03,Gumgaon,109.7,0.0,0.0,0.0,4.86,0.09,0.0,107.41
2024-12-04,Gumgaon,109.7,0.0,0.0,0.0,6.26,0.76,12.55,108.27
2024-12-05,Gumgaon,109.7,0.0,0.0,0.0,7.3,0.04,17.76,101.33
2024-12-06,Gumgaon,109.7,0.0,0.0,0.0,6.15,1.6,0.0,106.43
2024-12-07,Gumgaon,109.7,0.0,0.0,0.0,5.05,1.31,15.53,103.92
2024-12-08,Gumgaon,109.7,0.0,0.0,0.0,3.0,2.98,11.11,105.15
2024-12-09,Gumgaon,109.7,0.0,0.0,0.0,3.29,2.36,0.54,104.37
2024-12-10,Gumgaon,109.7,0.0,0.0,0.0,3.96,1.39,10.13,104.31
2024-12-11,Gumgaon,109.7,0.0,0.0,0.0,3.15,0.51,13.86,106.95
2024-12-12,Gumgaon,109.7,0.0,0.0,0.0,3.0,1.27,8.49,103.3
2024-12-13,Gumgaon,109.7,0.0,0.0,0.0,3.0,0.0,12.25,108.98
2024-12-14,Gumgaon,109.7,0.0,0.0,0.0,3.0,0.77,9.24,105.37
2024-12-15,Gumgaon,109.7,0.0,0.0,0.0,3.0,3.44,5.36,99.63
2024-12-16,Gumgaon,109.7,0.0,0.0,0.0,3.0,2.27,4.44,103.43
2024-12-17,Gumgaon,109.7,0.0,0.0,0.0,3.0,0.69,7.99,106.05
2024-12-18,Gumgaon,109.7,0.0,0.0,0.0,3.45,0.58,13.61,105.13
2024-12-19,Gumgaon,109.7,0.0,0.0,0.0,3.48,1.15,6.64,107.71
2024-12-20,Gumgaon,109.7,0.0,0.0,0.0,5.41,0.31,5.05,107.54
2024-12-21,Gumgaon,109.7,0.0,0.0,0.0,3.66,2.39,12.9,101.37
2024-12-22,Gumgaon,109.7,0.0,0.0,0.0,4.94,0.55,8.83,106.97
2024-12-23,Gumgaon,109.7,0.0,0.0,0.0,4.65,0.0,0.24,111.78
2024-12-24,Gumgaon,109.7,0.0,0.0,0.0,3.83,0.7,9.28,105.4
2024-12-25,Gumgaon,109.7,0.0,0.0,0.0,4.1,0.1,0.0,110.96
2024-12-26,Gumgaon,109.7,0.88,0.29,0.13,4.95,0.0,16.05,114.54
2024-12-27,Gumgaon,109.7,0.0,0.29,0.13,5.12,0.09,19.05,103.38
2024-12-28,Gumgaon,109.7,0.0,0.29,0.13,7.01,1.5,3.06,103.97
2024-12-29,Gumgaon,109.7,0.0,0.0,0.13,7.76,0.55,3.47,109.6
2024-12-30,Gumgaon,109.7,0.0,0.0,0.13,5.37,0.26,12.0,109.14
