record_id,date,mine_name,state,district,mine_latitude,mine_longitude,target_rom_tonnes,actual_rom_tonnes,equipment_downtime_hours,blast_delay_minutes,rainfall_mm,target_basis,calibration_quality,data_status,shortfall_tonnes,shortfall_pct,shortfall_flag,rain_3d_mm,downtime_3d_hours,rain_7d_mm,downtime_7d_hours,soil_moisture_pct,soil_moisture_3d_avg,soil_moisture_7d_avg,soil_moisture_source
PROD-0000001,2022-04-01,Balaghat,Madhya Pradesh,Balaghat,21.833333,80.233333,839.3,784.35,3.35,0,0.0,OFFICIAL_ANNUAL_PLAN,OFFICIAL_SAME_PERIOD,SYNTHETIC_DAILY_CALIBRATED_TO_PUBLIC_ANNUAL_REFERENCE,54.95,6.547,1,0.0,3.35,0.0,3.35,25.0,25.0,25.0,SYNTHETIC_DEMO_CORRELATED_WITH_RAINFALL_REPLACE_WITH_NASA_SMAP_OR_ISRO_BHUVAN
PROD-0000002,2022-04-02,Balaghat,Madhya Pradesh,Balaghat,21.833333,80.233333,860.53,827.78,0.0,0,0.0,OFFICIAL_ANNUAL_PLAN,OFFICIAL_SAME_PERIOD,SYNTHETIC_DAILY_CALIBRATED_TO_PUBLIC_ANNUAL_REFERENCE,32.75,3.806,1,0.0,3.35,0.0,3.35,22.43,23.72,23.72,SYNTHETIC_DEMO_CORRELATED_WITH_RAINFALL_REPLACE_WITH_NASA_SMAP_OR_ISRO_BHUVAN
PROD-0000003,2022-04-03,Balaghat,Madhya Pradesh,Balaghat,21.833333,80.233333,950.33,857.82,5.12,0,0.0,OFFICIAL_ANNUAL_PLAN,OFFICIAL_SAME_PERIOD,SYNTHETIC_DAILY_CALIBRATED_TO_PUBLIC_ANNUAL_REFERENCE,92.51,9.735,1,0.0,8.47,0.0,8.47,20.62,22.68,22.68,SYNTHETIC_DEMO_CORRELATED_WITH_RAINFALL_REPLACE_WITH_NASA_SMAP_OR_ISRO_BHUVAN
PROD-0000004,2022-04-04,Balaghat,Madhya Pradesh,Balaghat,21.833333,80.233333,948.65,850.32,3.86,0,0.0,OFFICIAL_ANNUAL_PLAN,OFFICIAL_SAME_PERIOD,SYNTHETIC_DAILY_CALIBRATED_TO_PUBLIC_ANNUAL_REFERENCE,98.33,10.365,1,0.0,8.98,0.0,12.33,19.5,20.85,21.89,SYNTHETIC_DEMO_CORRELATED_WITH_RAINFALL_REPLACE_WITH_NASA_SMAP_OR_ISRO_BHUVAN
PROD-0000005,2022-04-05,Balaghat,Madhya Pradesh,Balaghat,21.833333,80.233333,986.56,905.9,2.05,0,0.0,OFFICIAL_ANNUAL_PLAN,OFFICIAL_SAME_PERIOD,SYNTHETIC_DAILY_CALIBRATED_TO_PUBLIC_ANNUAL_REFERENCE,80.66,8.176,1,0.0,11.03,0.0,14.38,18.18,19.43,21.15,SYNTHETIC_DEMO_CORRELATED_WITH_RAINFALL_REPLACE_WITH_NASA_SMAP_OR_ISRO_BHUVAN
PROD-0000006,2022-04-06,Balaghat,Madhya Pradesh,Balaghat,21.833333,80.233333,986.75,936.09,1.19,0,8.3,OFFICIAL_ANNUAL_PLAN,OFFICIAL_SAME_PERIOD,SYNTHETIC_DAILY_CALIBRATED_TO_PUBLIC_ANNUAL_REFERENCE,50.66,5.134,1,8.3,7.1,8.3,15.57,25.31,21.0,21.84,SYNTHETIC_DEMO_CORRELATED_WITH_RAINFALL_REPLACE_WITH_NASA_SMAP_OR_ISRO_BHUVAN
PROD-0000007,2022-04-07,Balaghat,Madhya Pradesh,Balaghat,21.833333,80.233333,954.6,898.34,1.31,0,0.0,OFFICIAL_ANNUAL_PLAN,OFFICIAL_SAME_PERIOD,SYNTHETIC_DAILY_CALIBRATED_TO_PUBLIC_ANNUAL_REFERENCE,56.26,5.894,1,8.3,4.55,8.3,16.88,25.12,22.87,22.31,SYNTHETIC_DEMO_CORRELATED_WITH_RAINFALL_REPLACE_WITH_NASA_SMAP_OR_ISRO_BHUVAN
PROD-0000008,2022-04-08,Balaghat,Madhya Pradesh,Balaghat,21.833333,80.233333,923.88,888.0,0.0,0,0.0,OFFICIAL_ANNUAL_PLAN,OFFICIAL_SAME_PERIOD,SYNTHETIC_DAILY_CALIBRATED_TO_PUBLIC_ANNUAL_REFERENCE,35.88,3.884,1,8.3,2.5,8.3,13.53,24.53,24.99,22.24,SYNTHETIC_DEMO_CORRELATED_WITH_RAINFALL_REPLACE_WITH_NASA_SMAP_OR_ISRO_BHUVAN
PROD-0000009,2022-04-09,Balaghat,Madhya Pradesh,Balaghat,21.833333,80.233333,1032.17,980.9,0.0,0,0.0,OFFICIAL_ANNUAL_PLAN,OFFICIAL_SAME_PERIOD,SYNTHETIC_DAILY_CALIBRATED_TO_PUBLIC_ANNUAL_REFERENCE,51.27,4.967,1,0.0,1.31,8.3,13.53,21.15,23.6,22.06,SYNTHETIC_DEMO_CORRELATED_WITH_RAINFALL_REPLACE_WITH_NASA_SMAP_OR_ISRO_BHUVAN
PROD-0000010,2022-04-10,Balaghat,Madhya Pradesh,Balaghat,21.833333,80.233333,956.81,909.84,0.17,0,2.04,OFFICIAL_ANNUAL_PLAN,OFFICIAL_SAME_PERIOD,SYNTHETIC_DAILY_CALIBRATED_TO_PUBLIC_ANNUAL_REFERENCE,46.97,4.909,1,2.04,0.17,10.34,8.58,21.87,22.52,22.24,SYNTHETIC_DEMO_CORRELATED_WITH_RAINFALL_REPLACE_WITH_NASA_SMAP_OR_ISRO_BHUVAN
PROD-0000011,2022-04-11,Balaghat,Madhya Pradesh,Balaghat,21.833333,80.233333,1049.75,989.91,1.22,0,6.28,OFFICIAL_ANNUAL_PLAN,OFFICIAL_SAME_PERIOD,SYNTHETIC_DAILY_CALIBRATED_TO_PUBLIC_ANNUAL_REFERENCE,59.84,5.7,1,8.32,1.39,16.62,5.94,27.09,23.37,23.32,SYNTHETIC_DEMO_CORRELATED_WITH_RAINFALL_REPLACE_WITH_NASA_SMAP_OR_ISRO_BHUVAN
PROD-0000012,2022-04-12,Balaghat,Madhya Pradesh,Balaghat,21.833333,80.233333,928.46,879.24,1.32,0,0.0,OFFICIAL_ANNUAL_PLAN,OFFICIAL_SAME_PERIOD,SYNTHETIC_DAILY_CALIBRATED_TO_PUBLIC_ANNUAL_REFERENCE,49.22,5.301,1,8.32,2.71,16.62,5.21,24.11,24.36,24.17,SYNTHETIC_DEMO_CORRELATED_WITH_RAINFALL_REPLACE_WITH_NASA_SMAP_OR_ISRO_BHUVAN
PROD-0000013,2022-04-13,Balaghat,Madhya Pradesh,Balaghat,21.833333,80.233333,960.88,884.89,2.74,0,0.0,OFFICIAL_ANNUAL_PLAN,OFFICIAL_SAME_PERIOD,SYNTHETIC_DAILY_CALIBRATED_TO_PUBLIC_ANNUAL_REFERENCE,75.99,7.908,1,6.28,5.28,8.32,6.76,20.09,23.76,23.42,SYNTHETIC_DEMO_CORRELATED_WITH_RAINFALL_REPLACE_WITH_NASA_SMAP_OR_ISRO_BHUVAN
PROD-0000014,2022-04-14,Balaghat,Madhya Pradesh,Balaghat,21.833333,80.233333,1060.71,1026.55,2.97,0,0.0,OFFICIAL_ANNUAL_PLAN,OFFICIAL_SAME_PERIOD,SYNTHETIC_DAILY_CALIBRATED_TO_PUBLIC_ANNUAL_REFERENCE,34.16,3.22,1,0.0,7.03,8.32,8.42,20.04,21.41,22.7,SYNTHETIC_DEMO_CORRELATED_WITH_RAINFALL_REPLACE_WITH_NASA_SMAP_OR_ISRO_BHUVAN
PROD-0000015,2022-04-15,Balaghat,Madhya Pradesh,Balaghat,21.833333,80.233333,935.16,880.49,2.82,0,0.0,OFFICIAL_ANNUAL_PLAN,OFFICIAL_SAME_PERIOD,SYNTHETIC_DAILY_CALIBRATED_TO_PUBLIC_ANNUAL_REFERENCE,54.67,5.846,1,0.0,8.53,8.32,11.24,18.92,19.68,21.9,SYNTHETIC_DEMO_CORRELATED_WITH_RAINFALL_REPLACE_WITH_NASA_SMAP_OR_ISRO_BHUVAN
PROD-0000016,2022-04-16,Balaghat,Madhya Pradesh,Balaghat,21.833333,80.233333,856.9,830.94,0.63,0,3.86,OFFICIAL_ANNUAL_PLAN,OFFICIAL_SAME_PERIOD,SYNTHETIC_DAILY_CALIBRATED_TO_PUBLIC_ANNUAL_REFERENCE,25.96,3.03,1,3.86,6.42,12.18,11.87,22.59,20.52,22.1,SYNTHETIC_DEMO_CORRELATED_WITH_RAINFALL_REPLACE_WITH_NASA_SMAP_OR_ISRO_BHUVAN
PROD-0000017,2022-04-17,Balaghat,Madhya Pradesh,Balaghat,21.833333,80.233333,877.53,841.08,0.0,26,0.0,OFFICIAL_ANNUAL_PLAN,OFFICIAL_SAME_PERIOD,SYNTHETIC_DAILY_CALIBRATED_TO_PUBLIC_ANNUAL_REFERENCE,36.45,4.154,1,3.86,3.45,10.14,11.7,18.29,19.93,21.59,SYNTHETIC_DEMO_CORRELATED_WITH_RAINFALL_REPLACE_WITH_NASA_SMAP_OR_ISRO_BHUVAN
PROD-0000018,2022-04-18,Balaghat,Madhya Pradesh,Balaghat,21.833333,80.233333,908.27,767.29,1.58,47,0.0,OFFICIAL_ANNUAL_PLAN,OFFICIAL_SAME_PERIOD,SYNTHETIC_DAILY_CALIBRATED_TO_PUBLIC_ANNUAL_REFERENCE,140.98,15.522,1,3.86,2.21,3.86,12.06,17.25,19.38,20.18,SYNTHETIC_DEMO_CORRELATED_WITH_RAINFALL_REPLACE_WITH_NASA_SMAP_OR_ISRO_BHUVAN
PROD-0000019,2022-04-19,Balaghat,Madhya Pradesh,Balaghat,21.833333,80.233333,1081.19,1040.27,0.13,0,8.87,OFFICIAL_ANNUAL_PLAN,OFFICIAL_SAME_PERIOD,SYNTHETIC_DAILY_CALIBRATED_TO_PUBLIC_ANNUAL_REFERENCE,40.92,3.785,1,8.87,1.71,12.73,10.87,25.22,20.25,20.34,SYNTHETIC_DEMO_CORRELATED_WITH_RAINFALL_REPLACE_WITH_NASA_SMAP_OR_ISRO_BHUVAN
PROD-0000020,2022-04-20,Balaghat,Madhya Pradesh,Balaghat,21.833333,80.233333,1005.41,893.7,1.33,50,0.0,OFFICIAL_ANNUAL_PLAN,OFFICIAL_SAME_PERIOD,SYNTHETIC_DAILY_CALIBRATED_TO_PUBLIC_ANNUAL_REFERENCE,111.71,11.111,1,8.87,3.04,12.73,9.46,21.1,21.19,20.49,SYNTHETIC_DEMO_CORRELATED_WITH_RAINFALL_REPLACE_WITH_NASA_SMAP_OR_ISRO_BHUVAN
PROD-0000021,2022-04-21,Balaghat,Madhya Pradesh,Balaghat,21.833333,80.233333,914.97,859.3,0.03,0,1.9,OFFICIAL_ANNUAL_PLAN,OFFICIAL_SAME_PERIOD,SYNTHETIC_DAILY_CALIBRATED_TO_PUBLIC_ANNUAL_REFERENCE,55.67,6.084,1,10.77,1.49,14.63,6.52,22.56,22.96,20.85,SYNTHETIC_DEMO_CORRELATED_WITH_RAINFALL_REPLACE_WITH_NASA_SMAP_OR_ISRO_BHUVAN
PROD-0000022,2022-04-22,Balaghat,Madhya Pradesh,Balaghat,21.833333,80.233333,1142.5,1137.97,0.0,0,0.0,OFFICIAL_ANNUAL_PLAN,OFFICIAL_SAME_PERIOD,SYNTHETIC_DAILY_CALIBRATED_TO_PUBLIC_ANNUAL_REFERENCE,4.53,0.396,1,1.9,1.36,14.63,3.7,20.91,21.52,21.13,SYNTHETIC_DEMO_CORRELATED_WITH_RAINFALL_REPLACE_WITH_NASA_SMAP_OR_ISRO_BHUVAN
PROD-0000023,2022-04-23,Balaghat,Madhya Pradesh,Balaghat,21.833333,80.233333,928.11,857.64,1.22,155,0.0,OFFICIAL_ANNUAL_PLAN,OFFICIAL_SAME_PERIOD,SYNTHETIC_DAILY_CALIBRATED_TO_PUBLIC_ANNUAL_REFERENCE,70.47,7.593,1,1.9,1.25,10.77,4.29,18.79,20.75,20.59,SYNTHETIC_DEMO_CORRELATED_WITH_RAINFALL_REPLACE_WITH_NASA_SMAP_OR_ISRO_BHUVAN
PROD-0000024,2022-04-24,Balaghat,Madhya Pradesh,Balaghat,21.833333,80.233333,1027.51,1008.0,0.0,0,0.0,OFFICIAL_ANNUAL_PLAN,OFFICIAL_SAME_PERIOD,SYNTHETIC_DAILY_CALIBRATED_TO_PUBLIC_ANNUAL_REFERENCE,19.51,1.899,1,0.0,1.22,10.77,4.29,17.78,19.16,20.52,SYNTHETIC_DEMO_CORRELATED_WITH_RAINFALL_REPLACE_WITH_NASA_SMAP_OR_ISRO_BHUVAN
PROD-0000025,2022-04-25,Balaghat,Madhya Pradesh,Balaghat,21.833333,80.233333,994.12,948.41,0.0,37,0.0,OFFICIAL_ANNUAL_PLAN,OFFICIAL_SAME_PERIOD,SYNTHETIC_DAILY_CALIBRATED_TO_PUBLIC_ANNUAL_REFERENCE,45.71,4.598,1,0.0,1.22,10.77,2.71,16.29,17.62,20.38,SYNTHETIC_DEMO_CORRELATED_WITH_RAINFALL_REPLACE_WITH_NASA_SMAP_OR_ISRO_BHUVAN
PROD-0000026,2022-04-26,Balaghat,Madhya Pradesh,Balaghat,21.833333,80.233333,930.01,869.78,0.0,0,0.0,OFFICIAL_ANNUAL_PLAN,OFFICIAL_SAME_PERIOD,SYNTHETIC_DAILY_CALIBRATED_TO_PUBLIC_ANNUAL_REFERENCE,60.23,6.476,1,0.0,0.0,1.9,2.58,15.36,16.48,18.97,SYNTHETIC_DEMO_CORRELATED_WITH_RAINFALL_REPLACE_WITH_NASA_SMAP_OR_ISRO_BHUVAN
PROD-0000027,2022-04-27,Balaghat,Madhya Pradesh,Balaghat,21.833333,80.233333,861.47,854.94,0.11,0,7.55,OFFICIAL_ANNUAL_PLAN,OFFICIAL_SAME_PERIOD,SYNTHETIC_DAILY_CALIBRATED_TO_PUBLIC_ANNUAL_REFERENCE,6.53,0.758,1,7.55,0.11,9.45,1.36,21.69,17.78,19.05,SYNTHETIC_DEMO_CORRELATED_WITH_RAINFALL_REPLACE_WITH_NASA_SMAP_OR_ISRO_BHUVAN
PROD-0000028,2022-04-28,Balaghat,Madhya Pradesh,Balaghat,21.833333,80.233333,1139.54,1061.86,1.04,0,1.08,OFFICIAL_ANNUAL_PLAN,OFFICIAL_SAME_PERIOD,SYNTHETIC_DAILY_CALIBRATED_TO_PUBLIC_ANNUAL_REFERENCE,77.68,6.817,1,8.63,1.15,8.63,2.37,22.99,20.01,19.12,SYNTHETIC_DEMO_CORRELATED_WITH_RAINFALL_REPLACE_WITH_NASA_SMAP_OR_ISRO_BHUVAN
PROD-0000029,2022-04-29,Balaghat,Madhya Pradesh,Balaghat,21.833333,80.233333,995.25,953.32,0.0,0,0.0,OFFICIAL_ANNUAL_PLAN,OFFICIAL_SAME_PERIOD,SYNTHETIC_DAILY_CALIBRATED_TO_PUBLIC_ANNUAL_REFERENCE,41.93,4.213,1,8.63,1.15,8.63,2.37,21.54,22.07,19.21,SYNTHETIC_DEMO_CORRELATED_WITH_RAINFALL_REPLACE_WITH_NASA_SMAP_OR_ISRO_BHUVAN
PROD-0000030,2022-04-30,Balaghat,Madhya Pradesh,Balaghat,21.833333,80.233333,957.36,919.71,4.3,0,0.0,OFFICIAL_ANNUAL_PLAN,OFFICIAL_SAME_PERIOD,SYNTHETIC_DAILY_CALIBRATED_TO_PUBLIC_ANNUAL_REFERENCE,37.65,3.933,1,1.08,5.34,8.63,5.45,20.83,21.79,19.5,SYNTHETIC_DEMO_CORRELATED_WITH_RAINFALL_REPLACE_WITH_NASA_SMAP_OR_ISRO_BHUVAN
PROD-0000031,2022-05-01,Balaghat,Madhya Pradesh,Balaghat,21.833333,80.233333,1029.38,1024.96,0.13,0,8.66,OFFICIAL_ANNUAL_PLAN,OFFICIAL_SAME_PERIOD,SYNTHETIC_DAILY_CALIBRATED_TO_PUBLIC_ANNUAL_REFERENCE,4.42,0.429,1,8.66,4.43,17.29,5.58,26.82,23.06,20.79,SYNTHETIC_DEMO_CORRELATED_WITH_RAINFALL_REPLACE_WITH_NASA_SMAP_OR_ISRO_BHUVAN
PROD-0000032,2022-05-02,Balaghat,Madhya Pradesh,Balaghat,21.833333,80.233333,1062.01,995.32,3.76,0,0.0,OFFICIAL_ANNUAL_PLAN,OFFICIAL_SAME_PERIOD,SYNTHETIC_DAILY_CALIBRATED_TO_PUBLIC_ANNUAL_REFERENCE,66.69,6.28,1,8.66,8.19,17.29,9.34,25.4,24.35,22.09,SYNTHETIC_DEMO_CORRELATED_WITH_RAINFALL_REPLACE_WITH_NASA_SMAP_OR_ISRO_BHUVAN
PROD-0000033,2022-05-03,Balaghat,Madhya Pradesh,Balaghat,21.833333,80.233333,837.98,770.52,0.33,0,22.29,OFFICIAL_ANNUAL_PLAN,OFFICIAL_SAME_PERIOD,SYNTHETIC_DAILY_CALIBRATED_TO_PUBLIC_ANNUAL_REFERENCE,67.46,8.05,1,30.95,4.22,39.58,9.67,45.0,32.41,26.32,SYNTHETIC_DEMO_CORRELATED_WITH_RAINFALL_REPLACE_WITH_NASA_SMAP_OR_ISRO_BHUVAN
PROD-0000034,2022-05-04,Balaghat,Madhya Pradesh,Balaghat,21.833333,80.233333,946.12,901.44,0.11,0,7.31,OFFICIAL_ANNUAL_PLAN,OFFICIAL_SAME_PERIOD,SYNTHETIC_DAILY_CALIBRATED_TO_PUBLIC_ANNUAL_REFERENCE,44.68,4.722,1,29.6,4.2,39.34,9.67,48.16,39.52,30.11,SYNTHETIC_DEMO_CORRELATED_WITH_RAINFALL_REPLACE_WITH_NASA_SMAP_OR_ISRO_BHUVAN
PROD-0000035,2022-05-05,Balaghat,Madhya Pradesh,Balaghat,21.833333,80.233333,938.25,852.27,1.05,0,0.0,OFFICIAL_ANNUAL_PLAN,OFFICIAL_SAME_PERIOD,SYNTHETIC_DAILY_CALIBRATED_TO_PUBLIC_ANNUAL_REFERENCE,85.98,9.164,1,29.6,1.49,38.26,9.68,44.41,45.86,33.17,SYNTHETIC_DEMO_CORRELATED_WITH_RAINFALL_REPLACE_WITH_NASA_SMAP_OR_ISRO_BHUVAN
PROD-0000036,2022-05-06,Balaghat,Madhya Pradesh,Balaghat,21.833333,80.233333,1029.97,889.84,6.4,0,0.0,OFFICIAL_ANNUAL_PLAN,OFFICIAL_SAME_PERIOD,SYNTHETIC_DAILY_CALIBRATED_TO_PUBLIC_ANNUAL_REFERENCE,140.13,13.605,1,7.31,7.56,38.26,16.08,44.52,45.7,36.45,SYNTHETIC_DEMO_CORRELATED_WITH_RAINFALL_REPLACE_WITH_NASA_SMAP_OR_ISRO_BHUVAN
PROD-0000037,2022-05-07,Balaghat,Madhya Pradesh,Balaghat,21.833333,80.233333,1002.38,942.16,1.4,0,0.0,OFFICIAL_ANNUAL_PLAN,OFFICIAL_SAME_PERIOD,SYNTHETIC_DAILY_CALIBRATED_TO_PUBLIC_ANNUAL_REFERENCE,60.22,6.008,1,0.0,8.85,38.26,13.18,42.48,43.8,39.54,SYNTHETIC_DEMO_CORRELATED_WITH_RAINFALL_REPLACE_WITH_NASA_SMAP_OR_ISRO_BHUVAN
PROD-0000038,2022-05-08,Balaghat,Madhya Pradesh,Balaghat,21.833333,80.233333,948.75,886.43,0.38,0,0.0,OFFICIAL_ANNUAL_PLAN,OFFICIAL_SAME_PERIOD,SYNTHETIC_DAILY_CALIBRATED_TO_PUBLIC_ANNUAL_REFERENCE,62.32,6.569,1,0.0,8.18,29.6,13.43,39.94,42.31,41.42,SYNTHETIC_DEMO_CORRELATED_WITH_RAINFALL_REPLACE_WITH_NASA_SMAP_OR_ISRO_BHUVAN
PROD-0000039,2022-05-09,Balaghat,Madhya Pradesh,Balaghat,21.833333,80.233333,974.49,935.74,0.39,0,0.0,OFFICIAL_ANNUAL_PLAN,OFFICIAL_SAME_PERIOD,SYNTHETIC_DAILY_CALIBRATED_TO_PUBLIC_ANNUAL_REFERENCE,38.75,3.976,1,0.0,2.17,29.6,10.06,36.72,39.71,43.03,SYNTHETIC_DEMO_CORRELATED_WITH_RAINFALL_REPLACE_WITH_NASA_SMAP_OR_ISRO_BHUVAN
PROD-0000040,2022-05-10,Balaghat,Madhya Pradesh,Balaghat,21.833333,80.233333,911.77,826.84,2.3,0,0.0,OFFICIAL_ANNUAL_PLAN,OFFICIAL_SAME_PERIOD,SYNTHETIC_DAILY_CALIBRATED_TO_PUBLIC_ANNUAL_REFERENCE,84.93,9.315,1,0.0,3.07,7.31,12.03,32.81,36.49,41.29,SYNTHETIC_DEMO_CORRELATED_WITH_RAINFALL_REPLACE_WITH_NASA_SMAP_OR_ISRO_BHUVAN
PROD-0000041,2022-05-11,Balaghat,Madhya Pradesh,Balaghat,21.833333,80.233333,940.15,884.26,0.0,0,0.0,OFFICIAL_ANNUAL_PLAN,OFFICIAL_SAME_PERIOD,SYNTHETIC_DAILY_CALIBRATED_TO_PUBLIC_ANNUAL_REFERENCE,55.89,5.945,1,0.0,2.69,0.0,11.92,29.03,32.85,38.56,SYNTHETIC_DEMO_CORRELATED_WITH_RAINFALL_REPLACE_WITH_NASA_SMAP_OR_ISRO_BHUVAN
PROD-0000042,2022-05-12,Balaghat,Madhya Pradesh,Balaghat,21.833333,80.233333,1125.22,997.3,7.27,0,0.0,OFFICIAL_ANNUAL_PLAN,OFFICIAL_SAME_PERIOD,SYNTHETIC_DAILY_CALIBRATED_TO_PUBLIC_ANNUAL_REFERENCE,127.92,11.368,1,0.0,9.57,0.0,18.14,26.27,29.37,35.97,SYNTHETIC_DEMO_CORRELATED_WITH_RAINFALL_REPLACE_WITH_NASA_SMAP_OR_ISRO_BHUVAN
PROD-0000043,2022-05-13,Balaghat,Madhya Pradesh,Balaghat,21.833333,80.233333,986.26,953.84,1.85,0,5.59,OFFICIAL_ANNUAL_PLAN,OFFICIAL_SAME_PERIOD,SYNTHETIC_DAILY_CALIBRATED_TO_PUBLIC_ANNUAL_REFERENCE,32.42,3.287,1,5.59,9.12,5.59,13.59,29.16,28.15,33.77,SYNTHETIC_DEMO_CORRELATED_WITH_RAINFALL_REPLACE_WITH_NASA_SMAP_OR_ISRO_BHUVAN
PROD-0000044,2022-05-14,Balaghat,Madhya Pradesh,Balaghat,21.833333,80.233333,934.81,826.29,2.95,0,0.0,OFFICIAL_ANNUAL_PLAN,OFFICIAL_SAME_PERIOD,SYNTHETIC_DAILY_CALIBRATED_TO_PUBLIC_ANNUAL_REFERENCE,108.52,11.609,1,5.59,12.07,5.59,15.14,24.86,26.76,31.26,SYNTHETIC_DEMO_CORRELATED_WITH_RAINFALL_REPLACE_WITH_NASA_SMAP_OR_ISRO_BHUVAN
PROD-0000045,2022-05-15,Balaghat,Madhya Pradesh,Balaghat,21.833333,80.233333,977.85,930.55,2.24,0,0.0,OFFICIAL_ANNUAL_PLAN,OFFICIAL_SAME_PERIOD,SYNTHETIC_DAILY_CALIBRATED_TO_PUBLIC_ANNUAL_REFERENCE,47.3,4.837,1,5.59,7.04,5.59,17.0,22.59,25.54,28.78,SYNTHETIC_DEMO_CORRELATED_WITH_RAINFALL_REPLACE_WITH_NASA_SMAP_OR_ISRO_BHUVAN
PROD-0000046,2022-05-16,Balaghat,Madhya Pradesh,Balaghat,21.833333,80.233333,1029.03,940.93,0.71,59,0.0,OFFICIAL_ANNUAL_PLAN,OFFICIAL_SAME_PERIOD,SYNTHETIC_DAILY_CALIBRATED_TO_PUBLIC_ANNUAL_REFERENCE,88.1,8.561,1,0.0,5.9,5.59,17.32,24.38,23.94,27.01,SYNTHETIC_DEMO_CORRELATED_WITH_RAINFALL_REPLACE_WITH_NASA_SMAP_OR_ISRO_BHUVAN
PROD-0000047,2022-05-17,Balaghat,Madhya Pradesh,Balaghat,21.833333,80.233333,1087.44,994.74,2.41,0,0.0,OFFICIAL_ANNUAL_PLAN,OFFICIAL_SAME_PERIOD,SYNTHETIC_DAILY_CALIBRATED_TO_PUBLIC_ANNUAL_REFERENCE,92.7,8.525,1,0.0,5.36,5.59,17.43,21.24,22.74,25.36,SYNTHETIC_DEMO_CORRELATED_WITH_RAINFALL_REPLACE_WITH_NASA_SMAP_OR_ISRO_BHUVAN
PROD-0000048,2022-05-18,Balaghat,Madhya Pradesh,Balaghat,21.833333,80.233333,1045.41,980.17,1.09,60,0.0,OFFICIAL_ANNUAL_PLAN,OFFICIAL_SAME_PERIOD,SYNTHETIC_DAILY_CALIBRATED_TO_PUBLIC_ANNUAL_REFERENCE,65.24,6.241,1,0.0,4.21,5.59,18.52,19.01,21.54,23.93,SYNTHETIC_DEMO_CORRELATED_WITH_RAINFALL_REPLACE_WITH_NASA_SMAP_OR_ISRO_BHUVAN
PROD-0000049,2022-05-19,Balaghat,Madhya Pradesh,Balaghat,21.833333,80.233333,898.32,898.67,0.0,0,0.0,OFFICIAL_ANNUAL_PLAN,OFFICIAL_SAME_PERIOD,SYNTHETIC_DAILY_CALIBRATED_TO_PUBLIC_ANNUAL_REFERENCE,0.0,0.0,0,0.0,3.5,5.59,11.25,18.86,19.7,22.87,SYNTHETIC_DEMO_CORRELATED_WITH_RAINFALL_REPLACE_WITH_NASA_SMAP_OR_ISRO_BHUVAN
PROD-0000050,2022-05-20,Balaghat,Madhya Pradesh,Balaghat,21.833333,80.233333,908.13,866.63,0.88,30,0.0,OFFICIAL_ANNUAL_PLAN,OFFICIAL_SAME_PERIOD,SYNTHETIC_DAILY_CALIBRATED_TO_PUBLIC_ANNUAL_REFERENCE,41.5,4.57,1,0.0,1.97,0.0,10.28,18.56,18.81,21.36,SYNTHETIC_DEMO_CORRELATED_WITH_RAINFALL_REPLACE_WITH_NASA_SMAP_OR_ISRO_BHUVAN
PROD-0000051,2022-05-21,Balaghat,Madhya Pradesh,Balaghat,21.833333,80.233333,877.11,866.78,0.0,0,0.0,OFFICIAL_ANNUAL_PLAN,OFFICIAL_SAME_PERIOD,SYNTHETIC_DAILY_CALIBRATED_TO_PUBLIC_ANNUAL_REFERENCE,10.33,1.178,1,0.0,0.88,0.0,7.33,19.37,18.93,20.57,SYNTHETIC_DEMO_CORRELATED_WITH_RAINFALL_REPLACE_WITH_NASA_SMAP_OR_ISRO_BHUVAN
PROD-0000052,2022-05-22,Balaghat,Madhya Pradesh,Balaghat,21.833333,80.233333,939.54,921.37,0.08,0,5.14,OFFICIAL_ANNUAL_PLAN,OFFICIAL_SAME_PERIOD,SYNTHETIC_DAILY_CALIBRATED_TO_PUBLIC_ANNUAL_REFERENCE,18.17,1.934,1,5.14,0.96,5.14,5.17,22.01,19.98,20.49,SYNTHETIC_DEMO_CORRELATED_WITH_RAINFALL_REPLACE_WITH_NASA_SMAP_OR_ISRO_BHUVAN
PROD-0000053,2022-05-23,Balaghat,Madhya Pradesh,Balaghat,21.833333,80.233333,1005.01,957.19,2.72,0,0.0,OFFICIAL_ANNUAL_PLAN,OFFICIAL_SAME_PERIOD,SYNTHETIC_DAILY_CALIBRATED_TO_PUBLIC_ANNUAL_REFERENCE,47.82,4.758,1,5.14,2.8,5.14,7.18,20.12,20.5,19.88,SYNTHETIC_DEMO_CORRELATED_WITH_RAINFALL_REPLACE_WITH_NASA_SMAP_OR_ISRO_BHUVAN
PROD-0000054,2022-05-24,Balaghat,Madhya Pradesh,Balaghat,21.833333,80.233333,876.43,829.37,0.0,0,0.0,OFFICIAL_ANNUAL_PLAN,OFFICIAL_SAME_PERIOD,SYNTHETIC_DAILY_CALIBRATED_TO_PUBLIC_ANNUAL_REFERENCE,47.06,5.37,1,5.14,2.8,5.14,4.77,21.0,21.04,19.85,SYNTHETIC_DEMO_CORRELATED_WITH_RAINFALL_REPLACE_WITH_NASA_SMAP_OR_ISRO_BHUVAN
PROD-0000055,2022-05-25,Balaghat,Madhya Pradesh,Balaghat,21.833333,80.233333,1025.3,968.53,1.73,0,0.0,OFFICIAL_ANNUAL_PLAN,OFFICIAL_SAME_PERIOD,SYNTHETIC_DAILY_CALIBRATED_TO_PUBLIC_ANNUAL_REFERENCE,56.77,5.537,1,0.0,4.45,5.14,5.41,20.62,20.58,20.08,SYNTHETIC_DEMO_CORRELATED_WITH_RAINFALL_REPLACE_WITH_NASA_SMAP_OR_ISRO_BHUVAN
PROD-0000056,2022-05-26,Balaghat,Madhya Pradesh,Balaghat,21.833333,80.233333,1008.09,965.22,1.0,0,0.0,OFFICIAL_ANNUAL_PLAN,OFFICIAL_SAME_PERIOD,SYNTHETIC_DAILY_CALIBRATED_TO_PUBLIC_ANNUAL_REFERENCE,42.87,4.253,1,0.0,2.73,5.14,6.41,20.84,20.82,20.36,SYNTHETIC_DEMO_CORRELATED_WITH_RAINFALL_REPLACE_WITH_NASA_SMAP_OR_ISRO_BHUVAN
PROD-0000057,2022-05-27,Balaghat,Madhya Pradesh,Balaghat,21.833333,80.233333,1033.46,937.53,2.95,0,0.0,OFFICIAL_ANNUAL_PLAN,OFFICIAL_SAME_PERIOD,SYNTHETIC_DAILY_CALIBRATED_TO_PUBLIC_ANNUAL_REFERENCE,95.93,9.282,1,0.0,5.68,5.14,8.48,18.76,20.07,20.39,SYNTHETIC_DEMO_CORRELATED_WITH_RAINFALL_REPLACE_WITH_NASA_SMAP_OR_ISRO_BHUVAN
PROD-0000058,2022-05-28,Balaghat,Madhya Pradesh,Balaghat,21.833333,80.233333,915.93,871.15,1.67,18,0.0,OFFICIAL_ANNUAL_PLAN,OFFICIAL_SAME_PERIOD,SYNTHETIC_DAILY_CALIBRATED_TO_PUBLIC_ANNUAL_REFERENCE,44.78,4.889,1,0.0,5.62,5.14,10.15,16.91,18.84,20.04,SYNTHETIC_DEMO_CORRELATED_WITH_RAINFALL_REPLACE_WITH_NASA_SMAP_OR_ISRO_BHUVAN
PROD-0000059,2022-05-29,Balaghat,Madhya Pradesh,Balaghat,21.833333,80.233333,1018.81,919.02,1.47,0,0.0,OFFICIAL_ANNUAL_PLAN,OFFICIAL_SAME_PERIOD,SYNTHETIC_DAILY_CALIBRATED_TO_PUBLIC_ANNUAL_REFERENCE,99.79,9.795,1,0.0,6.09,0.0,11.54,17.98,17.88,19.46,SYNTHETIC_DEMO_CORRELATED_WITH_RAINFALL_REPLACE_WITH_NASA_SMAP_OR_ISRO_BHUVAN
PROD-0000060,2022-05-30,Balaghat,Madhya Pradesh,Balaghat,21.833333,80.233333,1064.56,983.0,1.74,14,0.0,OFFICIAL_ANNUAL_PLAN,OFFICIAL_SAME_PERIOD,SYNTHETIC_DAILY_CALIBRATED_TO_PUBLIC_ANNUAL_REFERENCE,81.56,7.661,1,0.0,4.88,0.0,10.56,17.55,17.48,19.09,SYNTHETIC_DEMO_CORRELATED_WITH_RAINFALL_REPLACE_WITH_NASA_SMAP_OR_ISRO_BHUVAN
PROD-0000061,2022-05-31,Balaghat,Madhya Pradesh,Balaghat,21.833333,80.233333,905.41,877.76,0.74,0,0.0,OFFICIAL_ANNUAL_PLAN,OFFICIAL_SAME_PERIOD,SYNTHETIC_DAILY_CALIBRATED_TO_PUBLIC_ANNUAL_REFERENCE,27.65,3.054,1,0.0,3.95,0.0,11.3,17.92,17.82,18.65,SYNTHETIC_DEMO_CORRELATED_WITH_RAINFALL_REPLACE_WITH_NASA_SMAP_OR_ISRO_BHUVAN
PROD-0000062,2022-06-01,Balaghat,Madhya Pradesh,Balaghat,21.833333,80.233333,1093.72,957.6,3.81,0,34.58,OFFICIAL_ANNUAL_PLAN,OFFICIAL_SAME_PERIOD,SYNTHETIC_DAILY_CALIBRATED_TO_PUBLIC_ANNUAL_REFERENCE,136.12,12.446,1,34.58,6.29,34.58,13.38,46.5,27.32,22.35,SYNTHETIC_DEMO_CORRELATED_WITH_RAINFALL_REPLACE_WITH_NASA_SMAP_OR_ISRO_BHUVAN
PROD-0000063,2022-06-02,Balaghat,Madhya Pradesh,Balaghat,21.833333,80.233333,886.42,844.02,0.19,0,12.45,OFFICIAL_ANNUAL_PLAN,OFFICIAL_SAME_PERIOD,SYNTHETIC_DAILY_CALIBRATED_TO_PUBLIC_ANNUAL_REFERENCE,42.4,4.783,1,47.03,4.74,47.03,12.57,54.81,39.74,27.2,SYNTHETIC_DEMO_CORRELATED_WITH_RAINFALL_REPLACE_WITH_NASA_SMAP_OR_ISRO_BHUVAN
PROD-0000064,2022-06-03,Balaghat,Madhya Pradesh,Balaghat,21.833333,80.233333,857.7,738.69,5.17,64,73.59,OFFICIAL_ANNUAL_PLAN,OFFICIAL_SAME_PERIOD,SYNTHETIC_DAILY_CALIBRATED_TO_PUBLIC_ANNUAL_REFERENCE,119.01,13.875,1,120.62,9.17,120.62,14.79,60.0,53.77,33.1,SYNTHETIC_DEMO_CORRELATED_WITH_RAINFALL_REPLACE_WITH_NASA_SMAP_OR_ISRO_BHUVAN
PROD-0000065,2022-06-04,Balaghat,Madhya Pradesh,Balaghat,21.833333,80.233333,973.21,906.6,3.54,0,27.05,OFFICIAL_ANNUAL_PLAN,OFFICIAL_SAME_PERIOD,SYNTHETIC_DAILY_CALIBRATED_TO_PUBLIC_ANNUAL_REFERENCE,66.61,6.844,1,113.09,8.9,147.67,16.66,60.0,58.27,39.25,SYNTHETIC_DEMO_CORRELATED_WITH_RAINFALL_REPLACE_WITH_NASA_SMAP_OR_ISRO_BHUVAN
PROD-0000066,2022-06-05,Balaghat,Madhya Pradesh,Balaghat,21.833333,80.233333,985.36,955.36,0.73,0,0.0,OFFICIAL_ANNUAL_PLAN,OFFICIAL_SAME_PERIOD,SYNTHETIC_DAILY_CALIBRATED_TO_PUBLIC_ANNUAL_REFERENCE,30.0,3.045,1,100.64,9.44,147.67,15.92,57.13,59.04,44.84,SYNTHETIC_DEMO_CORRELATED_WITH_RAINFALL_REPLACE_WITH_NASA_SMAP_OR_ISRO_BHUVAN
PROD-0000067,2022-06-06,Balaghat,Madhya Pradesh,Balaghat,21.833333,80.233333,1093.79,1044.3,0.0,0,0.0,OFFICIAL_ANNUAL_PLAN,OFFICIAL_SAME_PERIOD,SYNTHETIC_DAILY_CALIBRATED_TO_PUBLIC_ANNUAL_REFERENCE,49.49,4.525,1,27.05,4.27,147.67,14.18,50.84,55.99,49.6,SYNTHETIC_DEMO_CORRELATED_WITH_RAINFALL_REPLACE_WITH_NASA_SMAP_OR_ISRO_BHUVAN
PROD-0000068,2022-06-07,Balaghat,Madhya Pradesh,Balaghat,21.833333,80.233333,957.21,850.45,3.87,0,0.0,OFFICIAL_ANNUAL_PLAN,OFFICIAL_SAME_PERIOD,SYNTHETIC_DAILY_CALIBRATED_TO_PUBLIC_ANNUAL_REFERENCE,106.76,11.153,1,0.0,4.6,147.67,17.31,47.08,51.68,53.77,SYNTHETIC_DEMO_CORRELATED_WITH_RAINFALL_REPLACE_WITH_NASA_SMAP_OR_ISRO_BHUVAN
PROD-0000069,2022-06-08,Balaghat,Madhya Pradesh,Balaghat,21.833333,80.233333,964.51,909.0,0.46,0,30.98,OFFICIAL_ANNUAL_PLAN,OFFICIAL_SAME_PERIOD,SYNTHETIC_DAILY_CALIBRATED_TO_PUBLIC_ANNUAL_REFERENCE,55.51,5.755,1,30.98,4.33,144.07,13.96,60.0,52.64,55.69,SYNTHETIC_DEMO_CORRELATED_WITH_RAINFALL_REPLACE_WITH_NASA_SMAP_OR_ISRO_BHUVAN
PROD-0000070,2022-06-09,Balaghat,Madhya Pradesh,Balaghat,21.833333,80.233333,997.45,924.63,0.46,35,30.39,OFFICIAL_ANNUAL_PLAN,OFFICIAL_SAME_PERIOD,SYNTHETIC_DAILY_CALIBRATED_TO_PUBLIC_ANNUAL_REFERENCE,72.82,7.301,1,61.37,4.79,162.01,14.23,60.0,55.69,56.44,SYNTHETIC_DEMO_CORRELATED_WITH_RAINFALL_REPLACE_WITH_NASA_SMAP_OR_ISRO_BHUVAN
PROD-0000071,2022-06-10,Balaghat,Madhya Pradesh,Balaghat,21.833333,80.233333,924.08,810.1,0.94,151,62.8,OFFICIAL_ANNUAL_PLAN,OFFICIAL_SAME_PERIOD,SYNTHETIC_DAILY_CALIBRATED_TO_PUBLIC_ANNUAL_REFERENCE,113.98,12.334,1,124.17,1.86,151.22,10.0,60.0,60.0,56.44,SYNTHETIC_DEMO_CORRELATED_WITH_RAINFALL_REPLACE_WITH_NASA_SMAP_OR_ISRO_BHUVAN
PROD-0000072,2022-06-11,Balaghat,Madhya Pradesh,Balaghat,21.833333,80.233333,858.97,809.68,1.98,0,0.0,OFFICIAL_ANNUAL_PLAN,OFFICIAL_SAME_PERIOD,SYNTHETIC_DAILY_CALIBRATED_TO_PUBLIC_ANNUAL_REFERENCE,49.29,5.738,1,93.19,3.38,124.17,8.44,54.62,58.21,55.67,SYNTHETIC_DEMO_CORRELATED_WITH_RAINFALL_REPLACE_WITH_NASA_SMAP_OR_ISRO_BHUVAN
PROD-0000073,2022-06-12,Balaghat,Madhya Pradesh,Balaghat,21.833333,80.233333,999.84,853.71,5.82,40,15.06,OFFICIAL_ANNUAL_PLAN,OFFICIAL_SAME_PERIOD,SYNTHETIC_DAILY_CALIBRATED_TO_PUBLIC_ANNUAL_REFERENCE,146.13,14.615,1,77.86,8.74,139.23,13.53,60.0,58.21,56.08,SYNTHETIC_DEMO_CORRELATED_WITH_RAINFALL_REPLACE_WITH_NASA_SMAP_OR_ISRO_BHUVAN
PROD-0000074,2022-06-13,Balaghat,Madhya Pradesh,Balaghat,21.833333,80.233333,873.44,776.97,2.17,0,22.69,OFFICIAL_ANNUAL_PLAN,OFFICIAL_SAME_PERIOD,SYNTHETIC_DAILY_CALIBRATED_TO_PUBLIC_ANNUAL_REFERENCE,96.47,11.045,1,37.75,9.97,161.92,15.7,60.0,58.21,57.39,SYNTHETIC_DEMO_CORRELATED_WITH_RAINFALL_REPLACE_WITH_NASA_SMAP_OR_ISRO_BHUVAN
PROD-0000075,2022-06-14,Balaghat,Madhya Pradesh,Balaghat,21.833333,80.233333,970.18,909.1,2.02,0,0.0,OFFICIAL_ANNUAL_PLAN,OFFICIAL_SAME_PERIOD,SYNTHETIC_DAILY_CALIBRATED_TO_PUBLIC_ANNUAL_REFERENCE,61.08,6.296,1,37.75,10.01,161.92,13.85,56.93,58.98,58.79,SYNTHETIC_DEMO_CORRELATED_WITH_RAINFALL_REPLACE_WITH_NASA_SMAP_OR_ISRO_BHUVAN
PROD-0000076,2022-06-15,Balaghat,Madhya Pradesh,Balaghat,21.833333,80.233333,902.17,868.74,0.56,0,37.07,OFFICIAL_ANNUAL_PLAN,OFFICIAL_SAME_PERIOD,SYNTHETIC_DAILY_CALIBRATED_TO_PUBLIC_ANNUAL_REFERENCE,33.43,3.706,1,59.76,4.75,168.01,13.95,60.0,58.98,58.79,SYNTHETIC_DEMO_CORRELATED_WITH_RAINFALL_REPLACE_WITH_NASA_SMAP_OR_ISRO_BHUVAN
PROD-0000077,2022-06-16,Balaghat,Madhya Pradesh,Balaghat,21.833333,80.233333,1073.29,1063.38,1.78,0,0.0,OFFICIAL_ANNUAL_PLAN,OFFICIAL_SAME_PERIOD,SYNTHETIC_DAILY_CALIBRATED_TO_PUBLIC_ANNUAL_REFERENCE,9.91,0.923,1,37.07,4.36,137.62,15.27,56.41,57.78,58.28,SYNTHETIC_DEMO_CORRELATED_WITH_RAINFALL_REPLACE_WITH_NASA_SMAP_OR_ISRO_BHUVAN
PROD-0000078,2022-06-17,Balaghat,Madhya Pradesh,Balaghat,21.833333,80.233333,932.64,908.77,0.0,39,0.0,OFFICIAL_ANNUAL_PLAN,OFFICIAL_SAME_PERIOD,SYNTHETIC_DAILY_CALIBRATED_TO_PUBLIC_ANNUAL_REFERENCE,23.87,2.559,1,37.07,2.34,74.82,14.33,53.59,56.67,57.36,SYNTHETIC_DEMO_CORRELATED_WITH_RAINFALL_REPLACE_WITH_NASA_SMAP_OR_ISRO_BHUVAN
PROD-0000079,2022-06-18,Balaghat,Madhya Pradesh,Balaghat,21.833333,80.233333,1033.48,1049.46,0.0,0,0.0,OFFICIAL_ANNUAL_PLAN,OFFICIAL_SAME_PERIOD,SYNTHETIC_DAILY_CALIBRATED_TO_PUBLIC_ANNUAL_REFERENCE,0.0,0.0,0,0.0,1.78,74.82,12.35,48.82,52.94,56.54,SYNTHETIC_DEMO_CORRELATED_WITH_RAINFALL_REPLACE_WITH_NASA_SMAP_OR_ISRO_BHUVAN
PROD-0000080,2022-06-19,Balaghat,Madhya Pradesh,Balaghat,21.833333,80.233333,1048.87,984.03,0.41,0,27.3,OFFICIAL_ANNUAL_PLAN,OFFICIAL_SAME_PERIOD,SYNTHETIC_DAILY_CALIBRATED_TO_PUBLIC_ANNUAL_REFERENCE,64.84,6.182,1,27.3,0.41,87.06,6.94,60.0,54.14,56.54,SYNTHETIC_DEMO_CORRELATED_WITH_RAINFALL_REPLACE_WITH_NASA_SMAP_OR_ISRO_BHUVAN
PROD-0000081,2022-06-20,Balaghat,Madhya Pradesh,Balaghat,21.833333,80.233333,969.53,918.21,0.18,35,11.93,OFFICIAL_ANNUAL_PLAN,OFFICIAL_SAME_PERIOD,SYNTHETIC_DAILY_CALIBRATED_TO_PUBLIC_ANNUAL_REFERENCE,51.32,5.293,1,39.23,0.59,76.3,4.95,60.0,56.27,56.54,SYNTHETIC_DEMO_CORRELATED_WITH_RAINFALL_REPLACE_WITH_NASA_SMAP_OR_ISRO_BHUVAN
PROD-0000082,2022-06-21,Balaghat,Madhya Pradesh,Balaghat,21.833333,80.233333,952.92,855.53,2.56,51,48.13,OFFICIAL_ANNUAL_PLAN,OFFICIAL_SAME_PERIOD,SYNTHETIC_DAILY_CALIBRATED_TO_PUBLIC_ANNUAL_REFERENCE,97.39,10.22,1,87.36,3.15,124.43,5.49,60.0,60.0,56.97,SYNTHETIC_DEMO_CORRELATED_WITH_RAINFALL_REPLACE_WITH_NASA_SMAP_OR_ISRO_BHUVAN
PROD-0000083,2022-06-22,Balaghat,Madhya Pradesh,Balaghat,21.833333,80.233333,1007.13,983.69,0.0,0,0.0,OFFICIAL_ANNUAL_PLAN,OFFICIAL_SAME_PERIOD,SYNTHETIC_DAILY_CALIBRATED_TO_PUBLIC_ANNUAL_REFERENCE,23.44,2.327,1,60.06,2.74,87.36,4.93,56.17,58.72,56.43,SYNTHETIC_DEMO_CORRELATED_WITH_RAINFALL_REPLACE_WITH_NASA_SMAP_OR_ISRO_BHUVAN
PROD-0000084,2022-06-23,Balaghat,Madhya Pradesh,Balaghat,21.833333,80.233333,908.58,828.9,2.75,0,32.02,OFFICIAL_ANNUAL_PLAN,OFFICIAL_SAME_PERIOD,SYNTHETIC_DAILY_CALIBRATED_TO_PUBLIC_ANNUAL_REFERENCE,79.68,8.77,1,80.15,5.31,119.38,5.9,60.0,58.72,56.94,SYNTHETIC_DEMO_CORRELATED_WITH_RAINFALL_REPLACE_WITH_NASA_SMAP_OR_ISRO_BHUVAN
PROD-0000085,2022-06-24,Balaghat,Madhya Pradesh,Balaghat,21.833333,80.233333,1043.26,1012.0,0.12,0,8.02,OFFICIAL_ANNUAL_PLAN,OFFICIAL_SAME_PERIOD,SYNTHETIC_DAILY_CALIBRATED_TO_PUBLIC_ANNUAL_REFERENCE,31.26,2.996,1,40.04,2.87,127.4,6.02,60.0,58.72,57.86,SYNTHETIC_DEMO_CORRELATED_WITH_RAINFALL_REPLACE_WITH_NASA_SMAP_OR_ISRO_BHUVAN
PROD-0000086,2022-06-25,Balaghat,Madhya Pradesh,Balaghat,21.833333,80.233333,927.88,912.3,0.0,0,0.0,OFFICIAL_ANNUAL_PLAN,OFFICIAL_SAME_PERIOD,SYNTHETIC_DAILY_CALIBRATED_TO_PUBLIC_ANNUAL_REFERENCE,15.58,1.679,1,40.04,2.87,127.4,6.02,55.12,58.37,58.76,SYNTHETIC_DEMO_CORRELATED_WITH_RAINFALL_REPLACE_WITH_NASA_SMAP_OR_ISRO_BHUVAN
PROD-0000087,2022-06-26,Balaghat,Madhya Pradesh,Balaghat,21.833333,80.233333,895.53,861.18,0.09,0,5.9,OFFICIAL_ANNUAL_PLAN,OFFICIAL_SAME_PERIOD,SYNTHETIC_DAILY_CALIBRATED_TO_PUBLIC_ANNUAL_REFERENCE,34.35,3.836,1,13.92,0.21,106.0,5.7,57.3,57.47,58.37,SYNTHETIC_DEMO_CORRELATED_WITH_RAINFALL_REPLACE_WITH_NASA_SMAP_OR_ISRO_BHUVAN
PROD-0000088,2022-06-27,Balaghat,Madhya Pradesh,Balaghat,21.833333,80.233333,1018.79,981.04,0.02,5,1.1,OFFICIAL_ANNUAL_PLAN,OFFICIAL_SAME_PERIOD,SYNTHETIC_DAILY_CALIBRATED_TO_PUBLIC_ANNUAL_REFERENCE,37.75,3.705,1,7.0,0.11,95.17,5.54,55.59,56.0,57.74,SYNTHETIC_DEMO_CORRELATED_WITH_RAINFALL_REPLACE_WITH_NASA_SMAP_OR_ISRO_BHUVAN
PROD-0000089,2022-06-28,Balaghat,Madhya Pradesh,Balaghat,21.833333,80.233333,872.14,857.23,0.0,0,0.0,OFFICIAL_ANNUAL_PLAN,OFFICIAL_SAME_PERIOD,SYNTHETIC_DAILY_CALIBRATED_TO_PUBLIC_ANNUAL_REFERENCE,14.91,1.71,1,7.0,0.11,47.04,2.98,52.62,55.17,56.69,SYNTHETIC_DEMO_CORRELATED_WITH_RAINFALL_REPLACE_WITH_NASA_SMAP_OR_ISRO_BHUVAN
PROD-0000090,2022-06-29,Balaghat,Madhya Pradesh,Balaghat,21.833333,80.233333,825.94,773.66,2.21,0,21.69,OFFICIAL_ANNUAL_PLAN,OFFICIAL_SAME_PERIOD,SYNTHETIC_DAILY_CALIBRATED_TO_PUBLIC_ANNUAL_REFERENCE,52.28,6.33,1,22.79,2.23,68.73,5.19,60.0,56.07,57.23,SYNTHETIC_DEMO_CORRELATED_WITH_RAINFALL_REPLACE_WITH_NASA_SMAP_OR_ISRO_BHUVAN
PROD-0000091,2022-06-30,Balaghat,Madhya Pradesh,Balaghat,21.833333,80.233333,1007.53,927.07,2.42,0,0.0,OFFICIAL_ANNUAL_PLAN,OFFICIAL_SAME_PERIOD,SYNTHETIC_DAILY_CALIBRATED_TO_PUBLIC_ANNUAL_REFERENCE,80.46,7.986,1,21.69,4.63,36.71,4.86,57.39,56.67,56.86,SYNTHETIC_DEMO_CORRELATED_WITH_RAINFALL_REPLACE_WITH_NASA_SMAP_OR_ISRO_BHUVAN
PROD-0000092,2022-07-01,Balaghat,Madhya Pradesh,Balaghat,21.833333,80.233333,1013.06,939.94,0.21,0,14.3,OFFICIAL_ANNUAL_PLAN,OFFICIAL_SAME_PERIOD,SYNTHETIC_DAILY_CALIBRATED_TO_PUBLIC_ANNUAL_REFERENCE,73.12,7.218,1,35.99,4.84,42.99,4.95,60.0,59.13,56.86,SYNTHETIC_DEMO_CORRELATED_WITH_RAINFALL_REPLACE_WITH_NASA_SMAP_OR_ISRO_BHUVAN
PROD-0000093,2022-07-02,Balaghat,Madhya Pradesh,Balaghat,21.833333,80.233333,916.11,870.51,0.12,0,8.18,OFFICIAL_ANNUAL_PLAN,OFFICIAL_SAME_PERIOD,SYNTHETIC_DAILY_CALIBRATED_TO_PUBLIC_ANNUAL_REFERENCE,45.6,4.978,1,22.48,2.75,51.17,5.07,60.0,59.13,57.56,SYNTHETIC_DEMO_CORRELATED_WITH_RAINFALL_REPLACE_WITH_NASA_SMAP_OR_ISRO_BHUVAN
PROD-0000094,2022-07-03,Balaghat,Madhya Pradesh,Balaghat,21.833333,80.233333,994.07,978.37,0.65,0,10.24,OFFICIAL_ANNUAL_PLAN,OFFICIAL_SAME_PERIOD,SYNTHETIC_DAILY_CALIBRATED_TO_PUBLIC_ANNUAL_REFERENCE,15.7,1.579,1,32.72,0.98,55.51,5.63,60.0,60.0,57.94,SYNTHETIC_DEMO_CORRELATED_WITH_RAINFALL_REPLACE_WITH_NASA_SMAP_OR_ISRO_BHUVAN
PROD-0000095,2022-07-04,Balaghat,Madhya Pradesh,Balaghat,21.833333,80.233333,935.33,907.32,0.0,0,0.0,OFFICIAL_ANNUAL_PLAN,OFFICIAL_SAME_PERIOD,SYNTHETIC_DAILY_CALIBRATED_TO_PUBLIC_ANNUAL_REFERENCE,28.01,2.995,1,18.42,0.77,54.41,5.61,55.24,58.41,57.89,SYNTHETIC_DEMO_CORRELATED_WITH_RAINFALL_REPLACE_WITH_NASA_SMAP_OR_ISRO_BHUVAN
PROD-0000096,2022-07-05,Balaghat,Madhya Pradesh,Balaghat,21.833333,80.233333,843.45,794.41,0.26,0,17.06,OFFICIAL_ANNUAL_PLAN,OFFICIAL_SAME_PERIOD,SYNTHETIC_DAILY_CALIBRATED_TO_PUBLIC_ANNUAL_REFERENCE,49.04,5.814,1,27.3,0.91,71.47,5.87,60.0,58.41,58.95,SYNTHETIC_DEMO_CORRELATED_WITH_RAINFALL_REPLACE_WITH_NASA_SMAP_OR_ISRO_BHUVAN
PROD-0000097,2022-07-06,Balaghat,Madhya Pradesh,Balaghat,21.833333,80.233333,1100.39,1023.34,2.54,0,0.0,OFFICIAL_ANNUAL_PLAN,OFFICIAL_SAME_PERIOD,SYNTHETIC_DAILY_CALIBRATED_TO_PUBLIC_ANNUAL_REFERENCE,77.05,7.002,1,17.06,2.8,49.78,6.2,56.1,57.11,58.39,SYNTHETIC_DEMO_CORRELATED_WITH_RAINFALL_REPLACE_WITH_NASA_SMAP_OR_ISRO_BHUVAN
PROD-0000098,2022-07-07,Balaghat,Madhya Pradesh,Balaghat,21.833333,80.233333,959.97,895.06,0.11,29,7.01,OFFICIAL_ANNUAL_PLAN,OFFICIAL_SAME_PERIOD,SYNTHETIC_DAILY_CALIBRATED_TO_PUBLIC_ANNUAL_REFERENCE,64.91,6.762,1,24.07,2.91,56.79,3.89,60.0,58.7,58.76,SYNTHETIC_DEMO_CORRELATED_WITH_RAINFALL_REPLACE_WITH_NASA_SMAP_OR_ISRO_BHUVAN
PROD-0000099,2022-07-08,Balaghat,Madhya Pradesh,Balaghat,21.833333,80.233333,937.48,848.35,2.19,0,0.0,OFFICIAL_ANNUAL_PLAN,OFFICIAL_SAME_PERIOD,SYNTHETIC_DAILY_CALIBRATED_TO_PUBLIC_ANNUAL_REFERENCE,89.13,9.507,1,7.01,4.84,42.49,5.87,56.11,57.4,58.21,SYNTHETIC_DEMO_CORRELATED_WITH_RAINFALL_REPLACE_WITH_NASA_SMAP_OR_ISRO_BHUVAN
PROD-0000100,2022-07-09,Balaghat,Madhya Pradesh,Balaghat,21.833333,80.233333,964.04,893.74,0.53,0,35.37,OFFICIAL_ANNUAL_PLAN,OFFICIAL_SAME_PERIOD,SYNTHETIC_DAILY_CALIBRATED_TO_PUBLIC_ANNUAL_REFERENCE,70.3,7.292,1,42.38,2.83,69.68,6.28,60.0,58.7,58.21,SYNTHETIC_DEMO_CORRELATED_WITH_RAINFALL_REPLACE_WITH_NASA_SMAP_OR_ISRO_BHUVAN
PROD-0000101,2022-07-10,Balaghat,Madhya Pradesh,Balaghat,21.833333,80.233333,963.78,921.26,0.81,0,0.0,OFFICIAL_ANNUAL_PLAN,OFFICIAL_SAME_PERIOD,SYNTHETIC_DAILY_CALIBRATED_TO_PUBLIC_ANNUAL_REFERENCE,42.52,4.412,1,35.37,3.53,59.44,6.44,55.44,57.18,57.56,SYNTHETIC_DEMO_CORRELATED_WITH_RAINFALL_REPLACE_WITH_NASA_SMAP_OR_ISRO_BHUVAN
PROD-0000102,2022-07-11,Balaghat,Madhya Pradesh,Balaghat,21.833333,80.233333,987.86,936.08,0.96,0,2.1,OFFICIAL_ANNUAL_PLAN,OFFICIAL_SAME_PERIOD,SYNTHETIC_DAILY_CALIBRATED_TO_PUBLIC_ANNUAL_REFERENCE,51.78,5.242,1,37.47,2.3,61.54,7.4,54.25,56.56,57.41,SYNTHETIC_DEMO_CORRELATED_WITH_RAINFALL_REPLACE_WITH_NASA_SMAP_OR_ISRO_BHUVAN
PROD-0000103,2022-07-12,Balaghat,Madhya Pradesh,Balaghat,21.833333,80.233333,1035.81,954.62,2.63,32,0.0,OFFICIAL_ANNUAL_PLAN,OFFICIAL_SAME_PERIOD,SYNTHETIC_DAILY_CALIBRATED_TO_PUBLIC_ANNUAL_REFERENCE,81.19,7.838,1,2.1,4.4,44.48,9.77,53.16,54.28,56.44,SYNTHETIC_DEMO_CORRELATED_WITH_RAINFALL_REPLACE_WITH_NASA_SMAP_OR_ISRO_BHUVAN
PROD-0000104,2022-07-13,Balaghat,Madhya Pradesh,Balaghat,21.833333,80.233333,935.06,878.12,3.44,0,0.0,OFFICIAL_ANNUAL_PLAN,OFFICIAL_SAME_PERIOD,SYNTHETIC_DAILY_CALIBRATED_TO_PUBLIC_ANNUAL_REFERENCE,56.94,6.089,1,2.1,7.03,44.48,10.67,49.23,52.21,55.46,SYNTHETIC_DEMO_CORRELATED_WITH_RAINFALL_REPLACE_WITH_NASA_SMAP_OR_ISRO_BHUVAN
PROD-0000105,2022-07-14,Balaghat,Madhya Pradesh,Balaghat,21.833333,80.233333,934.01,867.87,2.54,0,21.74,OFFICIAL_ANNUAL_PLAN,OFFICIAL_SAME_PERIOD,SYNTHETIC_DAILY_CALIBRATED_TO_PUBLIC_ANNUAL_REFERENCE,66.14,7.081,1,21.74,8.61,59.21,13.1,60.0,54.13,55.46,SYNTHETIC_DEMO_CORRELATED_WITH_RAINFALL_REPLACE_WITH_NASA_SMAP_OR_ISRO_BHUVAN
PROD-0000106,2022-07-15,Balaghat,Madhya Pradesh,Balaghat,21.833333,80.233333,924.46,842.14,0.91,0,14.63,OFFICIAL_ANNUAL_PLAN,OFFICIAL_SAME_PERIOD,SYNTHETIC_DAILY_CALIBRATED_TO_PUBLIC_ANNUAL_REFERENCE,82.32,8.905,1,36.37,6.89,73.84,11.82,60.0,56.41,56.01,SYNTHETIC_DEMO_CORRELATED_WITH_RAINFALL_REPLACE_WITH_NASA_SMAP_OR_ISRO_BHUVAN
PROD-0000107,2022-07-16,Balaghat,Madhya Pradesh,Balaghat,21.833333,80.233333,942.35,888.25,0.0,0,0.0,OFFICIAL_ANNUAL_PLAN,OFFICIAL_SAME_PERIOD,SYNTHETIC_DAILY_CALIBRATED_TO_PUBLIC_ANNUAL_REFERENCE,54.1,5.741,1,36.37,3.45,38.47,11.29,56.41,58.8,55.5,SYNTHETIC_DEMO_CORRELATED_WITH_RAINFALL_REPLACE_WITH_NASA_SMAP_OR_ISRO_BHUVAN
PROD-0000108,2022-07-17,Balaghat,Madhya Pradesh,Balaghat,21.833333,80.233333,951.94,910.29,0.28,105,18.49,OFFICIAL_ANNUAL_PLAN,OFFICIAL_SAME_PERIOD,SYNTHETIC_DAILY_CALIBRATED_TO_PUBLIC_ANNUAL_REFERENCE,41.65,4.375,1,33.12,1.19,56.96,10.76,60.0,58.8,56.15,SYNTHETIC_DEMO_CORRELATED_WITH_RAINFALL_REPLACE_WITH_NASA_SMAP_OR_ISRO_BHUVAN
PROD-0000109,2022-07-18,Balaghat,Madhya Pradesh,Balaghat,21.833333,80.233333,933.36,851.07,0.07,58,4.42,OFFICIAL_ANNUAL_PLAN,OFFICIAL_SAME_PERIOD,SYNTHETIC_DAILY_CALIBRATED_TO_PUBLIC_ANNUAL_REFERENCE,82.29,8.817,1,22.91,0.35,59.28,9.87,60.0,58.8,56.97,SYNTHETIC_DEMO_CORRELATED_WITH_RAINFALL_REPLACE_WITH_NASA_SMAP_OR_ISRO_BHUVAN
PROD-0000110,2022-07-19,Balaghat,Madhya Pradesh,Balaghat,21.833333,80.233333,929.82,911.27,0.7,0,0.0,OFFICIAL_ANNUAL_PLAN,OFFICIAL_SAME_PERIOD,SYNTHETIC_DAILY_CALIBRATED_TO_PUBLIC_ANNUAL_REFERENCE,18.55,1.995,1,22.91,1.05,59.28,7.94,56.2,58.73,57.41,SYNTHETIC_DEMO_CORRELATED_WITH_RAINFALL_REPLACE_WITH_NASA_SMAP_OR_ISRO_BHUVAN
PROD-0000111,2022-07-20,Balaghat,Madhya Pradesh,Balaghat,21.833333,80.233333,892.23,879.68,0.44,0,7.07,OFFICIAL_ANNUAL_PLAN,OFFICIAL_SAME_PERIOD,SYNTHETIC_DAILY_CALIBRATED_TO_PUBLIC_ANNUAL_REFERENCE,12.55,1.407,1,11.49,1.21,66.35,4.94,59.4,58.53,58.86,SYNTHETIC_DEMO_CORRELATED_WITH_RAINFALL_REPLACE_WITH_NASA_SMAP_OR_ISRO_BHUVAN
PROD-0000112,2022-07-21,Balaghat,Madhya Pradesh,Balaghat,21.833333,80.233333,901.43,809.29,5.61,0,0.0,OFFICIAL_ANNUAL_PLAN,OFFICIAL_SAME_PERIOD,SYNTHETIC_DAILY_CALIBRATED_TO_PUBLIC_ANNUAL_REFERENCE,92.14,10.222,1,7.07,6.75,44.61,8.01,56.14,57.25,58.31,SYNTHETIC_DEMO_CORRELATED_WITH_RAINFALL_REPLACE_WITH_NASA_SMAP_OR_ISRO_BHUVAN
PROD-0000113,2022-07-22,Balaghat,Madhya Pradesh,Balaghat,21.833333,80.233333,933.2,864.25,1.67,0,32.74,OFFICIAL_ANNUAL_PLAN,OFFICIAL_SAME_PERIOD,SYNTHETIC_DAILY_CALIBRATED_TO_PUBLIC_ANNUAL_REFERENCE,68.95,7.389,1,39.81,7.72,62.72,8.77,60.0,58.51,58.31,SYNTHETIC_DEMO_CORRELATED_WITH_RAINFALL_REPLACE_WITH_NASA_SMAP_OR_ISRO_BHUVAN
PROD-0000114,2022-07-23,Balaghat,Madhya Pradesh,Balaghat,21.833333,80.233333,1124.29,1130.42,0.0,0,0.0,OFFICIAL_ANNUAL_PLAN,OFFICIAL_SAME_PERIOD,SYNTHETIC_DAILY_CALIBRATED_TO_PUBLIC_ANNUAL_REFERENCE,0.0,0.0,0,32.74,7.28,62.72,8.77,57.0,57.71,58.39,SYNTHETIC_DEMO_CORRELATED_WITH_RAINFALL_REPLACE_WITH_NASA_SMAP_OR_ISRO_BHUVAN
PROD-0000115,2022-07-24,Balaghat,Madhya Pradesh,Balaghat,21.833333,80.233333,1063.02,1020.37,0.0,65,0.0,OFFICIAL_ANNUAL_PLAN,OFFICIAL_SAME_PERIOD,SYNTHETIC_DAILY_CALIBRATED_TO_PUBLIC_ANNUAL_REFERENCE,42.65,4.012,1,32.74,1.67,44.23,8.49,52.98,56.66,57.39,SYNTHETIC_DEMO_CORRELATED_WITH_RAINFALL_REPLACE_WITH_NASA_SMAP_OR_ISRO_BHUVAN
PROD-0000116,2022-07-25,Balaghat,Madhya Pradesh,Balaghat,21.833333,80.233333,880.1,812.41,1.46,0,23.47,OFFICIAL_ANNUAL_PLAN,OFFICIAL_SAME_PERIOD,SYNTHETIC_DAILY_CALIBRATED_TO_PUBLIC_ANNUAL_REFERENCE,67.69,7.691,1,23.47,1.46,63.28,9.88,60.0,56.66,57.39,SYNTHETIC_DEMO_CORRELATED_WITH_RAINFALL_REPLACE_WITH_NASA_SMAP_OR_ISRO_BHUVAN
PROD-0000117,2022-07-26,Balaghat,Madhya Pradesh,Balaghat,21.833333,80.233333,1064.22,1037.29,0.0,26,0.0,OFFICIAL_ANNUAL_PLAN,OFFICIAL_SAME_PERIOD,SYNTHETIC_DAILY_CALIBRATED_TO_PUBLIC_ANNUAL_REFERENCE,26.93,2.53,1,23.47,1.46,63.28,9.18,56.92,56.63,57.49,SYNTHETIC_DEMO_CORRELATED_WITH_RAINFALL_REPLACE_WITH_NASA_SMAP_OR_ISRO_BHUVAN
PROD-0000118,2022-07-27,Balaghat,Madhya Pradesh,Balaghat,21.833333,80.233333,993.14,936.37,2.81,0,20.43,OFFICIAL_ANNUAL_PLAN,OFFICIAL_SAME_PERIOD,SYNTHETIC_DAILY_CALIBRATED_TO_PUBLIC_ANNUAL_REFERENCE,56.77,5.716,1,43.9,4.27,76.64,11.55,60.0,58.97,57.58,SYNTHETIC_DEMO_CORRELATED_WITH_RAINFALL_REPLACE_WITH_NASA_SMAP_OR_ISRO_BHUVAN
PROD-0000119,2022-07-28,Balaghat,Madhya Pradesh,Balaghat,21.833333,80.233333,866.05,813.95,0.79,0,52.97,OFFICIAL_ANNUAL_PLAN,OFFICIAL_SAME_PERIOD,SYNTHETIC_DAILY_CALIBRATED_TO_PUBLIC_ANNUAL_REFERENCE,52.1,6.016,1,73.4,3.6,129.61,6.73,60.0,58.97,58.13,SYNTHETIC_DEMO_CORRELATED_WITH_RAINFALL_REPLACE_WITH_NASA_SMAP_OR_ISRO_BHUVAN
PROD-0000120,2022-07-29,Balaghat,Madhya Pradesh,Balaghat,21.833333,80.233333,880.27,823.73,3.08,0,13.59,OFFICIAL_ANNUAL_PLAN,OFFICIAL_SAME_PERIOD,SYNTHETIC_DAILY_CALIBRATED_TO_PUBLIC_ANNUAL_REFERENCE,56.54,6.423,1,86.99,6.68,110.46,8.14,60.0,60.0,58.13,SYNTHETIC_DEMO_CORRELATED_WITH_RAINFALL_REPLACE_WITH_NASA_SMAP_OR_ISRO_BHUVAN
PROD-0000121,2022-07-30,Balaghat,Madhya Pradesh,Balaghat,21.833333,80.233333,1002.64,947.66,2.09,0,5.76,OFFICIAL_ANNUAL_PLAN,OFFICIAL_SAME_PERIOD,SYNTHETIC_DAILY_CALIBRATED_TO_PUBLIC_ANNUAL_REFERENCE,54.98,5.484,1,72.32,5.96,116.22,10.23,60.0,60.0,58.56,SYNTHETIC_DEMO_CORRELATED_WITH_RAINFALL_REPLACE_WITH_NASA_SMAP_OR_ISRO_BHUVAN
PROD-0000122,2022-07-31,Balaghat,Madhya Pradesh,Balaghat,21.833333,80.233333,917.03,903.14,1.43,0,22.98,OFFICIAL_ANNUAL_PLAN,OFFICIAL_SAME_PERIOD,SYNTHETIC_DAILY_CALIBRATED_TO_PUBLIC_ANNUAL_REFERENCE,13.89,1.515,1,42.33,6.6,139.2,11.66,60.0,60.0,59.56,SYNTHETIC_DEMO_CORRELATED_WITH_RAINFALL_REPLACE_WITH_NASA_SMAP_OR_ISRO_BHUVAN
PROD-0000123,2022-08-01,Balaghat,Madhya Pradesh,Balaghat,21.833333,80.233333,1027.21,931.29,3.38,0,0.0,OFFICIAL_ANNUAL_PLAN,OFFICIAL_SAME_PERIOD,SYNTHETIC_DAILY_CALIBRATED_TO_PUBLIC_ANNUAL_REFERENCE,95.92,9.338,1,28.74,6.9,115.73,13.58,56.35,58.78,59.04,SYNTHETIC_DEMO_CORRELATED_WITH_RAINFALL_REPLACE_WITH_NASA_SMAP_OR_ISRO_BHUVAN
PROD-0000124,2022-08-02,Balaghat,Madhya Pradesh,Balaghat,21.833333,80.233333,916.83,881.39,2.47,0,0.0,OFFICIAL_ANNUAL_PLAN,OFFICIAL_SAME_PERIOD,SYNTHETIC_DAILY_CALIBRATED_TO_PUBLIC_ANNUAL_REFERENCE,35.44,3.865,1,22.98,7.28,115.73,16.05,51.95,56.1,58.33,SYNTHETIC_DEMO_CORRELATED_WITH_RAINFALL_REPLACE_WITH_NASA_SMAP_OR_ISRO_BHUVAN
PROD-0000125,2022-08-03,Balaghat,Madhya Pradesh,Balaghat,21.833333,80.233333,1014.21,977.47,0.0,0,0.0,OFFICIAL_ANNUAL_PLAN,OFFICIAL_SAME_PERIOD,SYNTHETIC_DAILY_CALIBRATED_TO_PUBLIC_ANNUAL_REFERENCE,36.74,3.623,1,0.0,5.85,95.3,13.24,49.77,52.69,56.87,SYNTHETIC_DEMO_CORRELATED_WITH_RAINFALL_REPLACE_WITH_NASA_SMAP_OR_ISRO_BHUVAN
PROD-0000126,2022-08-04,Balaghat,Madhya Pradesh,Balaghat,21.833333,80.233333,864.81,798.25,2.94,0,26.9,OFFICIAL_ANNUAL_PLAN,OFFICIAL_SAME_PERIOD,SYNTHETIC_DAILY_CALIBRATED_TO_PUBLIC_ANNUAL_REFERENCE,66.56,7.696,1,26.9,5.41,69.23,15.39,60.0,53.91,56.87,SYNTHETIC_DEMO_CORRELATED_WITH_RAINFALL_REPLACE_WITH_NASA_SMAP_OR_ISRO_BHUVAN
PROD-0000127,2022-08-05,Balaghat,Madhya Pradesh,Balaghat,21.833333,80.233333,1020.34,1009.72,0.69,0,45.82,OFFICIAL_ANNUAL_PLAN,OFFICIAL_SAME_PERIOD,SYNTHETIC_DAILY_CALIBRATED_TO_PUBLIC_ANNUAL_REFERENCE,10.62,1.041,1,72.72,3.63,101.46,13.0,60.0,56.59,56.87,SYNTHETIC_DEMO_CORRELATED_WITH_RAINFALL_REPLACE_WITH_NASA_SMAP_OR_ISRO_BHUVAN
PROD-0000128,2022-08-06,Balaghat,Madhya Pradesh,Balaghat,21.833333,80.233333,1028.85,961.84,0.03,0,1.93,OFFICIAL_ANNUAL_PLAN,OFFICIAL_SAME_PERIOD,SYNTHETIC_DAILY_CALIBRATED_TO_PUBLIC_ANNUAL_REFERENCE,67.01,6.513,1,74.65,3.66,97.63,10.94,58.49,59.5,56.65,SYNTHETIC_DEMO_CORRELATED_WITH_RAINFALL_REPLACE_WITH_NASA_SMAP_OR_ISRO_BHUVAN
PROD-0000129,2022-08-07,Balaghat,Madhya Pradesh,Balaghat,21.833333,80.233333,1045.86,976.9,3.05,0,35.5,OFFICIAL_ANNUAL_PLAN,OFFICIAL_SAME_PERIOD,SYNTHETIC_DAILY_CALIBRATED_TO_PUBLIC_ANNUAL_REFERENCE,68.96,6.594,1,83.25,3.77,110.15,12.56,60.0,59.5,56.65,SYNTHETIC_DEMO_CORRELATED_WITH_RAINFALL_REPLACE_WITH_NASA_SMAP_OR_ISRO_BHUVAN
PROD-0000130,2022-08-08,Balaghat,Madhya Pradesh,Balaghat,21.833333,80.233333,910.09,871.86,0.26,0,17.24,OFFICIAL_ANNUAL_PLAN,OFFICIAL_SAME_PERIOD,SYNTHETIC_DAILY_CALIBRATED_TO_PUBLIC_ANNUAL_REFERENCE,38.23,4.201,1,54.67,3.34,127.39,9.44,60.0,59.5,57.17,SYNTHETIC_DEMO_CORRELATED_WITH_RAINFALL_REPLACE_WITH_NASA_SMAP_OR_ISRO_BHUVAN
PROD-0000131,2022-08-09,Balaghat,Madhya Pradesh,Balaghat,21.833333,80.233333,969.29,933.54,0.58,0,38.75,OFFICIAL_ANNUAL_PLAN,OFFICIAL_SAME_PERIOD,SYNTHETIC_DAILY_CALIBRATED_TO_PUBLIC_ANNUAL_REFERENCE,35.75,3.688,1,91.49,3.89,166.14,7.55,60.0,60.0,58.32,SYNTHETIC_DEMO_CORRELATED_WITH_RAINFALL_REPLACE_WITH_NASA_SMAP_OR_ISRO_BHUVAN
PROD-0000132,2022-08-10,Balaghat,Madhya Pradesh,Balaghat,21.833333,80.233333,1078.77,968.74,4.58,0,0.0,OFFICIAL_ANNUAL_PLAN,OFFICIAL_SAME_PERIOD,SYNTHETIC_DAILY_CALIBRATED_TO_PUBLIC_ANNUAL_REFERENCE,110.03,10.2,1,55.99,5.42,166.14,12.13,58.5,59.5,59.57,SYNTHETIC_DEMO_CORRELATED_WITH_RAINFALL_REPLACE_WITH_NASA_SMAP_OR_ISRO_BHUVAN
PROD-0000133,2022-08-11,Balaghat,Madhya Pradesh,Balaghat,21.833333,80.233333,946.07,923.97,0.02,0,1.63,OFFICIAL_ANNUAL_PLAN,OFFICIAL_SAME_PERIOD,SYNTHETIC_DAILY_CALIBRATED_TO_PUBLIC_ANNUAL_REFERENCE,22.1,2.336,1,40.38,5.18,140.87,9.21,55.33,57.94,58.9,SYNTHETIC_DEMO_CORRELATED_WITH_RAINFALL_REPLACE_WITH_NASA_SMAP_OR_ISRO_BHUVAN
PROD-0000134,2022-08-12,Balaghat,Madhya Pradesh,Balaghat,21.833333,80.233333,997.92,887.28,3.06,0,0.0,OFFICIAL_ANNUAL_PLAN,OFFICIAL_SAME_PERIOD,SYNTHETIC_DAILY_CALIBRATED_TO_PUBLIC_ANNUAL_REFERENCE,110.64,11.087,1,1.63,7.66,95.05,11.58,53.3,55.71,57.95,SYNTHETIC_DEMO_CORRELATED_WITH_RAINFALL_REPLACE_WITH_NASA_SMAP_OR_ISRO_BHUVAN
PROD-0000135,2022-08-13,Balaghat,Madhya Pradesh,Balaghat,21.833333,80.233333,796.64,743.1,1.33,0,10.52,OFFICIAL_ANNUAL_PLAN,OFFICIAL_SAME_PERIOD,SYNTHETIC_DAILY_CALIBRATED_TO_PUBLIC_ANNUAL_REFERENCE,53.54,6.721,1,12.15,4.41,103.64,12.88,57.82,55.48,57.85,SYNTHETIC_DEMO_CORRELATED_WITH_RAINFALL_REPLACE_WITH_NASA_SMAP_OR_ISRO_BHUVAN
PROD-0000136,2022-08-14,Balaghat,Madhya Pradesh,Balaghat,21.833333,80.233333,945.19,932.57,0.0,0,0.0,OFFICIAL_ANNUAL_PLAN,OFFICIAL_SAME_PERIOD,SYNTHETIC_DAILY_CALIBRATED_TO_PUBLIC_ANNUAL_REFERENCE,12.62,1.335,1,10.52,4.39,68.14,9.83,53.16,54.76,56.87,SYNTHETIC_DEMO_CORRELATED_WITH_RAINFALL_REPLACE_WITH_NASA_SMAP_OR_ISRO_BHUVAN
PROD-0000137,2022-08-15,Balaghat,Madhya Pradesh,Balaghat,21.833333,80.233333,894.75,809.13,2.96,0,3.35,OFFICIAL_ANNUAL_PLAN,OFFICIAL_SAME_PERIOD,SYNTHETIC_DAILY_CALIBRATED_TO_PUBLIC_ANNUAL_REFERENCE,85.62,9.569,1,13.87,4.29,54.25,12.53,52.51,54.5,55.8,SYNTHETIC_DEMO_CORRELATED_WITH_RAINFALL_REPLACE_WITH_NASA_SMAP_OR_ISRO_BHUVAN
PROD-0000138,2022-08-16,Balaghat,Madhya Pradesh,Balaghat,21.833333,80.233333,928.17,881.36,1.56,0,0.0,OFFICIAL_ANNUAL_PLAN,OFFICIAL_SAME_PERIOD,SYNTHETIC_DAILY_CALIBRATED_TO_PUBLIC_ANNUAL_REFERENCE,46.81,5.043,1,3.35,4.52,15.5,13.51,46.64,50.77,53.89,SYNTHETIC_DEMO_CORRELATED_WITH_RAINFALL_REPLACE_WITH_NASA_SMAP_OR_ISRO_BHUVAN
PROD-0000139,2022-08-17,Balaghat,Madhya Pradesh,Balaghat,21.833333,80.233333,979.07,956.24,0.26,0,0.0,OFFICIAL_ANNUAL_PLAN,OFFICIAL_SAME_PERIOD,SYNTHETIC_DAILY_CALIBRATED_TO_PUBLIC_ANNUAL_REFERENCE,22.83,2.332,1,3.35,4.78,15.5,9.19,45.13,48.09,51.98,SYNTHETIC_DEMO_CORRELATED_WITH_RAINFALL_REPLACE_WITH_NASA_SMAP_OR_ISRO_BHUVAN
PROD-0000140,2022-08-18,Balaghat,Madhya Pradesh,Balaghat,21.833333,80.233333,914.35,867.7,0.66,0,26.62,OFFICIAL_ANNUAL_PLAN,OFFICIAL_SAME_PERIOD,SYNTHETIC_DAILY_CALIBRATED_TO_PUBLIC_ANNUAL_REFERENCE,46.65,5.102,1,26.62,2.48,40.49,9.83,60.0,50.59,52.65,SYNTHETIC_DEMO_CORRELATED_WITH_RAINFALL_REPLACE_WITH_NASA_SMAP_OR_ISRO_BHUVAN
PROD-0000141,2022-08-19,Balaghat,Madhya Pradesh,Balaghat,21.833333,80.233333,998.51,942.45,2.28,0,0.0,OFFICIAL_ANNUAL_PLAN,OFFICIAL_SAME_PERIOD,SYNTHETIC_DAILY_CALIBRATED_TO_PUBLIC_ANNUAL_REFERENCE,56.06,5.614,1,26.62,3.2,40.49,9.05,57.08,54.07,53.19,SYNTHETIC_DEMO_CORRELATED_WITH_RAINFALL_REPLACE_WITH_NASA_SMAP_OR_ISRO_BHUVAN
PROD-0000142,2022-08-20,Balaghat,Madhya Pradesh,Balaghat,21.833333,80.233333,1002.69,973.29,0.28,0,18.56,OFFICIAL_ANNUAL_PLAN,OFFICIAL_SAME_PERIOD,SYNTHETIC_DAILY_CALIBRATED_TO_PUBLIC_ANNUAL_REFERENCE,29.4,2.932,1,45.18,3.22,48.53,8.0,60.0,59.03,53.5,SYNTHETIC_DEMO_CORRELATED_WITH_RAINFALL_REPLACE_WITH_NASA_SMAP_OR_ISRO_BHUVAN
PROD-0000143,2022-08-21,Balaghat,Madhya Pradesh,Balaghat,21.833333,80.233333,905.67,898.01,0.09,28,6.02,OFFICIAL_ANNUAL_PLAN,OFFICIAL_SAME_PERIOD,SYNTHETIC_DAILY_CALIBRATED_TO_PUBLIC_ANNUAL_REFERENCE,7.66,0.846,1,24.58,2.65,54.55,8.09,60.0,59.03,54.48,SYNTHETIC_DEMO_CORRELATED_WITH_RAINFALL_REPLACE_WITH_NASA_SMAP_OR_ISRO_BHUVAN
PROD-0000144,2022-08-22,Balaghat,Madhya Pradesh,Balaghat,21.833333,80.233333,867.82,844.1,0.0,0,0.0,OFFICIAL_ANNUAL_PLAN,OFFICIAL_SAME_PERIOD,SYNTHETIC_DAILY_CALIBRATED_TO_PUBLIC_ANNUAL_REFERENCE,23.72,2.733,1,24.58,0.37,51.2,5.13,57.82,59.27,55.24,SYNTHETIC_DEMO_CORRELATED_WITH_RAINFALL_REPLACE_WITH_NASA_SMAP_OR_ISRO_BHUVAN
PROD-0000145,2022-08-23,Balaghat,Madhya Pradesh,Balaghat,21.833333,80.233333,949.4,902.11,0.66,0,0.0,OFFICIAL_ANNUAL_PLAN,OFFICIAL_SAME_PERIOD,SYNTHETIC_DAILY_CALIBRATED_TO_PUBLIC_ANNUAL_REFERENCE,47.29,4.981,1,6.02,0.75,51.2,4.23,55.68,57.83,56.53,SYNTHETIC_DEMO_CORRELATED_WITH_RAINFALL_REPLACE_WITH_NASA_SMAP_OR_ISRO_BHUVAN
PROD-0000146,2022-08-24,Balaghat,Madhya Pradesh,Balaghat,21.833333,80.233333,870.48,803.3,1.78,0,15.49,OFFICIAL_ANNUAL_PLAN,OFFICIAL_SAME_PERIOD,SYNTHETIC_DAILY_CALIBRATED_TO_PUBLIC_ANNUAL_REFERENCE,67.18,7.718,1,15.49,2.44,66.69,5.75,60.0,57.83,58.65,SYNTHETIC_DEMO_CORRELATED_WITH_RAINFALL_REPLACE_WITH_NASA_SMAP_OR_ISRO_BHUVAN
PROD-0000147,2022-08-25,Balaghat,Madhya Pradesh,Balaghat,21.833333,80.233333,1083.39,978.43,0.66,75,44.14,OFFICIAL_ANNUAL_PLAN,OFFICIAL_SAME_PERIOD,SYNTHETIC_DAILY_CALIBRATED_TO_PUBLIC_ANNUAL_REFERENCE,104.96,9.688,1,59.63,3.1,84.21,5.75,60.0,58.56,58.65,SYNTHETIC_DEMO_CORRELATED_WITH_RAINFALL_REPLACE_WITH_NASA_SMAP_OR_ISRO_BHUVAN
PROD-0000148,2022-08-26,Balaghat,Madhya Pradesh,Balaghat,21.833333,80.233333,999.02,972.03,0.0,19,0.0,OFFICIAL_ANNUAL_PLAN,OFFICIAL_SAME_PERIOD,SYNTHETIC_DAILY_CALIBRATED_TO_PUBLIC_ANNUAL_REFERENCE,26.99,2.702,1,59.63,2.44,84.21,3.47,58.06,59.35,58.79,SYNTHETIC_DEMO_CORRELATED_WITH_RAINFALL_REPLACE_WITH_NASA_SMAP_OR_ISRO_BHUVAN
PROD-0000149,2022-08-27,Balaghat,Madhya Pradesh,Balaghat,21.833333,80.233333,910.36,888.33,0.21,0,14.13,OFFICIAL_ANNUAL_PLAN,OFFICIAL_SAME_PERIOD,SYNTHETIC_DAILY_CALIBRATED_TO_PUBLIC_ANNUAL_REFERENCE,22.03,2.42,1,58.27,0.87,79.78,3.4,60.0,59.35,58.79,SYNTHETIC_DEMO_CORRELATED_WITH_RAINFALL_REPLACE_WITH_NASA_SMAP_OR_ISRO_BHUVAN
PROD-0000150,2022-08-28,Balaghat,Madhya Pradesh,Balaghat,21.833333,80.233333,882.74,817.31,4.66,0,16.21,OFFICIAL_ANNUAL_PLAN,OFFICIAL_SAME_PERIOD,SYNTHETIC_DAILY_CALIBRATED_TO_PUBLIC_ANNUAL_REFERENCE,65.43,7.412,1,30.34,4.87,89.97,7.97,60.0,59.35,58.79,SYNTHETIC_DEMO_CORRELATED_WITH_RAINFALL_REPLACE_WITH_NASA_SMAP_OR_ISRO_BHUVAN
PROD-0000151,2022-08-29,Balaghat,Madhya Pradesh,Balaghat,21.833333,80.233333,1007.05,985.99,1.09,0,18.89,OFFICIAL_ANNUAL_PLAN,OFFICIAL_SAME_PERIOD,SYNTHETIC_DAILY_CALIBRATED_TO_PUBLIC_ANNUAL_REFERENCE,21.06,2.091,1,49.23,5.96,108.86,9.06,60.0,60.0,59.11,SYNTHETIC_DEMO_CORRELATED_WITH_RAINFALL_REPLACE_WITH_NASA_SMAP_OR_ISRO_BHUVAN
PROD-0000152,2022-08-30,Balaghat,Madhya Pradesh,Balaghat,21.833333,80.233333,960.67,887.51,0.97,21,0.0,OFFICIAL_ANNUAL_PLAN,OFFICIAL_SAME_PERIOD,SYNTHETIC_DAILY_CALIBRATED_TO_PUBLIC_ANNUAL_REFERENCE,73.16,7.616,1,35.1,6.72,108.86,9.37,54.92,58.31,59.0,SYNTHETIC_DEMO_CORRELATED_WITH_RAINFALL_REPLACE_WITH_NASA_SMAP_OR_ISRO_BHUVAN
PROD-0000153,2022-08-31,Balaghat,Madhya Pradesh,Balaghat,21.833333,80.233333,859.15,862.2,0.0,0,0.0,OFFICIAL_ANNUAL_PLAN,OFFICIAL_SAME_PERIOD,SYNTHETIC_DAILY_CALIBRATED_TO_PUBLIC_ANNUAL_REFERENCE,0.0,0.0,0,18.89,2.06,93.37,7.59,50.78,55.23,57.68,SYNTHETIC_DEMO_CORRELATED_WITH_RAINFALL_REPLACE_WITH_NASA_SMAP_OR_ISRO_BHUVAN
PROD-0000154,2022-09-01,Balaghat,Madhya Pradesh,Balaghat,21.833333,80.233333,1034.04,949.17,1.65,75,9.67,OFFICIAL_ANNUAL_PLAN,OFFICIAL_SAME_PERIOD,SYNTHETIC_DAILY_CALIBRATED_TO_PUBLIC_ANNUAL_REFERENCE,84.87,8.208,1,9.67,2.62,58.9,8.58,57.42,54.37,57.31,SYNTHETIC_DEMO_CORRELATED_WITH_RAINFALL_REPLACE_WITH_NASA_SMAP_OR_ISRO_BHUVAN
PROD-0000155,2022-09-02,Balaghat,Madhya Pradesh,Balaghat,21.833333,80.233333,972.67,908.42,2.58,35,14.69,OFFICIAL_ANNUAL_PLAN,OFFICIAL_SAME_PERIOD,SYNTHETIC_DAILY_CALIBRATED_TO_PUBLIC_ANNUAL_REFERENCE,64.25,6.606,1,24.36,4.23,73.59,11.16,60.0,56.07,57.59,SYNTHETIC_DEMO_CORRELATED_WITH_RAINFALL_REPLACE_WITH_NASA_SMAP_OR_ISRO_BHUVAN
PROD-0000156,2022-09-03,Balaghat,Madhya Pradesh,Balaghat,21.833333,80.233333,967.68,920.47,0.18,0,12.33,OFFICIAL_ANNUAL_PLAN,OFFICIAL_SAME_PERIOD,SYNTHETIC_DAILY_CALIBRATED_TO_PUBLIC_ANNUAL_REFERENCE,47.21,4.879,1,36.69,4.41,71.79,11.13,60.0,59.14,57.59,SYNTHETIC_DEMO_CORRELATED_WITH_RAINFALL_REPLACE_WITH_NASA_SMAP_OR_ISRO_BHUVAN
PROD-0000157,2022-09-04,Balaghat,Madhya Pradesh,Balaghat,21.833333,80.233333,986.13,902.73,2.12,0,9.08,OFFICIAL_ANNUAL_PLAN,OFFICIAL_SAME_PERIOD,SYNTHETIC_DAILY_CALIBRATED_TO_PUBLIC_ANNUAL_REFERENCE,83.4,8.457,1,36.1,4.88,64.66,8.59,60.0,60.0,57.59,SYNTHETIC_DEMO_CORRELATED_WITH_RAINFALL_REPLACE_WITH_NASA_SMAP_OR_ISRO_BHUVAN
PROD-0000158,2022-09-05,Balaghat,Madhya Pradesh,Balaghat,21.833333,80.233333,961.44,883.16,1.12,33,32.95,OFFICIAL_ANNUAL_PLAN,OFFICIAL_SAME_PERIOD,SYNTHETIC_DAILY_CALIBRATED_TO_PUBLIC_ANNUAL_REFERENCE,78.28,8.142,1,54.36,3.42,78.72,8.62,60.0,60.0,57.59,SYNTHETIC_DEMO_CORRELATED_WITH_RAINFALL_REPLACE_WITH_NASA_SMAP_OR_ISRO_BHUVAN
PROD-0000159,2022-09-06,Balaghat,Madhya Pradesh,Balaghat,21.833333,80.233333,857.37,830.84,1.62,0,0.0,OFFICIAL_ANNUAL_PLAN,OFFICIAL_SAME_PERIOD,SYNTHETIC_DAILY_CALIBRATED_TO_PUBLIC_ANNUAL_REFERENCE,26.53,3.094,1,42.03,4.86,78.72,9.27,56.49,58.83,57.81,SYNTHETIC_DEMO_CORRELATED_WITH_RAINFALL_REPLACE_WITH_NASA_SMAP_OR_ISRO_BHUVAN
PROD-0000160,2022-09-07,Balaghat,Madhya Pradesh,Balaghat,21.833333,80.233333,930.77,860.04,0.4,0,26.94,OFFICIAL_ANNUAL_PLAN,OFFICIAL_SAME_PERIOD,SYNTHETIC_DAILY_CALIBRATED_TO_PUBLIC_ANNUAL_REFERENCE,70.73,7.599,1,59.89,3.14,105.66,9.67,60.0,58.83,59.13,SYNTHETIC_DEMO_CORRELATED_WITH_RAINFALL_REPLACE_WITH_NASA_SMAP_OR_ISRO_BHUVAN
PROD-0000161,2022-09-08,Balaghat,Madhya Pradesh,Balaghat,21.833333,80.233333,967.99,901.38,0.5,0,0.0,OFFICIAL_ANNUAL_PLAN,OFFICIAL_SAME_PERIOD,SYNTHETIC_DAILY_CALIBRATED_TO_PUBLIC_ANNUAL_REFERENCE,66.61,6.881,1,26.94,2.52,95.99,8.52,56.41,57.63,58.99,SYNTHETIC_DEMO_CORRELATED_WITH_RAINFALL_REPLACE_WITH_NASA_SMAP_OR_ISRO_BHUVAN
PROD-0000162,2022-09-09,Balaghat,Madhya Pradesh,Balaghat,21.833333,80.233333,928.96,845.03,2.02,0,8.25,OFFICIAL_ANNUAL_PLAN,OFFICIAL_SAME_PERIOD,SYNTHETIC_DAILY_CALIBRATED_TO_PUBLIC_ANNUAL_REFERENCE,83.93,9.035,1,35.19,2.92,89.55,7.96,58.9,58.44,58.83,SYNTHETIC_DEMO_CORRELATED_WITH_RAINFALL_REPLACE_WITH_NASA_SMAP_OR_ISRO_BHUVAN
PROD-0000163,2022-09-10,Balaghat,Madhya Pradesh,Balaghat,21.833333,80.233333,874.75,795.72,2.97,21,4.17,OFFICIAL_ANNUAL_PLAN,OFFICIAL_SAME_PERIOD,SYNTHETIC_DAILY_CALIBRATED_TO_PUBLIC_ANNUAL_REFERENCE,79.03,9.035,1,12.42,5.49,81.39,10.75,58.07,57.79,58.55,SYNTHETIC_DEMO_CORRELATED_WITH_RAINFALL_REPLACE_WITH_NASA_SMAP_OR_ISRO_BHUVAN
PROD-0000164,2022-09-11,Balaghat,Madhya Pradesh,Balaghat,21.833333,80.233333,1004.2,939.09,3.17,0,4.65,OFFICIAL_ANNUAL_PLAN,OFFICIAL_SAME_PERIOD,SYNTHETIC_DAILY_CALIBRATED_TO_PUBLIC_ANNUAL_REFERENCE,65.11,6.484,1,17.07,8.16,76.96,11.8,59.08,58.68,58.42,SYNTHETIC_DEMO_CORRELATED_WITH_RAINFALL_REPLACE_WITH_NASA_SMAP_OR_ISRO_BHUVAN
PROD-0000165,2022-09-12,Balaghat,Madhya Pradesh,Balaghat,21.833333,80.233333,965.76,913.01,2.47,0,22.72,OFFICIAL_ANNUAL_PLAN,OFFICIAL_SAME_PERIOD,SYNTHETIC_DAILY_CALIBRATED_TO_PUBLIC_ANNUAL_REFERENCE,52.75,5.462,1,31.54,8.61,66.73,13.15,60.0,59.05,58.42,SYNTHETIC_DEMO_CORRELATED_WITH_RAINFALL_REPLACE_WITH_NASA_SMAP_OR_ISRO_BHUVAN
PROD-0000166,2022-09-13,Balaghat,Madhya Pradesh,Balaghat,21.833333,80.233333,919.43,830.35,2.04,0,0.0,OFFICIAL_ANNUAL_PLAN,OFFICIAL_SAME_PERIOD,SYNTHETIC_DAILY_CALIBRATED_TO_PUBLIC_ANNUAL_REFERENCE,89.08,9.689,1,27.37,7.68,66.73,13.57,55.0,58.03,58.21,SYNTHETIC_DEMO_CORRELATED_WITH_RAINFALL_REPLACE_WITH_NASA_SMAP_OR_ISRO_BHUVAN
PROD-0000167,2022-09-14,Balaghat,Madhya Pradesh,Balaghat,21.833333,80.233333,877.65,857.81,0.0,0,0.0,OFFICIAL_ANNUAL_PLAN,OFFICIAL_SAME_PERIOD,SYNTHETIC_DAILY_CALIBRATED_TO_PUBLIC_ANNUAL_REFERENCE,19.84,2.261,1,22.72,4.51,39.79,13.17,53.16,56.05,57.23,SYNTHETIC_DEMO_CORRELATED_WITH_RAINFALL_REPLACE_WITH_NASA_SMAP_OR_ISRO_BHUVAN
PROD-0000168,2022-09-15,Balaghat,Madhya Pradesh,Balaghat,21.833333,80.233333,1023.41,906.95,3.23,0,45.16,OFFICIAL_ANNUAL_PLAN,OFFICIAL_SAME_PERIOD,SYNTHETIC_DAILY_CALIBRATED_TO_PUBLIC_ANNUAL_REFERENCE,116.46,11.38,1,45.16,5.27,84.95,15.9,60.0,56.05,57.74,SYNTHETIC_DEMO_CORRELATED_WITH_RAINFALL_REPLACE_WITH_NASA_SMAP_OR_ISRO_BHUVAN
PROD-0000169,2022-09-16,Balaghat,Madhya Pradesh,Balaghat,21.833333,80.233333,1038.63,930.98,1.97,41,12.86,OFFICIAL_ANNUAL_PLAN,OFFICIAL_SAME_PERIOD,SYNTHETIC_DAILY_CALIBRATED_TO_PUBLIC_ANNUAL_REFERENCE,107.65,10.365,1,58.02,5.2,89.56,15.85,60.0,57.72,57.9,SYNTHETIC_DEMO_CORRELATED_WITH_RAINFALL_REPLACE_WITH_NASA_SMAP_OR_ISRO_BHUVAN
PROD-0000170,2022-09-17,Balaghat,Madhya Pradesh,Balaghat,21.833333,80.233333,891.41,831.28,2.74,40,40.02,OFFICIAL_ANNUAL_PLAN,OFFICIAL_SAME_PERIOD,SYNTHETIC_DAILY_CALIBRATED_TO_PUBLIC_ANNUAL_REFERENCE,60.13,6.745,1,98.04,7.94,125.41,15.62,60.0,60.0,58.18,SYNTHETIC_DEMO_CORRELATED_WITH_RAINFALL_REPLACE_WITH_NASA_SMAP_OR_ISRO_BHUVAN
PROD-0000171,2022-09-18,Balaghat,Madhya Pradesh,Balaghat,21.833333,80.233333,866.83,805.52,1.27,0,1.72,OFFICIAL_ANNUAL_PLAN,OFFICIAL_SAME_PERIOD,SYNTHETIC_DAILY_CALIBRATED_TO_PUBLIC_ANNUAL_REFERENCE,61.31,7.073,1,54.6,5.98,122.48,13.72,56.9,58.97,57.87,SYNTHETIC_DEMO_CORRELATED_WITH_RAINFALL_REPLACE_WITH_NASA_SMAP_OR_ISRO_BHUVAN
PROD-0000172,2022-09-19,Balaghat,Madhya Pradesh,Balaghat,21.833333,80.233333,953.63,924.68,0.0,0,0.0,OFFICIAL_ANNUAL_PLAN,OFFICIAL_SAME_PERIOD,SYNTHETIC_DAILY_CALIBRATED_TO_PUBLIC_ANNUAL_REFERENCE,28.95,3.036,1,41.74,4.01,99.76,11.25,55.77,57.56,57.26,SYNTHETIC_DEMO_CORRELATED_WITH_RAINFALL_REPLACE_WITH_NASA_SMAP_OR_ISRO_BHUVAN
PROD-0000173,2022-09-20,Balaghat,Madhya Pradesh,Balaghat,21.833333,80.233333,1018.02,952.98,2.14,0,3.59,OFFICIAL_ANNUAL_PLAN,OFFICIAL_SAME_PERIOD,SYNTHETIC_DAILY_CALIBRATED_TO_PUBLIC_ANNUAL_REFERENCE,65.04,6.389,1,5.31,3.41,103.35,11.35,56.01,56.23,57.41,SYNTHETIC_DEMO_CORRELATED_WITH_RAINFALL_REPLACE_WITH_NASA_SMAP_OR_ISRO_BHUVAN
PROD-0000174,2022-09-21,Balaghat,Madhya Pradesh,Balaghat,21.833333,80.233333,963.18,953.86,0.16,0,10.42,OFFICIAL_ANNUAL_PLAN,OFFICIAL_SAME_PERIOD,SYNTHETIC_DAILY_CALIBRATED_TO_PUBLIC_ANNUAL_REFERENCE,9.32,0.968,1,14.01,2.3,113.77,11.51,60.0,57.26,58.38,SYNTHETIC_DEMO_CORRELATED_WITH_RAINFALL_REPLACE_WITH_NASA_SMAP_OR_ISRO_BHUVAN
PROD-0000175,2022-09-22,Balaghat,Madhya Pradesh,Balaghat,21.833333,80.233333,833.13,786.36,0.0,0,0.0,OFFICIAL_ANNUAL_PLAN,OFFICIAL_SAME_PERIOD,SYNTHETIC_DAILY_CALIBRATED_TO_PUBLIC_ANNUAL_REFERENCE,46.77,5.614,1,14.01,2.3,68.61,8.28,56.07,57.36,57.82,SYNTHETIC_DEMO_CORRELATED_WITH_RAINFALL_REPLACE_WITH_NASA_SMAP_OR_ISRO_BHUVAN
PROD-0000176,2022-09-23,Balaghat,Madhya Pradesh,Balaghat,21.833333,80.233333,967.85,898.42,3.21,0,8.99,OFFICIAL_ANNUAL_PLAN,OFFICIAL_SAME_PERIOD,SYNTHETIC_DAILY_CALIBRATED_TO_PUBLIC_ANNUAL_REFERENCE,69.43,7.174,1,19.41,3.37,64.74,9.52,58.47,58.18,57.6,SYNTHETIC_DEMO_CORRELATED_WITH_RAINFALL_REPLACE_WITH_NASA_SMAP_OR_ISRO_BHUVAN
PROD-0000177,2022-09-24,Balaghat,Madhya Pradesh,Balaghat,21.833333,80.233333,962.75,885.65,1.43,0,38.92,OFFICIAL_ANNUAL_PLAN,OFFICIAL_SAME_PERIOD,SYNTHETIC_DAILY_CALIBRATED_TO_PUBLIC_ANNUAL_REFERENCE,77.1,8.008,1,47.91,4.64,63.64,8.21,60.0,58.18,57.6,SYNTHETIC_DEMO_CORRELATED_WITH_RAINFALL_REPLACE_WITH_NASA_SMAP_OR_ISRO_BHUVAN
PROD-0000178,2022-09-25,Balaghat,Madhya Pradesh,Balaghat,21.833333,80.233333,968.72,879.22,1.92,0,0.0,OFFICIAL_ANNUAL_PLAN,OFFICIAL_SAME_PERIOD,SYNTHETIC_DAILY_CALIBRATED_TO_PUBLIC_ANNUAL_REFERENCE,89.5,9.239,1,47.91,6.56,61.92,8.86,56.33,58.27,57.52,SYNTHETIC_DEMO_CORRELATED_WITH_RAINFALL_REPLACE_WITH_NASA_SMAP_OR_ISRO_BHUVAN
PROD-0000179,2022-09-26,Balaghat,Madhya Pradesh,Balaghat,21.833333,80.233333,889.26,853.47,0.74,16,21.09,OFFICIAL_ANNUAL_PLAN,OFFICIAL_SAME_PERIOD,SYNTHETIC_DAILY_CALIBRATED_TO_PUBLIC_ANNUAL_REFERENCE,35.79,4.025,1,60.01,4.09,83.01,9.6,60.0,58.78,58.13,SYNTHETIC_DEMO_CORRELATED_WITH_RAINFALL_REPLACE_WITH_NASA_SMAP_OR_ISRO_BHUVAN
PROD-0000180,2022-09-27,Balaghat,Madhya Pradesh,Balaghat,21.833333,80.233333,834.66,708.84,5.98,39,0.0,OFFICIAL_ANNUAL_PLAN,OFFICIAL_SAME_PERIOD,SYNTHETIC_DAILY_CALIBRATED_TO_PUBLIC_ANNUAL_REFERENCE,125.82,15.074,1,21.09,8.64,79.42,13.44,56.28,57.54,58.16,SYNTHETIC_DEMO_CORRELATED_WITH_RAINFALL_REPLACE_WITH_NASA_SMAP_OR_ISRO_BHUVAN
PROD-0000181,2022-09-28,Balaghat,Madhya Pradesh,Balaghat,21.833333,80.233333,981.35,910.55,2.59,0,0.0,OFFICIAL_ANNUAL_PLAN,OFFICIAL_SAME_PERIOD,SYNTHETIC_DAILY_CALIBRATED_TO_PUBLIC_ANNUAL_REFERENCE,70.8,7.215,1,21.09,9.31,69.0,15.87,53.63,56.64,57.25,SYNTHETIC_DEMO_CORRELATED_WITH_RAINFALL_REPLACE_WITH_NASA_SMAP_OR_ISRO_BHUVAN
PROD-0000182,2022-09-29,Balaghat,Madhya Pradesh,Balaghat,21.833333,80.233333,969.81,898.15,4.6,0,0.0,OFFICIAL_ANNUAL_PLAN,OFFICIAL_SAME_PERIOD,SYNTHETIC_DAILY_CALIBRATED_TO_PUBLIC_ANNUAL_REFERENCE,71.66,7.389,1,0.0,13.17,69.0,20.47,50.96,53.62,56.52,SYNTHETIC_DEMO_CORRELATED_WITH_RAINFALL_REPLACE_WITH_NASA_SMAP_OR_ISRO_BHUVAN
PROD-0000183,2022-09-30,Balaghat,Madhya Pradesh,Balaghat,21.833333,80.233333,967.01,855.06,4.96,0,0.0,OFFICIAL_ANNUAL_PLAN,OFFICIAL_SAME_PERIOD,SYNTHETIC_DAILY_CALIBRATED_TO_PUBLIC_ANNUAL_REFERENCE,111.95,11.577,1,0.0,12.15,60.01,22.22,48.69,51.09,55.13,SYNTHETIC_DEMO_CORRELATED_WITH_RAINFALL_REPLACE_WITH_NASA_SMAP_OR_ISRO_BHUVAN
PROD-0000184,2022-10-01,Balaghat,Madhya Pradesh,Balaghat,21.833333,80.233333,961.61,867.33,2.19,0,20.39,OFFICIAL_ANNUAL_PLAN,OFFICIAL_SAME_PERIOD,SYNTHETIC_DAILY_CALIBRATED_TO_PUBLIC_ANNUAL_REFERENCE,94.28,9.804,1,20.39,11.75,41.48,22.98,60.0,53.22,55.13,SYNTHETIC_DEMO_CORRELATED_WITH_RAINFALL_REPLACE_WITH_NASA_SMAP_OR_ISRO_BHUVAN
PROD-0000185,2022-10-02,Balaghat,Madhya Pradesh,Balaghat,21.833333,80.233333,972.96,914.68,0.25,29,0.0,OFFICIAL_ANNUAL_PLAN,OFFICIAL_SAME_PERIOD,SYNTHETIC_DAILY_CALIBRATED_TO_PUBLIC_ANNUAL_REFERENCE,58.28,5.99,1,20.39,7.4,41.48,21.31,57.2,55.3,55.25,SYNTHETIC_DEMO_CORRELATED_WITH_RAINFALL_REPLACE_WITH_NASA_SMAP_OR_ISRO_BHUVAN
PROD-0000186,2022-10-03,Balaghat,Madhya Pradesh,Balaghat,21.833333,80.233333,855.91,784.3,2.2,21,0.0,OFFICIAL_ANNUAL_PLAN,OFFICIAL_SAME_PERIOD,SYNTHETIC_DAILY_CALIBRATED_TO_PUBLIC_ANNUAL_REFERENCE,71.61,8.367,1,20.39,4.64,20.39,22.77,52.37,56.52,54.16,SYNTHETIC_DEMO_CORRELATED_WITH_RAINFALL_REPLACE_WITH_NASA_SMAP_OR_ISRO_BHUVAN
PROD-0000187,2022-10-04,Balaghat,Madhya Pradesh,Balaghat,21.833333,80.233333,993.75,941.47,0.17,0,11.16,OFFICIAL_ANNUAL_PLAN,OFFICIAL_SAME_PERIOD,SYNTHETIC_DAILY_CALIBRATED_TO_PUBLIC_ANNUAL_REFERENCE,52.28,5.261,1,11.16,2.62,31.55,16.96,58.19,55.92,54.43,SYNTHETIC_DEMO_CORRELATED_WITH_RAINFALL_REPLACE_WITH_NASA_SMAP_OR_ISRO_BHUVAN
PROD-0000188,2022-10-05,Balaghat,Madhya Pradesh,Balaghat,21.833333,80.233333,907.39,785.3,6.55,31,20.37,OFFICIAL_ANNUAL_PLAN,OFFICIAL_SAME_PERIOD,SYNTHETIC_DAILY_CALIBRATED_TO_PUBLIC_ANNUAL_REFERENCE,122.09,13.455,1,31.53,8.92,51.92,20.92,60.0,56.85,55.34,SYNTHETIC_DEMO_CORRELATED_WITH_RAINFALL_REPLACE_WITH_NASA_SMAP_OR_ISRO_BHUVAN
PROD-0000189,2022-10-06,Balaghat,Madhya Pradesh,Balaghat,21.833333,80.233333,864.28,783.47,2.62,0,0.0,OFFICIAL_ANNUAL_PLAN,OFFICIAL_SAME_PERIOD,SYNTHETIC_DAILY_CALIBRATED_TO_PUBLIC_ANNUAL_REFERENCE,80.81,9.35,1,31.53,9.34,51.92,18.94,56.89,58.36,56.19,SYNTHETIC_DEMO_CORRELATED_WITH_RAINFALL_REPLACE_WITH_NASA_SMAP_OR_ISRO_BHUVAN
PROD-0000190,2022-10-07,Balaghat,Madhya Pradesh,Balaghat,21.833333,80.233333,927.63,853.61,2.69,49,0.0,OFFICIAL_ANNUAL_PLAN,OFFICIAL_SAME_PERIOD,SYNTHETIC_DAILY_CALIBRATED_TO_PUBLIC_ANNUAL_REFERENCE,74.02,7.979,1,20.37,11.86,51.92,16.67,52.72,56.54,56.77,SYNTHETIC_DEMO_CORRELATED_WITH_RAINFALL_REPLACE_WITH_NASA_SMAP_OR_ISRO_BHUVAN
PROD-0000191,2022-10-08,Balaghat,Madhya Pradesh,Balaghat,21.833333,80.233333,973.41,914.95,0.79,0,17.52,OFFICIAL_ANNUAL_PLAN,OFFICIAL_SAME_PERIOD,SYNTHETIC_DAILY_CALIBRATED_TO_PUBLIC_ANNUAL_REFERENCE,58.46,6.006,1,17.52,6.1,49.05,15.27,60.0,56.54,56.77,SYNTHETIC_DEMO_CORRELATED_WITH_RAINFALL_REPLACE_WITH_NASA_SMAP_OR_ISRO_BHUVAN
PROD-0000192,2022-10-09,Balaghat,Madhya Pradesh,Balaghat,21.833333,80.233333,995.81,929.78,2.22,0,0.0,OFFICIAL_ANNUAL_PLAN,OFFICIAL_SAME_PERIOD,SYNTHETIC_DAILY_CALIBRATED_TO_PUBLIC_ANNUAL_REFERENCE,66.03,6.631,1,17.52,5.7,49.05,17.24,57.52,56.75,56.81,SYNTHETIC_DEMO_CORRELATED_WITH_RAINFALL_REPLACE_WITH_NASA_SMAP_OR_ISRO_BHUVAN
PROD-0000193,2022-10-10,Balaghat,Madhya Pradesh,Balaghat,21.833333,80.233333,1059.19,991.33,0.67,0,6.56,OFFICIAL_ANNUAL_PLAN,OFFICIAL_SAME_PERIOD,SYNTHETIC_DAILY_CALIBRATED_TO_PUBLIC_ANNUAL_REFERENCE,67.86,6.407,1,24.08,3.68,55.61,15.71,58.92,58.81,57.75,SYNTHETIC_DEMO_CORRELATED_WITH_RAINFALL_REPLACE_WITH_NASA_SMAP_OR_ISRO_BHUVAN
PROD-0000194,2022-10-11,Balaghat,Madhya Pradesh,Balaghat,21.833333,80.233333,916.33,860.01,2.83,0,0.0,OFFICIAL_ANNUAL_PLAN,OFFICIAL_SAME_PERIOD,SYNTHETIC_DAILY_CALIBRATED_TO_PUBLIC_ANNUAL_REFERENCE,56.32,6.146,1,6.56,5.72,44.45,18.37,56.53,57.66,57.51,SYNTHETIC_DEMO_CORRELATED_WITH_RAINFALL_REPLACE_WITH_NASA_SMAP_OR_ISRO_BHUVAN
PROD-0000195,2022-10-12,Balaghat,Madhya Pradesh,Balaghat,21.833333,80.233333,835.76,798.38,0.5,0,0.0,OFFICIAL_ANNUAL_PLAN,OFFICIAL_SAME_PERIOD,SYNTHETIC_DAILY_CALIBRATED_TO_PUBLIC_ANNUAL_REFERENCE,37.38,4.473,1,6.56,4.0,24.08,12.32,52.05,55.83,56.38,SYNTHETIC_DEMO_CORRELATED_WITH_RAINFALL_REPLACE_WITH_NASA_SMAP_OR_ISRO_BHUVAN
PROD-0000196,2022-10-13,Balaghat,Madhya Pradesh,Balaghat,21.833333,80.233333,945.1,861.66,1.31,0,0.0,OFFICIAL_ANNUAL_PLAN,OFFICIAL_SAME_PERIOD,SYNTHETIC_DAILY_CALIBRATED_TO_PUBLIC_ANNUAL_REFERENCE,83.44,8.829,1,0.0,4.64,24.08,11.01,47.4,51.99,55.02,SYNTHETIC_DEMO_CORRELATED_WITH_RAINFALL_REPLACE_WITH_NASA_SMAP_OR_ISRO_BHUVAN
PROD-0000197,2022-10-14,Balaghat,Madhya Pradesh,Balaghat,21.833333,80.233333,910.62,823.59,1.95,0,0.0,OFFICIAL_ANNUAL_PLAN,OFFICIAL_SAME_PERIOD,SYNTHETIC_DAILY_CALIBRATED_TO_PUBLIC_ANNUAL_REFERENCE,87.03,9.557,1,0.0,3.76,24.08,10.27,44.91,48.12,53.9,SYNTHETIC_DEMO_CORRELATED_WITH_RAINFALL_REPLACE_WITH_NASA_SMAP_OR_ISRO_BHUVAN
PROD-0000198,2022-10-15,Balaghat,Madhya Pradesh,Balaghat,21.833333,80.233333,901.39,791.56,6.64,0,0.0,OFFICIAL_ANNUAL_PLAN,OFFICIAL_SAME_PERIOD,SYNTHETIC_DAILY_CALIBRATED_TO_PUBLIC_ANNUAL_REFERENCE,109.83,12.185,1,0.0,9.9,6.56,16.12,41.52,44.61,51.26,SYNTHETIC_DEMO_CORRELATED_WITH_RAINFALL_REPLACE_WITH_NASA_SMAP_OR_ISRO_BHUVAN
PROD-0000199,2022-10-16,Balaghat,Madhya Pradesh,Balaghat,21.833333,80.233333,1031.5,981.7,2.93,0,0.0,OFFICIAL_ANNUAL_PLAN,OFFICIAL_SAME_PERIOD,SYNTHETIC_DAILY_CALIBRATED_TO_PUBLIC_ANNUAL_REFERENCE,49.8,4.828,1,0.0,11.52,6.56,16.83,38.99,41.81,48.62,SYNTHETIC_DEMO_CORRELATED_WITH_RAINFALL_REPLACE_WITH_NASA_SMAP_OR_ISRO_BHUVAN
PROD-0000200,2022-10-17,Balaghat,Madhya Pradesh,Balaghat,21.833333,80.233333,849.54,851.58,0.0,0,0.0,OFFICIAL_ANNUAL_PLAN,OFFICIAL_SAME_PERIOD,SYNTHETIC_DAILY_CALIBRATED_TO_PUBLIC_ANNUAL_REFERENCE,0.0,0.0,0,0.0,9.57,0.0,16.16,36.49,39.0,45.41,SYNTHETIC_DEMO_CORRELATED_WITH_RAINFALL_REPLACE_WITH_NASA_SMAP_OR_ISRO_BHUVAN
PROD-0000201,2022-10-18,Balaghat,Madhya Pradesh,Balaghat,21.833333,80.233333,953.98,879.56,3.47,0,5.17,OFFICIAL_ANNUAL_PLAN,OFFICIAL_SAME_PERIOD,SYNTHETIC_DAILY_CALIBRATED_TO_PUBLIC_ANNUAL_REFERENCE,74.42,7.801,1,5.17,6.4,5.17,16.8,39.17,38.22,42.93,SYNTHETIC_DEMO_CORRELATED_WITH_RAINFALL_REPLACE_WITH_NASA_SMAP_OR_ISRO_BHUVAN
PROD-0000202,2022-10-19,Balaghat,Madhya Pradesh,Balaghat,21.833333,80.233333,975.61,916.45,0.0,0,0.0,OFFICIAL_ANNUAL_PLAN,OFFICIAL_SAME_PERIOD,SYNTHETIC_DAILY_CALIBRATED_TO_PUBLIC_ANNUAL_REFERENCE,59.16,6.064,1,5.17,3.47,5.17,16.3,37.59,37.75,40.87,SYNTHETIC_DEMO_CORRELATED_WITH_RAINFALL_REPLACE_WITH_NASA_SMAP_OR_ISRO_BHUVAN
PROD-0000203,2022-10-20,Balaghat,Madhya Pradesh,Balaghat,21.833333,80.233333,903.16,864.35,0.84,0,0.0,OFFICIAL_ANNUAL_PLAN,OFFICIAL_SAME_PERIOD,SYNTHETIC_DAILY_CALIBRATED_TO_PUBLIC_ANNUAL_REFERENCE,38.81,4.297,1,5.17,4.31,5.17,15.83,35.0,37.25,39.1,SYNTHETIC_DEMO_CORRELATED_WITH_RAINFALL_REPLACE_WITH_NASA_SMAP_OR_ISRO_BHUVAN
PROD-0000204,2022-10-21,Balaghat,Madhya Pradesh,Balaghat,21.833333,80.233333,967.76,931.42,0.99,0,0.0,OFFICIAL_ANNUAL_PLAN,OFFICIAL_SAME_PERIOD,SYNTHETIC_DAILY_CALIBRATED_TO_PUBLIC_ANNUAL_REFERENCE,36.34,3.755,1,0.0,1.83,5.17,14.87,31.39,34.66,37.16,SYNTHETIC_DEMO_CORRELATED_WITH_RAINFALL_REPLACE_WITH_NASA_SMAP_OR_ISRO_BHUVAN
PROD-0000205,2022-10-22,Balaghat,Madhya Pradesh,Balaghat,21.833333,80.233333,911.43,867.2,0.0,0,0.0,OFFICIAL_ANNUAL_PLAN,OFFICIAL_SAME_PERIOD,SYNTHETIC_DAILY_CALIBRATED_TO_PUBLIC_ANNUAL_REFERENCE,44.23,4.853,1,0.0,1.83,5.17,8.23,29.23,31.87,35.41,SYNTHETIC_DEMO_CORRELATED_WITH_RAINFALL_REPLACE_WITH_NASA_SMAP_OR_ISRO_BHUVAN
PROD-0000206,2022-10-23,Balaghat,Madhya Pradesh,Balaghat,21.833333,80.233333,945.88,886.54,0.43,0,0.0,OFFICIAL_ANNUAL_PLAN,OFFICIAL_SAME_PERIOD,SYNTHETIC_DAILY_CALIBRATED_TO_PUBLIC_ANNUAL_REFERENCE,59.34,6.274,1,0.0,1.42,5.17,5.73,27.84,29.49,33.82,SYNTHETIC_DEMO_CORRELATED_WITH_RAINFALL_REPLACE_WITH_NASA_SMAP_OR_ISRO_BHUVAN
PROD-0000207,2022-10-24,Balaghat,Madhya Pradesh,Balaghat,21.833333,80.233333,1040.44,988.64,0.22,34,14.49,OFFICIAL_ANNUAL_PLAN,OFFICIAL_SAME_PERIOD,SYNTHETIC_DAILY_CALIBRATED_TO_PUBLIC_ANNUAL_REFERENCE,51.8,4.979,1,14.49,0.65,19.66,5.95,39.98,32.35,34.31,SYNTHETIC_DEMO_CORRELATED_WITH_RAINFALL_REPLACE_WITH_NASA_SMAP_OR_ISRO_BHUVAN
PROD-0000208,2022-10-25,Balaghat,Madhya Pradesh,Balaghat,21.833333,80.233333,989.31,948.16,1.27,0,0.0,OFFICIAL_ANNUAL_PLAN,OFFICIAL_SAME_PERIOD,SYNTHETIC_DAILY_CALIBRATED_TO_PUBLIC_ANNUAL_REFERENCE,41.15,4.159,1,14.49,1.92,14.49,3.75,38.07,35.3,34.16,SYNTHETIC_DEMO_CORRELATED_WITH_RAINFALL_REPLACE_WITH_NASA_SMAP_OR_ISRO_BHUVAN
PROD-0000209,2022-10-26,Balaghat,Madhya Pradesh,Balaghat,21.833333,80.233333,988.87,958.12,0.47,0,0.0,OFFICIAL_ANNUAL_PLAN,OFFICIAL_SAME_PERIOD,SYNTHETIC_DAILY_CALIBRATED_TO_PUBLIC_ANNUAL_REFERENCE,30.75,3.11,1,14.49,1.96,14.49,4.22,35.16,37.74,33.81,SYNTHETIC_DEMO_CORRELATED_WITH_RAINFALL_REPLACE_WITH_NASA_SMAP_OR_ISRO_BHUVAN
PROD-0000210,2022-10-27,Balaghat,Madhya Pradesh,Balaghat,21.833333,80.233333,941.36,866.05,0.0,0,0.0,OFFICIAL_ANNUAL_PLAN,OFFICIAL_SAME_PERIOD,SYNTHETIC_DAILY_CALIBRATED_TO_PUBLIC_ANNUAL_REFERENCE,75.31,8.0,1,0.0,1.74,14.49,3.38,34.57,35.93,33.75,SYNTHETIC_DEMO_CORRELATED_WITH_RAINFALL_REPLACE_WITH_NASA_SMAP_OR_ISRO_BHUVAN
PROD-0000211,2022-10-28,Balaghat,Madhya Pradesh,Balaghat,21.833333,80.233333,1085.2,992.09,4.22,25,0.0,OFFICIAL_ANNUAL_PLAN,OFFICIAL_SAME_PERIOD,SYNTHETIC_DAILY_CALIBRATED_TO_PUBLIC_ANNUAL_REFERENCE,93.11,8.58,1,0.0,4.69,14.49,6.61,33.34,34.36,34.03,SYNTHETIC_DEMO_CORRELATED_WITH_RAINFALL_REPLACE_WITH_NASA_SMAP_OR_ISRO_BHUVAN
PROD-0000212,2022-10-29,Balaghat,Madhya Pradesh,Balaghat,21.833333,80.233333,917.96,888.51,0.0,0,0.0,OFFICIAL_ANNUAL_PLAN,OFFICIAL_SAME_PERIOD,SYNTHETIC_DAILY_CALIBRATED_TO_PUBLIC_ANNUAL_REFERENCE,29.45,3.208,1,0.0,4.22,14.49,6.61,31.96,33.29,34.42,SYNTHETIC_DEMO_CORRELATED_WITH_RAINFALL_REPLACE_WITH_NASA_SMAP_OR_ISRO_BHUVAN
PROD-0000213,2022-10-30,Balaghat,Madhya Pradesh,Balaghat,21.833333,80.233333,870.28,820.79,1.65,35,0.0,OFFICIAL_ANNUAL_PLAN,OFFICIAL_SAME_PERIOD,SYNTHETIC_DAILY_CALIBRATED_TO_PUBLIC_ANNUAL_REFERENCE,49.49,5.687,1,0.0,5.87,14.49,7.83,30.46,31.92,34.79,SYNTHETIC_DEMO_CORRELATED_WITH_RAINFALL_REPLACE_WITH_NASA_SMAP_OR_ISRO_BHUVAN
PROD-0000214,2022-10-31,Balaghat,Madhya Pradesh,Balaghat,21.833333,80.233333,971.75,983.44,0.12,0,0.0,OFFICIAL_ANNUAL_PLAN,OFFICIAL_SAME_PERIOD,SYNTHETIC_DAILY_CALIBRATED_TO_PUBLIC_ANNUAL_REFERENCE,0.0,0.0,0,0.0,1.77,0.0,7.73,28.84,30.42,33.2,SYNTHETIC_DEMO_CORRELATED_WITH_RAINFALL_REPLACE_WITH_NASA_SMAP_OR_ISRO_BHUVAN
PROD-0000215,2022-11-01,Balaghat,Madhya Pradesh,Balaghat,21.833333,80.233333,944.63,897.05,0.0,0,0.0,OFFICIAL_ANNUAL_PLAN,OFFICIAL_SAME_PERIOD,SYNTHETIC_DAILY_CALIBRATED_TO_PUBLIC_ANNUAL_REFERENCE,47.58,5.037,1,0.0,1.77,0.0,6.46,25.45,28.25,31.4,SYNTHETIC_DEMO_CORRELATED_WITH_RAINFALL_REPLACE_WITH_NASA_SMAP_OR_ISRO_BHUVAN
PROD-0000216,2022-11-02,Balaghat,Madhya Pradesh,Balaghat,21.833333,80.233333,1069.15,1058.5,0.0,0,0.0,OFFICIAL_ANNUAL_PLAN,OFFICIAL_SAME_PERIOD,SYNTHETIC_DAILY_CALIBRATED_TO_PUBLIC_ANNUAL_REFERENCE,10.65,0.996,1,0.0,0.12,0.0,5.99,21.06,25.12,29.38,SYNTHETIC_DEMO_CORRELATED_WITH_RAINFALL_REPLACE_WITH_NASA_SMAP_OR_ISRO_BHUVAN
PROD-0000217,2022-11-03,Balaghat,Madhya Pradesh,Balaghat,21.833333,80.233333,814.56,760.2,0.0,0,0.0,OFFICIAL_ANNUAL_PLAN,OFFICIAL_SAME_PERIOD,SYNTHETIC_DAILY_CALIBRATED_TO_PUBLIC_ANNUAL_REFERENCE,54.36,6.674,1,0.0,0.0,0.0,5.99,18.72,21.74,27.12,SYNTHETIC_DEMO_CORRELATED_WITH_RAINFALL_REPLACE_WITH_NASA_SMAP_OR_ISRO_BHUVAN
PROD-0000218,2022-11-04,Balaghat,Madhya Pradesh,Balaghat,21.833333,80.233333,1085.97,938.11,7.06,0,0.0,OFFICIAL_ANNUAL_PLAN,OFFICIAL_SAME_PERIOD,SYNTHETIC_DAILY_CALIBRATED_TO_PUBLIC_ANNUAL_REFERENCE,147.86,13.615,1,0.0,7.06,0.0,8.83,15.73,18.5,24.6,SYNTHETIC_DEMO_CORRELATED_WITH_RAINFALL_REPLACE_WITH_NASA_SMAP_OR_ISRO_BHUVAN
PROD-0000219,2022-11-05,Balaghat,Madhya Pradesh,Balaghat,21.833333,80.233333,987.06,972.01,0.2,0,0.0,OFFICIAL_ANNUAL_PLAN,OFFICIAL_SAME_PERIOD,SYNTHETIC_DAILY_CALIBRATED_TO_PUBLIC_ANNUAL_REFERENCE,15.05,1.525,1,0.0,7.26,0.0,9.03,14.41,16.29,22.1,SYNTHETIC_DEMO_CORRELATED_WITH_RAINFALL_REPLACE_WITH_NASA_SMAP_OR_ISRO_BHUVAN
PROD-0000220,2022-11-06,Balaghat,Madhya Pradesh,Balaghat,21.833333,80.233333,1118.2,1054.08,5.01,0,0.0,OFFICIAL_ANNUAL_PLAN,OFFICIAL_SAME_PERIOD,SYNTHETIC_DAILY_CALIBRATED_TO_PUBLIC_ANNUAL_REFERENCE,64.12,5.734,1,0.0,12.27,0.0,12.39,14.0,14.71,19.74,SYNTHETIC_DEMO_CORRELATED_WITH_RAINFALL_REPLACE_WITH_NASA_SMAP_OR_ISRO_BHUVAN
PROD-0000221,2022-11-07,Balaghat,Madhya Pradesh,Balaghat,21.833333,80.233333,792.07,778.12,2.08,0,0.0,OFFICIAL_ANNUAL_PLAN,OFFICIAL_SAME_PERIOD,SYNTHETIC_DAILY_CALIBRATED_TO_PUBLIC_ANNUAL_REFERENCE,13.95,1.761,1,0.0,7.29,0.0,14.35,13.19,13.87,17.51,SYNTHETIC_DEMO_CORRELATED_WITH_RAINFALL_REPLACE_WITH_NASA_SMAP_OR_ISRO_BHUVAN
PROD-0000222,2022-11-08,Balaghat,Madhya Pradesh,Balaghat,21.833333,80.233333,1005.27,944.23,1.29,0,0.0,OFFICIAL_ANNUAL_PLAN,OFFICIAL_SAME_PERIOD,SYNTHETIC_DAILY_CALIBRATED_TO_PUBLIC_ANNUAL_REFERENCE,61.04,6.072,1,0.0,8.38,0.0,15.64,13.17,13.45,15.75,SYNTHETIC_DEMO_CORRELATED_WITH_RAINFALL_REPLACE_WITH_NASA_SMAP_OR_ISRO_BHUVAN
PROD-0000223,2022-11-09,Balaghat,Madhya Pradesh,Balaghat,21.833333,80.233333,949.77,856.51,1.08,35,9.93,OFFICIAL_ANNUAL_PLAN,OFFICIAL_SAME_PERIOD,SYNTHETIC_DAILY_CALIBRATED_TO_PUBLIC_ANNUAL_REFERENCE,93.26,9.819,1,9.93,4.45,9.93,16.72,19.14,15.17,15.48,SYNTHETIC_DEMO_CORRELATED_WITH_RAINFALL_REPLACE_WITH_NASA_SMAP_OR_ISRO_BHUVAN
PROD-0000224,2022-11-10,Balaghat,Madhya Pradesh,Balaghat,21.833333,80.233333,893.23,883.61,0.0,0,0.0,OFFICIAL_ANNUAL_PLAN,OFFICIAL_SAME_PERIOD,SYNTHETIC_DAILY_CALIBRATED_TO_PUBLIC_ANNUAL_REFERENCE,9.62,1.077,1,9.93,2.37,9.93,16.72,16.3,16.2,15.13,SYNTHETIC_DEMO_CORRELATED_WITH_RAINFALL_REPLACE_WITH_NASA_SMAP_OR_ISRO_BHUVAN
PROD-0000225,2022-11-11,Balaghat,Madhya Pradesh,Balaghat,21.833333,80.233333,865.54,837.64,0.0,0,0.0,OFFICIAL_ANNUAL_PLAN,OFFICIAL_SAME_PERIOD,SYNTHETIC_DAILY_CALIBRATED_TO_PUBLIC_ANNUAL_REFERENCE,27.9,3.223,1,9.93,1.08,9.93,9.66,14.82,16.75,15.0,SYNTHETIC_DEMO_CORRELATED_WITH_RAINFALL_REPLACE_WITH_NASA_SMAP_OR_ISRO_BHUVAN
PROD-0000226,2022-11-12,Balaghat,Madhya Pradesh,Balaghat,21.833333,80.233333,1070.64,1000.45,0.51,0,16.69,OFFICIAL_ANNUAL_PLAN,OFFICIAL_SAME_PERIOD,SYNTHETIC_DAILY_CALIBRATED_TO_PUBLIC_ANNUAL_REFERENCE,70.19,6.556,1,16.69,0.51,26.62,9.97,26.53,19.22,16.74,SYNTHETIC_DEMO_CORRELATED_WITH_RAINFALL_REPLACE_WITH_NASA_SMAP_OR_ISRO_BHUVAN
PROD-0000227,2022-11-13,Balaghat,Madhya Pradesh,Balaghat,21.833333,80.233333,1004.87,942.95,1.33,0,0.0,OFFICIAL_ANNUAL_PLAN,OFFICIAL_SAME_PERIOD,SYNTHETIC_DAILY_CALIBRATED_TO_PUBLIC_ANNUAL_REFERENCE,61.92,6.162,1,16.69,1.84,26.62,6.29,21.85,21.07,17.86,SYNTHETIC_DEMO_CORRELATED_WITH_RAINFALL_REPLACE_WITH_NASA_SMAP_OR_ISRO_BHUVAN
PROD-0000228,2022-11-14,Balaghat,Madhya Pradesh,Balaghat,21.833333,80.233333,864.13,755.95,5.02,32,10.11,OFFICIAL_ANNUAL_PLAN,OFFICIAL_SAME_PERIOD,SYNTHETIC_DAILY_CALIBRATED_TO_PUBLIC_ANNUAL_REFERENCE,108.18,12.519,1,26.8,6.86,36.73,9.23,26.48,24.95,19.76,SYNTHETIC_DEMO_CORRELATED_WITH_RAINFALL_REPLACE_WITH_NASA_SMAP_OR_ISRO_BHUVAN
PROD-0000229,2022-11-15,Balaghat,Madhya Pradesh,Balaghat,21.833333,80.233333,988.54,892.24,6.38,9,0.0,OFFICIAL_ANNUAL_PLAN,OFFICIAL_SAME_PERIOD,SYNTHETIC_DAILY_CALIBRATED_TO_PUBLIC_ANNUAL_REFERENCE,96.3,9.742,1,10.11,12.73,36.73,14.32,24.83,24.39,21.42,SYNTHETIC_DEMO_CORRELATED_WITH_RAINFALL_REPLACE_WITH_NASA_SMAP_OR_ISRO_BHUVAN
PROD-0000230,2022-11-16,Balaghat,Madhya Pradesh,Balaghat,21.833333,80.233333,1022.57,946.66,5.23,0,7.91,OFFICIAL_ANNUAL_PLAN,OFFICIAL_SAME_PERIOD,SYNTHETIC_DAILY_CALIBRATED_TO_PUBLIC_ANNUAL_REFERENCE,75.91,7.423,1,18.02,16.63,34.71,18.47,31.96,27.76,23.25,SYNTHETIC_DEMO_CORRELATED_WITH_RAINFALL_REPLACE_WITH_NASA_SMAP_OR_ISRO_BHUVAN
PROD-0000231,2022-11-17,Balaghat,Madhya Pradesh,Balaghat,21.833333,80.233333,851.33,808.14,0.15,0,10.22,OFFICIAL_ANNUAL_PLAN,OFFICIAL_SAME_PERIOD,SYNTHETIC_DAILY_CALIBRATED_TO_PUBLIC_ANNUAL_REFERENCE,43.19,5.073,1,18.13,11.76,44.93,18.62,41.59,32.79,26.87,SYNTHETIC_DEMO_CORRELATED_WITH_RAINFALL_REPLACE_WITH_NASA_SMAP_OR_ISRO_BHUVAN
PROD-0000232,2022-11-18,Balaghat,Madhya Pradesh,Balaghat,21.833333,80.233333,950.45,881.15,2.37,0,0.0,OFFICIAL_ANNUAL_PLAN,OFFICIAL_SAME_PERIOD,SYNTHETIC_DAILY_CALIBRATED_TO_PUBLIC_ANNUAL_REFERENCE,69.3,7.291,1,18.13,7.75,44.93,20.99,39.88,37.81,30.45,SYNTHETIC_DEMO_CORRELATED_WITH_RAINFALL_REPLACE_WITH_NASA_SMAP_OR_ISRO_BHUVAN
PROD-0000233,2022-11-19,Balaghat,Madhya Pradesh,Balaghat,21.833333,80.233333,935.15,884.73,0.4,43,0.28,OFFICIAL_ANNUAL_PLAN,OFFICIAL_SAME_PERIOD,SYNTHETIC_DAILY_CALIBRATED_TO_PUBLIC_ANNUAL_REFERENCE,50.42,5.392,1,10.5,2.92,28.52,20.88,37.64,39.7,32.03,SYNTHETIC_DEMO_CORRELATED_WITH_RAINFALL_REPLACE_WITH_NASA_SMAP_OR_ISRO_BHUVAN
PROD-0000234,2022-11-20,Balaghat,Madhya Pradesh,Balaghat,21.833333,80.233333,1032.9,998.37,0.32,0,0.0,OFFICIAL_ANNUAL_PLAN,OFFICIAL_SAME_PERIOD,SYNTHETIC_DAILY_CALIBRATED_TO_PUBLIC_ANNUAL_REFERENCE,34.53,3.343,1,0.28,3.09,28.52,19.87,36.24,37.92,34.09,SYNTHETIC_DEMO_CORRELATED_WITH_RAINFALL_REPLACE_WITH_NASA_SMAP_OR_ISRO_BHUVAN
PROD-0000235,2022-11-21,Balaghat,Madhya Pradesh,Balaghat,21.833333,80.233333,965.11,958.74,2.38,7,0.0,OFFICIAL_ANNUAL_PLAN,OFFICIAL_SAME_PERIOD,SYNTHETIC_DAILY_CALIBRATED_TO_PUBLIC_ANNUAL_REFERENCE,6.37,0.66,1,0.28,3.1,18.41,17.23,34.85,36.24,35.28,SYNTHETIC_DEMO_CORRELATED_WITH_RAINFALL_REPLACE_WITH_NASA_SMAP_OR_ISRO_BHUVAN
PROD-0000236,2022-11-22,Balaghat,Madhya Pradesh,Balaghat,21.833333,80.233333,896.18,850.02,0.12,0,0.0,OFFICIAL_ANNUAL_PLAN,OFFICIAL_SAME_PERIOD,SYNTHETIC_DAILY_CALIBRATED_TO_PUBLIC_ANNUAL_REFERENCE,46.16,5.151,1,0.0,2.82,18.41,10.97,33.4,34.83,36.51,SYNTHETIC_DEMO_CORRELATED_WITH_RAINFALL_REPLACE_WITH_NASA_SMAP_OR_ISRO_BHUVAN
PROD-0000237,2022-11-23,Balaghat,Madhya Pradesh,Balaghat,21.833333,80.233333,964.18,937.41,0.0,0,0.0,OFFICIAL_ANNUAL_PLAN,OFFICIAL_SAME_PERIOD,SYNTHETIC_DAILY_CALIBRATED_TO_PUBLIC_ANNUAL_REFERENCE,26.77,2.776,1,0.0,2.5,10.5,5.74,29.89,32.71,36.21,SYNTHETIC_DEMO_CORRELATED_WITH_RAINFALL_REPLACE_WITH_NASA_SMAP_OR_ISRO_BHUVAN
PROD-0000238,2022-11-24,Balaghat,Madhya Pradesh,Balaghat,21.833333,80.233333,910.97,879.37,0.0,0,0.0,OFFICIAL_ANNUAL_PLAN,OFFICIAL_SAME_PERIOD,SYNTHETIC_DAILY_CALIBRATED_TO_PUBLIC_ANNUAL_REFERENCE,31.6,3.469,1,0.0,0.12,0.28,5.59,29.27,30.85,34.45,SYNTHETIC_DEMO_CORRELATED_WITH_RAINFALL_REPLACE_WITH_NASA_SMAP_OR_ISRO_BHUVAN
PROD-0000239,2022-11-25,Balaghat,Madhya Pradesh,Balaghat,21.833333,80.233333,1019.86,963.46,2.28,0,0.0,OFFICIAL_ANNUAL_PLAN,OFFICIAL_SAME_PERIOD,SYNTHETIC_DAILY_CALIBRATED_TO_PUBLIC_ANNUAL_REFERENCE,56.4,5.53,1,0.0,2.28,0.28,5.5,25.73,28.3,32.43,SYNTHETIC_DEMO_CORRELATED_WITH_RAINFALL_REPLACE_WITH_NASA_SMAP_OR_ISRO_BHUVAN
PROD-0000240,2022-11-26,Balaghat,Madhya Pradesh,Balaghat,21.833333,80.233333,935.97,890.19,0.55,0,36.49,OFFICIAL_ANNUAL_PLAN,OFFICIAL_SAME_PERIOD,SYNTHETIC_DAILY_CALIBRATED_TO_PUBLIC_ANNUAL_REFERENCE,45.78,4.891,1,36.49,2.83,36.49,5.65,57.36,37.45,35.25,SYNTHETIC_DEMO_CORRELATED_WITH_RAINFALL_REPLACE_WITH_NASA_SMAP_OR_ISRO_BHUVAN
PROD-0000241,2022-11-27,Balaghat,Madhya Pradesh,Balaghat,21.833333,80.233333,895.8,862.15,1.16,0,0.0,OFFICIAL_ANNUAL_PLAN,OFFICIAL_SAME_PERIOD,SYNTHETIC_DAILY_CALIBRATED_TO_PUBLIC_ANNUAL_REFERENCE,33.65,3.756,1,36.49,3.99,36.49,6.49,52.27,45.12,37.54,SYNTHETIC_DEMO_CORRELATED_WITH_RAINFALL_REPLACE_WITH_NASA_SMAP_OR_ISRO_BHUVAN
PROD-0000242,2022-11-28,Balaghat,Madhya Pradesh,Balaghat,21.833333,80.233333,925.13,922.75,0.0,0,0.0,OFFICIAL_ANNUAL_PLAN,OFFICIAL_SAME_PERIOD,SYNTHETIC_DAILY_CALIBRATED_TO_PUBLIC_ANNUAL_REFERENCE,2.38,0.257,1,36.49,1.71,36.49,4.11,47.74,52.46,39.38,SYNTHETIC_DEMO_CORRELATED_WITH_RAINFALL_REPLACE_WITH_NASA_SMAP_OR_ISRO_BHUVAN
PROD-0000243,2022-11-29,Balaghat,Madhya Pradesh,Balaghat,21.833333,80.233333,964.26,928.57,1.03,0,0.0,OFFICIAL_ANNUAL_PLAN,OFFICIAL_SAME_PERIOD,SYNTHETIC_DAILY_CALIBRATED_TO_PUBLIC_ANNUAL_REFERENCE,35.69,3.701,1,0.0,2.19,36.49,5.02,45.58,48.53,41.12,SYNTHETIC_DEMO_CORRELATED_WITH_RAINFALL_REPLACE_WITH_NASA_SMAP_OR_ISRO_BHUVAN
PROD-0000244,2022-11-30,Balaghat,Madhya Pradesh,Balaghat,21.833333,80.233333,947.55,872.75,0.78,0,7.31,OFFICIAL_ANNUAL_PLAN,OFFICIAL_SAME_PERIOD,SYNTHETIC_DAILY_CALIBRATED_TO_PUBLIC_ANNUAL_REFERENCE,74.8,7.894,1,7.31,1.81,43.8,5.8,49.48,47.6,43.92,SYNTHETIC_DEMO_CORRELATED_WITH_RAINFALL_REPLACE_WITH_NASA_SMAP_OR_ISRO_BHUVAN
PROD-0000245,2022-12-01,Balaghat,Madhya Pradesh,Balaghat,21.833333,80.233333,976.33,865.52,5.28,0,0.0,OFFICIAL_ANNUAL_PLAN,OFFICIAL_SAME_PERIOD,SYNTHETIC_DAILY_CALIBRATED_TO_PUBLIC_ANNUAL_REFERENCE,110.81,11.35,1,7.31,7.09,43.8,11.08,46.47,47.18,46.38,SYNTHETIC_DEMO_CORRELATED_WITH_RAINFALL_REPLACE_WITH_NASA_SMAP_OR_ISRO_BHUVAN
PROD-0000246,2022-12-02,Balaghat,Madhya Pradesh,Balaghat,21.833333,80.233333,1018.64,967.02,2.17,0,0.0,OFFICIAL_ANNUAL_PLAN,OFFICIAL_SAME_PERIOD,SYNTHETIC_DAILY_CALIBRATED_TO_PUBLIC_ANNUAL_REFERENCE,51.62,5.068,1,7.31,8.23,43.8,10.97,42.64,46.2,48.79,SYNTHETIC_DEMO_CORRELATED_WITH_RAINFALL_REPLACE_WITH_NASA_SMAP_OR_ISRO_BHUVAN
PROD-0000247,2022-12-03,Balaghat,Madhya Pradesh,Balaghat,21.833333,80.233333,899.95,874.27,0.0,35,0.0,OFFICIAL_ANNUAL_PLAN,OFFICIAL_SAME_PERIOD,SYNTHETIC_DAILY_CALIBRATED_TO_PUBLIC_ANNUAL_REFERENCE,25.68,2.853,1,0.0,7.45,7.31,10.42,42.24,43.78,46.63,SYNTHETIC_DEMO_CORRELATED_WITH_RAINFALL_REPLACE_WITH_NASA_SMAP_OR_ISRO_BHUVAN
PROD-0000248,2022-12-04,Balaghat,Madhya Pradesh,Balaghat,21.833333,80.233333,975.57,905.63,3.04,0,0.0,OFFICIAL_ANNUAL_PLAN,OFFICIAL_SAME_PERIOD,SYNTHETIC_DAILY_CALIBRATED_TO_PUBLIC_ANNUAL_REFERENCE,69.94,7.169,1,0.0,5.21,7.31,12.3,42.75,42.54,45.27,SYNTHETIC_DEMO_CORRELATED_WITH_RAINFALL_REPLACE_WITH_NASA_SMAP_OR_ISRO_BHUVAN
PROD-0000249,2022-12-05,Balaghat,Madhya Pradesh,Balaghat,21.833333,80.233333,879.7,816.88,0.0,0,0.0,OFFICIAL_ANNUAL_PLAN,OFFICIAL_SAME_PERIOD,SYNTHETIC_DAILY_CALIBRATED_TO_PUBLIC_ANNUAL_REFERENCE,62.82,7.141,1,0.0,3.04,7.31,12.3,39.22,41.4,44.05,SYNTHETIC_DEMO_CORRELATED_WITH_RAINFALL_REPLACE_WITH_NASA_SMAP_OR_ISRO_BHUVAN
PROD-0000250,2022-12-06,Balaghat,Madhya Pradesh,Balaghat,21.833333,80.233333,939.56,883.05,0.0,0,0.0,OFFICIAL_ANNUAL_PLAN,OFFICIAL_SAME_PERIOD,SYNTHETIC_DAILY_CALIBRATED_TO_PUBLIC_ANNUAL_REFERENCE,56.51,6.015,1,0.0,3.04,7.31,11.27,37.09,39.69,42.84,SYNTHETIC_DEMO_CORRELATED_WITH_RAINFALL_REPLACE_WITH_NASA_SMAP_OR_ISRO_BHUVAN
PROD-0000251,2022-12-07,Balaghat,Madhya Pradesh,Balaghat,21.833333,80.233333,938.78,913.76,1.62,0,3.17,OFFICIAL_ANNUAL_PLAN,OFFICIAL_SAME_PERIOD,SYNTHETIC_DAILY_CALIBRATED_TO_PUBLIC_ANNUAL_REFERENCE,25.02,2.665,1,3.17,1.62,3.17,12.11,37.87,38.06,41.18,SYNTHETIC_DEMO_CORRELATED_WITH_RAINFALL_REPLACE_WITH_NASA_SMAP_OR_ISRO_BHUVAN
PROD-0000252,2022-12-08,Balaghat,Madhya Pradesh,Balaghat,21.833333,80.233333,940.59,891.67,0.54,0,0.21,OFFICIAL_ANNUAL_PLAN,OFFICIAL_SAME_PERIOD,SYNTHETIC_DAILY_CALIBRATED_TO_PUBLIC_ANNUAL_REFERENCE,48.92,5.201,1,3.38,2.16,3.38,7.37,35.33,36.76,39.59,SYNTHETIC_DEMO_CORRELATED_WITH_RAINFALL_REPLACE_WITH_NASA_SMAP_OR_ISRO_BHUVAN
PROD-0000253,2022-12-09,Balaghat,Madhya Pradesh,Balaghat,21.833333,80.233333,1018.26,967.38,0.08,0,5.36,OFFICIAL_ANNUAL_PLAN,OFFICIAL_SAME_PERIOD,SYNTHETIC_DAILY_CALIBRATED_TO_PUBLIC_ANNUAL_REFERENCE,50.88,4.997,1,8.74,2.24,8.74,5.28,39.97,37.72,39.21,SYNTHETIC_DEMO_CORRELATED_WITH_RAINFALL_REPLACE_WITH_NASA_SMAP_OR_ISRO_BHUVAN
PROD-0000254,2022-12-10,Balaghat,Madhya Pradesh,Balaghat,21.833333,80.233333,975.28,842.75,1.04,23,0.0,OFFICIAL_ANNUAL_PLAN,OFFICIAL_SAME_PERIOD,SYNTHETIC_DAILY_CALIBRATED_TO_PUBLIC_ANNUAL_REFERENCE,132.53,13.589,1,5.57,1.66,8.74,6.32,36.91,37.4,38.45,SYNTHETIC_DEMO_CORRELATED_WITH_RAINFALL_REPLACE_WITH_NASA_SMAP_OR_ISRO_BHUVAN
PROD-0000255,2022-12-11,Balaghat,Madhya Pradesh,Balaghat,21.833333,80.233333,959.88,900.79,2.67,0,0.0,OFFICIAL_ANNUAL_PLAN,OFFICIAL_SAME_PERIOD,SYNTHETIC_DAILY_CALIBRATED_TO_PUBLIC_ANNUAL_REFERENCE,59.09,6.156,1,5.36,3.79,8.74,5.95,33.81,36.9,37.17,SYNTHETIC_DEMO_CORRELATED_WITH_RAINFALL_REPLACE_WITH_NASA_SMAP_OR_ISRO_BHUVAN
PROD-0000256,2022-12-12,Balaghat,Madhya Pradesh,Balaghat,21.833333,80.233333,946.55,823.16,5.04,37,0.0,OFFICIAL_ANNUAL_PLAN,OFFICIAL_SAME_PERIOD,SYNTHETIC_DAILY_CALIBRATED_TO_PUBLIC_ANNUAL_REFERENCE,123.39,13.036,1,0.0,8.75,8.74,10.99,30.34,33.69,35.9,SYNTHETIC_DEMO_CORRELATED_WITH_RAINFALL_REPLACE_WITH_NASA_SMAP_OR_ISRO_BHUVAN
PROD-0000257,2022-12-13,Balaghat,Madhya Pradesh,Balaghat,21.833333,80.233333,871.27,851.05,0.89,0,0.0,OFFICIAL_ANNUAL_PLAN,OFFICIAL_SAME_PERIOD,SYNTHETIC_DAILY_CALIBRATED_TO_PUBLIC_ANNUAL_REFERENCE,20.22,2.321,1,0.0,8.6,8.74,11.88,29.34,31.16,34.8,SYNTHETIC_DEMO_CORRELATED_WITH_RAINFALL_REPLACE_WITH_NASA_SMAP_OR_ISRO_BHUVAN
PROD-0000258,2022-12-14,Balaghat,Madhya Pradesh,Balaghat,21.833333,80.233333,1027.17,951.02,2.51,0,0.0,OFFICIAL_ANNUAL_PLAN,OFFICIAL_SAME_PERIOD,SYNTHETIC_DAILY_CALIBRATED_TO_PUBLIC_ANNUAL_REFERENCE,76.15,7.414,1,0.0,8.44,5.57,12.77,27.54,29.07,33.32,SYNTHETIC_DEMO_CORRELATED_WITH_RAINFALL_REPLACE_WITH_NASA_SMAP_OR_ISRO_BHUVAN
PROD-0000259,2022-12-15,Balaghat,Madhya Pradesh,Balaghat,21.833333,80.233333,840.95,788.69,1.64,0,13.63,OFFICIAL_ANNUAL_PLAN,OFFICIAL_SAME_PERIOD,SYNTHETIC_DAILY_CALIBRATED_TO_PUBLIC_ANNUAL_REFERENCE,52.26,6.214,1,13.63,5.04,18.99,13.87,37.72,31.53,33.66,SYNTHETIC_DEMO_CORRELATED_WITH_RAINFALL_REPLACE_WITH_NASA_SMAP_OR_ISRO_BHUVAN
PROD-0000260,2022-12-16,Balaghat,Madhya Pradesh,Balaghat,21.833333,80.233333,882.82,791.19,4.99,0,0.0,OFFICIAL_ANNUAL_PLAN,OFFICIAL_SAME_PERIOD,SYNTHETIC_DAILY_CALIBRATED_TO_PUBLIC_ANNUAL_REFERENCE,91.63,10.379,1,13.63,9.14,13.63,18.78,36.34,33.87,33.14,SYNTHETIC_DEMO_CORRELATED_WITH_RAINFALL_REPLACE_WITH_NASA_SMAP_OR_ISRO_BHUVAN
PROD-0000261,2022-12-17,Balaghat,Madhya Pradesh,Balaghat,21.833333,80.233333,985.62,950.79,0.0,0,0.0,OFFICIAL_ANNUAL_PLAN,OFFICIAL_SAME_PERIOD,SYNTHETIC_DAILY_CALIBRATED_TO_PUBLIC_ANNUAL_REFERENCE,34.83,3.534,1,13.63,6.63,13.63,17.74,33.63,35.9,32.67,SYNTHETIC_DEMO_CORRELATED_WITH_RAINFALL_REPLACE_WITH_NASA_SMAP_OR_ISRO_BHUVAN
PROD-0000262,2022-12-18,Balaghat,Madhya Pradesh,Balaghat,21.833333,80.233333,965.37,897.09,2.03,0,0.9,OFFICIAL_ANNUAL_PLAN,OFFICIAL_SAME_PERIOD,SYNTHETIC_DAILY_CALIBRATED_TO_PUBLIC_ANNUAL_REFERENCE,68.28,7.073,1,0.9,7.02,14.53,17.1,32.02,34.0,32.42,SYNTHETIC_DEMO_CORRELATED_WITH_RAINFALL_REPLACE_WITH_NASA_SMAP_OR_ISRO_BHUVAN
PROD-0000263,2022-12-19,Balaghat,Madhya Pradesh,Balaghat,21.833333,80.233333,897.58,833.38,0.6,0,0.0,OFFICIAL_ANNUAL_PLAN,OFFICIAL_SAME_PERIOD,SYNTHETIC_DAILY_CALIBRATED_TO_PUBLIC_ANNUAL_REFERENCE,64.2,7.153,1,0.9,2.63,14.53,12.66,31.71,32.45,32.61,SYNTHETIC_DEMO_CORRELATED_WITH_RAINFALL_REPLACE_WITH_NASA_SMAP_OR_ISRO_BHUVAN
PROD-0000264,2022-12-20,Balaghat,Madhya Pradesh,Balaghat,21.833333,80.233333,832.05,807.81,2.36,0,0.0,OFFICIAL_ANNUAL_PLAN,OFFICIAL_SAME_PERIOD,SYNTHETIC_DAILY_CALIBRATED_TO_PUBLIC_ANNUAL_REFERENCE,24.24,2.913,1,0.9,4.99,14.53,14.13,30.82,31.52,32.83,SYNTHETIC_DEMO_CORRELATED_WITH_RAINFALL_REPLACE_WITH_NASA_SMAP_OR_ISRO_BHUVAN
PROD-0000265,2022-12-21,Balaghat,Madhya Pradesh,Balaghat,21.833333,80.233333,856.59,796.16,1.48,17,0.0,OFFICIAL_ANNUAL_PLAN,OFFICIAL_SAME_PERIOD,SYNTHETIC_DAILY_CALIBRATED_TO_PUBLIC_ANNUAL_REFERENCE,60.43,7.055,1,0.0,4.44,14.53,13.1,29.6,30.71,33.12,SYNTHETIC_DEMO_CORRELATED_WITH_RAINFALL_REPLACE_WITH_NASA_SMAP_OR_ISRO_BHUVAN
PROD-0000266,2022-12-22,Balaghat,Madhya Pradesh,Balaghat,21.833333,80.233333,1046.35,992.54,0.7,2,0.0,OFFICIAL_ANNUAL_PLAN,OFFICIAL_SAME_PERIOD,SYNTHETIC_DAILY_CALIBRATED_TO_PUBLIC_ANNUAL_REFERENCE,53.81,5.143,1,0.0,4.54,0.9,12.16,27.64,29.35,31.68,SYNTHETIC_DEMO_CORRELATED_WITH_RAINFALL_REPLACE_WITH_NASA_SMAP_OR_ISRO_BHUVAN
PROD-0000267,2022-12-23,Balaghat,Madhya Pradesh,Balaghat,21.833333,80.233333,1027.14,1000.8,0.28,0,0.0,OFFICIAL_ANNUAL_PLAN,OFFICIAL_SAME_PERIOD,SYNTHETIC_DAILY_CALIBRATED_TO_PUBLIC_ANNUAL_REFERENCE,26.34,2.564,1,0.0,2.46,0.9,7.45,28.15,28.46,30.51,SYNTHETIC_DEMO_CORRELATED_WITH_RAINFALL_REPLACE_WITH_NASA_SMAP_OR_ISRO_BHUVAN
PROD-0000268,2022-12-24,Balaghat,Madhya Pradesh,Balaghat,21.833333,80.233333,972.3,917.31,2.56,46,2.13,OFFICIAL_ANNUAL_PLAN,OFFICIAL_SAME_PERIOD,SYNTHETIC_DAILY_CALIBRATED_TO_PUBLIC_ANNUAL_REFERENCE,54.99,5.656,1,2.13,3.54,3.03,10.01,27.18,27.66,29.59,SYNTHETIC_DEMO_CORRELATED_WITH_RAINFALL_REPLACE_WITH_NASA_SMAP_OR_ISRO_BHUVAN
PROD-0000269,2022-12-25,Balaghat,Madhya Pradesh,Balaghat,21.833333,80.233333,985.94,930.43,0.0,0,0.0,OFFICIAL_ANNUAL_PLAN,OFFICIAL_SAME_PERIOD,SYNTHETIC_DAILY_CALIBRATED_TO_PUBLIC_ANNUAL_REFERENCE,55.51,5.63,1,2.13,2.84,2.13,7.98,25.76,27.03,28.69,SYNTHETIC_DEMO_CORRELATED_WITH_RAINFALL_REPLACE_WITH_NASA_SMAP_OR_ISRO_BHUVAN
PROD-0000270,2022-12-26,Balaghat,Madhya Pradesh,Balaghat,21.833333,80.233333,1035.03,937.81,2.21,12,0.0,OFFICIAL_ANNUAL_PLAN,OFFICIAL_SAME_PERIOD,SYNTHETIC_DAILY_CALIBRATED_TO_PUBLIC_ANNUAL_REFERENCE,97.22,9.393,1,2.13,4.77,2.13,9.59,24.31,25.75,27.64,SYNTHETIC_DEMO_CORRELATED_WITH_RAINFALL_REPLACE_WITH_NASA_SMAP_OR_ISRO_BHUVAN
PROD-0000271,2022-12-27,Balaghat,Madhya Pradesh,Balaghat,21.833333,80.233333,909.95,851.03,0.0,0,0.0,OFFICIAL_ANNUAL_PLAN,OFFICIAL_SAME_PERIOD,SYNTHETIC_DAILY_CALIBRATED_TO_PUBLIC_ANNUAL_REFERENCE,58.92,6.475,1,0.0,2.21,2.13,7.23,21.79,23.95,26.35,SYNTHETIC_DEMO_CORRELATED_WITH_RAINFALL_REPLACE_WITH_NASA_SMAP_OR_ISRO_BHUVAN
PROD-0000272,2022-12-28,Balaghat,Madhya Pradesh,Balaghat,21.833333,80.233333,1027.27,1007.6,1.82,0,0.0,OFFICIAL_ANNUAL_PLAN,OFFICIAL_SAME_PERIOD,SYNTHETIC_DAILY_CALIBRATED_TO_PUBLIC_ANNUAL_REFERENCE,19.67,1.915,1,0.0,4.03,2.13,7.57,19.56,21.89,24.91,SYNTHETIC_DEMO_CORRELATED_WITH_RAINFALL_REPLACE_WITH_NASA_SMAP_OR_ISRO_BHUVAN
PROD-0000273,2022-12-29,Balaghat,Madhya Pradesh,Balaghat,21.833333,80.233333,911.22,886.45,1.23,0,0.0,OFFICIAL_ANNUAL_PLAN,OFFICIAL_SAME_PERIOD,SYNTHETIC_DAILY_CALIBRATED_TO_PUBLIC_ANNUAL_REFERENCE,24.77,2.718,1,0.0,3.05,2.13,8.1,18.75,20.03,23.64,SYNTHETIC_DEMO_CORRELATED_WITH_RAINFALL_REPLACE_WITH_NASA_SMAP_OR_ISRO_BHUVAN
PROD-0000274,2022-12-30,Balaghat,Madhya Pradesh,Balaghat,21.833333,80.233333,885.13,827.1,3.35,0,0.0,OFFICIAL_ANNUAL_PLAN,OFFICIAL_SAME_PERIOD,SYNTHETIC_DAILY_CALIBRATED_TO_PUBLIC_ANNUAL_REFERENCE,58.03,6.556,1,0.0,6.4,2.13,11.17,18.02,18.78,22.2,SYNTHETIC_DEMO_CORRELATED_WITH_RAINFALL_REPLACE_WITH_NASA_SMAP_OR_ISRO_BHUVAN
PROD-0000275,2022-12-31,Balaghat,Madhya Pradesh,Balaghat,21.833333,80.233333,964.77,886.28,3.0,0,0.0,OFFICIAL_ANNUAL_PLAN,OFFICIAL_SAME_PERIOD,SYNTHETIC_DAILY_CALIBRATED_TO_PUBLIC_ANNUAL_REFERENCE,78.49,8.136,1,0.0,7.58,0.0,11.61,18.25,18.34,20.92,SYNTHETIC_DEMO_CORRELATED_WITH_RAINFALL_REPLACE_WITH_NASA_SMAP_OR_ISRO_BHUVAN
PROD-0000276,2023-01-01,Balaghat,Madhya Pradesh,Balaghat,21.833333,80.233333,899.41,847.09,1.33,0,0.0,OFFICIAL_ANNUAL_PLAN,OFFICIAL_SAME_PERIOD,SYNTHETIC_DAILY_CALIBRATED_TO_PUBLIC_ANNUAL_REFERENCE,52.32,5.817,1,0.0,7.68,0.0,12.94,15.72,17.33,19.49,SYNTHETIC_DEMO_CORRELATED_WITH_RAINFALL_REPLACE_WITH_NASA_SMAP_OR_ISRO_BHUVAN
PROD-0000277,2023-01-02,Balaghat,Madhya Pradesh,Balaghat,21.833333,80.233333,1026.05,991.28,0.76,0,0.0,OFFICIAL_ANNUAL_PLAN,OFFICIAL_SAME_PERIOD,SYNTHETIC_DAILY_CALIBRATED_TO_PUBLIC_ANNUAL_REFERENCE,34.77,3.389,1,0.0,5.09,0.0,11.49,14.96,16.31,18.15,SYNTHETIC_DEMO_CORRELATED_WITH_RAINFALL_REPLACE_WITH_NASA_SMAP_OR_ISRO_BHUVAN
PROD-0000278,2023-01-03,Balaghat,Madhya Pradesh,Balaghat,21.833333,80.233333,914.14,865.63,0.0,0,0.0,OFFICIAL_ANNUAL_PLAN,OFFICIAL_SAME_PERIOD,SYNTHETIC_DAILY_CALIBRATED_TO_PUBLIC_ANNUAL_REFERENCE,48.51,5.307,1,0.0,2.09,0.0,11.49,14.48,15.05,17.11,SYNTHETIC_DEMO_CORRELATED_WITH_RAINFALL_REPLACE_WITH_NASA_SMAP_OR_ISRO_BHUVAN
PROD-0000279,2023-01-04,Balaghat,Madhya Pradesh,Balaghat,21.833333,80.233333,967.93,901.83,4.54,0,0.0,OFFICIAL_ANNUAL_PLAN,OFFICIAL_SAME_PERIOD,SYNTHETIC_DAILY_CALIBRATED_TO_PUBLIC_ANNUAL_REFERENCE,66.1,6.829,1,0.0,5.3,0.0,14.21,14.46,14.63,16.38,SYNTHETIC_DEMO_CORRELATED_WITH_RAINFALL_REPLACE_WITH_NASA_SMAP_OR_ISRO_BHUVAN
PROD-0000280,2023-01-05,Balaghat,Madhya Pradesh,Balaghat,21.833333,80.233333,1022.81,917.22,3.31,0,0.0,OFFICIAL_ANNUAL_PLAN,OFFICIAL_SAME_PERIOD,SYNTHETIC_DAILY_CALIBRATED_TO_PUBLIC_ANNUAL_REFERENCE,105.59,10.324,1,0.0,7.85,0.0,16.29,13.03,13.99,15.56,SYNTHETIC_DEMO_CORRELATED_WITH_RAINFALL_REPLACE_WITH_NASA_SMAP_OR_ISRO_BHUVAN
PROD-0000281,2023-01-06,Balaghat,Madhya Pradesh,Balaghat,21.833333,80.233333,971.63,926.99,0.77,0,0.0,OFFICIAL_ANNUAL_PLAN,OFFICIAL_SAME_PERIOD,SYNTHETIC_DAILY_CALIBRATED_TO_PUBLIC_ANNUAL_REFERENCE,44.64,4.594,1,0.0,8.62,0.0,13.71,12.04,13.18,14.71,SYNTHETIC_DEMO_CORRELATED_WITH_RAINFALL_REPLACE_WITH_NASA_SMAP_OR_ISRO_BHUVAN
PROD-0000282,2023-01-07,Balaghat,Madhya Pradesh,Balaghat,21.833333,80.233333,991.24,901.23,3.11,0,1.71,OFFICIAL_ANNUAL_PLAN,OFFICIAL_SAME_PERIOD,SYNTHETIC_DAILY_CALIBRATED_TO_PUBLIC_ANNUAL_REFERENCE,90.01,9.081,1,1.71,7.19,1.71,13.82,12.99,12.69,13.95,SYNTHETIC_DEMO_CORRELATED_WITH_RAINFALL_REPLACE_WITH_NASA_SMAP_OR_ISRO_BHUVAN
PROD-0000283,2023-01-08,Balaghat,Madhya Pradesh,Balaghat,21.833333,80.233333,974.03,973.51,1.74,0,0.0,OFFICIAL_ANNUAL_PLAN,OFFICIAL_SAME_PERIOD,SYNTHETIC_DAILY_CALIBRATED_TO_PUBLIC_ANNUAL_REFERENCE,0.52,0.053,1,1.71,5.62,1.71,14.23,12.54,12.52,13.5,SYNTHETIC_DEMO_CORRELATED_WITH_RAINFALL_REPLACE_WITH_NASA_SMAP_OR_ISRO_BHUVAN
PROD-0000284,2023-01-09,Balaghat,Madhya Pradesh,Balaghat,21.833333,80.233333,1036.89,998.76,1.52,0,0.0,OFFICIAL_ANNUAL_PLAN,OFFICIAL_SAME_PERIOD,SYNTHETIC_DAILY_CALIBRATED_TO_PUBLIC_ANNUAL_REFERENCE,38.13,3.677,1,1.71,6.37,1.71,14.99,11.24,12.26,12.97,SYNTHETIC_DEMO_CORRELATED_WITH_RAINFALL_REPLACE_WITH_NASA_SMAP_OR_ISRO_BHUVAN
PROD-0000285,2023-01-10,Balaghat,Madhya Pradesh,Balaghat,21.833333,80.233333,921.58,842.12,0.63,0,2.19,OFFICIAL_ANNUAL_PLAN,OFFICIAL_SAME_PERIOD,SYNTHETIC_DAILY_CALIBRATED_TO_PUBLIC_ANNUAL_REFERENCE,79.46,8.622,1,2.19,3.89,3.9,15.62,14.26,12.68,12.94,SYNTHETIC_DEMO_CORRELATED_WITH_RAINFALL_REPLACE_WITH_NASA_SMAP_OR_ISRO_BHUVAN
PROD-0000286,2023-01-11,Balaghat,Madhya Pradesh,Balaghat,21.833333,80.233333,940.52,910.53,0.0,0,0.0,OFFICIAL_ANNUAL_PLAN,OFFICIAL_SAME_PERIOD,SYNTHETIC_DAILY_CALIBRATED_TO_PUBLIC_ANNUAL_REFERENCE,29.99,3.189,1,2.19,2.15,3.9,11.08,13.35,12.95,12.78,SYNTHETIC_DEMO_CORRELATED_WITH_RAINFALL_REPLACE_WITH_NASA_SMAP_OR_ISRO_BHUVAN
PROD-0000287,2023-01-12,Balaghat,Madhya Pradesh,Balaghat,21.833333,80.233333,932.15,880.38,2.07,0,0.0,OFFICIAL_ANNUAL_PLAN,OFFICIAL_SAME_PERIOD,SYNTHETIC_DAILY_CALIBRATED_TO_PUBLIC_ANNUAL_REFERENCE,51.77,5.554,1,2.19,2.7,3.9,9.84,12.14,13.25,12.65,SYNTHETIC_DEMO_CORRELATED_WITH_RAINFALL_REPLACE_WITH_NASA_SMAP_OR_ISRO_BHUVAN
PROD-0000288,2023-01-13,Balaghat,Madhya Pradesh,Balaghat,21.833333,80.233333,924.88,860.25,1.88,0,0.0,OFFICIAL_ANNUAL_PLAN,OFFICIAL_SAME_PERIOD,SYNTHETIC_DAILY_CALIBRATED_TO_PUBLIC_ANNUAL_REFERENCE,64.63,6.988,1,0.0,3.95,3.9,10.95,10.55,12.01,12.44,SYNTHETIC_DEMO_CORRELATED_WITH_RAINFALL_REPLACE_WITH_NASA_SMAP_OR_ISRO_BHUVAN
PROD-0000289,2023-01-14,Balaghat,Madhya Pradesh,Balaghat,21.833333,80.233333,905.84,881.38,4.56,0,0.0,OFFICIAL_ANNUAL_PLAN,OFFICIAL_SAME_PERIOD,SYNTHETIC_DAILY_CALIBRATED_TO_PUBLIC_ANNUAL_REFERENCE,24.46,2.7,1,0.0,8.51,2.19,12.4,12.37,11.69,12.35,SYNTHETIC_DEMO_CORRELATED_WITH_RAINFALL_REPLACE_WITH_NASA_SMAP_OR_ISRO_BHUVAN
PROD-0000290,2023-01-15,Balaghat,Madhya Pradesh,Balaghat,21.833333,80.233333,928.66,883.02,1.68,0,0.0,OFFICIAL_ANNUAL_PLAN,OFFICIAL_SAME_PERIOD,SYNTHETIC_DAILY_CALIBRATED_TO_PUBLIC_ANNUAL_REFERENCE,45.64,4.915,1,0.0,8.12,2.19,12.34,12.34,11.75,12.32,SYNTHETIC_DEMO_CORRELATED_WITH_RAINFALL_REPLACE_WITH_NASA_SMAP_OR_ISRO_BHUVAN
PROD-0000291,2023-01-16,Balaghat,Madhya Pradesh,Balaghat,21.833333,80.233333,868.34,842.02,1.55,0,0.0,OFFICIAL_ANNUAL_PLAN,OFFICIAL_SAME_PERIOD,SYNTHETIC_DAILY_CALIBRATED_TO_PUBLIC_ANNUAL_REFERENCE,26.32,3.031,1,0.0,7.79,2.19,12.37,11.91,12.21,12.42,SYNTHETIC_DEMO_CORRELATED_WITH_RAINFALL_REPLACE_WITH_NASA_SMAP_OR_ISRO_BHUVAN
PROD-0000292,2023-01-17,Balaghat,Madhya Pradesh,Balaghat,21.833333,80.233333,1017.33,934.65,0.0,0,0.0,OFFICIAL_ANNUAL_PLAN,OFFICIAL_SAME_PERIOD,SYNTHETIC_DAILY_CALIBRATED_TO_PUBLIC_ANNUAL_REFERENCE,82.68,8.127,1,0.0,3.23,0.0,11.74,12.06,12.1,12.1,SYNTHETIC_DEMO_CORRELATED_WITH_RAINFALL_REPLACE_WITH_NASA_SMAP_OR_ISRO_BHUVAN
PROD-0000293,2023-01-18,Balaghat,Madhya Pradesh,Balaghat,21.833333,80.233333,887.14,834.08,0.0,46,0.0,OFFICIAL_ANNUAL_PLAN,OFFICIAL_SAME_PERIOD,SYNTHETIC_DAILY_CALIBRATED_TO_PUBLIC_ANNUAL_REFERENCE,53.06,5.981,1,0.0,1.55,0.0,11.74,10.27,11.41,11.66,SYNTHETIC_DEMO_CORRELATED_WITH_RAINFALL_REPLACE_WITH_NASA_SMAP_OR_ISRO_BHUVAN
PROD-0000294,2023-01-19,Balaghat,Madhya Pradesh,Balaghat,21.833333,80.233333,1016.37,974.24,1.62,0,0.0,OFFICIAL_ANNUAL_PLAN,OFFICIAL_SAME_PERIOD,SYNTHETIC_DAILY_CALIBRATED_TO_PUBLIC_ANNUAL_REFERENCE,42.13,4.145,1,0.0,1.62,0.0,11.29,12.11,11.48,11.66,SYNTHETIC_DEMO_CORRELATED_WITH_RAINFALL_REPLACE_WITH_NASA_SMAP_OR_ISRO_BHUVAN
PROD-0000295,2023-01-20,Balaghat,Madhya Pradesh,Balaghat,21.833333,80.233333,994.9,910.42,1.89,3,0.0,OFFICIAL_ANNUAL_PLAN,OFFICIAL_SAME_PERIOD,SYNTHETIC_DAILY_CALIBRATED_TO_PUBLIC_ANNUAL_REFERENCE,84.48,8.491,1,0.0,3.51,0.0,11.3,12.74,11.71,11.97,SYNTHETIC_DEMO_CORRELATED_WITH_RAINFALL_REPLACE_WITH_NASA_SMAP_OR_ISRO_BHUVAN
PROD-0000296,2023-01-21,Balaghat,Madhya Pradesh,Balaghat,21.833333,80.233333,992.24,899.59,1.6,0,8.34,OFFICIAL_ANNUAL_PLAN,OFFICIAL_SAME_PERIOD,SYNTHETIC_DAILY_CALIBRATED_TO_PUBLIC_ANNUAL_REFERENCE,92.65,9.337,1,8.34,5.11,8.34,8.34,20.3,15.05,13.1,SYNTHETIC_DEMO_CORRELATED_WITH_RAINFALL_REPLACE_WITH_NASA_SMAP_OR_ISRO_BHUVAN
PROD-0000297,2023-01-22,Balaghat,Madhya Pradesh,Balaghat,21.833333,80.233333,947.6,890.29,0.84,0,0.0,OFFICIAL_ANNUAL_PLAN,OFFICIAL_SAME_PERIOD,SYNTHETIC_DAILY_CALIBRATED_TO_PUBLIC_ANNUAL_REFERENCE,57.31,6.048,1,8.34,4.33,8.34,7.5,19.55,17.53,14.13,SYNTHETIC_DEMO_CORRELATED_WITH_RAINFALL_REPLACE_WITH_NASA_SMAP_OR_ISRO_BHUVAN
PROD-0000298,2023-01-23,Balaghat,Madhya Pradesh,Balaghat,21.833333,80.233333,964.85,919.9,1.42,0,0.0,OFFICIAL_ANNUAL_PLAN,OFFICIAL_SAME_PERIOD,SYNTHETIC_DAILY_CALIBRATED_TO_PUBLIC_ANNUAL_REFERENCE,44.95,4.659,1,8.34,3.86,8.34,7.37,14.84,18.23,14.55,SYNTHETIC_DEMO_CORRELATED_WITH_RAINFALL_REPLACE_WITH_NASA_SMAP_OR_ISRO_BHUVAN
PROD-0000299,2023-01-24,Balaghat,Madhya Pradesh,Balaghat,21.833333,80.233333,1016.25,1013.3,0.0,0,0.0,OFFICIAL_ANNUAL_PLAN,OFFICIAL_SAME_PERIOD,SYNTHETIC_DAILY_CALIBRATED_TO_PUBLIC_ANNUAL_REFERENCE,2.95,0.29,1,0.0,2.26,8.34,7.37,11.89,15.43,14.53,SYNTHETIC_DEMO_CORRELATED_WITH_RAINFALL_REPLACE_WITH_NASA_SMAP_OR_ISRO_BHUVAN
PROD-0000300,2023-01-25,Balaghat,Madhya Pradesh,Balaghat,21.833333,80.233333,925.08,827.37,5.18,0,0.0,OFFICIAL_ANNUAL_PLAN,OFFICIAL_SAME_PERIOD,SYNTHETIC_DAILY_CALIBRATED_TO_PUBLIC_ANNUAL_REFERENCE,97.71,10.562,1,0.0,6.6,8.34,12.55,11.24,12.66,14.67,SYNTHETIC_DEMO_CORRELATED_WITH_RAINFALL_REPLACE_WITH_NASA_SMAP_OR_ISRO_BHUVAN
PROD-0000301,2023-01-26,Balaghat,Madhya Pradesh,Balaghat,21.833333,80.233333,880.34,824.33,0.58,0,4.51,OFFICIAL_ANNUAL_PLAN,OFFICIAL_SAME_PERIOD,SYNTHETIC_DAILY_CALIBRATED_TO_PUBLIC_ANNUAL_REFERENCE,56.01,6.362,1,4.51,5.76,12.85,11.51,14.41,12.51,15.0,SYNTHETIC_DEMO_CORRELATED_WITH_RAINFALL_REPLACE_WITH_NASA_SMAP_OR_ISRO_BHUVAN
PROD-0000302,2023-01-27,Balaghat,Madhya Pradesh,Balaghat,21.833333,80.233333,897.42,875.66,0.37,0,0.0,OFFICIAL_ANNUAL_PLAN,OFFICIAL_SAME_PERIOD,SYNTHETIC_DAILY_CALIBRATED_TO_PUBLIC_ANNUAL_REFERENCE,21.76,2.425,1,4.51,6.13,12.85,9.99,12.61,12.75,14.98,SYNTHETIC_DEMO_CORRELATED_WITH_RAINFALL_REPLACE_WITH_NASA_SMAP_OR_ISRO_BHUVAN
PROD-0000303,2023-01-28,Balaghat,Madhya Pradesh,Balaghat,21.833333,80.233333,1035.72,997.14,0.0,0,0.0,OFFICIAL_ANNUAL_PLAN,OFFICIAL_SAME_PERIOD,SYNTHETIC_DAILY_CALIBRATED_TO_PUBLIC_ANNUAL_REFERENCE,38.58,3.725,1,4.51,0.95,4.51,8.39,11.02,12.68,13.65,SYNTHETIC_DEMO_CORRELATED_WITH_RAINFALL_REPLACE_WITH_NASA_SMAP_OR_ISRO_BHUVAN
PROD-0000304,2023-01-29,Balaghat,Madhya Pradesh,Balaghat,21.833333,80.233333,1026.13,987.87,0.72,0,0.0,OFFICIAL_ANNUAL_PLAN,OFFICIAL_SAME_PERIOD,SYNTHETIC_DAILY_CALIBRATED_TO_PUBLIC_ANNUAL_REFERENCE,38.26,3.729,1,0.0,1.09,4.51,8.27,11.97,11.87,12.57,SYNTHETIC_DEMO_CORRELATED_WITH_RAINFALL_REPLACE_WITH_NASA_SMAP_OR_ISRO_BHUVAN
PROD-0000305,2023-01-30,Balaghat,Madhya Pradesh,Balaghat,21.833333,80.233333,942.4,899.15,0.0,37,0.0,OFFICIAL_ANNUAL_PLAN,OFFICIAL_SAME_PERIOD,SYNTHETIC_DAILY_CALIBRATED_TO_PUBLIC_ANNUAL_REFERENCE,43.25,4.589,1,0.0,0.72,4.51,6.85,13.01,12.0,12.31,SYNTHETIC_DEMO_CORRELATED_WITH_RAINFALL_REPLACE_WITH_NASA_SMAP_OR_ISRO_BHUVAN
PROD-0000306,2023-01-31,Balaghat,Madhya Pradesh,Balaghat,21.833333,80.233333,1007.21,942.12,0.0,92,0.0,OFFICIAL_ANNUAL_PLAN,OFFICIAL_SAME_PERIOD,SYNTHETIC_DAILY_CALIBRATED_TO_PUBLIC_ANNUAL_REFERENCE,65.09,6.462,1,0.0,0.72,4.51,6.85,10.59,11.86,12.12,SYNTHETIC_DEMO_CORRELATED_WITH_RAINFALL_REPLACE_WITH_NASA_SMAP_OR_ISRO_BHUVAN
PROD-0000307,2023-02-01,Balaghat,Madhya Pradesh,Balaghat,21.833333,80.233333,1002.12,928.19,0.68,11,0.0,OFFICIAL_ANNUAL_PLAN,OFFICIAL_SAME_PERIOD,SYNTHETIC_DAILY_CALIBRATED_TO_PUBLIC_ANNUAL_REFERENCE,73.93,7.377,1,0.0,0.68,4.51,2.35,8.46,10.69,11.72,SYNTHETIC_DEMO_CORRELATED_WITH_RAINFALL_REPLACE_WITH_NASA_SMAP_OR_ISRO_BHUVAN
PROD-0000308,2023-02-02,Balaghat,Madhya Pradesh,Balaghat,21.833333,80.233333,891.07,841.39,2.08,0,0.0,OFFICIAL_ANNUAL_PLAN,OFFICIAL_SAME_PERIOD,SYNTHETIC_DAILY_CALIBRATED_TO_PUBLIC_ANNUAL_REFERENCE,49.68,5.575,1,0.0,2.76,0.0,3.85,7.61,8.89,10.75,SYNTHETIC_DEMO_CORRELATED_WITH_RAINFALL_REPLACE_WITH_NASA_SMAP_OR_ISRO_BHUVAN
PROD-0000309,2023-02-03,Balaghat,Madhya Pradesh,Balaghat,21.833333,80.233333,993.0,945.45,0.0,0,0.0,OFFICIAL_ANNUAL_PLAN,OFFICIAL_SAME_PERIOD,SYNTHETIC_DAILY_CALIBRATED_TO_PUBLIC_ANNUAL_REFERENCE,47.55,4.789,1,0.0,2.76,0.0,3.48,6.82,7.63,9.93,SYNTHETIC_DEMO_CORRELATED_WITH_RAINFALL_REPLACE_WITH_NASA_SMAP_OR_ISRO_BHUVAN
PROD-0000310,2023-02-04,Balaghat,Madhya Pradesh,Balaghat,21.833333,80.233333,981.43,936.18,0.0,0,0.0,OFFICIAL_ANNUAL_PLAN,OFFICIAL_SAME_PERIOD,SYNTHETIC_DAILY_CALIBRATED_TO_PUBLIC_ANNUAL_REFERENCE,45.25,4.611,1,0.0,2.08,0.0,3.48,7.38,7.27,9.41,SYNTHETIC_DEMO_CORRELATED_WITH_RAINFALL_REPLACE_WITH_NASA_SMAP_OR_ISRO_BHUVAN
PROD-0000311,2023-02-05,Balaghat,Madhya Pradesh,Balaghat,21.833333,80.233333,1007.3,941.08,1.57,0,0.0,OFFICIAL_ANNUAL_PLAN,OFFICIAL_SAME_PERIOD,SYNTHETIC_DAILY_CALIBRATED_TO_PUBLIC_ANNUAL_REFERENCE,66.22,6.574,1,0.0,1.57,0.0,4.33,7.22,7.14,8.73,SYNTHETIC_DEMO_CORRELATED_WITH_RAINFALL_REPLACE_WITH_NASA_SMAP_OR_ISRO_BHUVAN
PROD-0000312,2023-02-06,Balaghat,Madhya Pradesh,Balaghat,21.833333,80.233333,885.46,806.75,2.74,0,0.0,OFFICIAL_ANNUAL_PLAN,OFFICIAL_SAME_PERIOD,SYNTHETIC_DAILY_CALIBRATED_TO_PUBLIC_ANNUAL_REFERENCE,78.71,8.889,1,0.0,4.31,0.0,7.07,5.42,6.67,7.64,SYNTHETIC_DEMO_CORRELATED_WITH_RAINFALL_REPLACE_WITH_NASA_SMAP_OR_ISRO_BHUVAN
PROD-0000313,2023-02-07,Balaghat,Madhya Pradesh,Balaghat,21.833333,80.233333,970.18,909.15,0.0,0,0.0,OFFICIAL_ANNUAL_PLAN,OFFICIAL_SAME_PERIOD,SYNTHETIC_DAILY_CALIBRATED_TO_PUBLIC_ANNUAL_REFERENCE,61.03,6.291,1,0.0,4.31,0.0,7.07,6.44,6.36,7.05,SYNTHETIC_DEMO_CORRELATED_WITH_RAINFALL_REPLACE_WITH_NASA_SMAP_OR_ISRO_BHUVAN
PROD-0000314,2023-02-08,Balaghat,Madhya Pradesh,Balaghat,21.833333,80.233333,851.76,802.68,0.0,0,0.0,OFFICIAL_ANNUAL_PLAN,OFFICIAL_SAME_PERIOD,SYNTHETIC_DAILY_CALIBRATED_TO_PUBLIC_ANNUAL_REFERENCE,49.08,5.762,1,0.0,2.74,0.0,6.39,4.69,5.52,6.51,SYNTHETIC_DEMO_CORRELATED_WITH_RAINFALL_REPLACE_WITH_NASA_SMAP_OR_ISRO_BHUVAN
PROD-0000315,2023-02-09,Balaghat,Madhya Pradesh,Balaghat,21.833333,80.233333,976.74,937.13,0.35,0,0.0,OFFICIAL_ANNUAL_PLAN,OFFICIAL_SAME_PERIOD,SYNTHETIC_DAILY_CALIBRATED_TO_PUBLIC_ANNUAL_REFERENCE,39.61,4.055,1,0.0,0.35,0.0,4.66,5.06,5.4,6.15,SYNTHETIC_DEMO_CORRELATED_WITH_RAINFALL_REPLACE_WITH_NASA_SMAP_OR_ISRO_BHUVAN
PROD-0000316,2023-02-10,Balaghat,Madhya Pradesh,Balaghat,21.833333,80.233333,1024.99,956.67,0.0,0,0.0,OFFICIAL_ANNUAL_PLAN,OFFICIAL_SAME_PERIOD,SYNTHETIC_DAILY_CALIBRATED_TO_PUBLIC_ANNUAL_REFERENCE,68.32,6.665,1,0.0,0.35,0.0,4.66,5.38,5.04,5.94,SYNTHETIC_DEMO_CORRELATED_WITH_RAINFALL_REPLACE_WITH_NASA_SMAP_OR_ISRO_BHUVAN
PROD-0000317,2023-02-11,Balaghat,Madhya Pradesh,Balaghat,21.833333,80.233333,1002.44,929.93,1.64,0,0.0,OFFICIAL_ANNUAL_PLAN,OFFICIAL_SAME_PERIOD,SYNTHETIC_DAILY_CALIBRATED_TO_PUBLIC_ANNUAL_REFERENCE,72.51,7.233,1,0.0,1.99,0.0,6.3,6.25,5.56,5.78,SYNTHETIC_DEMO_CORRELATED_WITH_RAINFALL_REPLACE_WITH_NASA_SMAP_OR_ISRO_BHUVAN
PROD-0000318,2023-02-12,Balaghat,Madhya Pradesh,Balaghat,21.833333,80.233333,1083.11,1057.28,0.0,0,0.0,OFFICIAL_ANNUAL_PLAN,OFFICIAL_SAME_PERIOD,SYNTHETIC_DAILY_CALIBRATED_TO_PUBLIC_ANNUAL_REFERENCE,25.83,2.385,1,0.0,1.64,0.0,4.73,6.3,5.98,5.65,SYNTHETIC_DEMO_CORRELATED_WITH_RAINFALL_REPLACE_WITH_NASA_SMAP_OR_ISRO_BHUVAN
PROD-0000319,2023-02-13,Balaghat,Madhya Pradesh,Balaghat,21.833333,80.233333,960.45,842.57,6.28,0,0.0,OFFICIAL_ANNUAL_PLAN,OFFICIAL_SAME_PERIOD,SYNTHETIC_DAILY_CALIBRATED_TO_PUBLIC_ANNUAL_REFERENCE,117.88,12.273,1,0.0,7.92,0.0,8.27,4.06,5.54,5.45,SYNTHETIC_DEMO_CORRELATED_WITH_RAINFALL_REPLACE_WITH_NASA_SMAP_OR_ISRO_BHUVAN
PROD-0000320,2023-02-14,Balaghat,Madhya Pradesh,Balaghat,21.833333,80.233333,877.92,821.31,1.7,0,0.0,OFFICIAL_ANNUAL_PLAN,OFFICIAL_SAME_PERIOD,SYNTHETIC_DAILY_CALIBRATED_TO_PUBLIC_ANNUAL_REFERENCE,56.61,6.448,1,0.0,7.98,0.0,9.97,3.64,4.67,5.05,SYNTHETIC_DEMO_CORRELATED_WITH_RAINFALL_REPLACE_WITH_NASA_SMAP_OR_ISRO_BHUVAN
PROD-0000321,2023-02-15,Balaghat,Madhya Pradesh,Balaghat,21.833333,80.233333,976.14,911.57,1.76,6,0.0,OFFICIAL_ANNUAL_PLAN,OFFICIAL_SAME_PERIOD,SYNTHETIC_DAILY_CALIBRATED_TO_PUBLIC_ANNUAL_REFERENCE,64.57,6.615,1,0.0,9.74,0.0,11.73,3.0,3.57,4.81,SYNTHETIC_DEMO_CORRELATED_WITH_RAINFALL_REPLACE_WITH_NASA_SMAP_OR_ISRO_BHUVAN
PROD-0000322,2023-02-16,Balaghat,Madhya Pradesh,Balaghat,21.833333,80.233333,916.91,831.88,0.78,0,0.0,OFFICIAL_ANNUAL_PLAN,OFFICIAL_SAME_PERIOD,SYNTHETIC_DAILY_CALIBRATED_TO_PUBLIC_ANNUAL_REFERENCE,85.03,9.274,1,0.0,4.24,0.0,12.16,3.0,3.21,4.52,SYNTHETIC_DEMO_CORRELATED_WITH_RAINFALL_REPLACE_WITH_NASA_SMAP_OR_ISRO_BHUVAN
PROD-0000323,2023-02-17,Balaghat,Madhya Pradesh,Balaghat,21.833333,80.233333,1024.7,987.07,0.0,0,0.0,OFFICIAL_ANNUAL_PLAN,OFFICIAL_SAME_PERIOD,SYNTHETIC_DAILY_CALIBRATED_TO_PUBLIC_ANNUAL_REFERENCE,37.63,3.672,1,0.0,2.54,0.0,12.16,3.0,3.0,4.18,SYNTHETIC_DEMO_CORRELATED_WITH_RAINFALL_REPLACE_WITH_NASA_SMAP_OR_ISRO_BHUVAN
PROD-0000324,2023-02-18,Balaghat,Madhya Pradesh,Balaghat,21.833333,80.233333,948.45,893.71,0.0,8,0.0,OFFICIAL_ANNUAL_PLAN,OFFICIAL_SAME_PERIOD,SYNTHETIC_DAILY_CALIBRATED_TO_PUBLIC_ANNUAL_REFERENCE,54.74,5.772,1,0.0,0.78,0.0,10.52,3.21,3.07,3.74,SYNTHETIC_DEMO_CORRELATED_WITH_RAINFALL_REPLACE_WITH_NASA_SMAP_OR_ISRO_BHUVAN
PROD-0000325,2023-02-19,Balaghat,Madhya Pradesh,Balaghat,21.833333,80.233333,808.86,764.44,1.5,0,0.0,OFFICIAL_ANNUAL_PLAN,OFFICIAL_SAME_PERIOD,SYNTHETIC_DAILY_CALIBRATED_TO_PUBLIC_ANNUAL_REFERENCE,44.42,5.492,1,0.0,1.5,0.0,12.02,3.0,3.07,3.27,SYNTHETIC_DEMO_CORRELATED_WITH_RAINFALL_REPLACE_WITH_NASA_SMAP_OR_ISRO_BHUVAN
PROD-0000326,2023-02-20,Balaghat,Madhya Pradesh,Balaghat,21.833333,80.233333,869.24,836.9,1.59,13,0.0,OFFICIAL_ANNUAL_PLAN,OFFICIAL_SAME_PERIOD,SYNTHETIC_DAILY_CALIBRATED_TO_PUBLIC_ANNUAL_REFERENCE,32.34,3.72,1,0.0,3.09,0.0,7.33,3.16,3.12,3.14,SYNTHETIC_DEMO_CORRELATED_WITH_RAINFALL_REPLACE_WITH_NASA_SMAP_OR_ISRO_BHUVAN
PROD-0000327,2023-02-21,Balaghat,Madhya Pradesh,Balaghat,21.833333,80.233333,1020.12,928.73,4.34,0,0.0,OFFICIAL_ANNUAL_PLAN,OFFICIAL_SAME_PERIOD,SYNTHETIC_DAILY_CALIBRATED_TO_PUBLIC_ANNUAL_REFERENCE,91.39,8.959,1,0.0,7.43,0.0,9.97,3.0,3.05,3.05,SYNTHETIC_DEMO_CORRELATED_WITH_RAINFALL_REPLACE_WITH_NASA_SMAP_OR_ISRO_BHUVAN
PROD-0000328,2023-02-22,Balaghat,Madhya Pradesh,Balaghat,21.833333,80.233333,1081.13,994.76,1.43,0,0.0,OFFICIAL_ANNUAL_PLAN,OFFICIAL_SAME_PERIOD,SYNTHETIC_DAILY_CALIBRATED_TO_PUBLIC_ANNUAL_REFERENCE,86.37,7.989,1,0.0,7.36,0.0,9.64,3.0,3.05,3.05,SYNTHETIC_DEMO_CORRELATED_WITH_RAINFALL_REPLACE_WITH_NASA_SMAP_OR_ISRO_BHUVAN
PROD-0000329,2023-02-23,Balaghat,Madhya Pradesh,Balaghat,21.833333,80.233333,999.28,945.81,0.0,0,0.0,OFFICIAL_ANNUAL_PLAN,OFFICIAL_SAME_PERIOD,SYNTHETIC_DAILY_CALIBRATED_TO_PUBLIC_ANNUAL_REFERENCE,53.47,5.351,1,0.0,5.77,0.0,8.86,3.0,3.0,3.05,SYNTHETIC_DEMO_CORRELATED_WITH_RAINFALL_REPLACE_WITH_NASA_SMAP_OR_ISRO_BHUVAN
PROD-0000330,2023-02-24,Balaghat,Madhya Pradesh,Balaghat,21.833333,80.233333,1038.93,1020.21,0.9,0,0.0,OFFICIAL_ANNUAL_PLAN,OFFICIAL_SAME_PERIOD,SYNTHETIC_DAILY_CALIBRATED_TO_PUBLIC_ANNUAL_REFERENCE,18.72,1.802,1,0.0,2.33,0.0,9.76,3.0,3.0,3.05,SYNTHETIC_DEMO_CORRELATED_WITH_RAINFALL_REPLACE_WITH_NASA_SMAP_OR_ISRO_BHUVAN
PROD-0000331,2023-02-25,Balaghat,Madhya Pradesh,Balaghat,21.833333,80.233333,941.17,914.45,1.19,0,0.0,OFFICIAL_ANNUAL_PLAN,OFFICIAL_SAME_PERIOD,SYNTHETIC_DAILY_CALIBRATED_TO_PUBLIC_ANNUAL_REFERENCE,26.72,2.839,1,0.0,2.09,0.0,10.95,3.0,3.0,3.02,SYNTHETIC_DEMO_CORRELATED_WITH_RAINFALL_REPLACE_WITH_NASA_SMAP_OR_ISRO_BHUVAN
PROD-0000332,2023-02-26,Balaghat,Madhya Pradesh,Balaghat,21.833333,80.233333,915.18,829.99,3.1,0,0.88,OFFICIAL_ANNUAL_PLAN,OFFICIAL_SAME_PERIOD,SYNTHETIC_DAILY_CALIBRATED_TO_PUBLIC_ANNUAL_REFERENCE,85.19,9.309,1,0.88,5.19,0.88,12.55,6.09,4.03,3.46,SYNTHETIC_DEMO_CORRELATED_WITH_RAINFALL_REPLACE_WITH_NASA_SMAP_OR_ISRO_BHUVAN
PROD-0000333,2023-02-27,Balaghat,Madhya Pradesh,Balaghat,21.833333,80.233333,1019.21,968.23,2.46,0,0.0,OFFICIAL_ANNUAL_PLAN,OFFICIAL_SAME_PERIOD,SYNTHETIC_DAILY_CALIBRATED_TO_PUBLIC_ANNUAL_REFERENCE,50.98,5.002,1,0.88,6.75,0.88,13.42,4.86,4.65,3.71,SYNTHETIC_DEMO_CORRELATED_WITH_RAINFALL_REPLACE_WITH_NASA_SMAP_OR_ISRO_BHUVAN
PROD-0000334,2023-02-28,Balaghat,Madhya Pradesh,Balaghat,21.833333,80.233333,911.9,852.5,2.25,59,0.0,OFFICIAL_ANNUAL_PLAN,OFFICIAL_SAME_PERIOD,SYNTHETIC_DAILY_CALIBRATED_TO_PUBLIC_ANNUAL_REFERENCE,59.4,6.514,1,0.88,7.81,0.88,11.33,4.92,5.29,3.98,SYNTHETIC_DEMO_CORRELATED_WITH_RAINFALL_REPLACE_WITH_NASA_SMAP_OR_ISRO_BHUVAN
PROD-0000335,2023-03-01,Balaghat,Madhya Pradesh,Balaghat,21.833333,80.233333,936.06,904.88,3.29,0,0.0,OFFICIAL_ANNUAL_PLAN,OFFICIAL_SAME_PERIOD,SYNTHETIC_DAILY_CALIBRATED_TO_PUBLIC_ANNUAL_REFERENCE,31.18,3.331,1,0.0,8.0,0.88,13.19,4.78,4.85,4.24,SYNTHETIC_DEMO_CORRELATED_WITH_RAINFALL_REPLACE_WITH_NASA_SMAP_OR_ISRO_BHUVAN
PROD-0000336,2023-03-02,Balaghat,Madhya Pradesh,Balaghat,21.833333,80.233333,1086.98,1058.34,0.97,0,0.0,OFFICIAL_ANNUAL_PLAN,OFFICIAL_SAME_PERIOD,SYNTHETIC_DAILY_CALIBRATED_TO_PUBLIC_ANNUAL_REFERENCE,28.64,2.635,1,0.0,6.51,0.88,14.16,4.07,4.59,4.39,SYNTHETIC_DEMO_CORRELATED_WITH_RAINFALL_REPLACE_WITH_NASA_SMAP_OR_ISRO_BHUVAN
PROD-0000337,2023-03-03,Balaghat,Madhya Pradesh,Balaghat,21.833333,80.233333,960.41,913.67,0.0,16,0.0,OFFICIAL_ANNUAL_PLAN,OFFICIAL_SAME_PERIOD,SYNTHETIC_DAILY_CALIBRATED_TO_PUBLIC_ANNUAL_REFERENCE,46.74,4.867,1,0.0,4.26,0.88,13.26,3.86,4.24,4.51,SYNTHETIC_DEMO_CORRELATED_WITH_RAINFALL_REPLACE_WITH_NASA_SMAP_OR_ISRO_BHUVAN
PROD-0000338,2023-03-04,Balaghat,Madhya Pradesh,Balaghat,21.833333,80.233333,1007.77,908.82,3.08,0,0.0,OFFICIAL_ANNUAL_PLAN,OFFICIAL_SAME_PERIOD,SYNTHETIC_DAILY_CALIBRATED_TO_PUBLIC_ANNUAL_REFERENCE,98.95,9.819,1,0.0,4.05,0.88,15.15,3.11,3.68,4.53,SYNTHETIC_DEMO_CORRELATED_WITH_RAINFALL_REPLACE_WITH_NASA_SMAP_OR_ISRO_BHUVAN
PROD-0000339,2023-03-05,Balaghat,Madhya Pradesh,Balaghat,21.833333,80.233333,978.53,925.08,0.0,0,0.0,OFFICIAL_ANNUAL_PLAN,OFFICIAL_SAME_PERIOD,SYNTHETIC_DAILY_CALIBRATED_TO_PUBLIC_ANNUAL_REFERENCE,53.45,5.462,1,0.0,3.08,0.0,12.05,5.04,4.0,4.38,SYNTHETIC_DEMO_CORRELATED_WITH_RAINFALL_REPLACE_WITH_NASA_SMAP_OR_ISRO_BHUVAN
PROD-0000340,2023-03-06,Balaghat,Madhya Pradesh,Balaghat,21.833333,80.233333,989.85,944.86,1.63,0,0.0,OFFICIAL_ANNUAL_PLAN,OFFICIAL_SAME_PERIOD,SYNTHETIC_DAILY_CALIBRATED_TO_PUBLIC_ANNUAL_REFERENCE,44.99,4.545,1,0.0,4.71,0.0,11.22,3.9,4.02,4.24,SYNTHETIC_DEMO_CORRELATED_WITH_RAINFALL_REPLACE_WITH_NASA_SMAP_OR_ISRO_BHUVAN
PROD-0000341,2023-03-07,Balaghat,Madhya Pradesh,Balaghat,21.833333,80.233333,1022.5,897.39,6.59,0,0.55,OFFICIAL_ANNUAL_PLAN,OFFICIAL_SAME_PERIOD,SYNTHETIC_DAILY_CALIBRATED_TO_PUBLIC_ANNUAL_REFERENCE,125.11,12.236,1,0.55,8.22,0.55,15.56,4.36,4.43,4.16,SYNTHETIC_DEMO_CORRELATED_WITH_RAINFALL_REPLACE_WITH_NASA_SMAP_OR_ISRO_BHUVAN
PROD-0000342,2023-03-08,Balaghat,Madhya Pradesh,Balaghat,21.833333,80.233333,1007.03,953.97,3.41,0,0.0,OFFICIAL_ANNUAL_PLAN,OFFICIAL_SAME_PERIOD,SYNTHETIC_DAILY_CALIBRATED_TO_PUBLIC_ANNUAL_REFERENCE,53.06,5.269,1,0.55,11.63,0.55,15.68,3.0,3.75,3.91,SYNTHETIC_DEMO_CORRELATED_WITH_RAINFALL_REPLACE_WITH_NASA_SMAP_OR_ISRO_BHUVAN
PROD-0000343,2023-03-09,Balaghat,Madhya Pradesh,Balaghat,21.833333,80.233333,768.92,725.35,0.0,0,0.0,OFFICIAL_ANNUAL_PLAN,OFFICIAL_SAME_PERIOD,SYNTHETIC_DAILY_CALIBRATED_TO_PUBLIC_ANNUAL_REFERENCE,43.57,5.666,1,0.55,10.0,0.55,14.71,5.07,4.14,4.05,SYNTHETIC_DEMO_CORRELATED_WITH_RAINFALL_REPLACE_WITH_NASA_SMAP_OR_ISRO_BHUVAN
PROD-0000344,2023-03-10,Balaghat,Madhya Pradesh,Balaghat,21.833333,80.233333,870.57,860.46,0.04,0,2.45,OFFICIAL_ANNUAL_PLAN,OFFICIAL_SAME_PERIOD,SYNTHETIC_DAILY_CALIBRATED_TO_PUBLIC_ANNUAL_REFERENCE,10.11,1.161,1,2.45,3.45,3.0,14.75,5.09,4.39,4.22,SYNTHETIC_DEMO_CORRELATED_WITH_RAINFALL_REPLACE_WITH_NASA_SMAP_OR_ISRO_BHUVAN
PROD-0000345,2023-03-11,Balaghat,Madhya Pradesh,Balaghat,21.833333,80.233333,1034.65,914.89,6.44,7,0.0,OFFICIAL_ANNUAL_PLAN,OFFICIAL_SAME_PERIOD,SYNTHETIC_DAILY_CALIBRATED_TO_PUBLIC_ANNUAL_REFERENCE,119.76,11.575,1,2.45,6.48,3.0,18.11,5.75,5.3,4.6,SYNTHETIC_DEMO_CORRELATED_WITH_RAINFALL_REPLACE_WITH_NASA_SMAP_OR_ISRO_BHUVAN
PROD-0000346,2023-03-12,Balaghat,Madhya Pradesh,Balaghat,21.833333,80.233333,901.54,848.27,1.34,0,0.0,OFFICIAL_ANNUAL_PLAN,OFFICIAL_SAME_PERIOD,SYNTHETIC_DAILY_CALIBRATED_TO_PUBLIC_ANNUAL_REFERENCE,53.27,5.909,1,2.45,7.82,3.0,19.45,6.82,5.89,4.86,SYNTHETIC_DEMO_CORRELATED_WITH_RAINFALL_REPLACE_WITH_NASA_SMAP_OR_ISRO_BHUVAN
PROD-0000347,2023-03-13,Balaghat,Madhya Pradesh,Balaghat,21.833333,80.233333,914.49,859.17,0.0,0,0.0,OFFICIAL_ANNUAL_PLAN,OFFICIAL_SAME_PERIOD,SYNTHETIC_DAILY_CALIBRATED_TO_PUBLIC_ANNUAL_REFERENCE,55.32,6.049,1,0.0,7.78,3.0,17.82,7.19,6.59,5.33,SYNTHETIC_DEMO_CORRELATED_WITH_RAINFALL_REPLACE_WITH_NASA_SMAP_OR_ISRO_BHUVAN
PROD-0000348,2023-03-14,Balaghat,Madhya Pradesh,Balaghat,21.833333,80.233333,993.33,930.51,3.58,0,0.0,OFFICIAL_ANNUAL_PLAN,OFFICIAL_SAME_PERIOD,SYNTHETIC_DAILY_CALIBRATED_TO_PUBLIC_ANNUAL_REFERENCE,62.82,6.324,1,0.0,4.92,2.45,14.81,6.99,7.0,5.7,SYNTHETIC_DEMO_CORRELATED_WITH_RAINFALL_REPLACE_WITH_NASA_SMAP_OR_ISRO_BHUVAN
PROD-0000349,2023-03-15,Balaghat,Madhya Pradesh,Balaghat,21.833333,80.233333,995.61,942.72,0.0,0,0.0,OFFICIAL_ANNUAL_PLAN,OFFICIAL_SAME_PERIOD,SYNTHETIC_DAILY_CALIBRATED_TO_PUBLIC_ANNUAL_REFERENCE,52.89,5.312,1,0.0,3.58,2.45,11.4,6.49,6.89,6.2,SYNTHETIC_DEMO_CORRELATED_WITH_RAINFALL_REPLACE_WITH_NASA_SMAP_OR_ISRO_BHUVAN
PROD-0000350,2023-03-16,Balaghat,Madhya Pradesh,Balaghat,21.833333,80.233333,1000.88,979.54,0.0,0,0.0,OFFICIAL_ANNUAL_PLAN,OFFICIAL_SAME_PERIOD,SYNTHETIC_DAILY_CALIBRATED_TO_PUBLIC_ANNUAL_REFERENCE,21.34,2.132,1,0.0,3.58,2.45,11.4,4.87,6.12,6.17,SYNTHETIC_DEMO_CORRELATED_WITH_RAINFALL_REPLACE_WITH_NASA_SMAP_OR_ISRO_BHUVAN
PROD-0000351,2023-03-17,Balaghat,Madhya Pradesh,Balaghat,21.833333,80.233333,948.32,828.41,6.19,0,0.0,OFFICIAL_ANNUAL_PLAN,OFFICIAL_SAME_PERIOD,SYNTHETIC_DAILY_CALIBRATED_TO_PUBLIC_ANNUAL_REFERENCE,119.91,12.644,1,0.0,6.19,0.0,17.55,4.6,5.32,6.1,SYNTHETIC_DEMO_CORRELATED_WITH_RAINFALL_REPLACE_WITH_NASA_SMAP_OR_ISRO_BHUVAN
PROD-0000352,2023-03-18,Balaghat,Madhya Pradesh,Balaghat,21.833333,80.233333,843.97,795.34,0.56,0,0.0,OFFICIAL_ANNUAL_PLAN,OFFICIAL_SAME_PERIOD,SYNTHETIC_DAILY_CALIBRATED_TO_PUBLIC_ANNUAL_REFERENCE,48.63,5.762,1,0.0,6.75,0.0,11.67,4.24,4.57,5.89,SYNTHETIC_DEMO_CORRELATED_WITH_RAINFALL_REPLACE_WITH_NASA_SMAP_OR_ISRO_BHUVAN
PROD-0000353,2023-03-19,Balaghat,Madhya Pradesh,Balaghat,21.833333,80.233333,935.11,887.53,1.77,0,0.0,OFFICIAL_ANNUAL_PLAN,OFFICIAL_SAME_PERIOD,SYNTHETIC_DAILY_CALIBRATED_TO_PUBLIC_ANNUAL_REFERENCE,47.58,5.088,1,0.0,8.52,0.0,12.1,3.0,3.95,5.34,SYNTHETIC_DEMO_CORRELATED_WITH_RAINFALL_REPLACE_WITH_NASA_SMAP_OR_ISRO_BHUVAN
PROD-0000354,2023-03-20,Balaghat,Madhya Pradesh,Balaghat,21.833333,80.233333,998.21,944.69,0.0,0,0.0,OFFICIAL_ANNUAL_PLAN,OFFICIAL_SAME_PERIOD,SYNTHETIC_DAILY_CALIBRATED_TO_PUBLIC_ANNUAL_REFERENCE,53.52,5.362,1,0.0,2.33,0.0,12.1,3.52,3.59,4.82,SYNTHETIC_DEMO_CORRELATED_WITH_RAINFALL_REPLACE_WITH_NASA_SMAP_OR_ISRO_BHUVAN
PROD-0000355,2023-03-21,Balaghat,Madhya Pradesh,Balaghat,21.833333,80.233333,837.29,787.97,0.0,0,0.0,OFFICIAL_ANNUAL_PLAN,OFFICIAL_SAME_PERIOD,SYNTHETIC_DAILY_CALIBRATED_TO_PUBLIC_ANNUAL_REFERENCE,49.32,5.89,1,0.0,1.77,0.0,8.52,4.08,3.53,4.4,SYNTHETIC_DEMO_CORRELATED_WITH_RAINFALL_REPLACE_WITH_NASA_SMAP_OR_ISRO_BHUVAN
PROD-0000356,2023-03-22,Balaghat,Madhya Pradesh,Balaghat,21.833333,80.233333,955.4,891.11,1.56,6,0.0,OFFICIAL_ANNUAL_PLAN,OFFICIAL_SAME_PERIOD,SYNTHETIC_DAILY_CALIBRATED_TO_PUBLIC_ANNUAL_REFERENCE,64.29,6.729,1,0.0,1.56,0.0,10.08,6.13,4.58,4.35,SYNTHETIC_DEMO_CORRELATED_WITH_RAINFALL_REPLACE_WITH_NASA_SMAP_OR_ISRO_BHUVAN
PROD-0000357,2023-03-23,Balaghat,Madhya Pradesh,Balaghat,21.833333,80.233333,1014.22,981.46,0.0,0,0.0,OFFICIAL_ANNUAL_PLAN,OFFICIAL_SAME_PERIOD,SYNTHETIC_DAILY_CALIBRATED_TO_PUBLIC_ANNUAL_REFERENCE,32.76,3.23,1,0.0,1.56,0.0,10.08,4.06,4.76,4.23,SYNTHETIC_DEMO_CORRELATED_WITH_RAINFALL_REPLACE_WITH_NASA_SMAP_OR_ISRO_BHUVAN
PROD-0000358,2023-03-24,Balaghat,Madhya Pradesh,Balaghat,21.833333,80.233333,910.81,896.22,0.0,28,0.0,OFFICIAL_ANNUAL_PLAN,OFFICIAL_SAME_PERIOD,SYNTHETIC_DAILY_CALIBRATED_TO_PUBLIC_ANNUAL_REFERENCE,14.59,1.602,1,0.0,1.56,0.0,3.89,4.36,4.85,4.2,SYNTHETIC_DEMO_CORRELATED_WITH_RAINFALL_REPLACE_WITH_NASA_SMAP_OR_ISRO_BHUVAN
PROD-0000359,2023-03-25,Balaghat,Madhya Pradesh,Balaghat,21.833333,80.233333,930.55,891.0,0.32,0,21.15,OFFICIAL_ANNUAL_PLAN,OFFICIAL_SAME_PERIOD,SYNTHETIC_DAILY_CALIBRATED_TO_PUBLIC_ANNUAL_REFERENCE,39.55,4.25,1,21.15,0.32,21.15,3.65,21.45,9.96,6.66,SYNTHETIC_DEMO_CORRELATED_WITH_RAINFALL_REPLACE_WITH_NASA_SMAP_OR_ISRO_BHUVAN
PROD-0000360,2023-03-26,Balaghat,Madhya Pradesh,Balaghat,21.833333,80.233333,996.45,920.56,6.11,0,0.0,OFFICIAL_ANNUAL_PLAN,OFFICIAL_SAME_PERIOD,SYNTHETIC_DAILY_CALIBRATED_TO_PUBLIC_ANNUAL_REFERENCE,75.89,7.616,1,21.15,6.43,21.15,7.99,20.0,15.27,9.09,SYNTHETIC_DEMO_CORRELATED_WITH_RAINFALL_REPLACE_WITH_NASA_SMAP_OR_ISRO_BHUVAN
PROD-0000361,2023-03-27,Balaghat,Madhya Pradesh,Balaghat,21.833333,80.233333,961.23,926.38,0.0,0,0.0,OFFICIAL_ANNUAL_PLAN,OFFICIAL_SAME_PERIOD,SYNTHETIC_DAILY_CALIBRATED_TO_PUBLIC_ANNUAL_REFERENCE,34.85,3.626,1,21.15,6.43,21.15,7.99,19.21,20.22,11.33,SYNTHETIC_DEMO_CORRELATED_WITH_RAINFALL_REPLACE_WITH_NASA_SMAP_OR_ISRO_BHUVAN
PROD-0000362,2023-03-28,Balaghat,Madhya Pradesh,Balaghat,21.833333,80.233333,934.33,844.87,3.72,0,4.3,OFFICIAL_ANNUAL_PLAN,OFFICIAL_SAME_PERIOD,SYNTHETIC_DAILY_CALIBRATED_TO_PUBLIC_ANNUAL_REFERENCE,89.46,9.575,1,4.3,9.83,25.45,11.71,19.03,19.41,13.46,SYNTHETIC_DEMO_CORRELATED_WITH_RAINFALL_REPLACE_WITH_NASA_SMAP_OR_ISRO_BHUVAN
PROD-0000363,2023-03-29,Balaghat,Madhya Pradesh,Balaghat,21.833333,80.233333,951.58,884.29,4.16,0,13.75,OFFICIAL_ANNUAL_PLAN,OFFICIAL_SAME_PERIOD,SYNTHETIC_DAILY_CALIBRATED_TO_PUBLIC_ANNUAL_REFERENCE,67.29,7.071,1,18.05,7.88,39.2,14.31,29.57,22.6,16.81,SYNTHETIC_DEMO_CORRELATED_WITH_RAINFALL_REPLACE_WITH_NASA_SMAP_OR_ISRO_BHUVAN
PROD-0000364,2023-03-30,Balaghat,Madhya Pradesh,Balaghat,21.833333,80.233333,1098.35,1046.71,0.61,19,0.0,OFFICIAL_ANNUAL_PLAN,OFFICIAL_SAME_PERIOD,SYNTHETIC_DAILY_CALIBRATED_TO_PUBLIC_ANNUAL_REFERENCE,51.64,4.702,1,18.05,8.49,39.2,14.92,29.59,26.06,20.46,SYNTHETIC_DEMO_CORRELATED_WITH_RAINFALL_REPLACE_WITH_NASA_SMAP_OR_ISRO_BHUVAN
PROD-0000365,2023-03-31,Balaghat,Madhya Pradesh,Balaghat,21.833333,80.233333,976.53,859.62,4.78,0,0.0,OFFICIAL_ANNUAL_PLAN,OFFICIAL_SAME_PERIOD,SYNTHETIC_DAILY_CALIBRATED_TO_PUBLIC_ANNUAL_REFERENCE,116.91,11.972,1,13.75,9.55,39.2,19.7,27.35,28.84,23.74,SYNTHETIC_DEMO_CORRELATED_WITH_RAINFALL_REPLACE_WITH_NASA_SMAP_OR_ISRO_BHUVAN
PROD-0001827,2022-04-01,Chikla,Maharashtra,Bhandara,21.54169,79.75545,533.63,482.63,0.0,0,0.0,OFFICIAL_ANNUAL_PLAN,OFFICIAL_SAME_PERIOD,SYNTHETIC_DAILY_CALIBRATED_TO_PUBLIC_ANNUAL_REFERENCE,51.0,9.557,1,0.0,0.0,0.0,0.0,25.0,25.0,25.0,SYNTHETIC_DEMO_CORRELATED_WITH_RAINFALL_REPLACE_WITH_NASA_SMAP_OR_ISRO_BHUVAN
PROD-0001828,2022-04-02,Chikla,Maharashtra,Bhandara,21.54169,79.75545,500.85,453.32,2.08,0,0.0,OFFICIAL_ANNUAL_PLAN,OFFICIAL_SAME_PERIOD,SYNTHETIC_DAILY_CALIBRATED_TO_PUBLIC_ANNUAL_REFERENCE,47.53,9.49,1,0.0,2.08,0.0,2.08,23.73,24.36,24.36,SYNTHETIC_DEMO_CORRELATED_WITH_RAINFALL_REPLACE_WITH_NASA_SMAP_OR_ISRO_BHUVAN
PROD-0001829,2022-04-03,Chikla,Maharashtra,Bhandara,21.54169,79.75545,618.92,533.4,0.0,93,0.0,OFFICIAL_ANNUAL_PLAN,OFFICIAL_SAME_PERIOD,SYNTHETIC_DAILY_CALIBRATED_TO_PUBLIC_ANNUAL_REFERENCE,85.52,13.818,1,0.0,2.08,0.0,2.08,22.34,23.69,23.69,SYNTHETIC_DEMO_CORRELATED_WITH_RAINFALL_REPLACE_WITH_NASA_SMAP_OR_ISRO_BHUVAN
PROD-0001830,2022-04-04,Chikla,Maharashtra,Bhandara,21.54169,79.75545,525.84,472.55,1.23,0,0.0,OFFICIAL_ANNUAL_PLAN,OFFICIAL_SAME_PERIOD,SYNTHETIC_DAILY_CALIBRATED_TO_PUBLIC_ANNUAL_REFERENCE,53.29,10.134,1,0.0,3.31,0.0,3.31,22.49,22.85,23.39,SYNTHETIC_DEMO_CORRELATED_WITH_RAINFALL_REPLACE_WITH_NASA_SMAP_OR_ISRO_BHUVAN
PROD-0001831,2022-04-05,Chikla,Maharashtra,Bhandara,21.54169,79.75545,517.04,460.56,3.52,0,0.0,OFFICIAL_ANNUAL_PLAN,OFFICIAL_SAME_PERIOD,SYNTHETIC_DAILY_CALIBRATED_TO_PUBLIC_ANNUAL_REFERENCE,56.48,10.924,1,0.0,4.75,0.0,6.83,20.59,21.81,22.83,SYNTHETIC_DEMO_CORRELATED_WITH_RAINFALL_REPLACE_WITH_NASA_SMAP_OR_ISRO_BHUVAN
PROD-0001832,2022-04-06,Chikla,Maharashtra,Bhandara,21.54169,79.75545,565.97,532.82,0.0,0,0.0,OFFICIAL_ANNUAL_PLAN,OFFICIAL_SAME_PERIOD,SYNTHETIC_DAILY_CALIBRATED_TO_PUBLIC_ANNUAL_REFERENCE,33.15,5.857,1,0.0,4.75,0.0,6.83,22.08,21.72,22.7,SYNTHETIC_DEMO_CORRELATED_WITH_RAINFALL_REPLACE_WITH_NASA_SMAP_OR_ISRO_BHUVAN
PROD-0001833,2022-04-07,Chikla,Maharashtra,Bhandara,21.54169,79.75545,488.35,438.49,0.0,60,0.0,OFFICIAL_ANNUAL_PLAN,OFFICIAL_SAME_PERIOD,SYNTHETIC_DAILY_CALIBRATED_TO_PUBLIC_ANNUAL_REFERENCE,49.86,10.21,1,0.0,3.52,0.0,6.83,21.31,21.33,22.51,SYNTHETIC_DEMO_CORRELATED_WITH_RAINFALL_REPLACE_WITH_NASA_SMAP_OR_ISRO_BHUVAN
PROD-0001834,2022-04-08,Chikla,Maharashtra,Bhandara,21.54169,79.75545,514.46,455.8,0.66,76,0.0,OFFICIAL_ANNUAL_PLAN,OFFICIAL_SAME_PERIOD,SYNTHETIC_DAILY_CALIBRATED_TO_PUBLIC_ANNUAL_REFERENCE,58.66,11.402,1,0.0,0.66,0.0,7.49,21.96,21.78,22.07,SYNTHETIC_DEMO_CORRELATED_WITH_RAINFALL_REPLACE_WITH_NASA_SMAP_OR_ISRO_BHUVAN
PROD-0001835,2022-04-09,Chikla,Maharashtra,Bhandara,21.54169,79.75545,551.77,498.42,0.02,0,1.38,OFFICIAL_ANNUAL_PLAN,OFFICIAL_SAME_PERIOD,SYNTHETIC_DAILY_CALIBRATED_TO_PUBLIC_ANNUAL_REFERENCE,53.35,9.669,1,1.38,0.68,1.38,5.43,21.2,21.49,21.71,SYNTHETIC_DEMO_CORRELATED_WITH_RAINFALL_REPLACE_WITH_NASA_SMAP_OR_ISRO_BHUVAN
PROD-0001836,2022-04-10,Chikla,Maharashtra,Bhandara,21.54169,79.75545,511.19,439.4,8.5,0,0.0,OFFICIAL_ANNUAL_PLAN,OFFICIAL_SAME_PERIOD,SYNTHETIC_DAILY_CALIBRATED_TO_PUBLIC_ANNUAL_REFERENCE,71.79,14.044,1,1.38,9.18,1.38,13.93,19.49,20.88,21.3,SYNTHETIC_DEMO_CORRELATED_WITH_RAINFALL_REPLACE_WITH_NASA_SMAP_OR_ISRO_BHUVAN
PROD-0001837,2022-04-11,Chikla,Maharashtra,Bhandara,21.54169,79.75545,497.2,460.46,0.0,0,0.0,OFFICIAL_ANNUAL_PLAN,OFFICIAL_SAME_PERIOD,SYNTHETIC_DAILY_CALIBRATED_TO_PUBLIC_ANNUAL_REFERENCE,36.74,7.389,1,1.38,8.52,1.38,12.7,19.8,20.16,20.92,SYNTHETIC_DEMO_CORRELATED_WITH_RAINFALL_REPLACE_WITH_NASA_SMAP_OR_ISRO_BHUVAN
PROD-0001838,2022-04-12,Chikla,Maharashtra,Bhandara,21.54169,79.75545,530.57,468.81,0.6,0,0.0,OFFICIAL_ANNUAL_PLAN,OFFICIAL_SAME_PERIOD,SYNTHETIC_DAILY_CALIBRATED_TO_PUBLIC_ANNUAL_REFERENCE,61.76,11.64,1,0.0,9.1,1.38,9.78,19.87,19.72,20.82,SYNTHETIC_DEMO_CORRELATED_WITH_RAINFALL_REPLACE_WITH_NASA_SMAP_OR_ISRO_BHUVAN
PROD-0001839,2022-04-13,Chikla,Maharashtra,Bhandara,21.54169,79.75545,561.82,515.95,1.84,0,0.0,OFFICIAL_ANNUAL_PLAN,OFFICIAL_SAME_PERIOD,SYNTHETIC_DAILY_CALIBRATED_TO_PUBLIC_ANNUAL_REFERENCE,45.87,8.165,1,0.0,2.44,1.38,11.62,18.12,19.26,20.25,SYNTHETIC_DEMO_CORRELATED_WITH_RAINFALL_REPLACE_WITH_NASA_SMAP_OR_ISRO_BHUVAN
PROD-0001840,2022-04-14,Chikla,Maharashtra,Bhandara,21.54169,79.75545,537.24,475.55,0.61,0,0.0,OFFICIAL_ANNUAL_PLAN,OFFICIAL_SAME_PERIOD,SYNTHETIC_DAILY_CALIBRATED_TO_PUBLIC_ANNUAL_REFERENCE,61.69,11.483,1,0.0,3.05,1.38,12.23,18.37,18.79,19.83,SYNTHETIC_DEMO_CORRELATED_WITH_RAINFALL_REPLACE_WITH_NASA_SMAP_OR_ISRO_BHUVAN
PROD-0001841,2022-04-15,Chikla,Maharashtra,Bhandara,21.54169,79.75545,569.35,499.06,0.81,0,0.0,OFFICIAL_ANNUAL_PLAN,OFFICIAL_SAME_PERIOD,SYNTHETIC_DAILY_CALIBRATED_TO_PUBLIC_ANNUAL_REFERENCE,70.29,12.346,1,0.0,3.26,1.38,12.38,18.54,18.34,19.34,SYNTHETIC_DEMO_CORRELATED_WITH_RAINFALL_REPLACE_WITH_NASA_SMAP_OR_ISRO_BHUVAN
PROD-0001842,2022-04-16,Chikla,Maharashtra,Bhandara,21.54169,79.75545,494.77,435.93,3.71,0,0.0,OFFICIAL_ANNUAL_PLAN,OFFICIAL_SAME_PERIOD,SYNTHETIC_DAILY_CALIBRATED_TO_PUBLIC_ANNUAL_REFERENCE,58.84,11.892,1,0.0,5.13,0.0,16.07,16.87,17.93,18.72,SYNTHETIC_DEMO_CORRELATED_WITH_RAINFALL_REPLACE_WITH_NASA_SMAP_OR_ISRO_BHUVAN
PROD-0001843,2022-04-17,Chikla,Maharashtra,Bhandara,21.54169,79.75545,556.13,489.46,0.14,0,9.6,OFFICIAL_ANNUAL_PLAN,OFFICIAL_SAME_PERIOD,SYNTHETIC_DAILY_CALIBRATED_TO_PUBLIC_ANNUAL_REFERENCE,66.67,11.988,1,9.6,4.66,9.6,7.71,25.6,20.34,19.6,SYNTHETIC_DEMO_CORRELATED_WITH_RAINFALL_REPLACE_WITH_NASA_SMAP_OR_ISRO_BHUVAN
PROD-0001844,2022-04-18,Chikla,Maharashtra,Bhandara,21.54169,79.75545,571.5,488.61,3.17,0,0.0,OFFICIAL_ANNUAL_PLAN,OFFICIAL_SAME_PERIOD,SYNTHETIC_DAILY_CALIBRATED_TO_PUBLIC_ANNUAL_REFERENCE,82.89,14.504,1,9.6,7.02,9.6,10.88,24.59,22.35,20.28,SYNTHETIC_DEMO_CORRELATED_WITH_RAINFALL_REPLACE_WITH_NASA_SMAP_OR_ISRO_BHUVAN
PROD-0001845,2022-04-19,Chikla,Maharashtra,Bhandara,21.54169,79.75545,557.43,504.27,1.15,0,0.0,OFFICIAL_ANNUAL_PLAN,OFFICIAL_SAME_PERIOD,SYNTHETIC_DAILY_CALIBRATED_TO_PUBLIC_ANNUAL_REFERENCE,53.16,9.537,1,9.6,4.46,9.6,11.43,24.9,25.03,21.0,SYNTHETIC_DEMO_CORRELATED_WITH_RAINFALL_REPLACE_WITH_NASA_SMAP_OR_ISRO_BHUVAN
PROD-0001846,2022-04-20,Chikla,Maharashtra,Bhandara,21.54169,79.75545,590.54,563.29,0.0,0,0.0,OFFICIAL_ANNUAL_PLAN,OFFICIAL_SAME_PERIOD,SYNTHETIC_DAILY_CALIBRATED_TO_PUBLIC_ANNUAL_REFERENCE,27.25,4.614,1,0.0,4.32,9.6,9.59,24.02,24.5,21.84,SYNTHETIC_DEMO_CORRELATED_WITH_RAINFALL_REPLACE_WITH_NASA_SMAP_OR_ISRO_BHUVAN
PROD-0001847,2022-04-21,Chikla,Maharashtra,Bhandara,21.54169,79.75545,534.74,473.47,2.3,0,0.0,OFFICIAL_ANNUAL_PLAN,OFFICIAL_SAME_PERIOD,SYNTHETIC_DAILY_CALIBRATED_TO_PUBLIC_ANNUAL_REFERENCE,61.27,11.458,1,0.0,3.45,9.6,11.28,24.57,24.5,22.73,SYNTHETIC_DEMO_CORRELATED_WITH_RAINFALL_REPLACE_WITH_NASA_SMAP_OR_ISRO_BHUVAN
PROD-0001848,2022-04-22,Chikla,Maharashtra,Bhandara,21.54169,79.75545,533.71,481.95,1.13,0,0.0,OFFICIAL_ANNUAL_PLAN,OFFICIAL_SAME_PERIOD,SYNTHETIC_DAILY_CALIBRATED_TO_PUBLIC_ANNUAL_REFERENCE,51.76,9.698,1,0.0,3.43,9.6,11.6,21.76,23.45,23.19,SYNTHETIC_DEMO_CORRELATED_WITH_RAINFALL_REPLACE_WITH_NASA_SMAP_OR_ISRO_BHUVAN
PROD-0001849,2022-04-23,Chikla,Maharashtra,Bhandara,21.54169,79.75545,540.24,469.61,2.27,17,0.0,OFFICIAL_ANNUAL_PLAN,OFFICIAL_SAME_PERIOD,SYNTHETIC_DAILY_CALIBRATED_TO_PUBLIC_ANNUAL_REFERENCE,70.63,13.074,1,0.0,5.7,9.6,10.16,20.05,22.13,23.64,SYNTHETIC_DEMO_CORRELATED_WITH_RAINFALL_REPLACE_WITH_NASA_SMAP_OR_ISRO_BHUVAN
PROD-0001850,2022-04-24,Chikla,Maharashtra,Bhandara,21.54169,79.75545,610.31,558.57,0.0,0,0.0,OFFICIAL_ANNUAL_PLAN,OFFICIAL_SAME_PERIOD,SYNTHETIC_DAILY_CALIBRATED_TO_PUBLIC_ANNUAL_REFERENCE,51.74,8.478,1,0.0,3.4,0.0,10.02,20.92,20.91,22.97,SYNTHETIC_DEMO_CORRELATED_WITH_RAINFALL_REPLACE_WITH_NASA_SMAP_OR_ISRO_BHUVAN
PROD-0001851,2022-04-25,Chikla,Maharashtra,Bhandara,21.54169,79.75545,501.03,442.09,3.83,0,0.0,OFFICIAL_ANNUAL_PLAN,OFFICIAL_SAME_PERIOD,SYNTHETIC_DAILY_CALIBRATED_TO_PUBLIC_ANNUAL_REFERENCE,58.94,11.764,1,0.0,6.1,0.0,10.68,18.46,19.81,22.1,SYNTHETIC_DEMO_CORRELATED_WITH_RAINFALL_REPLACE_WITH_NASA_SMAP_OR_ISRO_BHUVAN
PROD-0001852,2022-04-26,Chikla,Maharashtra,Bhandara,21.54169,79.75545,525.23,466.74,2.48,0,3.88,OFFICIAL_ANNUAL_PLAN,OFFICIAL_SAME_PERIOD,SYNTHETIC_DAILY_CALIBRATED_TO_PUBLIC_ANNUAL_REFERENCE,58.49,11.136,1,3.88,6.31,3.88,12.01,20.74,20.04,21.5,SYNTHETIC_DEMO_CORRELATED_WITH_RAINFALL_REPLACE_WITH_NASA_SMAP_OR_ISRO_BHUVAN
PROD-0001853,2022-04-27,Chikla,Maharashtra,Bhandara,21.54169,79.75545,522.51,460.09,2.25,0,0.0,OFFICIAL_ANNUAL_PLAN,OFFICIAL_SAME_PERIOD,SYNTHETIC_DAILY_CALIBRATED_TO_PUBLIC_ANNUAL_REFERENCE,62.42,11.946,1,3.88,8.56,3.88,14.26,19.87,19.69,20.91,SYNTHETIC_DEMO_CORRELATED_WITH_RAINFALL_REPLACE_WITH_NASA_SMAP_OR_ISRO_BHUVAN
PROD-0001854,2022-04-28,Chikla,Maharashtra,Bhandara,21.54169,79.75545,602.77,540.28,0.08,0,5.47,OFFICIAL_ANNUAL_PLAN,OFFICIAL_SAME_PERIOD,SYNTHETIC_DAILY_CALIBRATED_TO_PUBLIC_ANNUAL_REFERENCE,62.49,10.367,1,9.35,4.81,9.35,12.04,25.25,21.95,21.01,SYNTHETIC_DEMO_CORRELATED_WITH_RAINFALL_REPLACE_WITH_NASA_SMAP_OR_ISRO_BHUVAN
PROD-0001855,2022-04-29,Chikla,Maharashtra,Bhandara,21.54169,79.75545,582.52,533.09,0.0,0,0.0,OFFICIAL_ANNUAL_PLAN,OFFICIAL_SAME_PERIOD,SYNTHETIC_DAILY_CALIBRATED_TO_PUBLIC_ANNUAL_REFERENCE,49.43,8.486,1,5.47,2.33,9.35,10.91,23.33,22.82,21.23,SYNTHETIC_DEMO_CORRELATED_WITH_RAINFALL_REPLACE_WITH_NASA_SMAP_OR_ISRO_BHUVAN
PROD-0001856,2022-04-30,Chikla,Maharashtra,Bhandara,21.54169,79.75545,499.82,447.11,0.0,0,0.0,OFFICIAL_ANNUAL_PLAN,OFFICIAL_SAME_PERIOD,SYNTHETIC_DAILY_CALIBRATED_TO_PUBLIC_ANNUAL_REFERENCE,52.71,10.546,1,5.47,0.08,9.35,8.64,21.17,23.25,21.39,SYNTHETIC_DEMO_CORRELATED_WITH_RAINFALL_REPLACE_WITH_NASA_SMAP_OR_ISRO_BHUVAN
PROD-0001857,2022-05-01,Chikla,Maharashtra,Bhandara,21.54169,79.75545,541.85,495.03,0.01,0,0.9,OFFICIAL_ANNUAL_PLAN,OFFICIAL_SAME_PERIOD,SYNTHETIC_DAILY_CALIBRATED_TO_PUBLIC_ANNUAL_REFERENCE,46.82,8.641,1,0.9,0.01,10.25,8.65,22.41,22.3,21.6,SYNTHETIC_DEMO_CORRELATED_WITH_RAINFALL_REPLACE_WITH_NASA_SMAP_OR_ISRO_BHUVAN
PROD-0001858,2022-05-02,Chikla,Maharashtra,Bhandara,21.54169,79.75545,570.24,510.45,0.0,0,0.0,OFFICIAL_ANNUAL_PLAN,OFFICIAL_SAME_PERIOD,SYNTHETIC_DAILY_CALIBRATED_TO_PUBLIC_ANNUAL_REFERENCE,59.79,10.485,1,0.9,0.01,10.25,4.82,21.4,21.66,22.02,SYNTHETIC_DEMO_CORRELATED_WITH_RAINFALL_REPLACE_WITH_NASA_SMAP_OR_ISRO_BHUVAN
PROD-0001859,2022-05-03,Chikla,Maharashtra,Bhandara,21.54169,79.75545,575.24,524.56,0.0,16,0.0,OFFICIAL_ANNUAL_PLAN,OFFICIAL_SAME_PERIOD,SYNTHETIC_DAILY_CALIBRATED_TO_PUBLIC_ANNUAL_REFERENCE,50.68,8.81,1,0.9,0.01,6.37,2.34,19.56,21.12,21.86,SYNTHETIC_DEMO_CORRELATED_WITH_RAINFALL_REPLACE_WITH_NASA_SMAP_OR_ISRO_BHUVAN
PROD-0001860,2022-05-04,Chikla,Maharashtra,Bhandara,21.54169,79.75545,536.1,472.81,0.62,0,0.0,OFFICIAL_ANNUAL_PLAN,OFFICIAL_SAME_PERIOD,SYNTHETIC_DAILY_CALIBRATED_TO_PUBLIC_ANNUAL_REFERENCE,63.29,11.806,1,0.0,0.62,6.37,0.71,17.67,19.54,21.54,SYNTHETIC_DEMO_CORRELATED_WITH_RAINFALL_REPLACE_WITH_NASA_SMAP_OR_ISRO_BHUVAN
PROD-0001861,2022-05-05,Chikla,Maharashtra,Bhandara,21.54169,79.75545,595.61,528.29,2.69,0,0.0,OFFICIAL_ANNUAL_PLAN,OFFICIAL_SAME_PERIOD,SYNTHETIC_DAILY_CALIBRATED_TO_PUBLIC_ANNUAL_REFERENCE,67.32,11.303,1,0.0,3.31,0.9,3.32,17.2,18.14,20.39,SYNTHETIC_DEMO_CORRELATED_WITH_RAINFALL_REPLACE_WITH_NASA_SMAP_OR_ISRO_BHUVAN
PROD-0001862,2022-05-06,Chikla,Maharashtra,Bhandara,21.54169,79.75545,613.52,550.72,1.3,0,0.0,OFFICIAL_ANNUAL_PLAN,OFFICIAL_SAME_PERIOD,SYNTHETIC_DAILY_CALIBRATED_TO_PUBLIC_ANNUAL_REFERENCE,62.8,10.236,1,0.0,4.61,0.9,4.62,15.16,16.68,19.22,SYNTHETIC_DEMO_CORRELATED_WITH_RAINFALL_REPLACE_WITH_NASA_SMAP_OR_ISRO_BHUVAN
PROD-0001863,2022-05-07,Chikla,Maharashtra,Bhandara,21.54169,79.75545,532.59,469.33,1.6,0,0.0,OFFICIAL_ANNUAL_PLAN,OFFICIAL_SAME_PERIOD,SYNTHETIC_DAILY_CALIBRATED_TO_PUBLIC_ANNUAL_REFERENCE,63.26,11.878,1,0.0,5.59,0.9,6.22,14.7,15.69,18.3,SYNTHETIC_DEMO_CORRELATED_WITH_RAINFALL_REPLACE_WITH_NASA_SMAP_OR_ISRO_BHUVAN
PROD-0001864,2022-05-08,Chikla,Maharashtra,Bhandara,21.54169,79.75545,548.27,504.89,0.0,0,0.0,OFFICIAL_ANNUAL_PLAN,OFFICIAL_SAME_PERIOD,SYNTHETIC_DAILY_CALIBRATED_TO_PUBLIC_ANNUAL_REFERENCE,43.38,7.912,1,0.0,2.9,0.0,6.21,13.74,14.53,17.06,SYNTHETIC_DEMO_CORRELATED_WITH_RAINFALL_REPLACE_WITH_NASA_SMAP_OR_ISRO_BHUVAN
PROD-0001865,2022-05-09,Chikla,Maharashtra,Bhandara,21.54169,79.75545,552.88,497.46,0.0,0,0.0,OFFICIAL_ANNUAL_PLAN,OFFICIAL_SAME_PERIOD,SYNTHETIC_DAILY_CALIBRATED_TO_PUBLIC_ANNUAL_REFERENCE,55.42,10.024,1,0.0,1.6,0.0,6.21,12.02,13.49,15.72,SYNTHETIC_DEMO_CORRELATED_WITH_RAINFALL_REPLACE_WITH_NASA_SMAP_OR_ISRO_BHUVAN
PROD-0001866,2022-05-10,Chikla,Maharashtra,Bhandara,21.54169,79.75545,545.24,489.91,1.35,0,0.0,OFFICIAL_ANNUAL_PLAN,OFFICIAL_SAME_PERIOD,SYNTHETIC_DAILY_CALIBRATED_TO_PUBLIC_ANNUAL_REFERENCE,55.33,10.148,1,0.0,1.35,0.0,7.56,11.75,12.5,14.61,SYNTHETIC_DEMO_CORRELATED_WITH_RAINFALL_REPLACE_WITH_NASA_SMAP_OR_ISRO_BHUVAN
PROD-0001867,2022-05-11,Chikla,Maharashtra,Bhandara,21.54169,79.75545,563.89,484.02,3.72,0,0.0,OFFICIAL_ANNUAL_PLAN,OFFICIAL_SAME_PERIOD,SYNTHETIC_DAILY_CALIBRATED_TO_PUBLIC_ANNUAL_REFERENCE,79.87,14.164,1,0.0,5.07,0.0,10.66,9.7,11.16,13.47,SYNTHETIC_DEMO_CORRELATED_WITH_RAINFALL_REPLACE_WITH_NASA_SMAP_OR_ISRO_BHUVAN
PROD-0001868,2022-05-12,Chikla,Maharashtra,Bhandara,21.54169,79.75545,521.95,470.92,0.71,0,0.0,OFFICIAL_ANNUAL_PLAN,OFFICIAL_SAME_PERIOD,SYNTHETIC_DAILY_CALIBRATED_TO_PUBLIC_ANNUAL_REFERENCE,51.03,9.777,1,0.0,5.78,0.0,8.68,9.18,10.21,12.32,SYNTHETIC_DEMO_CORRELATED_WITH_RAINFALL_REPLACE_WITH_NASA_SMAP_OR_ISRO_BHUVAN
PROD-0001869,2022-05-13,Chikla,Maharashtra,Bhandara,21.54169,79.75545,590.32,501.16,1.65,0,0.0,OFFICIAL_ANNUAL_PLAN,OFFICIAL_SAME_PERIOD,SYNTHETIC_DAILY_CALIBRATED_TO_PUBLIC_ANNUAL_REFERENCE,89.16,15.104,1,0.0,6.08,0.0,9.03,9.47,9.45,11.51,SYNTHETIC_DEMO_CORRELATED_WITH_RAINFALL_REPLACE_WITH_NASA_SMAP_OR_ISRO_BHUVAN
PROD-0001870,2022-05-14,Chikla,Maharashtra,Bhandara,21.54169,79.75545,534.53,485.54,0.0,48,0.0,OFFICIAL_ANNUAL_PLAN,OFFICIAL_SAME_PERIOD,SYNTHETIC_DAILY_CALIBRATED_TO_PUBLIC_ANNUAL_REFERENCE,48.99,9.165,1,0.0,2.36,0.0,7.43,11.19,9.95,11.01,SYNTHETIC_DEMO_CORRELATED_WITH_RAINFALL_REPLACE_WITH_NASA_SMAP_OR_ISRO_BHUVAN
PROD-0001871,2022-05-15,Chikla,Maharashtra,Bhandara,21.54169,79.75545,540.31,493.77,0.0,0,0.0,OFFICIAL_ANNUAL_PLAN,OFFICIAL_SAME_PERIOD,SYNTHETIC_DAILY_CALIBRATED_TO_PUBLIC_ANNUAL_REFERENCE,46.54,8.614,1,0.0,1.65,0.0,7.43,10.01,10.22,10.47,SYNTHETIC_DEMO_CORRELATED_WITH_RAINFALL_REPLACE_WITH_NASA_SMAP_OR_ISRO_BHUVAN
PROD-0001872,2022-05-16,Chikla,Maharashtra,Bhandara,21.54169,79.75545,540.27,469.89,2.87,95,3.46,OFFICIAL_ANNUAL_PLAN,OFFICIAL_SAME_PERIOD,SYNTHETIC_DAILY_CALIBRATED_TO_PUBLIC_ANNUAL_REFERENCE,70.38,13.027,1,3.46,2.87,3.46,10.3,11.84,11.01,10.45,SYNTHETIC_DEMO_CORRELATED_WITH_RAINFALL_REPLACE_WITH_NASA_SMAP_OR_ISRO_BHUVAN
PROD-0001873,2022-05-17,Chikla,Maharashtra,Bhandara,21.54169,79.75545,507.29,460.83,1.52,0,0.0,OFFICIAL_ANNUAL_PLAN,OFFICIAL_SAME_PERIOD,SYNTHETIC_DAILY_CALIBRATED_TO_PUBLIC_ANNUAL_REFERENCE,46.46,9.158,1,3.46,4.39,3.46,10.47,10.17,10.67,10.22,SYNTHETIC_DEMO_CORRELATED_WITH_RAINFALL_REPLACE_WITH_NASA_SMAP_OR_ISRO_BHUVAN
PROD-0001874,2022-05-18,Chikla,Maharashtra,Bhandara,21.54169,79.75545,582.05,536.63,0.0,0,0.0,OFFICIAL_ANNUAL_PLAN,OFFICIAL_SAME_PERIOD,SYNTHETIC_DAILY_CALIBRATED_TO_PUBLIC_ANNUAL_REFERENCE,45.42,7.803,1,3.46,4.39,3.46,6.75,10.61,10.87,10.35,SYNTHETIC_DEMO_CORRELATED_WITH_RAINFALL_REPLACE_WITH_NASA_SMAP_OR_ISRO_BHUVAN
PROD-0001875,2022-05-19,Chikla,Maharashtra,Bhandara,21.54169,79.75545,499.21,447.0,1.46,73,0.0,OFFICIAL_ANNUAL_PLAN,OFFICIAL_SAME_PERIOD,SYNTHETIC_DAILY_CALIBRATED_TO_PUBLIC_ANNUAL_REFERENCE,52.21,10.459,1,0.0,2.98,3.46,7.5,10.43,10.4,10.53,SYNTHETIC_DEMO_CORRELATED_WITH_RAINFALL_REPLACE_WITH_NASA_SMAP_OR_ISRO_BHUVAN
PROD-0001876,2022-05-20,Chikla,Maharashtra,Bhandara,21.54169,79.75545,561.59,506.11,0.0,0,0.0,OFFICIAL_ANNUAL_PLAN,OFFICIAL_SAME_PERIOD,SYNTHETIC_DAILY_CALIBRATED_TO_PUBLIC_ANNUAL_REFERENCE,55.48,9.879,1,0.0,1.46,3.46,5.85,11.46,10.83,10.82,SYNTHETIC_DEMO_CORRELATED_WITH_RAINFALL_REPLACE_WITH_NASA_SMAP_OR_ISRO_BHUVAN
PROD-0001877,2022-05-21,Chikla,Maharashtra,Bhandara,21.54169,79.75545,517.49,482.01,1.01,54,0.0,OFFICIAL_ANNUAL_PLAN,OFFICIAL_SAME_PERIOD,SYNTHETIC_DAILY_CALIBRATED_TO_PUBLIC_ANNUAL_REFERENCE,35.48,6.856,1,0.0,2.47,3.46,6.86,11.47,11.12,10.86,SYNTHETIC_DEMO_CORRELATED_WITH_RAINFALL_REPLACE_WITH_NASA_SMAP_OR_ISRO_BHUVAN
PROD-0001878,2022-05-22,Chikla,Maharashtra,Bhandara,21.54169,79.75545,511.2,465.67,3.97,0,0.0,OFFICIAL_ANNUAL_PLAN,OFFICIAL_SAME_PERIOD,SYNTHETIC_DAILY_CALIBRATED_TO_PUBLIC_ANNUAL_REFERENCE,45.53,8.906,1,0.0,4.98,3.46,10.83,10.08,11.0,10.87,SYNTHETIC_DEMO_CORRELATED_WITH_RAINFALL_REPLACE_WITH_NASA_SMAP_OR_ISRO_BHUVAN
PROD-0001879,2022-05-23,Chikla,Maharashtra,Bhandara,21.54169,79.75545,547.16,504.11,1.69,0,0.0,OFFICIAL_ANNUAL_PLAN,OFFICIAL_SAME_PERIOD,SYNTHETIC_DAILY_CALIBRATED_TO_PUBLIC_ANNUAL_REFERENCE,43.05,7.868,1,0.0,6.67,0.0,9.65,9.91,10.49,10.59,SYNTHETIC_DEMO_CORRELATED_WITH_RAINFALL_REPLACE_WITH_NASA_SMAP_OR_ISRO_BHUVAN
PROD-0001880,2022-05-24,Chikla,Maharashtra,Bhandara,21.54169,79.75545,576.61,514.3,2.52,0,0.0,OFFICIAL_ANNUAL_PLAN,OFFICIAL_SAME_PERIOD,SYNTHETIC_DAILY_CALIBRATED_TO_PUBLIC_ANNUAL_REFERENCE,62.31,10.806,1,0.0,8.18,0.0,10.65,10.7,10.23,10.67,SYNTHETIC_DEMO_CORRELATED_WITH_RAINFALL_REPLACE_WITH_NASA_SMAP_OR_ISRO_BHUVAN
PROD-0001881,2022-05-25,Chikla,Maharashtra,Bhandara,21.54169,79.75545,562.29,494.53,1.39,0,0.0,OFFICIAL_ANNUAL_PLAN,OFFICIAL_SAME_PERIOD,SYNTHETIC_DAILY_CALIBRATED_TO_PUBLIC_ANNUAL_REFERENCE,67.76,12.051,1,0.0,5.6,0.0,12.04,9.78,10.13,10.55,SYNTHETIC_DEMO_CORRELATED_WITH_RAINFALL_REPLACE_WITH_NASA_SMAP_OR_ISRO_BHUVAN
PROD-0001882,2022-05-26,Chikla,Maharashtra,Bhandara,21.54169,79.75545,530.48,486.07,0.06,0,4.09,OFFICIAL_ANNUAL_PLAN,OFFICIAL_SAME_PERIOD,SYNTHETIC_DAILY_CALIBRATED_TO_PUBLIC_ANNUAL_REFERENCE,44.41,8.372,1,4.09,3.97,4.09,10.64,13.0,11.16,10.91,SYNTHETIC_DEMO_CORRELATED_WITH_RAINFALL_REPLACE_WITH_NASA_SMAP_OR_ISRO_BHUVAN
PROD-0001883,2022-05-27,Chikla,Maharashtra,Bhandara,21.54169,79.75545,603.05,528.44,4.66,0,0.0,OFFICIAL_ANNUAL_PLAN,OFFICIAL_SAME_PERIOD,SYNTHETIC_DAILY_CALIBRATED_TO_PUBLIC_ANNUAL_REFERENCE,74.61,12.372,1,4.09,6.11,4.09,15.3,15.15,12.64,11.44,SYNTHETIC_DEMO_CORRELATED_WITH_RAINFALL_REPLACE_WITH_NASA_SMAP_OR_ISRO_BHUVAN
PROD-0001884,2022-05-28,Chikla,Maharashtra,Bhandara,21.54169,79.75545,656.49,599.54,1.89,0,0.0,OFFICIAL_ANNUAL_PLAN,OFFICIAL_SAME_PERIOD,SYNTHETIC_DAILY_CALIBRATED_TO_PUBLIC_ANNUAL_REFERENCE,56.95,8.675,1,4.09,6.61,4.09,16.18,14.04,14.06,11.81,SYNTHETIC_DEMO_CORRELATED_WITH_RAINFALL_REPLACE_WITH_NASA_SMAP_OR_ISRO_BHUVAN
PROD-0001885,2022-05-29,Chikla,Maharashtra,Bhandara,21.54169,79.75545,562.29,532.76,0.0,0,0.0,OFFICIAL_ANNUAL_PLAN,OFFICIAL_SAME_PERIOD,SYNTHETIC_DAILY_CALIBRATED_TO_PUBLIC_ANNUAL_REFERENCE,29.53,5.252,1,0.0,6.55,4.09,12.21,12.82,14.0,12.2,SYNTHETIC_DEMO_CORRELATED_WITH_RAINFALL_REPLACE_WITH_NASA_SMAP_OR_ISRO_BHUVAN
PROD-0001886,2022-05-30,Chikla,Maharashtra,Bhandara,21.54169,79.75545,507.33,440.05,4.07,0,0.0,OFFICIAL_ANNUAL_PLAN,OFFICIAL_SAME_PERIOD,SYNTHETIC_DAILY_CALIBRATED_TO_PUBLIC_ANNUAL_REFERENCE,67.28,13.262,1,0.0,5.96,4.09,14.59,13.95,13.6,12.78,SYNTHETIC_DEMO_CORRELATED_WITH_RAINFALL_REPLACE_WITH_NASA_SMAP_OR_ISRO_BHUVAN
PROD-0001887,2022-05-31,Chikla,Maharashtra,Bhandara,21.54169,79.75545,595.28,528.7,0.86,0,0.0,OFFICIAL_ANNUAL_PLAN,OFFICIAL_SAME_PERIOD,SYNTHETIC_DAILY_CALIBRATED_TO_PUBLIC_ANNUAL_REFERENCE,66.58,11.185,1,0.0,4.93,4.09,12.93,13.44,13.4,13.17,SYNTHETIC_DEMO_CORRELATED_WITH_RAINFALL_REPLACE_WITH_NASA_SMAP_OR_ISRO_BHUVAN
PROD-0001888,2022-06-01,Chikla,Maharashtra,Bhandara,21.54169,79.75545,507.32,459.96,0.0,0,0.0,OFFICIAL_ANNUAL_PLAN,OFFICIAL_SAME_PERIOD,SYNTHETIC_DAILY_CALIBRATED_TO_PUBLIC_ANNUAL_REFERENCE,47.36,9.335,1,0.0,4.93,4.09,11.54,14.19,13.86,13.8,SYNTHETIC_DEMO_CORRELATED_WITH_RAINFALL_REPLACE_WITH_NASA_SMAP_OR_ISRO_BHUVAN
PROD-0001889,2022-06-02,Chikla,Maharashtra,Bhandara,21.54169,79.75545,537.84,474.53,2.77,0,0.0,OFFICIAL_ANNUAL_PLAN,OFFICIAL_SAME_PERIOD,SYNTHETIC_DAILY_CALIBRATED_TO_PUBLIC_ANNUAL_REFERENCE,63.31,11.771,1,0.0,3.63,0.0,14.25,9.7,12.44,13.33,SYNTHETIC_DEMO_CORRELATED_WITH_RAINFALL_REPLACE_WITH_NASA_SMAP_OR_ISRO_BHUVAN
PROD-0001890,2022-06-03,Chikla,Maharashtra,Bhandara,21.54169,79.75545,509.99,460.54,2.0,0,42.93,OFFICIAL_ANNUAL_PLAN,OFFICIAL_SAME_PERIOD,SYNTHETIC_DAILY_CALIBRATED_TO_PUBLIC_ANNUAL_REFERENCE,49.45,9.696,1,42.93,4.77,42.93,11.59,47.86,23.92,18.0,SYNTHETIC_DEMO_CORRELATED_WITH_RAINFALL_REPLACE_WITH_NASA_SMAP_OR_ISRO_BHUVAN
PROD-0001891,2022-06-04,Chikla,Maharashtra,Bhandara,21.54169,79.75545,572.43,503.82,0.65,0,0.0,OFFICIAL_ANNUAL_PLAN,OFFICIAL_SAME_PERIOD,SYNTHETIC_DAILY_CALIBRATED_TO_PUBLIC_ANNUAL_REFERENCE,68.61,11.986,1,42.93,5.42,42.93,10.35,44.07,33.88,22.29,SYNTHETIC_DEMO_CORRELATED_WITH_RAINFALL_REPLACE_WITH_NASA_SMAP_OR_ISRO_BHUVAN
PROD-0001892,2022-06-05,Chikla,Maharashtra,Bhandara,21.54169,79.75545,535.42,472.83,0.08,0,5.06,OFFICIAL_ANNUAL_PLAN,OFFICIAL_SAME_PERIOD,SYNTHETIC_DAILY_CALIBRATED_TO_PUBLIC_ANNUAL_REFERENCE,62.59,11.69,1,47.99,2.73,47.99,10.43,45.55,45.83,26.97,SYNTHETIC_DEMO_CORRELATED_WITH_RAINFALL_REPLACE_WITH_NASA_SMAP_OR_ISRO_BHUVAN
PROD-0001893,2022-06-06,Chikla,Maharashtra,Bhandara,21.54169,79.75545,535.38,459.9,2.37,0,83.31,OFFICIAL_ANNUAL_PLAN,OFFICIAL_SAME_PERIOD,SYNTHETIC_DAILY_CALIBRATED_TO_PUBLIC_ANNUAL_REFERENCE,75.48,14.098,1,88.37,3.1,131.3,8.73,60.0,49.87,33.54,SYNTHETIC_DEMO_CORRELATED_WITH_RAINFALL_REPLACE_WITH_NASA_SMAP_OR_ISRO_BHUVAN
PROD-0001894,2022-06-07,Chikla,Maharashtra,Bhandara,21.54169,79.75545,524.45,451.98,1.52,130,0.0,OFFICIAL_ANNUAL_PLAN,OFFICIAL_SAME_PERIOD,SYNTHETIC_DAILY_CALIBRATED_TO_PUBLIC_ANNUAL_REFERENCE,72.47,13.818,1,88.37,3.97,131.3,9.39,55.14,53.56,39.5,SYNTHETIC_DEMO_CORRELATED_WITH_RAINFALL_REPLACE_WITH_NASA_SMAP_OR_ISRO_BHUVAN
PROD-0001895,2022-06-08,Chikla,Maharashtra,Bhandara,21.54169,79.75545,486.18,458.28,2.26,0,6.94,OFFICIAL_ANNUAL_PLAN,OFFICIAL_SAME_PERIOD,SYNTHETIC_DAILY_CALIBRATED_TO_PUBLIC_ANNUAL_REFERENCE,27.9,5.739,1,90.25,6.15,138.24,11.65,60.0,58.38,46.05,SYNTHETIC_DEMO_CORRELATED_WITH_RAINFALL_REPLACE_WITH_NASA_SMAP_OR_ISRO_BHUVAN
PROD-0001896,2022-06-09,Chikla,Maharashtra,Bhandara,21.54169,79.75545,481.03,454.81,0.85,0,0.0,OFFICIAL_ANNUAL_PLAN,OFFICIAL_SAME_PERIOD,SYNTHETIC_DAILY_CALIBRATED_TO_PUBLIC_ANNUAL_REFERENCE,26.22,5.451,1,6.94,4.63,138.24,9.73,56.44,57.19,52.72,SYNTHETIC_DEMO_CORRELATED_WITH_RAINFALL_REPLACE_WITH_NASA_SMAP_OR_ISRO_BHUVAN
PROD-0001897,2022-06-10,Chikla,Maharashtra,Bhandara,21.54169,79.75545,564.21,498.14,1.1,0,6.76,OFFICIAL_ANNUAL_PLAN,OFFICIAL_SAME_PERIOD,SYNTHETIC_DAILY_CALIBRATED_TO_PUBLIC_ANNUAL_REFERENCE,66.07,11.71,1,13.7,4.21,102.07,8.83,57.88,58.11,54.15,SYNTHETIC_DEMO_CORRELATED_WITH_RAINFALL_REPLACE_WITH_NASA_SMAP_OR_ISRO_BHUVAN
PROD-0001898,2022-06-11,Chikla,Maharashtra,Bhandara,21.54169,79.75545,577.21,530.85,0.0,0,0.0,OFFICIAL_ANNUAL_PLAN,OFFICIAL_SAME_PERIOD,SYNTHETIC_DAILY_CALIBRATED_TO_PUBLIC_ANNUAL_REFERENCE,46.36,8.032,1,6.76,1.95,102.07,8.18,52.55,55.62,55.37,SYNTHETIC_DEMO_CORRELATED_WITH_RAINFALL_REPLACE_WITH_NASA_SMAP_OR_ISRO_BHUVAN
PROD-0001899,2022-06-12,Chikla,Maharashtra,Bhandara,21.54169,79.75545,522.54,484.28,1.21,55,0.0,OFFICIAL_ANNUAL_PLAN,OFFICIAL_SAME_PERIOD,SYNTHETIC_DAILY_CALIBRATED_TO_PUBLIC_ANNUAL_REFERENCE,38.26,7.322,1,6.76,2.31,97.01,9.31,48.41,52.95,55.77,SYNTHETIC_DEMO_CORRELATED_WITH_RAINFALL_REPLACE_WITH_NASA_SMAP_OR_ISRO_BHUVAN
PROD-0001900,2022-06-13,Chikla,Maharashtra,Bhandara,21.54169,79.75545,583.64,515.93,3.85,0,0.0,OFFICIAL_ANNUAL_PLAN,OFFICIAL_SAME_PERIOD,SYNTHETIC_DAILY_CALIBRATED_TO_PUBLIC_ANNUAL_REFERENCE,67.71,11.601,1,0.0,5.06,13.7,10.79,46.16,49.04,53.8,SYNTHETIC_DEMO_CORRELATED_WITH_RAINFALL_REPLACE_WITH_NASA_SMAP_OR_ISRO_BHUVAN
PROD-0001901,2022-06-14,Chikla,Maharashtra,Bhandara,21.54169,79.75545,569.28,521.66,0.0,0,0.0,OFFICIAL_ANNUAL_PLAN,OFFICIAL_SAME_PERIOD,SYNTHETIC_DAILY_CALIBRATED_TO_PUBLIC_ANNUAL_REFERENCE,47.62,8.365,1,0.0,5.06,13.7,9.27,44.19,46.25,52.23,SYNTHETIC_DEMO_CORRELATED_WITH_RAINFALL_REPLACE_WITH_NASA_SMAP_OR_ISRO_BHUVAN
PROD-0001902,2022-06-15,Chikla,Maharashtra,Bhandara,21.54169,79.75545,648.33,559.95,1.86,0,40.63,OFFICIAL_ANNUAL_PLAN,OFFICIAL_SAME_PERIOD,SYNTHETIC_DAILY_CALIBRATED_TO_PUBLIC_ANNUAL_REFERENCE,88.38,13.632,1,40.63,5.71,47.39,8.87,60.0,50.12,52.23,SYNTHETIC_DEMO_CORRELATED_WITH_RAINFALL_REPLACE_WITH_NASA_SMAP_OR_ISRO_BHUVAN
PROD-0001903,2022-06-16,Chikla,Maharashtra,Bhandara,21.54169,79.75545,494.33,412.55,2.48,0,53.28,OFFICIAL_ANNUAL_PLAN,OFFICIAL_SAME_PERIOD,SYNTHETIC_DAILY_CALIBRATED_TO_PUBLIC_ANNUAL_REFERENCE,81.78,16.544,1,93.91,4.34,100.67,10.5,60.0,54.73,52.74,SYNTHETIC_DEMO_CORRELATED_WITH_RAINFALL_REPLACE_WITH_NASA_SMAP_OR_ISRO_BHUVAN
PROD-0001904,2022-06-17,Chikla,Maharashtra,Bhandara,21.54169,79.75545,564.2,489.1,4.27,70,5.31,OFFICIAL_ANNUAL_PLAN,OFFICIAL_SAME_PERIOD,SYNTHETIC_DAILY_CALIBRATED_TO_PUBLIC_ANNUAL_REFERENCE,75.1,13.311,1,99.22,8.61,99.22,13.67,59.9,59.97,53.03,SYNTHETIC_DEMO_CORRELATED_WITH_RAINFALL_REPLACE_WITH_NASA_SMAP_OR_ISRO_BHUVAN
PROD-0001905,2022-06-18,Chikla,Maharashtra,Bhandara,21.54169,79.75545,536.25,470.68,4.3,0,7.79,OFFICIAL_ANNUAL_PLAN,OFFICIAL_SAME_PERIOD,SYNTHETIC_DAILY_CALIBRATED_TO_PUBLIC_ANNUAL_REFERENCE,65.57,12.228,1,66.38,11.05,107.01,17.97,60.0,59.97,54.09,SYNTHETIC_DEMO_CORRELATED_WITH_RAINFALL_REPLACE_WITH_NASA_SMAP_OR_ISRO_BHUVAN
PROD-0001906,2022-06-19,Chikla,Maharashtra,Bhandara,21.54169,79.75545,524.57,465.87,0.15,0,9.83,OFFICIAL_ANNUAL_PLAN,OFFICIAL_SAME_PERIOD,SYNTHETIC_DAILY_CALIBRATED_TO_PUBLIC_ANNUAL_REFERENCE,58.7,11.19,1,22.93,8.72,116.84,16.91,60.0,59.97,55.75,SYNTHETIC_DEMO_CORRELATED_WITH_RAINFALL_REPLACE_WITH_NASA_SMAP_OR_ISRO_BHUVAN
PROD-0001907,2022-06-20,Chikla,Maharashtra,Bhandara,21.54169,79.75545,481.3,434.44,1.04,0,0.0,OFFICIAL_ANNUAL_PLAN,OFFICIAL_SAME_PERIOD,SYNTHETIC_DAILY_CALIBRATED_TO_PUBLIC_ANNUAL_REFERENCE,46.86,9.736,1,17.62,5.49,116.84,14.1,55.21,58.4,57.04,SYNTHETIC_DEMO_CORRELATED_WITH_RAINFALL_REPLACE_WITH_NASA_SMAP_OR_ISRO_BHUVAN
PROD-0001908,2022-06-21,Chikla,Maharashtra,Bhandara,21.54169,79.75545,572.41,513.57,0.71,0,18.74,OFFICIAL_ANNUAL_PLAN,OFFICIAL_SAME_PERIOD,SYNTHETIC_DAILY_CALIBRATED_TO_PUBLIC_ANNUAL_REFERENCE,58.84,10.279,1,28.57,1.9,135.58,14.81,60.0,58.4,59.3,SYNTHETIC_DEMO_CORRELATED_WITH_RAINFALL_REPLACE_WITH_NASA_SMAP_OR_ISRO_BHUVAN
PROD-0001909,2022-06-22,Chikla,Maharashtra,Bhandara,21.54169,79.75545,517.82,456.61,1.68,0,36.71,OFFICIAL_ANNUAL_PLAN,OFFICIAL_SAME_PERIOD,SYNTHETIC_DAILY_CALIBRATED_TO_PUBLIC_ANNUAL_REFERENCE,61.21,11.821,1,55.45,3.43,131.66,14.63,60.0,58.4,59.3,SYNTHETIC_DEMO_CORRELATED_WITH_RAINFALL_REPLACE_WITH_NASA_SMAP_OR_ISRO_BHUVAN
PROD-0001910,2022-06-23,Chikla,Maharashtra,Bhandara,21.54169,79.75545,522.31,486.52,0.32,0,21.26,OFFICIAL_ANNUAL_PLAN,OFFICIAL_SAME_PERIOD,SYNTHETIC_DAILY_CALIBRATED_TO_PUBLIC_ANNUAL_REFERENCE,35.79,6.852,1,76.71,2.71,99.64,12.47,60.0,60.0,59.3,SYNTHETIC_DEMO_CORRELATED_WITH_RAINFALL_REPLACE_WITH_NASA_SMAP_OR_ISRO_BHUVAN
PROD-0001911,2022-06-24,Chikla,Maharashtra,Bhandara,21.54169,79.75545,488.62,423.78,2.48,0,0.0,OFFICIAL_ANNUAL_PLAN,OFFICIAL_SAME_PERIOD,SYNTHETIC_DAILY_CALIBRATED_TO_PUBLIC_ANNUAL_REFERENCE,64.84,13.27,1,57.97,4.48,94.33,10.68,57.42,59.14,58.95,SYNTHETIC_DEMO_CORRELATED_WITH_RAINFALL_REPLACE_WITH_NASA_SMAP_OR_ISRO_BHUVAN
PROD-0001912,2022-06-25,Chikla,Maharashtra,Bhandara,21.54169,79.75545,503.1,455.42,0.87,0,5.31,OFFICIAL_ANNUAL_PLAN,OFFICIAL_SAME_PERIOD,SYNTHETIC_DAILY_CALIBRATED_TO_PUBLIC_ANNUAL_REFERENCE,47.68,9.477,1,26.57,3.67,91.85,7.25,58.03,58.48,58.67,SYNTHETIC_DEMO_CORRELATED_WITH_RAINFALL_REPLACE_WITH_NASA_SMAP_OR_ISRO_BHUVAN
PROD-0001913,2022-06-26,Chikla,Maharashtra,Bhandara,21.54169,79.75545,611.98,539.24,0.43,14,18.48,OFFICIAL_ANNUAL_PLAN,OFFICIAL_SAME_PERIOD,SYNTHETIC_DAILY_CALIBRATED_TO_PUBLIC_ANNUAL_REFERENCE,72.74,11.886,1,23.79,3.78,100.5,7.53,60.0,58.48,58.67,SYNTHETIC_DEMO_CORRELATED_WITH_RAINFALL_REPLACE_WITH_NASA_SMAP_OR_ISRO_BHUVAN
PROD-0001914,2022-06-27,Chikla,Maharashtra,Bhandara,21.54169,79.75545,529.71,462.21,4.76,0,0.0,OFFICIAL_ANNUAL_PLAN,OFFICIAL_SAME_PERIOD,SYNTHETIC_DAILY_CALIBRATED_TO_PUBLIC_ANNUAL_REFERENCE,67.5,12.743,1,23.79,6.06,100.5,11.25,56.91,58.31,58.91,SYNTHETIC_DEMO_CORRELATED_WITH_RAINFALL_REPLACE_WITH_NASA_SMAP_OR_ISRO_BHUVAN
PROD-0001915,2022-06-28,Chikla,Maharashtra,Bhandara,21.54169,79.75545,574.19,528.18,1.32,0,0.0,OFFICIAL_ANNUAL_PLAN,OFFICIAL_SAME_PERIOD,SYNTHETIC_DAILY_CALIBRATED_TO_PUBLIC_ANNUAL_REFERENCE,46.01,8.013,1,18.48,6.51,81.76,11.86,51.76,56.22,57.73,SYNTHETIC_DEMO_CORRELATED_WITH_RAINFALL_REPLACE_WITH_NASA_SMAP_OR_ISRO_BHUVAN
PROD-0001916,2022-06-29,Chikla,Maharashtra,Bhandara,21.54169,79.75545,543.36,501.27,0.37,0,24.63,OFFICIAL_ANNUAL_PLAN,OFFICIAL_SAME_PERIOD,SYNTHETIC_DAILY_CALIBRATED_TO_PUBLIC_ANNUAL_REFERENCE,42.09,7.746,1,24.63,6.45,69.68,10.55,60.0,56.22,57.73,SYNTHETIC_DEMO_CORRELATED_WITH_RAINFALL_REPLACE_WITH_NASA_SMAP_OR_ISRO_BHUVAN
PROD-0001917,2022-06-30,Chikla,Maharashtra,Bhandara,21.54169,79.75545,533.28,484.82,0.24,0,15.88,OFFICIAL_ANNUAL_PLAN,OFFICIAL_SAME_PERIOD,SYNTHETIC_DAILY_CALIBRATED_TO_PUBLIC_ANNUAL_REFERENCE,48.46,9.087,1,40.51,1.93,64.3,10.47,60.0,57.25,57.73,SYNTHETIC_DEMO_CORRELATED_WITH_RAINFALL_REPLACE_WITH_NASA_SMAP_OR_ISRO_BHUVAN
PROD-0001918,2022-07-01,Chikla,Maharashtra,Bhandara,21.54169,79.75545,550.13,454.61,3.85,0,20.79,OFFICIAL_ANNUAL_PLAN,OFFICIAL_SAME_PERIOD,SYNTHETIC_DAILY_CALIBRATED_TO_PUBLIC_ANNUAL_REFERENCE,95.52,17.363,1,61.3,4.46,85.09,11.84,60.0,60.0,58.1,SYNTHETIC_DEMO_CORRELATED_WITH_RAINFALL_REPLACE_WITH_NASA_SMAP_OR_ISRO_BHUVAN
PROD-0001919,2022-07-02,Chikla,Maharashtra,Bhandara,21.54169,79.75545,559.56,488.39,0.08,0,5.21,OFFICIAL_ANNUAL_PLAN,OFFICIAL_SAME_PERIOD,SYNTHETIC_DAILY_CALIBRATED_TO_PUBLIC_ANNUAL_REFERENCE,71.17,12.719,1,41.88,4.17,84.99,11.05,60.0,60.0,58.38,SYNTHETIC_DEMO_CORRELATED_WITH_RAINFALL_REPLACE_WITH_NASA_SMAP_OR_ISRO_BHUVAN
PROD-0001920,2022-07-03,Chikla,Maharashtra,Bhandara,21.54169,79.75545,511.16,470.42,3.0,0,5.42,OFFICIAL_ANNUAL_PLAN,OFFICIAL_SAME_PERIOD,SYNTHETIC_DAILY_CALIBRATED_TO_PUBLIC_ANNUAL_REFERENCE,40.74,7.97,1,31.42,6.93,71.93,13.62,59.77,59.92,58.35,SYNTHETIC_DEMO_CORRELATED_WITH_RAINFALL_REPLACE_WITH_NASA_SMAP_OR_ISRO_BHUVAN
PROD-0001921,2022-07-04,Chikla,Maharashtra,Bhandara,21.54169,79.75545,513.66,437.3,3.1,0,12.9,OFFICIAL_ANNUAL_PLAN,OFFICIAL_SAME_PERIOD,SYNTHETIC_DAILY_CALIBRATED_TO_PUBLIC_ANNUAL_REFERENCE,76.36,14.866,1,23.53,6.18,84.83,11.96,60.0,59.92,58.79,SYNTHETIC_DEMO_CORRELATED_WITH_RAINFALL_REPLACE_WITH_NASA_SMAP_OR_ISRO_BHUVAN
PROD-0001922,2022-07-05,Chikla,Maharashtra,Bhandara,21.54169,79.75545,535.55,447.83,6.77,0,10.78,OFFICIAL_ANNUAL_PLAN,OFFICIAL_SAME_PERIOD,SYNTHETIC_DAILY_CALIBRATED_TO_PUBLIC_ANNUAL_REFERENCE,87.72,16.379,1,29.1,12.87,95.61,17.41,60.0,59.92,59.97,SYNTHETIC_DEMO_CORRELATED_WITH_RAINFALL_REPLACE_WITH_NASA_SMAP_OR_ISRO_BHUVAN
PROD-0001923,2022-07-06,Chikla,Maharashtra,Bhandara,21.54169,79.75545,556.62,511.87,0.0,0,0.0,OFFICIAL_ANNUAL_PLAN,OFFICIAL_SAME_PERIOD,SYNTHETIC_DAILY_CALIBRATED_TO_PUBLIC_ANNUAL_REFERENCE,44.75,8.04,1,23.68,9.87,70.98,17.04,57.48,59.16,59.61,SYNTHETIC_DEMO_CORRELATED_WITH_RAINFALL_REPLACE_WITH_NASA_SMAP_OR_ISRO_BHUVAN
PROD-0001924,2022-07-07,Chikla,Maharashtra,Bhandara,21.54169,79.75545,579.54,532.65,1.87,0,0.0,OFFICIAL_ANNUAL_PLAN,OFFICIAL_SAME_PERIOD,SYNTHETIC_DAILY_CALIBRATED_TO_PUBLIC_ANNUAL_REFERENCE,46.89,8.091,1,10.78,8.64,55.1,18.67,54.17,57.22,58.77,SYNTHETIC_DEMO_CORRELATED_WITH_RAINFALL_REPLACE_WITH_NASA_SMAP_OR_ISRO_BHUVAN
PROD-0001925,2022-07-08,Chikla,Maharashtra,Bhandara,21.54169,79.75545,547.51,501.87,2.01,14,3.38,OFFICIAL_ANNUAL_PLAN,OFFICIAL_SAME_PERIOD,SYNTHETIC_DAILY_CALIBRATED_TO_PUBLIC_ANNUAL_REFERENCE,45.64,8.336,1,3.38,3.88,37.69,16.83,55.75,55.8,58.17,SYNTHETIC_DEMO_CORRELATED_WITH_RAINFALL_REPLACE_WITH_NASA_SMAP_OR_ISRO_BHUVAN
PROD-0001926,2022-07-09,Chikla,Maharashtra,Bhandara,21.54169,79.75545,521.24,484.38,0.55,0,36.53,OFFICIAL_ANNUAL_PLAN,OFFICIAL_SAME_PERIOD,SYNTHETIC_DAILY_CALIBRATED_TO_PUBLIC_ANNUAL_REFERENCE,36.86,7.072,1,39.91,4.43,69.01,17.3,60.0,56.64,58.17,SYNTHETIC_DEMO_CORRELATED_WITH_RAINFALL_REPLACE_WITH_NASA_SMAP_OR_ISRO_BHUVAN
PROD-0001927,2022-07-10,Chikla,Maharashtra,Bhandara,21.54169,79.75545,509.64,482.78,0.0,0,0.0,OFFICIAL_ANNUAL_PLAN,OFFICIAL_SAME_PERIOD,SYNTHETIC_DAILY_CALIBRATED_TO_PUBLIC_ANNUAL_REFERENCE,26.86,5.27,1,39.91,2.56,63.59,14.3,54.21,56.65,57.37,SYNTHETIC_DEMO_CORRELATED_WITH_RAINFALL_REPLACE_WITH_NASA_SMAP_OR_ISRO_BHUVAN
PROD-0001928,2022-07-11,Chikla,Maharashtra,Bhandara,21.54169,79.75545,563.49,512.82,0.04,18,2.71,OFFICIAL_ANNUAL_PLAN,OFFICIAL_SAME_PERIOD,SYNTHETIC_DAILY_CALIBRATED_TO_PUBLIC_ANNUAL_REFERENCE,50.67,8.992,1,39.24,0.59,53.4,11.24,53.33,55.85,56.42,SYNTHETIC_DEMO_CORRELATED_WITH_RAINFALL_REPLACE_WITH_NASA_SMAP_OR_ISRO_BHUVAN
PROD-0001929,2022-07-12,Chikla,Maharashtra,Bhandara,21.54169,79.75545,560.82,514.87,1.0,0,3.33,OFFICIAL_ANNUAL_PLAN,OFFICIAL_SAME_PERIOD,SYNTHETIC_DAILY_CALIBRATED_TO_PUBLIC_ANNUAL_REFERENCE,45.95,8.193,1,6.04,1.04,45.95,5.47,53.88,53.81,55.55,SYNTHETIC_DEMO_CORRELATED_WITH_RAINFALL_REPLACE_WITH_NASA_SMAP_OR_ISRO_BHUVAN
PROD-0001930,2022-07-13,Chikla,Maharashtra,Bhandara,21.54169,79.75545,592.8,527.6,1.95,0,0.0,OFFICIAL_ANNUAL_PLAN,OFFICIAL_SAME_PERIOD,SYNTHETIC_DAILY_CALIBRATED_TO_PUBLIC_ANNUAL_REFERENCE,65.2,10.999,1,6.04,2.99,45.95,7.42,51.17,52.79,54.64,SYNTHETIC_DEMO_CORRELATED_WITH_RAINFALL_REPLACE_WITH_NASA_SMAP_OR_ISRO_BHUVAN
PROD-0001931,2022-07-14,Chikla,Maharashtra,Bhandara,21.54169,79.75545,504.08,448.77,3.32,0,14.99,OFFICIAL_ANNUAL_PLAN,OFFICIAL_SAME_PERIOD,SYNTHETIC_DAILY_CALIBRATED_TO_PUBLIC_ANNUAL_REFERENCE,55.31,10.972,1,18.32,6.27,60.94,8.87,60.0,55.02,55.48,SYNTHETIC_DEMO_CORRELATED_WITH_RAINFALL_REPLACE_WITH_NASA_SMAP_OR_ISRO_BHUVAN
PROD-0001932,2022-07-15,Chikla,Maharashtra,Bhandara,21.54169,79.75545,537.71,440.9,1.65,123,0.0,OFFICIAL_ANNUAL_PLAN,OFFICIAL_SAME_PERIOD,SYNTHETIC_DAILY_CALIBRATED_TO_PUBLIC_ANNUAL_REFERENCE,96.81,18.004,1,14.99,6.92,57.56,8.51,55.44,55.54,55.43,SYNTHETIC_DEMO_CORRELATED_WITH_RAINFALL_REPLACE_WITH_NASA_SMAP_OR_ISRO_BHUVAN
PROD-0001933,2022-07-16,Chikla,Maharashtra,Bhandara,21.54169,79.75545,521.09,454.75,1.07,68,71.34,OFFICIAL_ANNUAL_PLAN,OFFICIAL_SAME_PERIOD,SYNTHETIC_DAILY_CALIBRATED_TO_PUBLIC_ANNUAL_REFERENCE,66.34,12.731,1,86.33,6.04,92.37,9.03,60.0,58.48,55.43,SYNTHETIC_DEMO_CORRELATED_WITH_RAINFALL_REPLACE_WITH_NASA_SMAP_OR_ISRO_BHUVAN
PROD-0001934,2022-07-17,Chikla,Maharashtra,Bhandara,21.54169,79.75545,550.08,503.99,3.48,7,0.0,OFFICIAL_ANNUAL_PLAN,OFFICIAL_SAME_PERIOD,SYNTHETIC_DAILY_CALIBRATED_TO_PUBLIC_ANNUAL_REFERENCE,46.09,8.379,1,71.34,6.2,92.37,12.51,56.16,57.2,55.71,SYNTHETIC_DEMO_CORRELATED_WITH_RAINFALL_REPLACE_WITH_NASA_SMAP_OR_ISRO_BHUVAN
PROD-0001935,2022-07-18,Chikla,Maharashtra,Bhandara,21.54169,79.75545,494.13,415.32,6.15,0,36.86,OFFICIAL_ANNUAL_PLAN,OFFICIAL_SAME_PERIOD,SYNTHETIC_DAILY_CALIBRATED_TO_PUBLIC_ANNUAL_REFERENCE,78.81,15.949,1,108.2,10.7,126.52,18.62,60.0,58.72,56.66,SYNTHETIC_DEMO_CORRELATED_WITH_RAINFALL_REPLACE_WITH_NASA_SMAP_OR_ISRO_BHUVAN
PROD-0001936,2022-07-19,Chikla,Maharashtra,Bhandara,21.54169,79.75545,587.12,548.81,2.8,0,20.12,OFFICIAL_ANNUAL_PLAN,OFFICIAL_SAME_PERIOD,SYNTHETIC_DAILY_CALIBRATED_TO_PUBLIC_ANNUAL_REFERENCE,38.31,6.525,1,56.98,12.43,143.31,20.42,60.0,58.72,57.54,SYNTHETIC_DEMO_CORRELATED_WITH_RAINFALL_REPLACE_WITH_NASA_SMAP_OR_ISRO_BHUVAN
PROD-0001937,2022-07-20,Chikla,Maharashtra,Bhandara,21.54169,79.75545,607.54,555.75,1.71,0,0.0,OFFICIAL_ANNUAL_PLAN,OFFICIAL_SAME_PERIOD,SYNTHETIC_DAILY_CALIBRATED_TO_PUBLIC_ANNUAL_REFERENCE,51.79,8.525,1,56.98,10.66,143.31,20.18,55.29,58.43,58.13,SYNTHETIC_DEMO_CORRELATED_WITH_RAINFALL_REPLACE_WITH_NASA_SMAP_OR_ISRO_BHUVAN
PROD-0001938,2022-07-21,Chikla,Maharashtra,Bhandara,21.54169,79.75545,588.14,527.05,1.81,0,39.61,OFFICIAL_ANNUAL_PLAN,OFFICIAL_SAME_PERIOD,SYNTHETIC_DAILY_CALIBRATED_TO_PUBLIC_ANNUAL_REFERENCE,61.09,10.387,1,59.73,6.32,167.93,18.67,60.0,58.43,58.13,SYNTHETIC_DEMO_CORRELATED_WITH_RAINFALL_REPLACE_WITH_NASA_SMAP_OR_ISRO_BHUVAN
PROD-0001939,2022-07-22,Chikla,Maharashtra,Bhandara,21.54169,79.75545,537.21,479.02,1.32,0,14.26,OFFICIAL_ANNUAL_PLAN,OFFICIAL_SAME_PERIOD,SYNTHETIC_DAILY_CALIBRATED_TO_PUBLIC_ANNUAL_REFERENCE,58.19,10.832,1,53.87,4.84,182.19,18.34,60.0,58.43,58.78,SYNTHETIC_DEMO_CORRELATED_WITH_RAINFALL_REPLACE_WITH_NASA_SMAP_OR_ISRO_BHUVAN
PROD-0001940,2022-07-23,Chikla,Maharashtra,Bhandara,21.54169,79.75545,526.98,480.07,1.06,0,70.57,OFFICIAL_ANNUAL_PLAN,OFFICIAL_SAME_PERIOD,SYNTHETIC_DAILY_CALIBRATED_TO_PUBLIC_ANNUAL_REFERENCE,46.91,8.902,1,124.44,4.19,181.42,18.33,60.0,60.0,58.78,SYNTHETIC_DEMO_CORRELATED_WITH_RAINFALL_REPLACE_WITH_NASA_SMAP_OR_ISRO_BHUVAN
PROD-0001941,2022-07-24,Chikla,Maharashtra,Bhandara,21.54169,79.75545,563.22,527.78,0.0,32,0.0,OFFICIAL_ANNUAL_PLAN,OFFICIAL_SAME_PERIOD,SYNTHETIC_DAILY_CALIBRATED_TO_PUBLIC_ANNUAL_REFERENCE,35.44,6.292,1,84.83,2.38,181.42,14.85,58.86,59.62,59.16,SYNTHETIC_DEMO_CORRELATED_WITH_RAINFALL_REPLACE_WITH_NASA_SMAP_OR_ISRO_BHUVAN
PROD-0001942,2022-07-25,Chikla,Maharashtra,Bhandara,21.54169,79.75545,511.08,454.53,3.94,0,29.18,OFFICIAL_ANNUAL_PLAN,OFFICIAL_SAME_PERIOD,SYNTHETIC_DAILY_CALIBRATED_TO_PUBLIC_ANNUAL_REFERENCE,56.55,11.065,1,99.75,5.0,173.74,12.64,60.0,59.62,59.16,SYNTHETIC_DEMO_CORRELATED_WITH_RAINFALL_REPLACE_WITH_NASA_SMAP_OR_ISRO_BHUVAN
PROD-0001943,2022-07-26,Chikla,Maharashtra,Bhandara,21.54169,79.75545,531.81,487.83,0.61,35,0.0,OFFICIAL_ANNUAL_PLAN,OFFICIAL_SAME_PERIOD,SYNTHETIC_DAILY_CALIBRATED_TO_PUBLIC_ANNUAL_REFERENCE,43.98,8.27,1,29.18,4.55,153.62,10.45,59.03,59.3,59.03,SYNTHETIC_DEMO_CORRELATED_WITH_RAINFALL_REPLACE_WITH_NASA_SMAP_OR_ISRO_BHUVAN
PROD-0001944,2022-07-27,Chikla,Maharashtra,Bhandara,21.54169,79.75545,553.47,487.17,1.72,0,0.0,OFFICIAL_ANNUAL_PLAN,OFFICIAL_SAME_PERIOD,SYNTHETIC_DAILY_CALIBRATED_TO_PUBLIC_ANNUAL_REFERENCE,66.3,11.979,1,29.18,6.27,153.62,10.46,56.61,58.55,59.21,SYNTHETIC_DEMO_CORRELATED_WITH_RAINFALL_REPLACE_WITH_NASA_SMAP_OR_ISRO_BHUVAN
PROD-0001945,2022-07-28,Chikla,Maharashtra,Bhandara,21.54169,79.75545,540.78,494.66,0.52,0,0.0,OFFICIAL_ANNUAL_PLAN,OFFICIAL_SAME_PERIOD,SYNTHETIC_DAILY_CALIBRATED_TO_PUBLIC_ANNUAL_REFERENCE,46.12,8.528,1,0.0,2.85,114.01,9.17,53.27,56.3,58.25,SYNTHETIC_DEMO_CORRELATED_WITH_RAINFALL_REPLACE_WITH_NASA_SMAP_OR_ISRO_BHUVAN
PROD-0001946,2022-07-29,Chikla,Maharashtra,Bhandara,21.54169,79.75545,557.88,482.76,7.43,0,0.0,OFFICIAL_ANNUAL_PLAN,OFFICIAL_SAME_PERIOD,SYNTHETIC_DAILY_CALIBRATED_TO_PUBLIC_ANNUAL_REFERENCE,75.12,13.465,1,0.0,9.67,99.75,15.28,50.72,53.53,56.93,SYNTHETIC_DEMO_CORRELATED_WITH_RAINFALL_REPLACE_WITH_NASA_SMAP_OR_ISRO_BHUVAN
PROD-0001947,2022-07-30,Chikla,Maharashtra,Bhandara,21.54169,79.75545,512.64,477.67,0.36,0,24.27,OFFICIAL_ANNUAL_PLAN,OFFICIAL_SAME_PERIOD,SYNTHETIC_DAILY_CALIBRATED_TO_PUBLIC_ANNUAL_REFERENCE,34.97,6.822,1,24.27,8.31,53.45,14.58,60.0,54.66,56.93,SYNTHETIC_DEMO_CORRELATED_WITH_RAINFALL_REPLACE_WITH_NASA_SMAP_OR_ISRO_BHUVAN
PROD-0001948,2022-07-31,Chikla,Maharashtra,Bhandara,21.54169,79.75545,564.49,512.69,0.17,0,11.49,OFFICIAL_ANNUAL_PLAN,OFFICIAL_SAME_PERIOD,SYNTHETIC_DAILY_CALIBRATED_TO_PUBLIC_ANNUAL_REFERENCE,51.8,9.176,1,35.76,7.96,64.94,14.75,60.0,56.91,57.09,SYNTHETIC_DEMO_CORRELATED_WITH_RAINFALL_REPLACE_WITH_NASA_SMAP_OR_ISRO_BHUVAN
PROD-0001949,2022-08-01,Chikla,Maharashtra,Bhandara,21.54169,79.75545,616.1,540.32,1.24,0,24.41,OFFICIAL_ANNUAL_PLAN,OFFICIAL_SAME_PERIOD,SYNTHETIC_DAILY_CALIBRATED_TO_PUBLIC_ANNUAL_REFERENCE,75.78,12.3,1,60.17,1.77,60.17,12.05,60.0,60.0,57.09,SYNTHETIC_DEMO_CORRELATED_WITH_RAINFALL_REPLACE_WITH_NASA_SMAP_OR_ISRO_BHUVAN
PROD-0001950,2022-08-02,Chikla,Maharashtra,Bhandara,21.54169,79.75545,548.56,506.35,0.13,0,8.93,OFFICIAL_ANNUAL_PLAN,OFFICIAL_SAME_PERIOD,SYNTHETIC_DAILY_CALIBRATED_TO_PUBLIC_ANNUAL_REFERENCE,42.21,7.695,1,44.83,1.54,69.1,11.57,60.0,60.0,57.23,SYNTHETIC_DEMO_CORRELATED_WITH_RAINFALL_REPLACE_WITH_NASA_SMAP_OR_ISRO_BHUVAN
PROD-0001951,2022-08-03,Chikla,Maharashtra,Bhandara,21.54169,79.75545,550.2,504.99,0.0,0,0.0,OFFICIAL_ANNUAL_PLAN,OFFICIAL_SAME_PERIOD,SYNTHETIC_DAILY_CALIBRATED_TO_PUBLIC_ANNUAL_REFERENCE,45.21,8.217,1,33.34,1.37,69.1,9.85,57.83,59.28,57.4,SYNTHETIC_DEMO_CORRELATED_WITH_RAINFALL_REPLACE_WITH_NASA_SMAP_OR_ISRO_BHUVAN
PROD-0001952,2022-08-04,Chikla,Maharashtra,Bhandara,21.54169,79.75545,516.63,454.0,0.22,58,14.77,OFFICIAL_ANNUAL_PLAN,OFFICIAL_SAME_PERIOD,SYNTHETIC_DAILY_CALIBRATED_TO_PUBLIC_ANNUAL_REFERENCE,62.63,12.123,1,23.7,0.35,83.87,9.55,60.0,59.28,58.36,SYNTHETIC_DEMO_CORRELATED_WITH_RAINFALL_REPLACE_WITH_NASA_SMAP_OR_ISRO_BHUVAN
PROD-0001953,2022-08-05,Chikla,Maharashtra,Bhandara,21.54169,79.75545,471.14,428.43,0.75,36,39.59,OFFICIAL_ANNUAL_PLAN,OFFICIAL_SAME_PERIOD,SYNTHETIC_DAILY_CALIBRATED_TO_PUBLIC_ANNUAL_REFERENCE,42.71,9.065,1,54.36,0.97,123.46,2.87,60.0,59.28,59.69,SYNTHETIC_DEMO_CORRELATED_WITH_RAINFALL_REPLACE_WITH_NASA_SMAP_OR_ISRO_BHUVAN
PROD-0001954,2022-08-06,Chikla,Maharashtra,Bhandara,21.54169,79.75545,538.11,468.22,1.6,34,50.86,OFFICIAL_ANNUAL_PLAN,OFFICIAL_SAME_PERIOD,SYNTHETIC_DAILY_CALIBRATED_TO_PUBLIC_ANNUAL_REFERENCE,69.89,12.988,1,105.22,2.57,150.05,4.11,60.0,60.0,59.69,SYNTHETIC_DEMO_CORRELATED_WITH_RAINFALL_REPLACE_WITH_NASA_SMAP_OR_ISRO_BHUVAN
PROD-0001955,2022-08-07,Chikla,Maharashtra,Bhandara,21.54169,79.75545,530.82,495.48,0.99,0,0.0,OFFICIAL_ANNUAL_PLAN,OFFICIAL_SAME_PERIOD,SYNTHETIC_DAILY_CALIBRATED_TO_PUBLIC_ANNUAL_REFERENCE,35.34,6.658,1,90.45,3.34,138.56,4.93,58.04,59.35,59.41,SYNTHETIC_DEMO_CORRELATED_WITH_RAINFALL_REPLACE_WITH_NASA_SMAP_OR_ISRO_BHUVAN
PROD-0001956,2022-08-08,Chikla,Maharashtra,Bhandara,21.54169,79.75545,565.06,481.24,0.26,0,17.2,OFFICIAL_ANNUAL_PLAN,OFFICIAL_SAME_PERIOD,SYNTHETIC_DAILY_CALIBRATED_TO_PUBLIC_ANNUAL_REFERENCE,83.82,14.834,1,68.06,2.85,131.35,3.95,60.0,59.35,59.41,SYNTHETIC_DEMO_CORRELATED_WITH_RAINFALL_REPLACE_WITH_NASA_SMAP_OR_ISRO_BHUVAN
PROD-0001957,2022-08-09,Chikla,Maharashtra,Bhandara,21.54169,79.75545,481.52,424.46,0.74,0,0.0,OFFICIAL_ANNUAL_PLAN,OFFICIAL_SAME_PERIOD,SYNTHETIC_DAILY_CALIBRATED_TO_PUBLIC_ANNUAL_REFERENCE,57.06,11.85,1,17.2,1.99,122.42,4.56,57.05,58.36,58.99,SYNTHETIC_DEMO_CORRELATED_WITH_RAINFALL_REPLACE_WITH_NASA_SMAP_OR_ISRO_BHUVAN
PROD-0001958,2022-08-10,Chikla,Maharashtra,Bhandara,21.54169,79.75545,494.35,455.75,0.16,0,10.94,OFFICIAL_ANNUAL_PLAN,OFFICIAL_SAME_PERIOD,SYNTHETIC_DAILY_CALIBRATED_TO_PUBLIC_ANNUAL_REFERENCE,38.6,7.808,1,28.14,1.16,133.36,4.72,60.0,59.02,59.3,SYNTHETIC_DEMO_CORRELATED_WITH_RAINFALL_REPLACE_WITH_NASA_SMAP_OR_ISRO_BHUVAN
PROD-0001959,2022-08-11,Chikla,Maharashtra,Bhandara,21.54169,79.75545,471.07,433.83,3.64,0,0.0,OFFICIAL_ANNUAL_PLAN,OFFICIAL_SAME_PERIOD,SYNTHETIC_DAILY_CALIBRATED_TO_PUBLIC_ANNUAL_REFERENCE,37.24,7.905,1,10.94,4.54,118.59,8.14,56.15,57.73,58.75,SYNTHETIC_DEMO_CORRELATED_WITH_RAINFALL_REPLACE_WITH_NASA_SMAP_OR_ISRO_BHUVAN
PROD-0001960,2022-08-12,Chikla,Maharashtra,Bhandara,21.54169,79.75545,586.03,519.77,1.12,0,0.0,OFFICIAL_ANNUAL_PLAN,OFFICIAL_SAME_PERIOD,SYNTHETIC_DAILY_CALIBRATED_TO_PUBLIC_ANNUAL_REFERENCE,66.26,11.307,1,10.94,4.92,79.0,8.51,50.91,55.69,57.45,SYNTHETIC_DEMO_CORRELATED_WITH_RAINFALL_REPLACE_WITH_NASA_SMAP_OR_ISRO_BHUVAN
PROD-0001961,2022-08-13,Chikla,Maharashtra,Bhandara,21.54169,79.75545,579.41,548.79,1.88,0,0.0,OFFICIAL_ANNUAL_PLAN,OFFICIAL_SAME_PERIOD,SYNTHETIC_DAILY_CALIBRATED_TO_PUBLIC_ANNUAL_REFERENCE,30.62,5.285,1,0.0,6.64,28.14,8.79,48.45,51.84,55.8,SYNTHETIC_DEMO_CORRELATED_WITH_RAINFALL_REPLACE_WITH_NASA_SMAP_OR_ISRO_BHUVAN
PROD-0001962,2022-08-14,Chikla,Maharashtra,Bhandara,21.54169,79.75545,541.28,476.9,2.7,0,12.92,OFFICIAL_ANNUAL_PLAN,OFFICIAL_SAME_PERIOD,SYNTHETIC_DAILY_CALIBRATED_TO_PUBLIC_ANNUAL_REFERENCE,64.38,11.894,1,12.92,5.7,41.06,10.5,57.05,52.14,55.66,SYNTHETIC_DEMO_CORRELATED_WITH_RAINFALL_REPLACE_WITH_NASA_SMAP_OR_ISRO_BHUVAN
PROD-0001963,2022-08-15,Chikla,Maharashtra,Bhandara,21.54169,79.75545,531.63,481.11,0.39,34,25.67,OFFICIAL_ANNUAL_PLAN,OFFICIAL_SAME_PERIOD,SYNTHETIC_DAILY_CALIBRATED_TO_PUBLIC_ANNUAL_REFERENCE,50.52,9.503,1,38.59,4.97,49.53,10.63,60.0,55.17,55.66,SYNTHETIC_DEMO_CORRELATED_WITH_RAINFALL_REPLACE_WITH_NASA_SMAP_OR_ISRO_BHUVAN
PROD-0001964,2022-08-16,Chikla,Maharashtra,Bhandara,21.54169,79.75545,457.13,414.08,0.29,0,19.13,OFFICIAL_ANNUAL_PLAN,OFFICIAL_SAME_PERIOD,SYNTHETIC_DAILY_CALIBRATED_TO_PUBLIC_ANNUAL_REFERENCE,43.05,9.417,1,57.72,3.38,68.66,10.18,60.0,59.02,56.08,SYNTHETIC_DEMO_CORRELATED_WITH_RAINFALL_REPLACE_WITH_NASA_SMAP_OR_ISRO_BHUVAN
PROD-0001965,2022-08-17,Chikla,Maharashtra,Bhandara,21.54169,79.75545,560.74,485.95,2.16,0,20.98,OFFICIAL_ANNUAL_PLAN,OFFICIAL_SAME_PERIOD,SYNTHETIC_DAILY_CALIBRATED_TO_PUBLIC_ANNUAL_REFERENCE,74.79,13.338,1,65.78,2.84,78.7,12.18,60.0,60.0,56.08,SYNTHETIC_DEMO_CORRELATED_WITH_RAINFALL_REPLACE_WITH_NASA_SMAP_OR_ISRO_BHUVAN
PROD-0001966,2022-08-18,Chikla,Maharashtra,Bhandara,21.54169,79.75545,532.02,473.31,1.4,0,4.83,OFFICIAL_ANNUAL_PLAN,OFFICIAL_SAME_PERIOD,SYNTHETIC_DAILY_CALIBRATED_TO_PUBLIC_ANNUAL_REFERENCE,58.71,11.035,1,44.94,3.85,83.53,9.94,60.0,60.0,56.63,SYNTHETIC_DEMO_CORRELATED_WITH_RAINFALL_REPLACE_WITH_NASA_SMAP_OR_ISRO_BHUVAN
PROD-0001967,2022-08-19,Chikla,Maharashtra,Bhandara,21.54169,79.75545,511.13,451.38,0.17,0,11.4,OFFICIAL_ANNUAL_PLAN,OFFICIAL_SAME_PERIOD,SYNTHETIC_DAILY_CALIBRATED_TO_PUBLIC_ANNUAL_REFERENCE,59.75,11.69,1,37.21,3.73,94.93,8.99,60.0,60.0,57.93,SYNTHETIC_DEMO_CORRELATED_WITH_RAINFALL_REPLACE_WITH_NASA_SMAP_OR_ISRO_BHUVAN
PROD-0001968,2022-08-20,Chikla,Maharashtra,Bhandara,21.54169,79.75545,491.23,413.1,5.98,0,11.17,OFFICIAL_ANNUAL_PLAN,OFFICIAL_SAME_PERIOD,SYNTHETIC_DAILY_CALIBRATED_TO_PUBLIC_ANNUAL_REFERENCE,78.13,15.905,1,27.4,7.55,106.1,13.09,60.0,60.0,59.58,SYNTHETIC_DEMO_CORRELATED_WITH_RAINFALL_REPLACE_WITH_NASA_SMAP_OR_ISRO_BHUVAN
PROD-0001969,2022-08-21,Chikla,Maharashtra,Bhandara,21.54169,79.75545,575.84,534.85,0.0,0,0.0,OFFICIAL_ANNUAL_PLAN,OFFICIAL_SAME_PERIOD,SYNTHETIC_DAILY_CALIBRATED_TO_PUBLIC_ANNUAL_REFERENCE,40.99,7.118,1,22.57,6.15,93.18,10.39,56.58,58.86,59.51,SYNTHETIC_DEMO_CORRELATED_WITH_RAINFALL_REPLACE_WITH_NASA_SMAP_OR_ISRO_BHUVAN
PROD-0001970,2022-08-22,Chikla,Maharashtra,Bhandara,21.54169,79.75545,573.52,501.67,0.92,64,0.0,OFFICIAL_ANNUAL_PLAN,OFFICIAL_SAME_PERIOD,SYNTHETIC_DAILY_CALIBRATED_TO_PUBLIC_ANNUAL_REFERENCE,71.85,12.528,1,11.17,6.9,67.51,10.92,54.0,56.86,58.65,SYNTHETIC_DEMO_CORRELATED_WITH_RAINFALL_REPLACE_WITH_NASA_SMAP_OR_ISRO_BHUVAN
PROD-0001971,2022-08-23,Chikla,Maharashtra,Bhandara,21.54169,79.75545,559.02,467.73,7.0,0,0.0,OFFICIAL_ANNUAL_PLAN,OFFICIAL_SAME_PERIOD,SYNTHETIC_DAILY_CALIBRATED_TO_PUBLIC_ANNUAL_REFERENCE,91.29,16.33,1,0.0,7.92,48.38,17.63,51.86,54.15,57.49,SYNTHETIC_DEMO_CORRELATED_WITH_RAINFALL_REPLACE_WITH_NASA_SMAP_OR_ISRO_BHUVAN
PROD-0001972,2022-08-24,Chikla,Maharashtra,Bhandara,21.54169,79.75545,637.3,566.4,1.62,36,11.18,OFFICIAL_ANNUAL_PLAN,OFFICIAL_SAME_PERIOD,SYNTHETIC_DAILY_CALIBRATED_TO_PUBLIC_ANNUAL_REFERENCE,70.9,11.125,1,11.18,9.54,38.58,17.09,59.24,55.03,57.38,SYNTHETIC_DEMO_CORRELATED_WITH_RAINFALL_REPLACE_WITH_NASA_SMAP_OR_ISRO_BHUVAN
PROD-0001973,2022-08-25,Chikla,Maharashtra,Bhandara,21.54169,79.75545,564.35,507.75,0.24,0,15.92,OFFICIAL_ANNUAL_PLAN,OFFICIAL_SAME_PERIOD,SYNTHETIC_DAILY_CALIBRATED_TO_PUBLIC_ANNUAL_REFERENCE,56.6,10.029,1,27.1,8.86,49.67,15.93,60.0,57.03,57.38,SYNTHETIC_DEMO_CORRELATED_WITH_RAINFALL_REPLACE_WITH_NASA_SMAP_OR_ISRO_BHUVAN
PROD-0001974,2022-08-26,Chikla,Maharashtra,Bhandara,21.54169,79.75545,582.38,499.08,1.66,0,3.19,OFFICIAL_ANNUAL_PLAN,OFFICIAL_SAME_PERIOD,SYNTHETIC_DAILY_CALIBRATED_TO_PUBLIC_ANNUAL_REFERENCE,83.3,14.303,1,30.29,3.52,41.46,17.42,58.24,59.16,57.13,SYNTHETIC_DEMO_CORRELATED_WITH_RAINFALL_REPLACE_WITH_NASA_SMAP_OR_ISRO_BHUVAN
PROD-0001975,2022-08-27,Chikla,Maharashtra,Bhandara,21.54169,79.75545,572.72,524.81,0.5,65,33.54,OFFICIAL_ANNUAL_PLAN,OFFICIAL_SAME_PERIOD,SYNTHETIC_DAILY_CALIBRATED_TO_PUBLIC_ANNUAL_REFERENCE,47.91,8.365,1,52.65,2.4,63.83,11.94,60.0,59.41,57.13,SYNTHETIC_DEMO_CORRELATED_WITH_RAINFALL_REPLACE_WITH_NASA_SMAP_OR_ISRO_BHUVAN
PROD-0001976,2022-08-28,Chikla,Maharashtra,Bhandara,21.54169,79.75545,592.23,555.78,0.0,0,0.0,OFFICIAL_ANNUAL_PLAN,OFFICIAL_SAME_PERIOD,SYNTHETIC_DAILY_CALIBRATED_TO_PUBLIC_ANNUAL_REFERENCE,36.45,6.155,1,36.73,2.16,63.83,11.94,57.69,58.64,57.29,SYNTHETIC_DEMO_CORRELATED_WITH_RAINFALL_REPLACE_WITH_NASA_SMAP_OR_ISRO_BHUVAN
PROD-0001977,2022-08-29,Chikla,Maharashtra,Bhandara,21.54169,79.75545,549.66,504.53,0.33,0,22.18,OFFICIAL_ANNUAL_PLAN,OFFICIAL_SAME_PERIOD,SYNTHETIC_DAILY_CALIBRATED_TO_PUBLIC_ANNUAL_REFERENCE,45.13,8.211,1,55.72,0.83,86.01,11.35,60.0,59.23,58.15,SYNTHETIC_DEMO_CORRELATED_WITH_RAINFALL_REPLACE_WITH_NASA_SMAP_OR_ISRO_BHUVAN
PROD-0001978,2022-08-30,Chikla,Maharashtra,Bhandara,21.54169,79.75545,501.48,454.28,0.08,0,5.04,OFFICIAL_ANNUAL_PLAN,OFFICIAL_SAME_PERIOD,SYNTHETIC_DAILY_CALIBRATED_TO_PUBLIC_ANNUAL_REFERENCE,47.2,9.412,1,27.22,0.41,91.05,4.43,59.99,59.23,59.31,SYNTHETIC_DEMO_CORRELATED_WITH_RAINFALL_REPLACE_WITH_NASA_SMAP_OR_ISRO_BHUVAN
PROD-0001979,2022-08-31,Chikla,Maharashtra,Bhandara,21.54169,79.75545,535.73,488.19,0.06,0,3.96,OFFICIAL_ANNUAL_PLAN,OFFICIAL_SAME_PERIOD,SYNTHETIC_DAILY_CALIBRATED_TO_PUBLIC_ANNUAL_REFERENCE,47.54,8.874,1,31.18,0.47,83.83,2.87,60.0,60.0,59.42,SYNTHETIC_DEMO_CORRELATED_WITH_RAINFALL_REPLACE_WITH_NASA_SMAP_OR_ISRO_BHUVAN
PROD-0001980,2022-09-01,Chikla,Maharashtra,Bhandara,21.54169,79.75545,560.42,504.42,0.3,0,19.9,OFFICIAL_ANNUAL_PLAN,OFFICIAL_SAME_PERIOD,SYNTHETIC_DAILY_CALIBRATED_TO_PUBLIC_ANNUAL_REFERENCE,56.0,9.993,1,28.9,0.44,87.81,2.93,60.0,60.0,59.42,SYNTHETIC_DEMO_CORRELATED_WITH_RAINFALL_REPLACE_WITH_NASA_SMAP_OR_ISRO_BHUVAN
PROD-0001981,2022-09-02,Chikla,Maharashtra,Bhandara,21.54169,79.75545,575.58,523.67,0.98,87,11.5,OFFICIAL_ANNUAL_PLAN,OFFICIAL_SAME_PERIOD,SYNTHETIC_DAILY_CALIBRATED_TO_PUBLIC_ANNUAL_REFERENCE,51.91,9.019,1,35.36,1.34,96.12,2.25,60.0,60.0,59.67,SYNTHETIC_DEMO_CORRELATED_WITH_RAINFALL_REPLACE_WITH_NASA_SMAP_OR_ISRO_BHUVAN
PROD-0001982,2022-09-03,Chikla,Maharashtra,Bhandara,21.54169,79.75545,590.56,516.49,0.18,0,12.05,OFFICIAL_ANNUAL_PLAN,OFFICIAL_SAME_PERIOD,SYNTHETIC_DAILY_CALIBRATED_TO_PUBLIC_ANNUAL_REFERENCE,74.07,12.542,1,43.45,1.46,74.63,1.93,60.0,60.0,59.67,SYNTHETIC_DEMO_CORRELATED_WITH_RAINFALL_REPLACE_WITH_NASA_SMAP_OR_ISRO_BHUVAN
PROD-0001983,2022-09-04,Chikla,Maharashtra,Bhandara,21.54169,79.75545,545.43,506.5,0.31,0,20.36,OFFICIAL_ANNUAL_PLAN,OFFICIAL_SAME_PERIOD,SYNTHETIC_DAILY_CALIBRATED_TO_PUBLIC_ANNUAL_REFERENCE,38.93,7.137,1,43.91,1.47,94.99,2.24,60.0,60.0,60.0,SYNTHETIC_DEMO_CORRELATED_WITH_RAINFALL_REPLACE_WITH_NASA_SMAP_OR_ISRO_BHUVAN
PROD-0001984,2022-09-05,Chikla,Maharashtra,Bhandara,21.54169,79.75545,537.45,474.92,1.66,0,36.77,OFFICIAL_ANNUAL_PLAN,OFFICIAL_SAME_PERIOD,SYNTHETIC_DAILY_CALIBRATED_TO_PUBLIC_ANNUAL_REFERENCE,62.53,11.635,1,69.18,2.15,109.58,3.57,60.0,60.0,60.0,SYNTHETIC_DEMO_CORRELATED_WITH_RAINFALL_REPLACE_WITH_NASA_SMAP_OR_ISRO_BHUVAN
PROD-0001985,2022-09-06,Chikla,Maharashtra,Bhandara,21.54169,79.75545,534.43,500.77,0.0,0,0.0,OFFICIAL_ANNUAL_PLAN,OFFICIAL_SAME_PERIOD,SYNTHETIC_DAILY_CALIBRATED_TO_PUBLIC_ANNUAL_REFERENCE,33.66,6.298,1,57.13,1.97,104.54,3.49,55.98,58.66,59.43,SYNTHETIC_DEMO_CORRELATED_WITH_RAINFALL_REPLACE_WITH_NASA_SMAP_OR_ISRO_BHUVAN
PROD-0001986,2022-09-07,Chikla,Maharashtra,Bhandara,21.54169,79.75545,591.03,529.52,0.99,0,11.94,OFFICIAL_ANNUAL_PLAN,OFFICIAL_SAME_PERIOD,SYNTHETIC_DAILY_CALIBRATED_TO_PUBLIC_ANNUAL_REFERENCE,61.51,10.407,1,48.71,2.65,112.52,4.42,60.0,58.66,59.43,SYNTHETIC_DEMO_CORRELATED_WITH_RAINFALL_REPLACE_WITH_NASA_SMAP_OR_ISRO_BHUVAN
PROD-0001987,2022-09-08,Chikla,Maharashtra,Bhandara,21.54169,79.75545,592.92,508.33,3.37,0,37.3,OFFICIAL_ANNUAL_PLAN,OFFICIAL_SAME_PERIOD,SYNTHETIC_DAILY_CALIBRATED_TO_PUBLIC_ANNUAL_REFERENCE,84.59,14.267,1,49.24,4.36,129.92,7.49,60.0,58.66,59.43,SYNTHETIC_DEMO_CORRELATED_WITH_RAINFALL_REPLACE_WITH_NASA_SMAP_OR_ISRO_BHUVAN
PROD-0001988,2022-09-09,Chikla,Maharashtra,Bhandara,21.54169,79.75545,475.28,424.4,0.23,39,15.64,OFFICIAL_ANNUAL_PLAN,OFFICIAL_SAME_PERIOD,SYNTHETIC_DAILY_CALIBRATED_TO_PUBLIC_ANNUAL_REFERENCE,50.88,10.705,1,64.88,4.59,134.06,6.74,60.0,60.0,59.43,SYNTHETIC_DEMO_CORRELATED_WITH_RAINFALL_REPLACE_WITH_NASA_SMAP_OR_ISRO_BHUVAN
PROD-0001989,2022-09-10,Chikla,Maharashtra,Bhandara,21.54169,79.75545,477.5,435.02,1.21,22,17.4,OFFICIAL_ANNUAL_PLAN,OFFICIAL_SAME_PERIOD,SYNTHETIC_DAILY_CALIBRATED_TO_PUBLIC_ANNUAL_REFERENCE,42.48,8.896,1,70.34,4.81,139.41,7.77,60.0,60.0,59.43,SYNTHETIC_DEMO_CORRELATED_WITH_RAINFALL_REPLACE_WITH_NASA_SMAP_OR_ISRO_BHUVAN
PROD-0001990,2022-09-11,Chikla,Maharashtra,Bhandara,21.54169,79.75545,656.49,623.13,0.0,21,0.0,OFFICIAL_ANNUAL_PLAN,OFFICIAL_SAME_PERIOD,SYNTHETIC_DAILY_CALIBRATED_TO_PUBLIC_ANNUAL_REFERENCE,33.36,5.082,1,33.04,1.44,119.05,7.46,53.56,57.85,58.51,SYNTHETIC_DEMO_CORRELATED_WITH_RAINFALL_REPLACE_WITH_NASA_SMAP_OR_ISRO_BHUVAN
PROD-0001991,2022-09-12,Chikla,Maharashtra,Bhandara,21.54169,79.75545,528.02,442.47,1.4,0,22.17,OFFICIAL_ANNUAL_PLAN,OFFICIAL_SAME_PERIOD,SYNTHETIC_DAILY_CALIBRATED_TO_PUBLIC_ANNUAL_REFERENCE,85.55,16.202,1,39.57,2.61,104.45,7.2,60.0,57.85,58.51,SYNTHETIC_DEMO_CORRELATED_WITH_RAINFALL_REPLACE_WITH_NASA_SMAP_OR_ISRO_BHUVAN
PROD-0001992,2022-09-13,Chikla,Maharashtra,Bhandara,21.54169,79.75545,583.26,522.06,2.13,0,0.0,OFFICIAL_ANNUAL_PLAN,OFFICIAL_SAME_PERIOD,SYNTHETIC_DAILY_CALIBRATED_TO_PUBLIC_ANNUAL_REFERENCE,61.2,10.493,1,22.17,3.53,104.45,9.33,56.27,56.61,58.55,SYNTHETIC_DEMO_CORRELATED_WITH_RAINFALL_REPLACE_WITH_NASA_SMAP_OR_ISRO_BHUVAN
PROD-0001993,2022-09-14,Chikla,Maharashtra,Bhandara,21.54169,79.75545,528.74,490.95,0.75,0,0.0,OFFICIAL_ANNUAL_PLAN,OFFICIAL_SAME_PERIOD,SYNTHETIC_DAILY_CALIBRATED_TO_PUBLIC_ANNUAL_REFERENCE,37.79,7.147,1,22.17,4.28,92.51,9.09,54.72,57.0,57.79,SYNTHETIC_DEMO_CORRELATED_WITH_RAINFALL_REPLACE_WITH_NASA_SMAP_OR_ISRO_BHUVAN
PROD-0001994,2022-09-15,Chikla,Maharashtra,Bhandara,21.54169,79.75545,551.0,516.13,0.0,0,0.0,OFFICIAL_ANNUAL_PLAN,OFFICIAL_SAME_PERIOD,SYNTHETIC_DAILY_CALIBRATED_TO_PUBLIC_ANNUAL_REFERENCE,34.87,6.328,1,0.0,2.88,55.21,5.72,50.84,53.94,56.48,SYNTHETIC_DEMO_CORRELATED_WITH_RAINFALL_REPLACE_WITH_NASA_SMAP_OR_ISRO_BHUVAN
PROD-0001995,2022-09-16,Chikla,Maharashtra,Bhandara,21.54169,79.75545,575.7,451.49,7.77,82,44.23,OFFICIAL_ANNUAL_PLAN,OFFICIAL_SAME_PERIOD,SYNTHETIC_DAILY_CALIBRATED_TO_PUBLIC_ANNUAL_REFERENCE,124.21,21.575,1,44.23,8.52,83.8,13.26,60.0,55.19,56.48,SYNTHETIC_DEMO_CORRELATED_WITH_RAINFALL_REPLACE_WITH_NASA_SMAP_OR_ISRO_BHUVAN
PROD-0001996,2022-09-17,Chikla,Maharashtra,Bhandara,21.54169,79.75545,550.21,499.93,1.86,55,0.0,OFFICIAL_ANNUAL_PLAN,OFFICIAL_SAME_PERIOD,SYNTHETIC_DAILY_CALIBRATED_TO_PUBLIC_ANNUAL_REFERENCE,50.28,9.138,1,44.23,9.63,66.4,13.91,56.65,55.83,56.01,SYNTHETIC_DEMO_CORRELATED_WITH_RAINFALL_REPLACE_WITH_NASA_SMAP_OR_ISRO_BHUVAN
PROD-0001997,2022-09-18,Chikla,Maharashtra,Bhandara,21.54169,79.75545,591.92,532.03,1.43,33,0.0,OFFICIAL_ANNUAL_PLAN,OFFICIAL_SAME_PERIOD,SYNTHETIC_DAILY_CALIBRATED_TO_PUBLIC_ANNUAL_REFERENCE,59.89,10.118,1,44.23,11.06,66.4,15.34,55.55,57.4,56.29,SYNTHETIC_DEMO_CORRELATED_WITH_RAINFALL_REPLACE_WITH_NASA_SMAP_OR_ISRO_BHUVAN
PROD-0001998,2022-09-19,Chikla,Maharashtra,Bhandara,21.54169,79.75545,518.18,477.84,0.19,0,12.9,OFFICIAL_ANNUAL_PLAN,OFFICIAL_SAME_PERIOD,SYNTHETIC_DAILY_CALIBRATED_TO_PUBLIC_ANNUAL_REFERENCE,40.34,7.785,1,12.9,3.48,57.13,14.13,60.0,57.4,56.29,SYNTHETIC_DEMO_CORRELATED_WITH_RAINFALL_REPLACE_WITH_NASA_SMAP_OR_ISRO_BHUVAN
PROD-0001999,2022-09-20,Chikla,Maharashtra,Bhandara,21.54169,79.75545,591.59,528.87,1.9,0,0.0,OFFICIAL_ANNUAL_PLAN,OFFICIAL_SAME_PERIOD,SYNTHETIC_DAILY_CALIBRATED_TO_PUBLIC_ANNUAL_REFERENCE,62.72,10.602,1,12.9,3.52,57.13,13.9,56.09,57.21,56.26,SYNTHETIC_DEMO_CORRELATED_WITH_RAINFALL_REPLACE_WITH_NASA_SMAP_OR_ISRO_BHUVAN
PROD-0002000,2022-09-21,Chikla,Maharashtra,Bhandara,21.54169,79.75545,571.34,523.23,1.94,0,0.0,OFFICIAL_ANNUAL_PLAN,OFFICIAL_SAME_PERIOD,SYNTHETIC_DAILY_CALIBRATED_TO_PUBLIC_ANNUAL_REFERENCE,48.11,8.421,1,12.9,4.03,57.13,15.09,52.54,56.21,55.95,SYNTHETIC_DEMO_CORRELATED_WITH_RAINFALL_REPLACE_WITH_NASA_SMAP_OR_ISRO_BHUVAN
PROD-0002001,2022-09-22,Chikla,Maharashtra,Bhandara,21.54169,79.75545,511.16,452.55,4.37,11,2.9,OFFICIAL_ANNUAL_PLAN,OFFICIAL_SAME_PERIOD,SYNTHETIC_DAILY_CALIBRATED_TO_PUBLIC_ANNUAL_REFERENCE,58.61,11.466,1,2.9,8.21,60.03,19.46,51.05,53.23,55.98,SYNTHETIC_DEMO_CORRELATED_WITH_RAINFALL_REPLACE_WITH_NASA_SMAP_OR_ISRO_BHUVAN
PROD-0002002,2022-09-23,Chikla,Maharashtra,Bhandara,21.54169,79.75545,495.85,440.71,3.34,0,0.0,OFFICIAL_ANNUAL_PLAN,OFFICIAL_SAME_PERIOD,SYNTHETIC_DAILY_CALIBRATED_TO_PUBLIC_ANNUAL_REFERENCE,55.14,11.12,1,2.9,9.65,15.8,15.03,47.71,50.43,54.23,SYNTHETIC_DEMO_CORRELATED_WITH_RAINFALL_REPLACE_WITH_NASA_SMAP_OR_ISRO_BHUVAN
PROD-0002003,2022-09-24,Chikla,Maharashtra,Bhandara,21.54169,79.75545,573.51,505.18,1.58,30,29.24,OFFICIAL_ANNUAL_PLAN,OFFICIAL_SAME_PERIOD,SYNTHETIC_DAILY_CALIBRATED_TO_PUBLIC_ANNUAL_REFERENCE,68.33,11.914,1,32.14,9.29,45.04,14.75,60.0,52.92,54.71,SYNTHETIC_DEMO_CORRELATED_WITH_RAINFALL_REPLACE_WITH_NASA_SMAP_OR_ISRO_BHUVAN
PROD-0002004,2022-09-25,Chikla,Maharashtra,Bhandara,21.54169,79.75545,537.6,467.06,6.13,0,15.66,OFFICIAL_ANNUAL_PLAN,OFFICIAL_SAME_PERIOD,SYNTHETIC_DAILY_CALIBRATED_TO_PUBLIC_ANNUAL_REFERENCE,70.54,13.121,1,44.9,11.05,60.7,19.45,60.0,55.9,55.34,SYNTHETIC_DEMO_CORRELATED_WITH_RAINFALL_REPLACE_WITH_NASA_SMAP_OR_ISRO_BHUVAN
PROD-0002005,2022-09-26,Chikla,Maharashtra,Bhandara,21.54169,79.75545,542.64,484.2,0.24,0,15.75,OFFICIAL_ANNUAL_PLAN,OFFICIAL_SAME_PERIOD,SYNTHETIC_DAILY_CALIBRATED_TO_PUBLIC_ANNUAL_REFERENCE,58.44,10.77,1,60.65,7.95,63.55,19.5,60.0,60.0,55.34,SYNTHETIC_DEMO_CORRELATED_WITH_RAINFALL_REPLACE_WITH_NASA_SMAP_OR_ISRO_BHUVAN
PROD-0002006,2022-09-27,Chikla,Maharashtra,Bhandara,21.54169,79.75545,540.73,490.83,0.24,0,0.0,OFFICIAL_ANNUAL_PLAN,OFFICIAL_SAME_PERIOD,SYNTHETIC_DAILY_CALIBRATED_TO_PUBLIC_ANNUAL_REFERENCE,49.9,9.228,1,31.41,6.61,63.55,17.84,57.52,59.17,55.55,SYNTHETIC_DEMO_CORRELATED_WITH_RAINFALL_REPLACE_WITH_NASA_SMAP_OR_ISRO_BHUVAN
PROD-0002007,2022-09-28,Chikla,Maharashtra,Bhandara,21.54169,79.75545,519.4,460.13,2.2,0,0.0,OFFICIAL_ANNUAL_PLAN,OFFICIAL_SAME_PERIOD,SYNTHETIC_DAILY_CALIBRATED_TO_PUBLIC_ANNUAL_REFERENCE,59.27,11.411,1,15.75,2.68,63.55,18.1,54.91,57.48,55.88,SYNTHETIC_DEMO_CORRELATED_WITH_RAINFALL_REPLACE_WITH_NASA_SMAP_OR_ISRO_BHUVAN
PROD-0002008,2022-09-29,Chikla,Maharashtra,Bhandara,21.54169,79.75545,506.66,484.21,1.02,0,0.0,OFFICIAL_ANNUAL_PLAN,OFFICIAL_SAME_PERIOD,SYNTHETIC_DAILY_CALIBRATED_TO_PUBLIC_ANNUAL_REFERENCE,22.45,4.431,1,0.0,3.46,60.65,14.75,53.91,55.45,56.29,SYNTHETIC_DEMO_CORRELATED_WITH_RAINFALL_REPLACE_WITH_NASA_SMAP_OR_ISRO_BHUVAN
PROD-0002009,2022-09-30,Chikla,Maharashtra,Bhandara,21.54169,79.75545,495.98,447.37,0.31,0,20.56,OFFICIAL_ANNUAL_PLAN,OFFICIAL_SAME_PERIOD,SYNTHETIC_DAILY_CALIBRATED_TO_PUBLIC_ANNUAL_REFERENCE,48.61,9.801,1,20.56,3.53,81.21,11.72,60.0,56.27,58.05,SYNTHETIC_DEMO_CORRELATED_WITH_RAINFALL_REPLACE_WITH_NASA_SMAP_OR_ISRO_BHUVAN
PROD-0002010,2022-10-01,Chikla,Maharashtra,Bhandara,21.54169,79.75545,591.81,511.96,3.86,0,0.0,OFFICIAL_ANNUAL_PLAN,OFFICIAL_SAME_PERIOD,SYNTHETIC_DAILY_CALIBRATED_TO_PUBLIC_ANNUAL_REFERENCE,79.85,13.493,1,20.56,5.19,51.97,14.0,57.2,57.04,57.65,SYNTHETIC_DEMO_CORRELATED_WITH_RAINFALL_REPLACE_WITH_NASA_SMAP_OR_ISRO_BHUVAN
PROD-0002011,2022-10-02,Chikla,Maharashtra,Bhandara,21.54169,79.75545,537.07,513.5,0.0,0,0.0,OFFICIAL_ANNUAL_PLAN,OFFICIAL_SAME_PERIOD,SYNTHETIC_DAILY_CALIBRATED_TO_PUBLIC_ANNUAL_REFERENCE,23.57,4.389,1,20.56,4.17,36.31,7.87,54.75,57.32,56.9,SYNTHETIC_DEMO_CORRELATED_WITH_RAINFALL_REPLACE_WITH_NASA_SMAP_OR_ISRO_BHUVAN
PROD-0002012,2022-10-03,Chikla,Maharashtra,Bhandara,21.54169,79.75545,475.74,456.76,0.54,0,0.0,OFFICIAL_ANNUAL_PLAN,OFFICIAL_SAME_PERIOD,SYNTHETIC_DAILY_CALIBRATED_TO_PUBLIC_ANNUAL_REFERENCE,18.98,3.99,1,0.0,4.4,20.56,8.17,52.87,54.94,55.88,SYNTHETIC_DEMO_CORRELATED_WITH_RAINFALL_REPLACE_WITH_NASA_SMAP_OR_ISRO_BHUVAN
PROD-0002013,2022-10-04,Chikla,Maharashtra,Bhandara,21.54169,79.75545,562.97,503.23,2.28,0,0.0,OFFICIAL_ANNUAL_PLAN,OFFICIAL_SAME_PERIOD,SYNTHETIC_DAILY_CALIBRATED_TO_PUBLIC_ANNUAL_REFERENCE,59.74,10.612,1,0.0,2.82,20.56,10.21,49.23,52.28,54.7,SYNTHETIC_DEMO_CORRELATED_WITH_RAINFALL_REPLACE_WITH_NASA_SMAP_OR_ISRO_BHUVAN
PROD-0002014,2022-10-05,Chikla,Maharashtra,Bhandara,21.54169,79.75545,520.56,461.31,3.01,0,0.0,OFFICIAL_ANNUAL_PLAN,OFFICIAL_SAME_PERIOD,SYNTHETIC_DAILY_CALIBRATED_TO_PUBLIC_ANNUAL_REFERENCE,59.25,11.382,1,0.0,5.83,20.56,11.02,47.61,49.9,53.65,SYNTHETIC_DEMO_CORRELATED_WITH_RAINFALL_REPLACE_WITH_NASA_SMAP_OR_ISRO_BHUVAN
PROD-0002015,2022-10-06,Chikla,Maharashtra,Bhandara,21.54169,79.75545,558.19,533.04,1.62,0,0.0,OFFICIAL_ANNUAL_PLAN,OFFICIAL_SAME_PERIOD,SYNTHETIC_DAILY_CALIBRATED_TO_PUBLIC_ANNUAL_REFERENCE,25.15,4.506,1,0.0,6.91,20.56,11.62,45.26,47.37,52.42,SYNTHETIC_DEMO_CORRELATED_WITH_RAINFALL_REPLACE_WITH_NASA_SMAP_OR_ISRO_BHUVAN
PROD-0002016,2022-10-07,Chikla,Maharashtra,Bhandara,21.54169,79.75545,555.19,485.93,2.29,0,0.0,OFFICIAL_ANNUAL_PLAN,OFFICIAL_SAME_PERIOD,SYNTHETIC_DAILY_CALIBRATED_TO_PUBLIC_ANNUAL_REFERENCE,69.26,12.475,1,0.0,6.92,0.0,13.6,41.82,44.9,49.82,SYNTHETIC_DEMO_CORRELATED_WITH_RAINFALL_REPLACE_WITH_NASA_SMAP_OR_ISRO_BHUVAN
PROD-0002017,2022-10-08,Chikla,Maharashtra,Bhandara,21.54169,79.75545,578.89,555.43,0.0,0,0.0,OFFICIAL_ANNUAL_PLAN,OFFICIAL_SAME_PERIOD,SYNTHETIC_DAILY_CALIBRATED_TO_PUBLIC_ANNUAL_REFERENCE,23.46,4.053,1,0.0,3.91,0.0,9.74,38.66,41.91,47.17,SYNTHETIC_DEMO_CORRELATED_WITH_RAINFALL_REPLACE_WITH_NASA_SMAP_OR_ISRO_BHUVAN
PROD-0002018,2022-10-09,Chikla,Maharashtra,Bhandara,21.54169,79.75545,594.52,568.14,0.29,37,0.0,OFFICIAL_ANNUAL_PLAN,OFFICIAL_SAME_PERIOD,SYNTHETIC_DAILY_CALIBRATED_TO_PUBLIC_ANNUAL_REFERENCE,26.38,4.437,1,0.0,2.58,0.0,10.03,37.85,39.44,44.76,SYNTHETIC_DEMO_CORRELATED_WITH_RAINFALL_REPLACE_WITH_NASA_SMAP_OR_ISRO_BHUVAN
PROD-0002019,2022-10-10,Chikla,Maharashtra,Bhandara,21.54169,79.75545,547.78,491.44,2.78,0,0.0,OFFICIAL_ANNUAL_PLAN,OFFICIAL_SAME_PERIOD,SYNTHETIC_DAILY_CALIBRATED_TO_PUBLIC_ANNUAL_REFERENCE,56.34,10.285,1,0.0,3.07,0.0,12.27,37.58,38.03,42.57,SYNTHETIC_DEMO_CORRELATED_WITH_RAINFALL_REPLACE_WITH_NASA_SMAP_OR_ISRO_BHUVAN
PROD-0002020,2022-10-11,Chikla,Maharashtra,Bhandara,21.54169,79.75545,540.88,505.89,0.0,0,0.0,OFFICIAL_ANNUAL_PLAN,OFFICIAL_SAME_PERIOD,SYNTHETIC_DAILY_CALIBRATED_TO_PUBLIC_ANNUAL_REFERENCE,34.99,6.469,1,0.0,3.07,0.0,9.99,35.76,37.06,40.65,SYNTHETIC_DEMO_CORRELATED_WITH_RAINFALL_REPLACE_WITH_NASA_SMAP_OR_ISRO_BHUVAN
PROD-0002021,2022-10-12,Chikla,Maharashtra,Bhandara,21.54169,79.75545,519.07,472.92,3.4,42,0.0,OFFICIAL_ANNUAL_PLAN,OFFICIAL_SAME_PERIOD,SYNTHETIC_DAILY_CALIBRATED_TO_PUBLIC_ANNUAL_REFERENCE,46.15,8.891,1,0.0,6.18,0.0,10.38,32.09,35.14,38.43,SYNTHETIC_DEMO_CORRELATED_WITH_RAINFALL_REPLACE_WITH_NASA_SMAP_OR_ISRO_BHUVAN
PROD-0002022,2022-10-13,Chikla,Maharashtra,Bhandara,21.54169,79.75545,581.04,509.1,0.0,0,0.0,OFFICIAL_ANNUAL_PLAN,OFFICIAL_SAME_PERIOD,SYNTHETIC_DAILY_CALIBRATED_TO_PUBLIC_ANNUAL_REFERENCE,71.94,12.381,1,0.0,3.4,0.0,8.76,30.56,32.8,36.33,SYNTHETIC_DEMO_CORRELATED_WITH_RAINFALL_REPLACE_WITH_NASA_SMAP_OR_ISRO_BHUVAN
PROD-0002023,2022-10-14,Chikla,Maharashtra,Bhandara,21.54169,79.75545,602.21,555.95,1.76,0,0.0,OFFICIAL_ANNUAL_PLAN,OFFICIAL_SAME_PERIOD,SYNTHETIC_DAILY_CALIBRATED_TO_PUBLIC_ANNUAL_REFERENCE,46.26,7.682,1,0.0,5.16,0.0,8.23,27.0,29.88,34.21,SYNTHETIC_DEMO_CORRELATED_WITH_RAINFALL_REPLACE_WITH_NASA_SMAP_OR_ISRO_BHUVAN
PROD-0002024,2022-10-15,Chikla,Maharashtra,Bhandara,21.54169,79.75545,606.41,555.51,1.08,0,0.0,OFFICIAL_ANNUAL_PLAN,OFFICIAL_SAME_PERIOD,SYNTHETIC_DAILY_CALIBRATED_TO_PUBLIC_ANNUAL_REFERENCE,50.9,8.394,1,0.0,2.84,0.0,9.31,24.97,27.51,32.26,SYNTHETIC_DEMO_CORRELATED_WITH_RAINFALL_REPLACE_WITH_NASA_SMAP_OR_ISRO_BHUVAN
PROD-0002025,2022-10-16,Chikla,Maharashtra,Bhandara,21.54169,79.75545,557.48,505.87,0.0,0,0.0,OFFICIAL_ANNUAL_PLAN,OFFICIAL_SAME_PERIOD,SYNTHETIC_DAILY_CALIBRATED_TO_PUBLIC_ANNUAL_REFERENCE,51.61,9.258,1,0.0,2.84,0.0,9.02,22.3,24.76,30.04,SYNTHETIC_DEMO_CORRELATED_WITH_RAINFALL_REPLACE_WITH_NASA_SMAP_OR_ISRO_BHUVAN
PROD-0002026,2022-10-17,Chikla,Maharashtra,Bhandara,21.54169,79.75545,607.05,551.79,0.25,34,16.99,OFFICIAL_ANNUAL_PLAN,OFFICIAL_SAME_PERIOD,SYNTHETIC_DAILY_CALIBRATED_TO_PUBLIC_ANNUAL_REFERENCE,55.26,9.103,1,16.99,1.33,16.99,6.49,37.58,28.28,30.04,SYNTHETIC_DEMO_CORRELATED_WITH_RAINFALL_REPLACE_WITH_NASA_SMAP_OR_ISRO_BHUVAN
PROD-0002027,2022-10-18,Chikla,Maharashtra,Bhandara,21.54169,79.75545,552.13,516.95,0.0,0,0.0,OFFICIAL_ANNUAL_PLAN,OFFICIAL_SAME_PERIOD,SYNTHETIC_DAILY_CALIBRATED_TO_PUBLIC_ANNUAL_REFERENCE,35.18,6.372,1,16.99,0.25,16.99,6.49,33.86,31.25,29.77,SYNTHETIC_DEMO_CORRELATED_WITH_RAINFALL_REPLACE_WITH_NASA_SMAP_OR_ISRO_BHUVAN
PROD-0002028,2022-10-19,Chikla,Maharashtra,Bhandara,21.54169,79.75545,573.57,531.13,1.59,0,0.0,OFFICIAL_ANNUAL_PLAN,OFFICIAL_SAME_PERIOD,SYNTHETIC_DAILY_CALIBRATED_TO_PUBLIC_ANNUAL_REFERENCE,42.44,7.399,1,16.99,1.84,16.99,4.68,30.6,34.01,29.55,SYNTHETIC_DEMO_CORRELATED_WITH_RAINFALL_REPLACE_WITH_NASA_SMAP_OR_ISRO_BHUVAN
PROD-0002029,2022-10-20,Chikla,Maharashtra,Bhandara,21.54169,79.75545,585.97,535.17,2.36,0,0.0,OFFICIAL_ANNUAL_PLAN,OFFICIAL_SAME_PERIOD,SYNTHETIC_DAILY_CALIBRATED_TO_PUBLIC_ANNUAL_REFERENCE,50.8,8.669,1,0.0,3.95,16.99,7.04,27.72,30.73,29.15,SYNTHETIC_DEMO_CORRELATED_WITH_RAINFALL_REPLACE_WITH_NASA_SMAP_OR_ISRO_BHUVAN
PROD-0002030,2022-10-21,Chikla,Maharashtra,Bhandara,21.54169,79.75545,626.48,597.81,0.0,0,0.0,OFFICIAL_ANNUAL_PLAN,OFFICIAL_SAME_PERIOD,SYNTHETIC_DAILY_CALIBRATED_TO_PUBLIC_ANNUAL_REFERENCE,28.67,4.576,1,0.0,3.95,16.99,5.28,24.03,27.45,28.72,SYNTHETIC_DEMO_CORRELATED_WITH_RAINFALL_REPLACE_WITH_NASA_SMAP_OR_ISRO_BHUVAN
PROD-0002031,2022-10-22,Chikla,Maharashtra,Bhandara,21.54169,79.75545,580.47,476.66,6.78,0,0.0,OFFICIAL_ANNUAL_PLAN,OFFICIAL_SAME_PERIOD,SYNTHETIC_DAILY_CALIBRATED_TO_PUBLIC_ANNUAL_REFERENCE,103.81,17.884,1,0.0,9.14,16.99,10.98,21.7,24.48,28.26,SYNTHETIC_DEMO_CORRELATED_WITH_RAINFALL_REPLACE_WITH_NASA_SMAP_OR_ISRO_BHUVAN
PROD-0002032,2022-10-23,Chikla,Maharashtra,Bhandara,21.54169,79.75545,538.7,491.61,0.0,0,0.0,OFFICIAL_ANNUAL_PLAN,OFFICIAL_SAME_PERIOD,SYNTHETIC_DAILY_CALIBRATED_TO_PUBLIC_ANNUAL_REFERENCE,47.09,8.741,1,0.0,6.78,16.99,10.98,21.66,22.46,28.16,SYNTHETIC_DEMO_CORRELATED_WITH_RAINFALL_REPLACE_WITH_NASA_SMAP_OR_ISRO_BHUVAN
PROD-0002033,2022-10-24,Chikla,Maharashtra,Bhandara,21.54169,79.75545,539.92,512.81,0.0,0,0.0,OFFICIAL_ANNUAL_PLAN,OFFICIAL_SAME_PERIOD,SYNTHETIC_DAILY_CALIBRATED_TO_PUBLIC_ANNUAL_REFERENCE,27.11,5.021,1,0.0,6.78,0.0,10.73,22.04,21.8,25.94,SYNTHETIC_DEMO_CORRELATED_WITH_RAINFALL_REPLACE_WITH_NASA_SMAP_OR_ISRO_BHUVAN
PROD-0002034,2022-10-25,Chikla,Maharashtra,Bhandara,21.54169,79.75545,532.57,479.98,0.0,0,0.0,OFFICIAL_ANNUAL_PLAN,OFFICIAL_SAME_PERIOD,SYNTHETIC_DAILY_CALIBRATED_TO_PUBLIC_ANNUAL_REFERENCE,52.59,9.875,1,0.0,0.0,0.0,10.73,19.02,20.91,23.82,SYNTHETIC_DEMO_CORRELATED_WITH_RAINFALL_REPLACE_WITH_NASA_SMAP_OR_ISRO_BHUVAN
PROD-0002035,2022-10-26,Chikla,Maharashtra,Bhandara,21.54169,79.75545,589.84,506.07,2.77,63,0.0,OFFICIAL_ANNUAL_PLAN,OFFICIAL_SAME_PERIOD,SYNTHETIC_DAILY_CALIBRATED_TO_PUBLIC_ANNUAL_REFERENCE,83.77,14.202,1,0.0,2.77,0.0,11.91,18.6,19.89,22.11,SYNTHETIC_DEMO_CORRELATED_WITH_RAINFALL_REPLACE_WITH_NASA_SMAP_OR_ISRO_BHUVAN
PROD-0002036,2022-10-27,Chikla,Maharashtra,Bhandara,21.54169,79.75545,594.27,537.06,0.0,0,0.0,OFFICIAL_ANNUAL_PLAN,OFFICIAL_SAME_PERIOD,SYNTHETIC_DAILY_CALIBRATED_TO_PUBLIC_ANNUAL_REFERENCE,57.21,9.627,1,0.0,2.77,0.0,9.55,16.33,17.98,20.48,SYNTHETIC_DEMO_CORRELATED_WITH_RAINFALL_REPLACE_WITH_NASA_SMAP_OR_ISRO_BHUVAN
PROD-0002037,2022-10-28,Chikla,Maharashtra,Bhandara,21.54169,79.75545,562.25,505.22,0.05,52,3.46,OFFICIAL_ANNUAL_PLAN,OFFICIAL_SAME_PERIOD,SYNTHETIC_DAILY_CALIBRATED_TO_PUBLIC_ANNUAL_REFERENCE,57.03,10.143,1,3.46,2.82,3.46,9.6,20.17,18.37,19.93,SYNTHETIC_DEMO_CORRELATED_WITH_RAINFALL_REPLACE_WITH_NASA_SMAP_OR_ISRO_BHUVAN
PROD-0002038,2022-10-29,Chikla,Maharashtra,Bhandara,21.54169,79.75545,493.98,431.27,2.36,0,0.0,OFFICIAL_ANNUAL_PLAN,OFFICIAL_SAME_PERIOD,SYNTHETIC_DAILY_CALIBRATED_TO_PUBLIC_ANNUAL_REFERENCE,62.71,12.695,1,3.46,2.41,3.46,5.18,17.52,18.01,19.33,SYNTHETIC_DEMO_CORRELATED_WITH_RAINFALL_REPLACE_WITH_NASA_SMAP_OR_ISRO_BHUVAN
PROD-0002039,2022-10-30,Chikla,Maharashtra,Bhandara,21.54169,79.75545,562.21,505.65,0.23,0,15.13,OFFICIAL_ANNUAL_PLAN,OFFICIAL_SAME_PERIOD,SYNTHETIC_DAILY_CALIBRATED_TO_PUBLIC_ANNUAL_REFERENCE,56.56,10.06,1,18.59,2.64,18.59,5.41,28.42,22.04,20.3,SYNTHETIC_DEMO_CORRELATED_WITH_RAINFALL_REPLACE_WITH_NASA_SMAP_OR_ISRO_BHUVAN
PROD-0002040,2022-10-31,Chikla,Maharashtra,Bhandara,21.54169,79.75545,537.33,465.34,4.35,15,12.62,OFFICIAL_ANNUAL_PLAN,OFFICIAL_SAME_PERIOD,SYNTHETIC_DAILY_CALIBRATED_TO_PUBLIC_ANNUAL_REFERENCE,71.99,13.398,1,27.75,6.94,31.21,9.76,38.19,28.04,22.61,SYNTHETIC_DEMO_CORRELATED_WITH_RAINFALL_REPLACE_WITH_NASA_SMAP_OR_ISRO_BHUVAN
PROD-0002041,2022-11-01,Chikla,Maharashtra,Bhandara,21.54169,79.75545,477.0,433.82,0.0,0,0.0,OFFICIAL_ANNUAL_PLAN,OFFICIAL_SAME_PERIOD,SYNTHETIC_DAILY_CALIBRATED_TO_PUBLIC_ANNUAL_REFERENCE,43.18,9.052,1,27.75,4.58,31.21,9.76,37.1,34.57,25.19,SYNTHETIC_DEMO_CORRELATED_WITH_RAINFALL_REPLACE_WITH_NASA_SMAP_OR_ISRO_BHUVAN
PROD-0002042,2022-11-02,Chikla,Maharashtra,Bhandara,21.54169,79.75545,576.78,498.05,2.22,0,6.5,OFFICIAL_ANNUAL_PLAN,OFFICIAL_SAME_PERIOD,SYNTHETIC_DAILY_CALIBRATED_TO_PUBLIC_ANNUAL_REFERENCE,78.73,13.65,1,19.12,6.57,37.71,9.21,40.45,38.58,28.31,SYNTHETIC_DEMO_CORRELATED_WITH_RAINFALL_REPLACE_WITH_NASA_SMAP_OR_ISRO_BHUVAN
PROD-0002043,2022-11-03,Chikla,Maharashtra,Bhandara,21.54169,79.75545,542.93,507.26,0.0,0,0.0,OFFICIAL_ANNUAL_PLAN,OFFICIAL_SAME_PERIOD,SYNTHETIC_DAILY_CALIBRATED_TO_PUBLIC_ANNUAL_REFERENCE,35.67,6.57,1,6.5,2.22,37.71,9.21,37.28,38.28,31.3,SYNTHETIC_DEMO_CORRELATED_WITH_RAINFALL_REPLACE_WITH_NASA_SMAP_OR_ISRO_BHUVAN
PROD-0002044,2022-11-04,Chikla,Maharashtra,Bhandara,21.54169,79.75545,601.37,550.88,1.96,0,0.0,OFFICIAL_ANNUAL_PLAN,OFFICIAL_SAME_PERIOD,SYNTHETIC_DAILY_CALIBRATED_TO_PUBLIC_ANNUAL_REFERENCE,50.49,8.396,1,6.5,4.18,34.25,11.12,35.21,37.65,33.45,SYNTHETIC_DEMO_CORRELATED_WITH_RAINFALL_REPLACE_WITH_NASA_SMAP_OR_ISRO_BHUVAN
PROD-0002045,2022-11-05,Chikla,Maharashtra,Bhandara,21.54169,79.75545,512.21,475.29,1.0,0,0.0,OFFICIAL_ANNUAL_PLAN,OFFICIAL_SAME_PERIOD,SYNTHETIC_DAILY_CALIBRATED_TO_PUBLIC_ANNUAL_REFERENCE,36.92,7.208,1,0.0,2.96,34.25,9.76,31.47,34.65,35.45,SYNTHETIC_DEMO_CORRELATED_WITH_RAINFALL_REPLACE_WITH_NASA_SMAP_OR_ISRO_BHUVAN
PROD-0002046,2022-11-06,Chikla,Maharashtra,Bhandara,21.54169,79.75545,542.15,497.4,0.0,0,0.0,OFFICIAL_ANNUAL_PLAN,OFFICIAL_SAME_PERIOD,SYNTHETIC_DAILY_CALIBRATED_TO_PUBLIC_ANNUAL_REFERENCE,44.75,8.254,1,0.0,2.96,19.12,9.53,30.89,32.52,35.8,SYNTHETIC_DEMO_CORRELATED_WITH_RAINFALL_REPLACE_WITH_NASA_SMAP_OR_ISRO_BHUVAN
PROD-0002047,2022-11-07,Chikla,Maharashtra,Bhandara,21.54169,79.75545,562.29,503.08,0.0,0,0.0,OFFICIAL_ANNUAL_PLAN,OFFICIAL_SAME_PERIOD,SYNTHETIC_DAILY_CALIBRATED_TO_PUBLIC_ANNUAL_REFERENCE,59.21,10.53,1,0.0,1.0,6.5,5.18,27.2,29.85,34.23,SYNTHETIC_DEMO_CORRELATED_WITH_RAINFALL_REPLACE_WITH_NASA_SMAP_OR_ISRO_BHUVAN
PROD-0002048,2022-11-08,Chikla,Maharashtra,Bhandara,21.54169,79.75545,569.62,521.01,0.46,0,0.0,OFFICIAL_ANNUAL_PLAN,OFFICIAL_SAME_PERIOD,SYNTHETIC_DAILY_CALIBRATED_TO_PUBLIC_ANNUAL_REFERENCE,48.61,8.534,1,0.0,0.46,6.5,5.64,25.41,27.83,32.56,SYNTHETIC_DEMO_CORRELATED_WITH_RAINFALL_REPLACE_WITH_NASA_SMAP_OR_ISRO_BHUVAN
PROD-0002049,2022-11-09,Chikla,Maharashtra,Bhandara,21.54169,79.75545,567.19,524.94,0.44,0,12.71,OFFICIAL_ANNUAL_PLAN,OFFICIAL_SAME_PERIOD,SYNTHETIC_DAILY_CALIBRATED_TO_PUBLIC_ANNUAL_REFERENCE,42.25,7.449,1,12.71,0.9,12.71,3.86,32.77,28.46,31.46,SYNTHETIC_DEMO_CORRELATED_WITH_RAINFALL_REPLACE_WITH_NASA_SMAP_OR_ISRO_BHUVAN
PROD-0002050,2022-11-10,Chikla,Maharashtra,Bhandara,21.54169,79.75545,554.32,466.94,2.21,0,0.0,OFFICIAL_ANNUAL_PLAN,OFFICIAL_SAME_PERIOD,SYNTHETIC_DAILY_CALIBRATED_TO_PUBLIC_ANNUAL_REFERENCE,87.38,15.763,1,12.71,3.11,12.71,6.07,30.01,29.4,30.42,SYNTHETIC_DEMO_CORRELATED_WITH_RAINFALL_REPLACE_WITH_NASA_SMAP_OR_ISRO_BHUVAN
PROD-0002051,2022-11-11,Chikla,Maharashtra,Bhandara,21.54169,79.75545,595.45,527.4,0.94,0,5.31,OFFICIAL_ANNUAL_PLAN,OFFICIAL_SAME_PERIOD,SYNTHETIC_DAILY_CALIBRATED_TO_PUBLIC_ANNUAL_REFERENCE,68.05,11.428,1,18.02,3.59,18.02,5.05,32.6,31.79,30.05,SYNTHETIC_DEMO_CORRELATED_WITH_RAINFALL_REPLACE_WITH_NASA_SMAP_OR_ISRO_BHUVAN
PROD-0002052,2022-11-12,Chikla,Maharashtra,Bhandara,21.54169,79.75545,615.06,545.47,0.95,13,0.0,OFFICIAL_ANNUAL_PLAN,OFFICIAL_SAME_PERIOD,SYNTHETIC_DAILY_CALIBRATED_TO_PUBLIC_ANNUAL_REFERENCE,69.59,11.314,1,5.31,4.1,18.02,5.0,31.49,31.37,30.05,SYNTHETIC_DEMO_CORRELATED_WITH_RAINFALL_REPLACE_WITH_NASA_SMAP_OR_ISRO_BHUVAN
PROD-0002053,2022-11-13,Chikla,Maharashtra,Bhandara,21.54169,79.75545,558.17,481.71,3.63,0,0.0,OFFICIAL_ANNUAL_PLAN,OFFICIAL_SAME_PERIOD,SYNTHETIC_DAILY_CALIBRATED_TO_PUBLIC_ANNUAL_REFERENCE,76.46,13.698,1,5.31,5.52,18.02,8.63,28.68,30.92,29.74,SYNTHETIC_DEMO_CORRELATED_WITH_RAINFALL_REPLACE_WITH_NASA_SMAP_OR_ISRO_BHUVAN
PROD-0002054,2022-11-14,Chikla,Maharashtra,Bhandara,21.54169,79.75545,621.17,574.15,0.0,0,0.0,OFFICIAL_ANNUAL_PLAN,OFFICIAL_SAME_PERIOD,SYNTHETIC_DAILY_CALIBRATED_TO_PUBLIC_ANNUAL_REFERENCE,47.02,7.57,1,0.0,4.58,18.02,8.63,26.28,28.82,29.61,SYNTHETIC_DEMO_CORRELATED_WITH_RAINFALL_REPLACE_WITH_NASA_SMAP_OR_ISRO_BHUVAN
PROD-0002055,2022-11-15,Chikla,Maharashtra,Bhandara,21.54169,79.75545,505.65,468.18,1.63,0,0.0,OFFICIAL_ANNUAL_PLAN,OFFICIAL_SAME_PERIOD,SYNTHETIC_DAILY_CALIBRATED_TO_PUBLIC_ANNUAL_REFERENCE,37.47,7.41,1,0.0,5.26,18.02,9.8,23.69,26.22,29.36,SYNTHETIC_DEMO_CORRELATED_WITH_RAINFALL_REPLACE_WITH_NASA_SMAP_OR_ISRO_BHUVAN
PROD-0002056,2022-11-16,Chikla,Maharashtra,Bhandara,21.54169,79.75545,524.97,437.47,3.88,23,0.0,OFFICIAL_ANNUAL_PLAN,OFFICIAL_SAME_PERIOD,SYNTHETIC_DAILY_CALIBRATED_TO_PUBLIC_ANNUAL_REFERENCE,87.5,16.668,1,0.0,5.51,5.31,13.24,18.86,22.94,27.37,SYNTHETIC_DEMO_CORRELATED_WITH_RAINFALL_REPLACE_WITH_NASA_SMAP_OR_ISRO_BHUVAN
PROD-0002057,2022-11-17,Chikla,Maharashtra,Bhandara,21.54169,79.75545,547.83,483.63,2.36,0,14.33,OFFICIAL_ANNUAL_PLAN,OFFICIAL_SAME_PERIOD,SYNTHETIC_DAILY_CALIBRATED_TO_PUBLIC_ANNUAL_REFERENCE,64.2,11.719,1,14.33,7.87,19.64,13.39,30.31,24.29,27.42,SYNTHETIC_DEMO_CORRELATED_WITH_RAINFALL_REPLACE_WITH_NASA_SMAP_OR_ISRO_BHUVAN
PROD-0002058,2022-11-18,Chikla,Maharashtra,Bhandara,21.54169,79.75545,512.33,459.09,0.47,27,31.03,OFFICIAL_ANNUAL_PLAN,OFFICIAL_SAME_PERIOD,SYNTHETIC_DAILY_CALIBRATED_TO_PUBLIC_ANNUAL_REFERENCE,53.24,10.392,1,45.36,6.71,45.36,12.92,57.25,35.47,30.94,SYNTHETIC_DEMO_CORRELATED_WITH_RAINFALL_REPLACE_WITH_NASA_SMAP_OR_ISRO_BHUVAN
PROD-0002059,2022-11-19,Chikla,Maharashtra,Bhandara,21.54169,79.75545,448.2,431.79,1.85,0,0.0,OFFICIAL_ANNUAL_PLAN,OFFICIAL_SAME_PERIOD,SYNTHETIC_DAILY_CALIBRATED_TO_PUBLIC_ANNUAL_REFERENCE,16.41,3.661,1,45.36,4.68,45.36,13.82,54.96,47.51,34.29,SYNTHETIC_DEMO_CORRELATED_WITH_RAINFALL_REPLACE_WITH_NASA_SMAP_OR_ISRO_BHUVAN
PROD-0002060,2022-11-20,Chikla,Maharashtra,Bhandara,21.54169,79.75545,616.57,535.92,0.07,0,4.4,OFFICIAL_ANNUAL_PLAN,OFFICIAL_SAME_PERIOD,SYNTHETIC_DAILY_CALIBRATED_TO_PUBLIC_ANNUAL_REFERENCE,80.65,13.08,1,35.43,2.39,49.76,10.26,55.65,55.95,38.14,SYNTHETIC_DEMO_CORRELATED_WITH_RAINFALL_REPLACE_WITH_NASA_SMAP_OR_ISRO_BHUVAN
PROD-0002061,2022-11-21,Chikla,Maharashtra,Bhandara,21.54169,79.75545,582.2,524.68,0.0,8,0.0,OFFICIAL_ANNUAL_PLAN,OFFICIAL_SAME_PERIOD,SYNTHETIC_DAILY_CALIBRATED_TO_PUBLIC_ANNUAL_REFERENCE,57.52,9.88,1,4.4,1.92,49.76,10.26,51.59,54.07,41.76,SYNTHETIC_DEMO_CORRELATED_WITH_RAINFALL_REPLACE_WITH_NASA_SMAP_OR_ISRO_BHUVAN
PROD-0002062,2022-11-22,Chikla,Maharashtra,Bhandara,21.54169,79.75545,559.63,499.06,2.69,0,0.0,OFFICIAL_ANNUAL_PLAN,OFFICIAL_SAME_PERIOD,SYNTHETIC_DAILY_CALIBRATED_TO_PUBLIC_ANNUAL_REFERENCE,60.57,10.823,1,4.4,2.76,49.76,11.32,48.71,51.98,45.33,SYNTHETIC_DEMO_CORRELATED_WITH_RAINFALL_REPLACE_WITH_NASA_SMAP_OR_ISRO_BHUVAN
PROD-0002063,2022-11-23,Chikla,Maharashtra,Bhandara,21.54169,79.75545,505.83,474.33,0.15,15,10.23,OFFICIAL_ANNUAL_PLAN,OFFICIAL_SAME_PERIOD,SYNTHETIC_DAILY_CALIBRATED_TO_PUBLIC_ANNUAL_REFERENCE,31.5,6.227,1,10.23,2.84,59.99,7.59,54.14,51.48,50.37,SYNTHETIC_DEMO_CORRELATED_WITH_RAINFALL_REPLACE_WITH_NASA_SMAP_OR_ISRO_BHUVAN
PROD-0002064,2022-11-24,Chikla,Maharashtra,Bhandara,21.54169,79.75545,517.15,464.37,2.67,0,3.94,OFFICIAL_ANNUAL_PLAN,OFFICIAL_SAME_PERIOD,SYNTHETIC_DAILY_CALIBRATED_TO_PUBLIC_ANNUAL_REFERENCE,52.78,10.206,1,14.17,5.51,49.6,7.9,53.97,52.27,53.75,SYNTHETIC_DEMO_CORRELATED_WITH_RAINFALL_REPLACE_WITH_NASA_SMAP_OR_ISRO_BHUVAN
PROD-0002065,2022-11-25,Chikla,Maharashtra,Bhandara,21.54169,79.75545,579.41,524.75,2.89,0,0.0,OFFICIAL_ANNUAL_PLAN,OFFICIAL_SAME_PERIOD,SYNTHETIC_DAILY_CALIBRATED_TO_PUBLIC_ANNUAL_REFERENCE,54.66,9.434,1,14.17,5.71,18.57,10.32,49.15,52.42,52.6,SYNTHETIC_DEMO_CORRELATED_WITH_RAINFALL_REPLACE_WITH_NASA_SMAP_OR_ISRO_BHUVAN
PROD-0002066,2022-11-26,Chikla,Maharashtra,Bhandara,21.54169,79.75545,518.44,482.06,0.15,0,9.81,OFFICIAL_ANNUAL_PLAN,OFFICIAL_SAME_PERIOD,SYNTHETIC_DAILY_CALIBRATED_TO_PUBLIC_ANNUAL_REFERENCE,36.38,7.017,1,13.75,5.71,28.38,8.62,55.96,53.03,52.74,SYNTHETIC_DEMO_CORRELATED_WITH_RAINFALL_REPLACE_WITH_NASA_SMAP_OR_ISRO_BHUVAN
PROD-0002067,2022-11-27,Chikla,Maharashtra,Bhandara,21.54169,79.75545,587.41,550.64,0.1,0,6.99,OFFICIAL_ANNUAL_PLAN,OFFICIAL_SAME_PERIOD,SYNTHETIC_DAILY_CALIBRATED_TO_PUBLIC_ANNUAL_REFERENCE,36.77,6.26,1,16.8,3.14,30.97,8.65,58.43,54.51,53.14,SYNTHETIC_DEMO_CORRELATED_WITH_RAINFALL_REPLACE_WITH_NASA_SMAP_OR_ISRO_BHUVAN
PROD-0002068,2022-11-28,Chikla,Maharashtra,Bhandara,21.54169,79.75545,523.1,492.37,0.99,0,0.0,OFFICIAL_ANNUAL_PLAN,OFFICIAL_SAME_PERIOD,SYNTHETIC_DAILY_CALIBRATED_TO_PUBLIC_ANNUAL_REFERENCE,30.73,5.875,1,16.8,1.24,30.97,9.64,56.21,56.87,53.8,SYNTHETIC_DEMO_CORRELATED_WITH_RAINFALL_REPLACE_WITH_NASA_SMAP_OR_ISRO_BHUVAN
PROD-0002069,2022-11-29,Chikla,Maharashtra,Bhandara,21.54169,79.75545,541.82,480.77,2.7,0,0.0,OFFICIAL_ANNUAL_PLAN,OFFICIAL_SAME_PERIOD,SYNTHETIC_DAILY_CALIBRATED_TO_PUBLIC_ANNUAL_REFERENCE,61.05,11.268,1,6.99,3.79,30.97,9.65,53.67,56.1,54.5,SYNTHETIC_DEMO_CORRELATED_WITH_RAINFALL_REPLACE_WITH_NASA_SMAP_OR_ISRO_BHUVAN
PROD-0002070,2022-11-30,Chikla,Maharashtra,Bhandara,21.54169,79.75545,574.64,497.66,2.08,73,0.0,OFFICIAL_ANNUAL_PLAN,OFFICIAL_SAME_PERIOD,SYNTHETIC_DAILY_CALIBRATED_TO_PUBLIC_ANNUAL_REFERENCE,76.98,13.396,1,0.0,5.77,20.74,11.58,50.76,53.55,54.02,SYNTHETIC_DEMO_CORRELATED_WITH_RAINFALL_REPLACE_WITH_NASA_SMAP_OR_ISRO_BHUVAN
PROD-0002071,2022-12-01,Chikla,Maharashtra,Bhandara,21.54169,79.75545,589.89,523.85,1.72,0,0.0,OFFICIAL_ANNUAL_PLAN,OFFICIAL_SAME_PERIOD,SYNTHETIC_DAILY_CALIBRATED_TO_PUBLIC_ANNUAL_REFERENCE,66.04,11.195,1,0.0,6.5,16.8,10.63,45.9,50.11,52.87,SYNTHETIC_DEMO_CORRELATED_WITH_RAINFALL_REPLACE_WITH_NASA_SMAP_OR_ISRO_BHUVAN
PROD-0002072,2022-12-02,Chikla,Maharashtra,Bhandara,21.54169,79.75545,529.69,482.85,0.0,0,0.0,OFFICIAL_ANNUAL_PLAN,OFFICIAL_SAME_PERIOD,SYNTHETIC_DAILY_CALIBRATED_TO_PUBLIC_ANNUAL_REFERENCE,46.84,8.843,1,0.0,3.8,16.8,7.74,43.1,46.59,52.0,SYNTHETIC_DEMO_CORRELATED_WITH_RAINFALL_REPLACE_WITH_NASA_SMAP_OR_ISRO_BHUVAN
PROD-0002073,2022-12-03,Chikla,Maharashtra,Bhandara,21.54169,79.75545,557.94,501.96,1.53,0,0.0,OFFICIAL_ANNUAL_PLAN,OFFICIAL_SAME_PERIOD,SYNTHETIC_DAILY_CALIBRATED_TO_PUBLIC_ANNUAL_REFERENCE,55.98,10.033,1,0.0,3.25,6.99,9.12,40.23,43.08,49.76,SYNTHETIC_DEMO_CORRELATED_WITH_RAINFALL_REPLACE_WITH_NASA_SMAP_OR_ISRO_BHUVAN
PROD-0002074,2022-12-04,Chikla,Maharashtra,Bhandara,21.54169,79.75545,485.88,436.49,0.0,0,0.0,OFFICIAL_ANNUAL_PLAN,OFFICIAL_SAME_PERIOD,SYNTHETIC_DAILY_CALIBRATED_TO_PUBLIC_ANNUAL_REFERENCE,49.39,10.165,1,0.0,1.53,0.0,9.02,37.01,40.11,46.7,SYNTHETIC_DEMO_CORRELATED_WITH_RAINFALL_REPLACE_WITH_NASA_SMAP_OR_ISRO_BHUVAN
PROD-0002075,2022-12-05,Chikla,Maharashtra,Bhandara,21.54169,79.75545,530.15,485.53,0.0,0,0.0,OFFICIAL_ANNUAL_PLAN,OFFICIAL_SAME_PERIOD,SYNTHETIC_DAILY_CALIBRATED_TO_PUBLIC_ANNUAL_REFERENCE,44.62,8.416,1,0.0,1.53,0.0,8.03,34.77,37.34,43.63,SYNTHETIC_DEMO_CORRELATED_WITH_RAINFALL_REPLACE_WITH_NASA_SMAP_OR_ISRO_BHUVAN
PROD-0002076,2022-12-06,Chikla,Maharashtra,Bhandara,21.54169,79.75545,522.08,480.68,0.0,0,0.0,OFFICIAL_ANNUAL_PLAN,OFFICIAL_SAME_PERIOD,SYNTHETIC_DAILY_CALIBRATED_TO_PUBLIC_ANNUAL_REFERENCE,41.4,7.93,1,0.0,0.0,0.0,5.33,33.13,34.97,40.7,SYNTHETIC_DEMO_CORRELATED_WITH_RAINFALL_REPLACE_WITH_NASA_SMAP_OR_ISRO_BHUVAN
PROD-0002077,2022-12-07,Chikla,Maharashtra,Bhandara,21.54169,79.75545,499.96,445.83,1.49,0,0.0,OFFICIAL_ANNUAL_PLAN,OFFICIAL_SAME_PERIOD,SYNTHETIC_DAILY_CALIBRATED_TO_PUBLIC_ANNUAL_REFERENCE,54.13,10.827,1,0.0,1.49,0.0,4.74,31.63,33.18,37.97,SYNTHETIC_DEMO_CORRELATED_WITH_RAINFALL_REPLACE_WITH_NASA_SMAP_OR_ISRO_BHUVAN
PROD-0002078,2022-12-08,Chikla,Maharashtra,Bhandara,21.54169,79.75545,513.73,458.08,3.09,0,0.0,OFFICIAL_ANNUAL_PLAN,OFFICIAL_SAME_PERIOD,SYNTHETIC_DAILY_CALIBRATED_TO_PUBLIC_ANNUAL_REFERENCE,55.65,10.833,1,0.0,4.58,0.0,6.11,30.25,31.67,35.73,SYNTHETIC_DEMO_CORRELATED_WITH_RAINFALL_REPLACE_WITH_NASA_SMAP_OR_ISRO_BHUVAN
PROD-0002079,2022-12-09,Chikla,Maharashtra,Bhandara,21.54169,79.75545,609.29,570.64,0.95,0,0.0,OFFICIAL_ANNUAL_PLAN,OFFICIAL_SAME_PERIOD,SYNTHETIC_DAILY_CALIBRATED_TO_PUBLIC_ANNUAL_REFERENCE,38.65,6.343,1,0.0,5.53,0.0,7.06,29.2,30.36,33.75,SYNTHETIC_DEMO_CORRELATED_WITH_RAINFALL_REPLACE_WITH_NASA_SMAP_OR_ISRO_BHUVAN
PROD-0002080,2022-12-10,Chikla,Maharashtra,Bhandara,21.54169,79.75545,577.15,535.23,1.04,0,0.0,OFFICIAL_ANNUAL_PLAN,OFFICIAL_SAME_PERIOD,SYNTHETIC_DAILY_CALIBRATED_TO_PUBLIC_ANNUAL_REFERENCE,41.92,7.263,1,0.0,5.08,0.0,6.57,26.51,28.65,31.79,SYNTHETIC_DEMO_CORRELATED_WITH_RAINFALL_REPLACE_WITH_NASA_SMAP_OR_ISRO_BHUVAN
PROD-0002081,2022-12-11,Chikla,Maharashtra,Bhandara,21.54169,79.75545,594.8,514.87,4.69,0,0.0,OFFICIAL_ANNUAL_PLAN,OFFICIAL_SAME_PERIOD,SYNTHETIC_DAILY_CALIBRATED_TO_PUBLIC_ANNUAL_REFERENCE,79.93,13.438,1,0.0,6.68,0.0,11.26,26.39,27.37,30.27,SYNTHETIC_DEMO_CORRELATED_WITH_RAINFALL_REPLACE_WITH_NASA_SMAP_OR_ISRO_BHUVAN
PROD-0002082,2022-12-12,Chikla,Maharashtra,Bhandara,21.54169,79.75545,551.23,494.48,0.4,0,0.0,OFFICIAL_ANNUAL_PLAN,OFFICIAL_SAME_PERIOD,SYNTHETIC_DAILY_CALIBRATED_TO_PUBLIC_ANNUAL_REFERENCE,56.75,10.295,1,0.0,6.13,0.0,11.66,25.13,26.01,28.89,SYNTHETIC_DEMO_CORRELATED_WITH_RAINFALL_REPLACE_WITH_NASA_SMAP_OR_ISRO_BHUVAN
PROD-0002083,2022-12-13,Chikla,Maharashtra,Bhandara,21.54169,79.75545,629.59,601.69,0.0,0,0.0,OFFICIAL_ANNUAL_PLAN,OFFICIAL_SAME_PERIOD,SYNTHETIC_DAILY_CALIBRATED_TO_PUBLIC_ANNUAL_REFERENCE,27.9,4.431,1,0.0,5.09,0.0,11.66,22.1,24.54,27.32,SYNTHETIC_DEMO_CORRELATED_WITH_RAINFALL_REPLACE_WITH_NASA_SMAP_OR_ISRO_BHUVAN
PROD-0002084,2022-12-14,Chikla,Maharashtra,Bhandara,21.54169,79.75545,494.38,421.31,1.45,0,0.0,OFFICIAL_ANNUAL_PLAN,OFFICIAL_SAME_PERIOD,SYNTHETIC_DAILY_CALIBRATED_TO_PUBLIC_ANNUAL_REFERENCE,73.07,14.78,1,0.0,1.85,0.0,11.62,21.11,22.78,25.81,SYNTHETIC_DEMO_CORRELATED_WITH_RAINFALL_REPLACE_WITH_NASA_SMAP_OR_ISRO_BHUVAN
PROD-0002085,2022-12-15,Chikla,Maharashtra,Bhandara,21.54169,79.75545,561.79,528.42,0.0,0,0.0,OFFICIAL_ANNUAL_PLAN,OFFICIAL_SAME_PERIOD,SYNTHETIC_DAILY_CALIBRATED_TO_PUBLIC_ANNUAL_REFERENCE,33.37,5.94,1,0.0,1.45,0.0,8.53,20.31,21.17,24.39,SYNTHETIC_DEMO_CORRELATED_WITH_RAINFALL_REPLACE_WITH_NASA_SMAP_OR_ISRO_BHUVAN
PROD-0002086,2022-12-16,Chikla,Maharashtra,Bhandara,21.54169,79.75545,527.9,479.4,0.0,0,0.0,OFFICIAL_ANNUAL_PLAN,OFFICIAL_SAME_PERIOD,SYNTHETIC_DAILY_CALIBRATED_TO_PUBLIC_ANNUAL_REFERENCE,48.5,9.187,1,0.0,1.45,0.0,7.58,18.14,19.85,22.81,SYNTHETIC_DEMO_CORRELATED_WITH_RAINFALL_REPLACE_WITH_NASA_SMAP_OR_ISRO_BHUVAN
PROD-0002087,2022-12-17,Chikla,Maharashtra,Bhandara,21.54169,79.75545,596.68,524.55,1.86,0,0.0,OFFICIAL_ANNUAL_PLAN,OFFICIAL_SAME_PERIOD,SYNTHETIC_DAILY_CALIBRATED_TO_PUBLIC_ANNUAL_REFERENCE,72.13,12.089,1,0.0,1.86,0.0,8.4,17.0,18.48,21.45,SYNTHETIC_DEMO_CORRELATED_WITH_RAINFALL_REPLACE_WITH_NASA_SMAP_OR_ISRO_BHUVAN
PROD-0002088,2022-12-18,Chikla,Maharashtra,Bhandara,21.54169,79.75545,523.27,493.69,1.02,0,0.0,OFFICIAL_ANNUAL_PLAN,OFFICIAL_SAME_PERIOD,SYNTHETIC_DAILY_CALIBRATED_TO_PUBLIC_ANNUAL_REFERENCE,29.58,5.653,1,0.0,2.88,0.0,4.73,14.28,16.47,19.72,SYNTHETIC_DEMO_CORRELATED_WITH_RAINFALL_REPLACE_WITH_NASA_SMAP_OR_ISRO_BHUVAN
PROD-0002089,2022-12-19,Chikla,Maharashtra,Bhandara,21.54169,79.75545,561.69,513.76,1.12,6,0.0,OFFICIAL_ANNUAL_PLAN,OFFICIAL_SAME_PERIOD,SYNTHETIC_DAILY_CALIBRATED_TO_PUBLIC_ANNUAL_REFERENCE,47.93,8.533,1,0.0,4.0,0.0,5.45,13.74,15.01,18.1,SYNTHETIC_DEMO_CORRELATED_WITH_RAINFALL_REPLACE_WITH_NASA_SMAP_OR_ISRO_BHUVAN
PROD-0002090,2022-12-20,Chikla,Maharashtra,Bhandara,21.54169,79.75545,557.62,527.04,0.0,0,0.0,OFFICIAL_ANNUAL_PLAN,OFFICIAL_SAME_PERIOD,SYNTHETIC_DAILY_CALIBRATED_TO_PUBLIC_ANNUAL_REFERENCE,30.58,5.484,1,0.0,2.14,0.0,5.45,13.59,13.87,16.88,SYNTHETIC_DEMO_CORRELATED_WITH_RAINFALL_REPLACE_WITH_NASA_SMAP_OR_ISRO_BHUVAN
PROD-0002091,2022-12-21,Chikla,Maharashtra,Bhandara,21.54169,79.75545,526.31,484.51,0.35,0,0.0,OFFICIAL_ANNUAL_PLAN,OFFICIAL_SAME_PERIOD,SYNTHETIC_DAILY_CALIBRATED_TO_PUBLIC_ANNUAL_REFERENCE,41.8,7.942,1,0.0,1.47,0.0,4.35,12.38,13.24,15.63,SYNTHETIC_DEMO_CORRELATED_WITH_RAINFALL_REPLACE_WITH_NASA_SMAP_OR_ISRO_BHUVAN
PROD-0002092,2022-12-22,Chikla,Maharashtra,Bhandara,21.54169,79.75545,530.07,478.68,2.34,0,0.0,OFFICIAL_ANNUAL_PLAN,OFFICIAL_SAME_PERIOD,SYNTHETIC_DAILY_CALIBRATED_TO_PUBLIC_ANNUAL_REFERENCE,51.39,9.695,1,0.0,2.69,0.0,6.69,10.88,12.28,14.29,SYNTHETIC_DEMO_CORRELATED_WITH_RAINFALL_REPLACE_WITH_NASA_SMAP_OR_ISRO_BHUVAN
PROD-0002093,2022-12-23,Chikla,Maharashtra,Bhandara,21.54169,79.75545,599.58,547.98,0.0,0,0.0,OFFICIAL_ANNUAL_PLAN,OFFICIAL_SAME_PERIOD,SYNTHETIC_DAILY_CALIBRATED_TO_PUBLIC_ANNUAL_REFERENCE,51.6,8.606,1,0.0,2.69,0.0,6.69,10.78,11.35,13.24,SYNTHETIC_DEMO_CORRELATED_WITH_RAINFALL_REPLACE_WITH_NASA_SMAP_OR_ISRO_BHUVAN
PROD-0002094,2022-12-24,Chikla,Maharashtra,Bhandara,21.54169,79.75545,529.92,459.47,0.51,0,0.0,OFFICIAL_ANNUAL_PLAN,OFFICIAL_SAME_PERIOD,SYNTHETIC_DAILY_CALIBRATED_TO_PUBLIC_ANNUAL_REFERENCE,70.45,13.294,1,0.0,2.85,0.0,5.34,9.55,10.4,12.17,SYNTHETIC_DEMO_CORRELATED_WITH_RAINFALL_REPLACE_WITH_NASA_SMAP_OR_ISRO_BHUVAN
PROD-0002095,2022-12-25,Chikla,Maharashtra,Bhandara,21.54169,79.75545,547.39,462.19,4.39,91,5.75,OFFICIAL_ANNUAL_PLAN,OFFICIAL_SAME_PERIOD,SYNTHETIC_DAILY_CALIBRATED_TO_PUBLIC_ANNUAL_REFERENCE,85.2,15.565,1,5.75,4.9,5.75,8.71,13.75,11.36,12.1,SYNTHETIC_DEMO_CORRELATED_WITH_RAINFALL_REPLACE_WITH_NASA_SMAP_OR_ISRO_BHUVAN
PROD-0002096,2022-12-26,Chikla,Maharashtra,Bhandara,21.54169,79.75545,492.21,427.76,0.0,63,0.0,OFFICIAL_ANNUAL_PLAN,OFFICIAL_SAME_PERIOD,SYNTHETIC_DAILY_CALIBRATED_TO_PUBLIC_ANNUAL_REFERENCE,64.45,13.094,1,5.75,4.9,5.75,7.59,13.82,12.37,12.11,SYNTHETIC_DEMO_CORRELATED_WITH_RAINFALL_REPLACE_WITH_NASA_SMAP_OR_ISRO_BHUVAN
PROD-0002097,2022-12-27,Chikla,Maharashtra,Bhandara,21.54169,79.75545,494.63,466.44,1.28,72,6.78,OFFICIAL_ANNUAL_PLAN,OFFICIAL_SAME_PERIOD,SYNTHETIC_DAILY_CALIBRATED_TO_PUBLIC_ANNUAL_REFERENCE,28.19,5.699,1,12.53,5.67,12.53,8.87,19.47,15.68,12.95,SYNTHETIC_DEMO_CORRELATED_WITH_RAINFALL_REPLACE_WITH_NASA_SMAP_OR_ISRO_BHUVAN
PROD-0002098,2022-12-28,Chikla,Maharashtra,Bhandara,21.54169,79.75545,516.29,461.37,0.0,72,0.0,OFFICIAL_ANNUAL_PLAN,OFFICIAL_SAME_PERIOD,SYNTHETIC_DAILY_CALIBRATED_TO_PUBLIC_ANNUAL_REFERENCE,54.92,10.637,1,6.78,1.28,12.53,8.52,18.4,17.23,13.81,SYNTHETIC_DEMO_CORRELATED_WITH_RAINFALL_REPLACE_WITH_NASA_SMAP_OR_ISRO_BHUVAN
PROD-0002099,2022-12-29,Chikla,Maharashtra,Bhandara,21.54169,79.75545,544.05,482.43,2.12,0,2.38,OFFICIAL_ANNUAL_PLAN,OFFICIAL_SAME_PERIOD,SYNTHETIC_DAILY_CALIBRATED_TO_PUBLIC_ANNUAL_REFERENCE,61.62,11.326,1,9.16,3.4,14.91,8.3,21.92,19.93,15.38,SYNTHETIC_DEMO_CORRELATED_WITH_RAINFALL_REPLACE_WITH_NASA_SMAP_OR_ISRO_BHUVAN
PROD-0002100,2022-12-30,Chikla,Maharashtra,Bhandara,21.54169,79.75545,515.58,476.12,0.0,0,0.0,OFFICIAL_ANNUAL_PLAN,OFFICIAL_SAME_PERIOD,SYNTHETIC_DAILY_CALIBRATED_TO_PUBLIC_ANNUAL_REFERENCE,39.46,7.654,1,2.38,2.12,14.91,8.3,21.29,20.54,16.89,SYNTHETIC_DEMO_CORRELATED_WITH_RAINFALL_REPLACE_WITH_NASA_SMAP_OR_ISRO_BHUVAN
PROD-0002101,2022-12-31,Chikla,Maharashtra,Bhandara,21.54169,79.75545,504.65,467.24,1.46,0,0.0,OFFICIAL_ANNUAL_PLAN,OFFICIAL_SAME_PERIOD,SYNTHETIC_DAILY_CALIBRATED_TO_PUBLIC_ANNUAL_REFERENCE,37.41,7.413,1,2.38,3.58,14.91,9.25,20.05,21.09,18.39,SYNTHETIC_DEMO_CORRELATED_WITH_RAINFALL_REPLACE_WITH_NASA_SMAP_OR_ISRO_BHUVAN
PROD-0002102,2023-01-01,Chikla,Maharashtra,Bhandara,21.54169,79.75545,537.23,460.75,3.05,0,0.0,OFFICIAL_ANNUAL_PLAN,OFFICIAL_SAME_PERIOD,SYNTHETIC_DAILY_CALIBRATED_TO_PUBLIC_ANNUAL_REFERENCE,76.48,14.236,1,0.0,4.51,9.16,7.91,19.15,20.16,19.16,SYNTHETIC_DEMO_CORRELATED_WITH_RAINFALL_REPLACE_WITH_NASA_SMAP_OR_ISRO_BHUVAN
PROD-0002103,2023-01-02,Chikla,Maharashtra,Bhandara,21.54169,79.75545,503.6,466.96,0.0,0,0.0,OFFICIAL_ANNUAL_PLAN,OFFICIAL_SAME_PERIOD,SYNTHETIC_DAILY_CALIBRATED_TO_PUBLIC_ANNUAL_REFERENCE,36.64,7.276,1,0.0,4.51,9.16,7.91,18.5,19.23,19.83,SYNTHETIC_DEMO_CORRELATED_WITH_RAINFALL_REPLACE_WITH_NASA_SMAP_OR_ISRO_BHUVAN
PROD-0002104,2023-01-03,Chikla,Maharashtra,Bhandara,21.54169,79.75545,577.82,489.24,1.3,106,0.0,OFFICIAL_ANNUAL_PLAN,OFFICIAL_SAME_PERIOD,SYNTHETIC_DAILY_CALIBRATED_TO_PUBLIC_ANNUAL_REFERENCE,88.58,15.33,1,0.0,4.35,2.38,7.93,16.86,18.17,19.45,SYNTHETIC_DEMO_CORRELATED_WITH_RAINFALL_REPLACE_WITH_NASA_SMAP_OR_ISRO_BHUVAN
PROD-0002105,2023-01-04,Chikla,Maharashtra,Bhandara,21.54169,79.75545,482.83,423.97,3.74,0,0.0,OFFICIAL_ANNUAL_PLAN,OFFICIAL_SAME_PERIOD,SYNTHETIC_DAILY_CALIBRATED_TO_PUBLIC_ANNUAL_REFERENCE,58.86,12.191,1,0.0,5.04,2.38,11.67,16.35,17.24,19.16,SYNTHETIC_DEMO_CORRELATED_WITH_RAINFALL_REPLACE_WITH_NASA_SMAP_OR_ISRO_BHUVAN
PROD-0002106,2023-01-05,Chikla,Maharashtra,Bhandara,21.54169,79.75545,554.24,493.68,1.49,0,0.0,OFFICIAL_ANNUAL_PLAN,OFFICIAL_SAME_PERIOD,SYNTHETIC_DAILY_CALIBRATED_TO_PUBLIC_ANNUAL_REFERENCE,60.56,10.927,1,0.0,6.53,0.0,11.04,16.16,16.46,18.34,SYNTHETIC_DEMO_CORRELATED_WITH_RAINFALL_REPLACE_WITH_NASA_SMAP_OR_ISRO_BHUVAN
PROD-0002107,2023-01-06,Chikla,Maharashtra,Bhandara,21.54169,79.75545,594.77,508.65,2.99,0,2.45,OFFICIAL_ANNUAL_PLAN,OFFICIAL_SAME_PERIOD,SYNTHETIC_DAILY_CALIBRATED_TO_PUBLIC_ANNUAL_REFERENCE,86.12,14.48,1,2.45,8.22,2.45,14.03,17.07,16.53,17.73,SYNTHETIC_DEMO_CORRELATED_WITH_RAINFALL_REPLACE_WITH_NASA_SMAP_OR_ISRO_BHUVAN
PROD-0002108,2023-01-07,Chikla,Maharashtra,Bhandara,21.54169,79.75545,534.08,489.19,0.0,0,0.0,OFFICIAL_ANNUAL_PLAN,OFFICIAL_SAME_PERIOD,SYNTHETIC_DAILY_CALIBRATED_TO_PUBLIC_ANNUAL_REFERENCE,44.89,8.405,1,2.45,4.48,2.45,12.57,15.97,16.4,17.15,SYNTHETIC_DEMO_CORRELATED_WITH_RAINFALL_REPLACE_WITH_NASA_SMAP_OR_ISRO_BHUVAN
PROD-0002109,2023-01-08,Chikla,Maharashtra,Bhandara,21.54169,79.75545,519.16,449.28,2.05,0,0.0,OFFICIAL_ANNUAL_PLAN,OFFICIAL_SAME_PERIOD,SYNTHETIC_DAILY_CALIBRATED_TO_PUBLIC_ANNUAL_REFERENCE,69.88,13.46,1,2.45,5.04,2.45,11.57,15.54,16.19,16.64,SYNTHETIC_DEMO_CORRELATED_WITH_RAINFALL_REPLACE_WITH_NASA_SMAP_OR_ISRO_BHUVAN
PROD-0002110,2023-01-09,Chikla,Maharashtra,Bhandara,21.54169,79.75545,570.01,526.22,0.0,0,0.0,OFFICIAL_ANNUAL_PLAN,OFFICIAL_SAME_PERIOD,SYNTHETIC_DAILY_CALIBRATED_TO_PUBLIC_ANNUAL_REFERENCE,43.79,7.682,1,0.0,2.05,2.45,11.57,16.59,16.03,16.36,SYNTHETIC_DEMO_CORRELATED_WITH_RAINFALL_REPLACE_WITH_NASA_SMAP_OR_ISRO_BHUVAN
PROD-0002111,2023-01-10,Chikla,Maharashtra,Bhandara,21.54169,79.75545,530.64,476.37,1.15,0,0.0,OFFICIAL_ANNUAL_PLAN,OFFICIAL_SAME_PERIOD,SYNTHETIC_DAILY_CALIBRATED_TO_PUBLIC_ANNUAL_REFERENCE,54.27,10.227,1,0.0,3.2,2.45,11.42,15.53,15.89,16.17,SYNTHETIC_DEMO_CORRELATED_WITH_RAINFALL_REPLACE_WITH_NASA_SMAP_OR_ISRO_BHUVAN
PROD-0002112,2023-01-11,Chikla,Maharashtra,Bhandara,21.54169,79.75545,563.31,543.25,0.0,0,0.0,OFFICIAL_ANNUAL_PLAN,OFFICIAL_SAME_PERIOD,SYNTHETIC_DAILY_CALIBRATED_TO_PUBLIC_ANNUAL_REFERENCE,20.06,3.561,1,0.0,1.15,2.45,7.68,15.21,15.78,16.01,SYNTHETIC_DEMO_CORRELATED_WITH_RAINFALL_REPLACE_WITH_NASA_SMAP_OR_ISRO_BHUVAN
PROD-0002113,2023-01-12,Chikla,Maharashtra,Bhandara,21.54169,79.75545,605.64,559.96,0.0,0,0.0,OFFICIAL_ANNUAL_PLAN,OFFICIAL_SAME_PERIOD,SYNTHETIC_DAILY_CALIBRATED_TO_PUBLIC_ANNUAL_REFERENCE,45.68,7.542,1,0.0,1.15,2.45,6.19,14.36,15.03,15.75,SYNTHETIC_DEMO_CORRELATED_WITH_RAINFALL_REPLACE_WITH_NASA_SMAP_OR_ISRO_BHUVAN
PROD-0002114,2023-01-13,Chikla,Maharashtra,Bhandara,21.54169,79.75545,595.76,472.59,2.91,77,0.0,OFFICIAL_ANNUAL_PLAN,OFFICIAL_SAME_PERIOD,SYNTHETIC_DAILY_CALIBRATED_TO_PUBLIC_ANNUAL_REFERENCE,123.17,20.674,1,0.0,2.91,0.0,6.11,13.69,14.42,15.27,SYNTHETIC_DEMO_CORRELATED_WITH_RAINFALL_REPLACE_WITH_NASA_SMAP_OR_ISRO_BHUVAN
PROD-0002115,2023-01-14,Chikla,Maharashtra,Bhandara,21.54169,79.75545,521.25,478.12,0.0,0,0.0,OFFICIAL_ANNUAL_PLAN,OFFICIAL_SAME_PERIOD,SYNTHETIC_DAILY_CALIBRATED_TO_PUBLIC_ANNUAL_REFERENCE,43.13,8.274,1,0.0,2.91,0.0,6.11,13.65,13.9,14.94,SYNTHETIC_DEMO_CORRELATED_WITH_RAINFALL_REPLACE_WITH_NASA_SMAP_OR_ISRO_BHUVAN
PROD-0002116,2023-01-15,Chikla,Maharashtra,Bhandara,21.54169,79.75545,576.92,540.68,0.0,0,0.0,OFFICIAL_ANNUAL_PLAN,OFFICIAL_SAME_PERIOD,SYNTHETIC_DAILY_CALIBRATED_TO_PUBLIC_ANNUAL_REFERENCE,36.24,6.282,1,0.0,2.91,0.0,4.06,13.06,13.47,14.58,SYNTHETIC_DEMO_CORRELATED_WITH_RAINFALL_REPLACE_WITH_NASA_SMAP_OR_ISRO_BHUVAN
PROD-0002117,2023-01-16,Chikla,Maharashtra,Bhandara,21.54169,79.75545,546.67,499.43,1.2,0,0.0,OFFICIAL_ANNUAL_PLAN,OFFICIAL_SAME_PERIOD,SYNTHETIC_DAILY_CALIBRATED_TO_PUBLIC_ANNUAL_REFERENCE,47.24,8.641,1,0.0,1.2,0.0,5.26,11.76,12.82,13.89,SYNTHETIC_DEMO_CORRELATED_WITH_RAINFALL_REPLACE_WITH_NASA_SMAP_OR_ISRO_BHUVAN
PROD-0002118,2023-01-17,Chikla,Maharashtra,Bhandara,21.54169,79.75545,518.6,453.13,3.59,23,1.15,OFFICIAL_ANNUAL_PLAN,OFFICIAL_SAME_PERIOD,SYNTHETIC_DAILY_CALIBRATED_TO_PUBLIC_ANNUAL_REFERENCE,65.47,12.624,1,1.15,4.79,1.15,7.7,13.04,12.62,13.54,SYNTHETIC_DEMO_CORRELATED_WITH_RAINFALL_REPLACE_WITH_NASA_SMAP_OR_ISRO_BHUVAN
PROD-0002119,2023-01-18,Chikla,Maharashtra,Bhandara,21.54169,79.75545,548.78,498.33,1.93,0,0.0,OFFICIAL_ANNUAL_PLAN,OFFICIAL_SAME_PERIOD,SYNTHETIC_DAILY_CALIBRATED_TO_PUBLIC_ANNUAL_REFERENCE,50.45,9.193,1,1.15,6.72,1.15,9.63,11.5,12.1,13.01,SYNTHETIC_DEMO_CORRELATED_WITH_RAINFALL_REPLACE_WITH_NASA_SMAP_OR_ISRO_BHUVAN
PROD-0002120,2023-01-19,Chikla,Maharashtra,Bhandara,21.54169,79.75545,562.08,514.84,0.92,0,0.0,OFFICIAL_ANNUAL_PLAN,OFFICIAL_SAME_PERIOD,SYNTHETIC_DAILY_CALIBRATED_TO_PUBLIC_ANNUAL_REFERENCE,47.24,8.404,1,1.15,6.44,1.15,10.55,8.74,11.09,12.21,SYNTHETIC_DEMO_CORRELATED_WITH_RAINFALL_REPLACE_WITH_NASA_SMAP_OR_ISRO_BHUVAN
PROD-0002121,2023-01-20,Chikla,Maharashtra,Bhandara,21.54169,79.75545,437.66,417.93,0.15,0,0.0,OFFICIAL_ANNUAL_PLAN,OFFICIAL_SAME_PERIOD,SYNTHETIC_DAILY_CALIBRATED_TO_PUBLIC_ANNUAL_REFERENCE,19.73,4.508,1,0.0,3.0,1.15,7.79,9.41,9.88,11.59,SYNTHETIC_DEMO_CORRELATED_WITH_RAINFALL_REPLACE_WITH_NASA_SMAP_OR_ISRO_BHUVAN
PROD-0002122,2023-01-21,Chikla,Maharashtra,Bhandara,21.54169,79.75545,585.83,514.04,4.36,0,0.0,OFFICIAL_ANNUAL_PLAN,OFFICIAL_SAME_PERIOD,SYNTHETIC_DAILY_CALIBRATED_TO_PUBLIC_ANNUAL_REFERENCE,71.79,12.254,1,0.0,5.43,1.15,12.15,9.47,9.21,11.0,SYNTHETIC_DEMO_CORRELATED_WITH_RAINFALL_REPLACE_WITH_NASA_SMAP_OR_ISRO_BHUVAN
PROD-0002123,2023-01-22,Chikla,Maharashtra,Bhandara,21.54169,79.75545,528.6,474.94,2.07,0,0.0,OFFICIAL_ANNUAL_PLAN,OFFICIAL_SAME_PERIOD,SYNTHETIC_DAILY_CALIBRATED_TO_PUBLIC_ANNUAL_REFERENCE,53.66,10.151,1,0.0,6.58,1.15,14.22,9.09,9.32,10.43,SYNTHETIC_DEMO_CORRELATED_WITH_RAINFALL_REPLACE_WITH_NASA_SMAP_OR_ISRO_BHUVAN
PROD-0002124,2023-01-23,Chikla,Maharashtra,Bhandara,21.54169,79.75545,478.92,401.96,4.86,0,0.0,OFFICIAL_ANNUAL_PLAN,OFFICIAL_SAME_PERIOD,SYNTHETIC_DAILY_CALIBRATED_TO_PUBLIC_ANNUAL_REFERENCE,76.96,16.069,1,0.0,11.29,1.15,17.88,6.32,8.29,9.65,SYNTHETIC_DEMO_CORRELATED_WITH_RAINFALL_REPLACE_WITH_NASA_SMAP_OR_ISRO_BHUVAN
PROD-0002125,2023-01-24,Chikla,Maharashtra,Bhandara,21.54169,79.75545,561.48,514.95,3.91,0,0.0,OFFICIAL_ANNUAL_PLAN,OFFICIAL_SAME_PERIOD,SYNTHETIC_DAILY_CALIBRATED_TO_PUBLIC_ANNUAL_REFERENCE,46.53,8.287,1,0.0,10.84,0.0,18.2,5.36,6.92,8.56,SYNTHETIC_DEMO_CORRELATED_WITH_RAINFALL_REPLACE_WITH_NASA_SMAP_OR_ISRO_BHUVAN
PROD-0002126,2023-01-25,Chikla,Maharashtra,Bhandara,21.54169,79.75545,527.76,457.31,1.95,0,0.0,OFFICIAL_ANNUAL_PLAN,OFFICIAL_SAME_PERIOD,SYNTHETIC_DAILY_CALIBRATED_TO_PUBLIC_ANNUAL_REFERENCE,70.45,13.349,1,0.0,10.72,0.0,18.22,6.76,6.15,7.88,SYNTHETIC_DEMO_CORRELATED_WITH_RAINFALL_REPLACE_WITH_NASA_SMAP_OR_ISRO_BHUVAN
PROD-0002127,2023-01-26,Chikla,Maharashtra,Bhandara,21.54169,79.75545,570.67,525.87,0.0,0,0.0,OFFICIAL_ANNUAL_PLAN,OFFICIAL_SAME_PERIOD,SYNTHETIC_DAILY_CALIBRATED_TO_PUBLIC_ANNUAL_REFERENCE,44.8,7.85,1,0.0,5.86,0.0,17.3,5.11,5.74,7.36,SYNTHETIC_DEMO_CORRELATED_WITH_RAINFALL_REPLACE_WITH_NASA_SMAP_OR_ISRO_BHUVAN
PROD-0002128,2023-01-27,Chikla,Maharashtra,Bhandara,21.54169,79.75545,593.03,562.63,0.53,0,0.0,OFFICIAL_ANNUAL_PLAN,OFFICIAL_SAME_PERIOD,SYNTHETIC_DAILY_CALIBRATED_TO_PUBLIC_ANNUAL_REFERENCE,30.4,5.126,1,0.0,2.48,0.0,17.68,3.74,5.2,6.55,SYNTHETIC_DEMO_CORRELATED_WITH_RAINFALL_REPLACE_WITH_NASA_SMAP_OR_ISRO_BHUVAN
PROD-0002129,2023-01-28,Chikla,Maharashtra,Bhandara,21.54169,79.75545,569.17,508.15,3.05,0,2.24,OFFICIAL_ANNUAL_PLAN,OFFICIAL_SAME_PERIOD,SYNTHETIC_DAILY_CALIBRATED_TO_PUBLIC_ANNUAL_REFERENCE,61.02,10.721,1,2.24,3.58,2.24,16.37,5.32,4.72,5.96,SYNTHETIC_DEMO_CORRELATED_WITH_RAINFALL_REPLACE_WITH_NASA_SMAP_OR_ISRO_BHUVAN
PROD-0002130,2023-01-29,Chikla,Maharashtra,Bhandara,21.54169,79.75545,515.45,481.68,0.0,0,0.0,OFFICIAL_ANNUAL_PLAN,OFFICIAL_SAME_PERIOD,SYNTHETIC_DAILY_CALIBRATED_TO_PUBLIC_ANNUAL_REFERENCE,33.77,6.552,1,2.24,3.58,2.24,14.3,4.47,4.51,5.3,SYNTHETIC_DEMO_CORRELATED_WITH_RAINFALL_REPLACE_WITH_NASA_SMAP_OR_ISRO_BHUVAN
PROD-0002131,2023-01-30,Chikla,Maharashtra,Bhandara,21.54169,79.75545,590.97,535.39,1.77,0,0.0,OFFICIAL_ANNUAL_PLAN,OFFICIAL_SAME_PERIOD,SYNTHETIC_DAILY_CALIBRATED_TO_PUBLIC_ANNUAL_REFERENCE,55.58,9.405,1,2.24,4.82,2.24,11.21,4.66,4.82,5.06,SYNTHETIC_DEMO_CORRELATED_WITH_RAINFALL_REPLACE_WITH_NASA_SMAP_OR_ISRO_BHUVAN
PROD-0002132,2023-01-31,Chikla,Maharashtra,Bhandara,21.54169,79.75545,530.36,463.23,2.29,14,0.0,OFFICIAL_ANNUAL_PLAN,OFFICIAL_SAME_PERIOD,SYNTHETIC_DAILY_CALIBRATED_TO_PUBLIC_ANNUAL_REFERENCE,67.13,12.657,1,0.0,4.06,2.24,9.59,3.0,4.04,4.72,SYNTHETIC_DEMO_CORRELATED_WITH_RAINFALL_REPLACE_WITH_NASA_SMAP_OR_ISRO_BHUVAN
PROD-0002133,2023-02-01,Chikla,Maharashtra,Bhandara,21.54169,79.75545,495.73,462.23,0.0,26,0.0,OFFICIAL_ANNUAL_PLAN,OFFICIAL_SAME_PERIOD,SYNTHETIC_DAILY_CALIBRATED_TO_PUBLIC_ANNUAL_REFERENCE,33.5,6.758,1,0.0,4.06,2.24,7.64,3.5,3.72,4.26,SYNTHETIC_DEMO_CORRELATED_WITH_RAINFALL_REPLACE_WITH_NASA_SMAP_OR_ISRO_BHUVAN
PROD-0002134,2023-02-02,Chikla,Maharashtra,Bhandara,21.54169,79.75545,578.25,507.29,1.85,0,0.0,OFFICIAL_ANNUAL_PLAN,OFFICIAL_SAME_PERIOD,SYNTHETIC_DAILY_CALIBRATED_TO_PUBLIC_ANNUAL_REFERENCE,70.96,12.272,1,0.0,4.14,2.24,9.49,3.0,3.17,3.96,SYNTHETIC_DEMO_CORRELATED_WITH_RAINFALL_REPLACE_WITH_NASA_SMAP_OR_ISRO_BHUVAN
PROD-0002135,2023-02-03,Chikla,Maharashtra,Bhandara,21.54169,79.75545,551.37,519.1,0.0,0,0.0,OFFICIAL_ANNUAL_PLAN,OFFICIAL_SAME_PERIOD,SYNTHETIC_DAILY_CALIBRATED_TO_PUBLIC_ANNUAL_REFERENCE,32.27,5.853,1,0.0,1.85,2.24,8.96,3.27,3.26,3.89,SYNTHETIC_DEMO_CORRELATED_WITH_RAINFALL_REPLACE_WITH_NASA_SMAP_OR_ISRO_BHUVAN
PROD-0002136,2023-02-04,Chikla,Maharashtra,Bhandara,21.54169,79.75545,524.73,484.77,0.41,0,0.0,OFFICIAL_ANNUAL_PLAN,OFFICIAL_SAME_PERIOD,SYNTHETIC_DAILY_CALIBRATED_TO_PUBLIC_ANNUAL_REFERENCE,39.96,7.615,1,0.0,2.26,0.0,6.32,3.0,3.09,3.56,SYNTHETIC_DEMO_CORRELATED_WITH_RAINFALL_REPLACE_WITH_NASA_SMAP_OR_ISRO_BHUVAN
PROD-0002137,2023-02-05,Chikla,Maharashtra,Bhandara,21.54169,79.75545,553.83,498.58,0.31,0,0.0,OFFICIAL_ANNUAL_PLAN,OFFICIAL_SAME_PERIOD,SYNTHETIC_DAILY_CALIBRATED_TO_PUBLIC_ANNUAL_REFERENCE,55.25,9.976,1,0.0,0.72,0.0,6.63,3.0,3.09,3.35,SYNTHETIC_DEMO_CORRELATED_WITH_RAINFALL_REPLACE_WITH_NASA_SMAP_OR_ISRO_BHUVAN
PROD-0002138,2023-02-06,Chikla,Maharashtra,Bhandara,21.54169,79.75545,482.44,438.87,0.0,0,0.0,OFFICIAL_ANNUAL_PLAN,OFFICIAL_SAME_PERIOD,SYNTHETIC_DAILY_CALIBRATED_TO_PUBLIC_ANNUAL_REFERENCE,43.57,9.031,1,0.0,0.72,0.0,4.86,3.0,3.0,3.11,SYNTHETIC_DEMO_CORRELATED_WITH_RAINFALL_REPLACE_WITH_NASA_SMAP_OR_ISRO_BHUVAN
PROD-0002139,2023-02-07,Chikla,Maharashtra,Bhandara,21.54169,79.75545,566.26,525.51,0.0,0,0.0,OFFICIAL_ANNUAL_PLAN,OFFICIAL_SAME_PERIOD,SYNTHETIC_DAILY_CALIBRATED_TO_PUBLIC_ANNUAL_REFERENCE,40.75,7.196,1,0.0,0.31,0.0,2.57,5.01,3.67,3.4,SYNTHETIC_DEMO_CORRELATED_WITH_RAINFALL_REPLACE_WITH_NASA_SMAP_OR_ISRO_BHUVAN
PROD-0002140,2023-02-08,Chikla,Maharashtra,Bhandara,21.54169,79.75545,517.44,443.49,4.22,0,0.0,OFFICIAL_ANNUAL_PLAN,OFFICIAL_SAME_PERIOD,SYNTHETIC_DAILY_CALIBRATED_TO_PUBLIC_ANNUAL_REFERENCE,73.95,14.292,1,0.0,4.22,0.0,6.79,3.87,3.96,3.45,SYNTHETIC_DEMO_CORRELATED_WITH_RAINFALL_REPLACE_WITH_NASA_SMAP_OR_ISRO_BHUVAN
PROD-0002141,2023-02-09,Chikla,Maharashtra,Bhandara,21.54169,79.75545,512.11,468.47,1.06,0,0.0,OFFICIAL_ANNUAL_PLAN,OFFICIAL_SAME_PERIOD,SYNTHETIC_DAILY_CALIBRATED_TO_PUBLIC_ANNUAL_REFERENCE,43.64,8.522,1,0.0,5.28,0.0,6.0,5.73,4.87,3.84,SYNTHETIC_DEMO_CORRELATED_WITH_RAINFALL_REPLACE_WITH_NASA_SMAP_OR_ISRO_BHUVAN
PROD-0002142,2023-02-10,Chikla,Maharashtra,Bhandara,21.54169,79.75545,481.4,433.78,0.0,0,0.0,OFFICIAL_ANNUAL_PLAN,OFFICIAL_SAME_PERIOD,SYNTHETIC_DAILY_CALIBRATED_TO_PUBLIC_ANNUAL_REFERENCE,47.62,9.892,1,0.0,5.28,0.0,6.0,6.11,5.24,4.25,SYNTHETIC_DEMO_CORRELATED_WITH_RAINFALL_REPLACE_WITH_NASA_SMAP_OR_ISRO_BHUVAN
PROD-0002143,2023-02-11,Chikla,Maharashtra,Bhandara,21.54169,79.75545,566.94,523.37,0.45,36,0.0,OFFICIAL_ANNUAL_PLAN,OFFICIAL_SAME_PERIOD,SYNTHETIC_DAILY_CALIBRATED_TO_PUBLIC_ANNUAL_REFERENCE,43.57,7.685,1,0.0,1.51,0.0,6.04,5.55,5.8,4.61,SYNTHETIC_DEMO_CORRELATED_WITH_RAINFALL_REPLACE_WITH_NASA_SMAP_OR_ISRO_BHUVAN
PROD-0002144,2023-02-12,Chikla,Maharashtra,Bhandara,21.54169,79.75545,511.98,444.77,0.54,0,0.0,OFFICIAL_ANNUAL_PLAN,OFFICIAL_SAME_PERIOD,SYNTHETIC_DAILY_CALIBRATED_TO_PUBLIC_ANNUAL_REFERENCE,67.21,13.127,1,0.0,0.99,0.0,6.27,5.06,5.57,4.9,SYNTHETIC_DEMO_CORRELATED_WITH_RAINFALL_REPLACE_WITH_NASA_SMAP_OR_ISRO_BHUVAN
PROD-0002145,2023-02-13,Chikla,Maharashtra,Bhandara,21.54169,79.75545,562.75,512.67,0.72,0,0.0,OFFICIAL_ANNUAL_PLAN,OFFICIAL_SAME_PERIOD,SYNTHETIC_DAILY_CALIBRATED_TO_PUBLIC_ANNUAL_REFERENCE,50.08,8.899,1,0.0,1.71,0.0,6.99,4.8,5.14,5.16,SYNTHETIC_DEMO_CORRELATED_WITH_RAINFALL_REPLACE_WITH_NASA_SMAP_OR_ISRO_BHUVAN
PROD-0002146,2023-02-14,Chikla,Maharashtra,Bhandara,21.54169,79.75545,567.97,488.21,0.0,0,0.0,OFFICIAL_ANNUAL_PLAN,OFFICIAL_SAME_PERIOD,SYNTHETIC_DAILY_CALIBRATED_TO_PUBLIC_ANNUAL_REFERENCE,79.76,14.043,1,0.0,1.26,0.0,6.99,5.34,5.07,5.21,SYNTHETIC_DEMO_CORRELATED_WITH_RAINFALL_REPLACE_WITH_NASA_SMAP_OR_ISRO_BHUVAN
PROD-0002147,2023-02-15,Chikla,Maharashtra,Bhandara,21.54169,79.75545,591.66,551.3,0.11,31,7.59,OFFICIAL_ANNUAL_PLAN,OFFICIAL_SAME_PERIOD,SYNTHETIC_DAILY_CALIBRATED_TO_PUBLIC_ANNUAL_REFERENCE,40.36,6.821,1,7.59,0.83,7.59,2.88,13.11,7.75,6.53,SYNTHETIC_DEMO_CORRELATED_WITH_RAINFALL_REPLACE_WITH_NASA_SMAP_OR_ISRO_BHUVAN
PROD-0002148,2023-02-16,Chikla,Maharashtra,Bhandara,21.54169,79.75545,541.91,494.56,1.95,0,0.0,OFFICIAL_ANNUAL_PLAN,OFFICIAL_SAME_PERIOD,SYNTHETIC_DAILY_CALIBRATED_TO_PUBLIC_ANNUAL_REFERENCE,47.35,8.738,1,7.59,2.06,7.59,3.77,12.91,10.45,7.55,SYNTHETIC_DEMO_CORRELATED_WITH_RAINFALL_REPLACE_WITH_NASA_SMAP_OR_ISRO_BHUVAN
PROD-0002149,2023-02-17,Chikla,Maharashtra,Bhandara,21.54169,79.75545,565.99,543.4,0.0,0,0.0,OFFICIAL_ANNUAL_PLAN,OFFICIAL_SAME_PERIOD,SYNTHETIC_DAILY_CALIBRATED_TO_PUBLIC_ANNUAL_REFERENCE,22.59,3.991,1,7.59,2.06,7.59,3.77,9.75,11.92,8.07,SYNTHETIC_DEMO_CORRELATED_WITH_RAINFALL_REPLACE_WITH_NASA_SMAP_OR_ISRO_BHUVAN
PROD-0002150,2023-02-18,Chikla,Maharashtra,Bhandara,21.54169,79.75545,652.05,544.65,7.34,0,0.0,OFFICIAL_ANNUAL_PLAN,OFFICIAL_SAME_PERIOD,SYNTHETIC_DAILY_CALIBRATED_TO_PUBLIC_ANNUAL_REFERENCE,107.4,16.471,1,0.0,9.29,7.59,10.66,8.02,10.23,8.43,SYNTHETIC_DEMO_CORRELATED_WITH_RAINFALL_REPLACE_WITH_NASA_SMAP_OR_ISRO_BHUVAN
PROD-0002151,2023-02-19,Chikla,Maharashtra,Bhandara,21.54169,79.75545,522.12,464.11,0.0,0,0.0,OFFICIAL_ANNUAL_PLAN,OFFICIAL_SAME_PERIOD,SYNTHETIC_DAILY_CALIBRATED_TO_PUBLIC_ANNUAL_REFERENCE,58.01,11.11,1,0.0,7.34,7.59,10.12,6.63,8.13,8.65,SYNTHETIC_DEMO_CORRELATED_WITH_RAINFALL_REPLACE_WITH_NASA_SMAP_OR_ISRO_BHUVAN
PROD-0002152,2023-02-20,Chikla,Maharashtra,Bhandara,21.54169,79.75545,508.25,467.52,0.0,0,0.0,OFFICIAL_ANNUAL_PLAN,OFFICIAL_SAME_PERIOD,SYNTHETIC_DAILY_CALIBRATED_TO_PUBLIC_ANNUAL_REFERENCE,40.73,8.014,1,0.0,7.34,7.59,9.4,5.32,6.66,8.73,SYNTHETIC_DEMO_CORRELATED_WITH_RAINFALL_REPLACE_WITH_NASA_SMAP_OR_ISRO_BHUVAN
PROD-0002153,2023-02-21,Chikla,Maharashtra,Bhandara,21.54169,79.75545,546.61,486.27,3.29,0,0.0,OFFICIAL_ANNUAL_PLAN,OFFICIAL_SAME_PERIOD,SYNTHETIC_DAILY_CALIBRATED_TO_PUBLIC_ANNUAL_REFERENCE,60.34,11.039,1,0.0,3.29,7.59,12.69,5.04,5.66,8.68,SYNTHETIC_DEMO_CORRELATED_WITH_RAINFALL_REPLACE_WITH_NASA_SMAP_OR_ISRO_BHUVAN
PROD-0002154,2023-02-22,Chikla,Maharashtra,Bhandara,21.54169,79.75545,574.51,520.51,0.0,0,0.0,OFFICIAL_ANNUAL_PLAN,OFFICIAL_SAME_PERIOD,SYNTHETIC_DAILY_CALIBRATED_TO_PUBLIC_ANNUAL_REFERENCE,54.0,9.399,1,0.0,3.29,0.0,12.58,6.54,5.63,7.74,SYNTHETIC_DEMO_CORRELATED_WITH_RAINFALL_REPLACE_WITH_NASA_SMAP_OR_ISRO_BHUVAN
PROD-0002155,2023-02-23,Chikla,Maharashtra,Bhandara,21.54169,79.75545,593.74,531.79,2.76,0,0.0,OFFICIAL_ANNUAL_PLAN,OFFICIAL_SAME_PERIOD,SYNTHETIC_DAILY_CALIBRATED_TO_PUBLIC_ANNUAL_REFERENCE,61.95,10.434,1,0.0,6.05,0.0,13.39,5.35,5.64,6.66,SYNTHETIC_DEMO_CORRELATED_WITH_RAINFALL_REPLACE_WITH_NASA_SMAP_OR_ISRO_BHUVAN
PROD-0002156,2023-02-24,Chikla,Maharashtra,Bhandara,21.54169,79.75545,516.08,478.5,2.14,0,0.0,OFFICIAL_ANNUAL_PLAN,OFFICIAL_SAME_PERIOD,SYNTHETIC_DAILY_CALIBRATED_TO_PUBLIC_ANNUAL_REFERENCE,37.58,7.282,1,0.0,4.9,0.0,15.53,5.29,5.73,6.03,SYNTHETIC_DEMO_CORRELATED_WITH_RAINFALL_REPLACE_WITH_NASA_SMAP_OR_ISRO_BHUVAN
PROD-0002157,2023-02-25,Chikla,Maharashtra,Bhandara,21.54169,79.75545,579.4,517.83,2.06,0,0.0,OFFICIAL_ANNUAL_PLAN,OFFICIAL_SAME_PERIOD,SYNTHETIC_DAILY_CALIBRATED_TO_PUBLIC_ANNUAL_REFERENCE,61.57,10.627,1,0.0,6.96,0.0,10.25,4.48,5.04,5.52,SYNTHETIC_DEMO_CORRELATED_WITH_RAINFALL_REPLACE_WITH_NASA_SMAP_OR_ISRO_BHUVAN
PROD-0002158,2023-02-26,Chikla,Maharashtra,Bhandara,21.54169,79.75545,505.03,469.55,1.05,0,0.0,OFFICIAL_ANNUAL_PLAN,OFFICIAL_SAME_PERIOD,SYNTHETIC_DAILY_CALIBRATED_TO_PUBLIC_ANNUAL_REFERENCE,35.48,7.025,1,0.0,5.25,0.0,11.3,3.54,4.44,5.08,SYNTHETIC_DEMO_CORRELATED_WITH_RAINFALL_REPLACE_WITH_NASA_SMAP_OR_ISRO_BHUVAN
PROD-0002159,2023-02-27,Chikla,Maharashtra,Bhandara,21.54169,79.75545,656.49,582.75,1.25,0,0.0,OFFICIAL_ANNUAL_PLAN,OFFICIAL_SAME_PERIOD,SYNTHETIC_DAILY_CALIBRATED_TO_PUBLIC_ANNUAL_REFERENCE,73.74,11.232,1,0.0,4.36,0.0,12.55,3.0,3.67,4.75,SYNTHETIC_DEMO_CORRELATED_WITH_RAINFALL_REPLACE_WITH_NASA_SMAP_OR_ISRO_BHUVAN
PROD-0002160,2023-02-28,Chikla,Maharashtra,Bhandara,21.54169,79.75545,532.73,480.13,0.39,0,0.0,OFFICIAL_ANNUAL_PLAN,OFFICIAL_SAME_PERIOD,SYNTHETIC_DAILY_CALIBRATED_TO_PUBLIC_ANNUAL_REFERENCE,52.6,9.874,1,0.0,2.69,0.0,9.65,3.89,3.48,4.58,SYNTHETIC_DEMO_CORRELATED_WITH_RAINFALL_REPLACE_WITH_NASA_SMAP_OR_ISRO_BHUVAN
PROD-0002161,2023-03-01,Chikla,Maharashtra,Bhandara,21.54169,79.75545,592.83,551.05,0.0,0,0.0,OFFICIAL_ANNUAL_PLAN,OFFICIAL_SAME_PERIOD,SYNTHETIC_DAILY_CALIBRATED_TO_PUBLIC_ANNUAL_REFERENCE,41.78,7.048,1,0.0,1.64,0.0,9.65,4.42,3.77,4.28,SYNTHETIC_DEMO_CORRELATED_WITH_RAINFALL_REPLACE_WITH_NASA_SMAP_OR_ISRO_BHUVAN
PROD-0002162,2023-03-02,Chikla,Maharashtra,Bhandara,21.54169,79.75545,566.85,513.37,3.35,0,0.0,OFFICIAL_ANNUAL_PLAN,OFFICIAL_SAME_PERIOD,SYNTHETIC_DAILY_CALIBRATED_TO_PUBLIC_ANNUAL_REFERENCE,53.48,9.435,1,0.0,3.74,0.0,10.24,3.0,3.77,3.95,SYNTHETIC_DEMO_CORRELATED_WITH_RAINFALL_REPLACE_WITH_NASA_SMAP_OR_ISRO_BHUVAN
PROD-0002163,2023-03-03,Chikla,Maharashtra,Bhandara,21.54169,79.75545,491.57,421.34,2.25,0,0.0,OFFICIAL_ANNUAL_PLAN,OFFICIAL_SAME_PERIOD,SYNTHETIC_DAILY_CALIBRATED_TO_PUBLIC_ANNUAL_REFERENCE,70.23,14.287,1,0.0,5.6,0.0,10.35,3.38,3.6,3.67,SYNTHETIC_DEMO_CORRELATED_WITH_RAINFALL_REPLACE_WITH_NASA_SMAP_OR_ISRO_BHUVAN
PROD-0002164,2023-03-04,Chikla,Maharashtra,Bhandara,21.54169,79.75545,593.49,553.69,0.0,0,0.0,OFFICIAL_ANNUAL_PLAN,OFFICIAL_SAME_PERIOD,SYNTHETIC_DAILY_CALIBRATED_TO_PUBLIC_ANNUAL_REFERENCE,39.8,6.706,1,0.0,5.6,0.0,8.29,3.75,3.38,3.57,SYNTHETIC_DEMO_CORRELATED_WITH_RAINFALL_REPLACE_WITH_NASA_SMAP_OR_ISRO_BHUVAN
PROD-0002165,2023-03-05,Chikla,Maharashtra,Bhandara,21.54169,79.75545,534.11,492.28,1.25,30,0.0,OFFICIAL_ANNUAL_PLAN,OFFICIAL_SAME_PERIOD,SYNTHETIC_DAILY_CALIBRATED_TO_PUBLIC_ANNUAL_REFERENCE,41.83,7.832,1,0.0,3.5,0.0,8.49,3.0,3.38,3.49,SYNTHETIC_DEMO_CORRELATED_WITH_RAINFALL_REPLACE_WITH_NASA_SMAP_OR_ISRO_BHUVAN
PROD-0002166,2023-03-06,Chikla,Maharashtra,Bhandara,21.54169,79.75545,556.37,514.34,0.0,0,0.0,OFFICIAL_ANNUAL_PLAN,OFFICIAL_SAME_PERIOD,SYNTHETIC_DAILY_CALIBRATED_TO_PUBLIC_ANNUAL_REFERENCE,42.03,7.554,1,0.0,1.25,0.0,7.24,4.12,3.62,3.65,SYNTHETIC_DEMO_CORRELATED_WITH_RAINFALL_REPLACE_WITH_NASA_SMAP_OR_ISRO_BHUVAN
PROD-0002167,2023-03-07,Chikla,Maharashtra,Bhandara,21.54169,79.75545,598.97,535.42,0.19,0,12.57,OFFICIAL_ANNUAL_PLAN,OFFICIAL_SAME_PERIOD,SYNTHETIC_DAILY_CALIBRATED_TO_PUBLIC_ANNUAL_REFERENCE,63.55,10.61,1,12.57,1.44,12.57,7.04,16.23,7.78,5.41,SYNTHETIC_DEMO_CORRELATED_WITH_RAINFALL_REPLACE_WITH_NASA_SMAP_OR_ISRO_BHUVAN
PROD-0002168,2023-03-08,Chikla,Maharashtra,Bhandara,21.54169,79.75545,566.99,477.32,6.03,0,0.0,OFFICIAL_ANNUAL_PLAN,OFFICIAL_SAME_PERIOD,SYNTHETIC_DAILY_CALIBRATED_TO_PUBLIC_ANNUAL_REFERENCE,89.67,15.815,1,12.57,6.22,12.57,13.07,14.87,11.74,6.91,SYNTHETIC_DEMO_CORRELATED_WITH_RAINFALL_REPLACE_WITH_NASA_SMAP_OR_ISRO_BHUVAN
PROD-0002169,2023-03-09,Chikla,Maharashtra,Bhandara,21.54169,79.75545,513.51,448.04,0.0,0,0.0,OFFICIAL_ANNUAL_PLAN,OFFICIAL_SAME_PERIOD,SYNTHETIC_DAILY_CALIBRATED_TO_PUBLIC_ANNUAL_REFERENCE,65.47,12.75,1,12.57,6.22,12.57,9.72,13.7,14.93,8.44,SYNTHETIC_DEMO_CORRELATED_WITH_RAINFALL_REPLACE_WITH_NASA_SMAP_OR_ISRO_BHUVAN
PROD-0002170,2023-03-10,Chikla,Maharashtra,Bhandara,21.54169,79.75545,619.9,545.44,2.11,0,0.0,OFFICIAL_ANNUAL_PLAN,OFFICIAL_SAME_PERIOD,SYNTHETIC_DAILY_CALIBRATED_TO_PUBLIC_ANNUAL_REFERENCE,74.46,12.012,1,0.0,8.14,12.57,9.58,13.9,14.16,9.94,SYNTHETIC_DEMO_CORRELATED_WITH_RAINFALL_REPLACE_WITH_NASA_SMAP_OR_ISRO_BHUVAN
PROD-0002171,2023-03-11,Chikla,Maharashtra,Bhandara,21.54169,79.75545,544.59,497.4,0.0,0,0.0,OFFICIAL_ANNUAL_PLAN,OFFICIAL_SAME_PERIOD,SYNTHETIC_DAILY_CALIBRATED_TO_PUBLIC_ANNUAL_REFERENCE,47.19,8.665,1,0.0,2.11,12.57,9.58,11.69,13.1,11.07,SYNTHETIC_DEMO_CORRELATED_WITH_RAINFALL_REPLACE_WITH_NASA_SMAP_OR_ISRO_BHUVAN
PROD-0002172,2023-03-12,Chikla,Maharashtra,Bhandara,21.54169,79.75545,531.41,468.36,0.69,0,0.0,OFFICIAL_ANNUAL_PLAN,OFFICIAL_SAME_PERIOD,SYNTHETIC_DAILY_CALIBRATED_TO_PUBLIC_ANNUAL_REFERENCE,63.05,11.865,1,0.0,2.8,12.57,9.02,11.04,12.21,12.22,SYNTHETIC_DEMO_CORRELATED_WITH_RAINFALL_REPLACE_WITH_NASA_SMAP_OR_ISRO_BHUVAN
PROD-0002173,2023-03-13,Chikla,Maharashtra,Bhandara,21.54169,79.75545,570.1,483.47,1.28,0,3.74,OFFICIAL_ANNUAL_PLAN,OFFICIAL_SAME_PERIOD,SYNTHETIC_DAILY_CALIBRATED_TO_PUBLIC_ANNUAL_REFERENCE,86.63,15.196,1,3.74,1.97,16.31,10.3,11.26,11.33,13.24,SYNTHETIC_DEMO_CORRELATED_WITH_RAINFALL_REPLACE_WITH_NASA_SMAP_OR_ISRO_BHUVAN
PROD-0002174,2023-03-14,Chikla,Maharashtra,Bhandara,21.54169,79.75545,556.33,506.07,0.0,0,0.0,OFFICIAL_ANNUAL_PLAN,OFFICIAL_SAME_PERIOD,SYNTHETIC_DAILY_CALIBRATED_TO_PUBLIC_ANNUAL_REFERENCE,50.26,9.034,1,3.74,1.97,3.74,10.11,8.9,10.4,12.19,SYNTHETIC_DEMO_CORRELATED_WITH_RAINFALL_REPLACE_WITH_NASA_SMAP_OR_ISRO_BHUVAN
PROD-0002175,2023-03-15,Chikla,Maharashtra,Bhandara,21.54169,79.75545,513.05,460.79,0.0,0,0.0,OFFICIAL_ANNUAL_PLAN,OFFICIAL_SAME_PERIOD,SYNTHETIC_DAILY_CALIBRATED_TO_PUBLIC_ANNUAL_REFERENCE,52.26,10.186,1,3.74,1.28,3.74,4.08,8.47,9.54,11.28,SYNTHETIC_DEMO_CORRELATED_WITH_RAINFALL_REPLACE_WITH_NASA_SMAP_OR_ISRO_BHUVAN
PROD-0002176,2023-03-16,Chikla,Maharashtra,Bhandara,21.54169,79.75545,548.41,516.21,0.0,0,0.0,OFFICIAL_ANNUAL_PLAN,OFFICIAL_SAME_PERIOD,SYNTHETIC_DAILY_CALIBRATED_TO_PUBLIC_ANNUAL_REFERENCE,32.2,5.872,1,0.0,0.0,3.74,4.08,7.65,8.34,10.42,SYNTHETIC_DEMO_CORRELATED_WITH_RAINFALL_REPLACE_WITH_NASA_SMAP_OR_ISRO_BHUVAN
PROD-0002177,2023-03-17,Chikla,Maharashtra,Bhandara,21.54169,79.75545,473.73,445.71,0.0,0,0.0,OFFICIAL_ANNUAL_PLAN,OFFICIAL_SAME_PERIOD,SYNTHETIC_DAILY_CALIBRATED_TO_PUBLIC_ANNUAL_REFERENCE,28.02,5.915,1,0.0,0.0,3.74,1.97,5.75,7.29,9.25,SYNTHETIC_DEMO_CORRELATED_WITH_RAINFALL_REPLACE_WITH_NASA_SMAP_OR_ISRO_BHUVAN
PROD-0002178,2023-03-18,Chikla,Maharashtra,Bhandara,21.54169,79.75545,586.99,522.86,1.62,0,0.0,OFFICIAL_ANNUAL_PLAN,OFFICIAL_SAME_PERIOD,SYNTHETIC_DAILY_CALIBRATED_TO_PUBLIC_ANNUAL_REFERENCE,64.13,10.925,1,0.0,1.62,3.74,3.59,5.01,6.14,8.3,SYNTHETIC_DEMO_CORRELATED_WITH_RAINFALL_REPLACE_WITH_NASA_SMAP_OR_ISRO_BHUVAN
PROD-0002179,2023-03-19,Chikla,Maharashtra,Bhandara,21.54169,79.75545,540.4,506.43,1.17,0,0.0,OFFICIAL_ANNUAL_PLAN,OFFICIAL_SAME_PERIOD,SYNTHETIC_DAILY_CALIBRATED_TO_PUBLIC_ANNUAL_REFERENCE,33.97,6.286,1,0.0,2.79,3.74,4.07,3.44,4.73,7.21,SYNTHETIC_DEMO_CORRELATED_WITH_RAINFALL_REPLACE_WITH_NASA_SMAP_OR_ISRO_BHUVAN
PROD-0002180,2023-03-20,Chikla,Maharashtra,Bhandara,21.54169,79.75545,593.51,514.23,2.9,0,0.0,OFFICIAL_ANNUAL_PLAN,OFFICIAL_SAME_PERIOD,SYNTHETIC_DAILY_CALIBRATED_TO_PUBLIC_ANNUAL_REFERENCE,79.28,13.358,1,0.0,5.69,0.0,5.69,3.79,4.08,6.14,SYNTHETIC_DEMO_CORRELATED_WITH_RAINFALL_REPLACE_WITH_NASA_SMAP_OR_ISRO_BHUVAN
PROD-0002181,2023-03-21,Chikla,Maharashtra,Bhandara,21.54169,79.75545,537.56,490.36,2.11,0,0.0,OFFICIAL_ANNUAL_PLAN,OFFICIAL_SAME_PERIOD,SYNTHETIC_DAILY_CALIBRATED_TO_PUBLIC_ANNUAL_REFERENCE,47.2,8.78,1,0.0,6.18,0.0,7.8,5.06,4.1,5.6,SYNTHETIC_DEMO_CORRELATED_WITH_RAINFALL_REPLACE_WITH_NASA_SMAP_OR_ISRO_BHUVAN
PROD-0002182,2023-03-22,Chikla,Maharashtra,Bhandara,21.54169,79.75545,553.18,471.78,6.5,0,0.0,OFFICIAL_ANNUAL_PLAN,OFFICIAL_SAME_PERIOD,SYNTHETIC_DAILY_CALIBRATED_TO_PUBLIC_ANNUAL_REFERENCE,81.4,14.715,1,0.0,11.51,0.0,14.3,3.83,4.23,4.93,SYNTHETIC_DEMO_CORRELATED_WITH_RAINFALL_REPLACE_WITH_NASA_SMAP_OR_ISRO_BHUVAN
PROD-0002183,2023-03-23,Chikla,Maharashtra,Bhandara,21.54169,79.75545,564.84,507.6,0.0,0,0.0,OFFICIAL_ANNUAL_PLAN,OFFICIAL_SAME_PERIOD,SYNTHETIC_DAILY_CALIBRATED_TO_PUBLIC_ANNUAL_REFERENCE,57.24,10.134,1,0.0,8.61,0.0,14.3,4.49,4.46,4.48,SYNTHETIC_DEMO_CORRELATED_WITH_RAINFALL_REPLACE_WITH_NASA_SMAP_OR_ISRO_BHUVAN
PROD-0002184,2023-03-24,Chikla,Maharashtra,Bhandara,21.54169,79.75545,548.46,525.38,0.0,0,0.0,OFFICIAL_ANNUAL_PLAN,OFFICIAL_SAME_PERIOD,SYNTHETIC_DAILY_CALIBRATED_TO_PUBLIC_ANNUAL_REFERENCE,23.08,4.208,1,0.0,6.5,0.0,14.3,4.9,4.41,4.36,SYNTHETIC_DEMO_CORRELATED_WITH_RAINFALL_REPLACE_WITH_NASA_SMAP_OR_ISRO_BHUVAN
PROD-0002185,2023-03-25,Chikla,Maharashtra,Bhandara,21.54169,79.75545,591.36,550.0,0.06,0,3.68,OFFICIAL_ANNUAL_PLAN,OFFICIAL_SAME_PERIOD,SYNTHETIC_DAILY_CALIBRATED_TO_PUBLIC_ANNUAL_REFERENCE,41.36,6.994,1,3.68,0.06,3.68,12.74,8.77,6.05,4.9,SYNTHETIC_DEMO_CORRELATED_WITH_RAINFALL_REPLACE_WITH_NASA_SMAP_OR_ISRO_BHUVAN
PROD-0002186,2023-03-26,Chikla,Maharashtra,Bhandara,21.54169,79.75545,539.67,509.46,0.0,0,0.0,OFFICIAL_ANNUAL_PLAN,OFFICIAL_SAME_PERIOD,SYNTHETIC_DAILY_CALIBRATED_TO_PUBLIC_ANNUAL_REFERENCE,30.21,5.598,1,3.68,0.06,3.68,11.57,9.14,7.6,5.71,SYNTHETIC_DEMO_CORRELATED_WITH_RAINFALL_REPLACE_WITH_NASA_SMAP_OR_ISRO_BHUVAN
PROD-0002187,2023-03-27,Chikla,Maharashtra,Bhandara,21.54169,79.75545,509.55,458.78,0.0,0,0.0,OFFICIAL_ANNUAL_PLAN,OFFICIAL_SAME_PERIOD,SYNTHETIC_DAILY_CALIBRATED_TO_PUBLIC_ANNUAL_REFERENCE,50.77,9.964,1,3.68,0.06,3.68,8.67,8.85,8.92,6.43,SYNTHETIC_DEMO_CORRELATED_WITH_RAINFALL_REPLACE_WITH_NASA_SMAP_OR_ISRO_BHUVAN
PROD-0002188,2023-03-28,Chikla,Maharashtra,Bhandara,21.54169,79.75545,544.84,492.08,0.0,0,0.0,OFFICIAL_ANNUAL_PLAN,OFFICIAL_SAME_PERIOD,SYNTHETIC_DAILY_CALIBRATED_TO_PUBLIC_ANNUAL_REFERENCE,52.76,9.684,1,0.0,0.0,3.68,6.56,9.64,9.21,7.09,SYNTHETIC_DEMO_CORRELATED_WITH_RAINFALL_REPLACE_WITH_NASA_SMAP_OR_ISRO_BHUVAN
PROD-0002189,2023-03-29,Chikla,Maharashtra,Bhandara,21.54169,79.75545,531.22,487.21,0.0,0,0.0,OFFICIAL_ANNUAL_PLAN,OFFICIAL_SAME_PERIOD,SYNTHETIC_DAILY_CALIBRATED_TO_PUBLIC_ANNUAL_REFERENCE,44.01,8.285,1,0.0,0.0,3.68,0.06,9.51,9.33,7.9,SYNTHETIC_DEMO_CORRELATED_WITH_RAINFALL_REPLACE_WITH_NASA_SMAP_OR_ISRO_BHUVAN
PROD-0002190,2023-03-30,Chikla,Maharashtra,Bhandara,21.54169,79.75545,572.52,533.86,1.9,0,0.0,OFFICIAL_ANNUAL_PLAN,OFFICIAL_SAME_PERIOD,SYNTHETIC_DAILY_CALIBRATED_TO_PUBLIC_ANNUAL_REFERENCE,38.66,6.753,1,0.0,1.9,3.68,1.96,8.63,9.26,8.49,SYNTHETIC_DEMO_CORRELATED_WITH_RAINFALL_REPLACE_WITH_NASA_SMAP_OR_ISRO_BHUVAN
PROD-0002191,2023-03-31,Chikla,Maharashtra,Bhandara,21.54169,79.75545,574.9100000000001,501.91,0.0,0,0.0,OFFICIAL_ANNUAL_PLAN,OFFICIAL_SAME_PERIOD,SYNTHETIC_DAILY_CALIBRATED_TO_PUBLIC_ANNUAL_REFERENCE,73.0,12.698,1,0.0,1.9,3.68,1.96,8.38,8.84,8.99,SYNTHETIC_DEMO_CORRELATED_WITH_RAINFALL_REPLACE_WITH_NASA_SMAP_OR_ISRO_BHUVAN
PROD-0002192,2009-04-01,Dongri Buzurg,Maharashtra,Bhandara,21.546128,79.686722,881.16,695.98,1.24,0,0.0,HISTORICAL_ROM_CAPACITY_PROXY,PROXY_NOT_SAME_PERIOD_PLAN,SYNTHETIC_DAILY_CALIBRATED_TO_PUBLIC_ANNUAL_REFERENCE,185.18,21.015,1,0.0,1.24,0.0,1.24,25.0,25.0,25.0,SYNTHETIC_DEMO_CORRELATED_WITH_RAINFALL_REPLACE_WITH_NASA_SMAP_OR_ISRO_BHUVAN
PROD-0002193,2009-04-02,Dongri Buzurg,Maharashtra,Bhandara,21.546128,79.686722,847.97,682.87,1.63,0,0.0,HISTORICAL_ROM_CAPACITY_PROXY,PROXY_NOT_SAME_PERIOD_PLAN,SYNTHETIC_DAILY_CALIBRATED_TO_PUBLIC_ANNUAL_REFERENCE,165.1,19.47,1,0.0,2.87,0.0,2.87,22.76,23.88,23.88,SYNTHETIC_DEMO_CORRELATED_WITH_RAINFALL_REPLACE_WITH_NASA_SMAP_OR_ISRO_BHUVAN
PROD-0002194,2009-04-03,Dongri Buzurg,Maharashtra,Bhandara,21.546128,79.686722,1015.63,807.76,1.94,0,0.0,HISTORICAL_ROM_CAPACITY_PROXY,PROXY_NOT_SAME_PERIOD_PLAN,SYNTHETIC_DAILY_CALIBRATED_TO_PUBLIC_ANNUAL_REFERENCE,207.87,20.467,1,0.0,4.81,0.0,4.81,20.63,22.8,22.8,SYNTHETIC_DEMO_CORRELATED_WITH_RAINFALL_REPLACE_WITH_NASA_SMAP_OR_ISRO_BHUVAN
PROD-0002195,2009-04-04,Dongri Buzurg,Maharashtra,Bhandara,21.546128,79.686722,988.45,790.61,3.05,0,0.0,HISTORICAL_ROM_CAPACITY_PROXY,PROXY_NOT_SAME_PERIOD_PLAN,SYNTHETIC_DAILY_CALIBRATED_TO_PUBLIC_ANNUAL_REFERENCE,197.84,20.015,1,0.0,6.62,0.0,7.86,20.81,21.4,22.3,SYNTHETIC_DEMO_CORRELATED_WITH_RAINFALL_REPLACE_WITH_NASA_SMAP_OR_ISRO_BHUVAN
PROD-0002196,2009-04-05,Dongri Buzurg,Maharashtra,Bhandara,21.546128,79.686722,1027.04,870.03,0.0,32,0.0,HISTORICAL_ROM_CAPACITY_PROXY,PROXY_NOT_SAME_PERIOD_PLAN,SYNTHETIC_DAILY_CALIBRATED_TO_PUBLIC_ANNUAL_REFERENCE,157.01,15.288,1,0.0,4.99,0.0,7.86,19.37,20.27,21.71,SYNTHETIC_DEMO_CORRELATED_WITH_RAINFALL_REPLACE_WITH_NASA_SMAP_OR_ISRO_BHUVAN
PROD-0002197,2009-04-06,Dongri Buzurg,Maharashtra,Bhandara,21.546128,79.686722,1072.06,870.47,1.97,0,0.0,HISTORICAL_ROM_CAPACITY_PROXY,PROXY_NOT_SAME_PERIOD_PLAN,SYNTHETIC_DAILY_CALIBRATED_TO_PUBLIC_ANNUAL_REFERENCE,201.59,18.804,1,0.0,5.02,0.0,9.83,20.64,20.27,21.54,SYNTHETIC_DEMO_CORRELATED_WITH_RAINFALL_REPLACE_WITH_NASA_SMAP_OR_ISRO_BHUVAN
PROD-0002198,2009-04-07,Dongri Buzurg,Maharashtra,Bhandara,21.546128,79.686722,900.53,705.42,3.1,0,0.0,HISTORICAL_ROM_CAPACITY_PROXY,PROXY_NOT_SAME_PERIOD_PLAN,SYNTHETIC_DAILY_CALIBRATED_TO_PUBLIC_ANNUAL_REFERENCE,195.11,21.666,1,0.0,5.07,0.0,12.93,19.65,19.89,21.27,SYNTHETIC_DEMO_CORRELATED_WITH_RAINFALL_REPLACE_WITH_NASA_SMAP_OR_ISRO_BHUVAN
PROD-0002199,2009-04-08,Dongri Buzurg,Maharashtra,Bhandara,21.546128,79.686722,1049.04,876.78,0.0,0,0.0,HISTORICAL_ROM_CAPACITY_PROXY,PROXY_NOT_SAME_PERIOD_PLAN,SYNTHETIC_DAILY_CALIBRATED_TO_PUBLIC_ANNUAL_REFERENCE,172.26,16.421,1,0.0,5.07,0.0,11.69,18.26,19.52,20.3,SYNTHETIC_DEMO_CORRELATED_WITH_RAINFALL_REPLACE_WITH_NASA_SMAP_OR_ISRO_BHUVAN
PROD-0002200,2009-04-09,Dongri Buzurg,Maharashtra,Bhandara,21.546128,79.686722,837.43,658.31,1.54,0,0.0,HISTORICAL_ROM_CAPACITY_PROXY,PROXY_NOT_SAME_PERIOD_PLAN,SYNTHETIC_DAILY_CALIBRATED_TO_PUBLIC_ANNUAL_REFERENCE,179.12,21.389,1,0.0,4.64,0.0,11.6,18.94,18.95,19.76,SYNTHETIC_DEMO_CORRELATED_WITH_RAINFALL_REPLACE_WITH_NASA_SMAP_OR_ISRO_BHUVAN
PROD-0002201,2009-04-10,Dongri Buzurg,Maharashtra,Bhandara,21.546128,79.686722,925.21,768.39,0.0,68,0.0,HISTORICAL_ROM_CAPACITY_PROXY,PROXY_NOT_SAME_PERIOD_PLAN,SYNTHETIC_DAILY_CALIBRATED_TO_PUBLIC_ANNUAL_REFERENCE,156.82,16.95,1,0.0,1.54,0.0,9.66,19.39,18.86,19.58,SYNTHETIC_DEMO_CORRELATED_WITH_RAINFALL_REPLACE_WITH_NASA_SMAP_OR_ISRO_BHUVAN
PROD-0002202,2009-04-11,Dongri Buzurg,Maharashtra,Bhandara,21.546128,79.686722,901.11,738.82,1.09,0,0.0,HISTORICAL_ROM_CAPACITY_PROXY,PROXY_NOT_SAME_PERIOD_PLAN,SYNTHETIC_DAILY_CALIBRATED_TO_PUBLIC_ANNUAL_REFERENCE,162.29,18.01,1,0.0,2.63,0.0,7.7,19.53,19.29,19.4,SYNTHETIC_DEMO_CORRELATED_WITH_RAINFALL_REPLACE_WITH_NASA_SMAP_OR_ISRO_BHUVAN
PROD-0002203,2009-04-12,Dongri Buzurg,Maharashtra,Bhandara,21.546128,79.686722,1151.23,928.48,0.99,34,0.0,HISTORICAL_ROM_CAPACITY_PROXY,PROXY_NOT_SAME_PERIOD_PLAN,SYNTHETIC_DAILY_CALIBRATED_TO_PUBLIC_ANNUAL_REFERENCE,222.75,19.349,1,0.0,2.08,0.0,8.69,17.95,18.96,19.19,SYNTHETIC_DEMO_CORRELATED_WITH_RAINFALL_REPLACE_WITH_NASA_SMAP_OR_ISRO_BHUVAN
PROD-0002204,2009-04-13,Dongri Buzurg,Maharashtra,Bhandara,21.546128,79.686722,1054.47,859.6,2.0,0,0.0,HISTORICAL_ROM_CAPACITY_PROXY,PROXY_NOT_SAME_PERIOD_PLAN,SYNTHETIC_DAILY_CALIBRATED_TO_PUBLIC_ANNUAL_REFERENCE,194.87,18.48,1,0.0,4.08,0.0,8.72,18.48,18.65,18.89,SYNTHETIC_DEMO_CORRELATED_WITH_RAINFALL_REPLACE_WITH_NASA_SMAP_OR_ISRO_BHUVAN
PROD-0002205,2009-04-14,Dongri Buzurg,Maharashtra,Bhandara,21.546128,79.686722,906.79,754.52,0.0,0,0.0,HISTORICAL_ROM_CAPACITY_PROXY,PROXY_NOT_SAME_PERIOD_PLAN,SYNTHETIC_DAILY_CALIBRATED_TO_PUBLIC_ANNUAL_REFERENCE,152.27,16.792,1,0.0,2.99,0.0,5.62,17.65,18.03,18.6,SYNTHETIC_DEMO_CORRELATED_WITH_RAINFALL_REPLACE_WITH_NASA_SMAP_OR_ISRO_BHUVAN
PROD-0002206,2009-04-15,Dongri Buzurg,Maharashtra,Bhandara,21.546128,79.686722,997.13,795.83,1.84,0,0.84,HISTORICAL_ROM_CAPACITY_PROXY,PROXY_NOT_SAME_PERIOD_PLAN,SYNTHETIC_DAILY_CALIBRATED_TO_PUBLIC_ANNUAL_REFERENCE,201.3,20.188,1,0.84,3.84,0.84,7.46,17.5,17.88,18.49,SYNTHETIC_DEMO_CORRELATED_WITH_RAINFALL_REPLACE_WITH_NASA_SMAP_OR_ISRO_BHUVAN
PROD-0002207,2009-04-16,Dongri Buzurg,Maharashtra,Bhandara,21.546128,79.686722,875.25,698.51,0.0,0,0.0,HISTORICAL_ROM_CAPACITY_PROXY,PROXY_NOT_SAME_PERIOD_PLAN,SYNTHETIC_DAILY_CALIBRATED_TO_PUBLIC_ANNUAL_REFERENCE,176.74,20.193,1,0.84,1.84,0.84,5.92,16.62,17.26,18.16,SYNTHETIC_DEMO_CORRELATED_WITH_RAINFALL_REPLACE_WITH_NASA_SMAP_OR_ISRO_BHUVAN
PROD-0002208,2009-04-17,Dongri Buzurg,Maharashtra,Bhandara,21.546128,79.686722,993.19,833.69,0.0,0,0.0,HISTORICAL_ROM_CAPACITY_PROXY,PROXY_NOT_SAME_PERIOD_PLAN,SYNTHETIC_DAILY_CALIBRATED_TO_PUBLIC_ANNUAL_REFERENCE,159.5,16.059,1,0.84,1.84,0.84,5.92,15.57,16.56,17.61,SYNTHETIC_DEMO_CORRELATED_WITH_RAINFALL_REPLACE_WITH_NASA_SMAP_OR_ISRO_BHUVAN
PROD-0002209,2009-04-18,Dongri Buzurg,Maharashtra,Bhandara,21.546128,79.686722,838.02,663.72,2.21,36,0.0,HISTORICAL_ROM_CAPACITY_PROXY,PROXY_NOT_SAME_PERIOD_PLAN,SYNTHETIC_DAILY_CALIBRATED_TO_PUBLIC_ANNUAL_REFERENCE,174.3,20.799,1,0.0,2.21,0.84,7.04,15.39,15.86,17.02,SYNTHETIC_DEMO_CORRELATED_WITH_RAINFALL_REPLACE_WITH_NASA_SMAP_OR_ISRO_BHUVAN
PROD-0002210,2009-04-19,Dongri Buzurg,Maharashtra,Bhandara,21.546128,79.686722,1097.27,933.5,0.0,27,0.0,HISTORICAL_ROM_CAPACITY_PROXY,PROXY_NOT_SAME_PERIOD_PLAN,SYNTHETIC_DAILY_CALIBRATED_TO_PUBLIC_ANNUAL_REFERENCE,163.77,14.925,1,0.0,2.21,0.84,6.05,15.22,15.39,16.63,SYNTHETIC_DEMO_CORRELATED_WITH_RAINFALL_REPLACE_WITH_NASA_SMAP_OR_ISRO_BHUVAN
PROD-0002211,2009-04-20,Dongri Buzurg,Maharashtra,Bhandara,21.546128,79.686722,975.57,811.79,0.0,14,0.0,HISTORICAL_ROM_CAPACITY_PROXY,PROXY_NOT_SAME_PERIOD_PLAN,SYNTHETIC_DAILY_CALIBRATED_TO_PUBLIC_ANNUAL_REFERENCE,163.78,16.788,1,0.0,2.21,0.84,4.05,12.38,14.33,15.76,SYNTHETIC_DEMO_CORRELATED_WITH_RAINFALL_REPLACE_WITH_NASA_SMAP_OR_ISRO_BHUVAN
PROD-0002212,2009-04-21,Dongri Buzurg,Maharashtra,Bhandara,21.546128,79.686722,1058.99,816.0,5.51,0,0.0,HISTORICAL_ROM_CAPACITY_PROXY,PROXY_NOT_SAME_PERIOD_PLAN,SYNTHETIC_DAILY_CALIBRATED_TO_PUBLIC_ANNUAL_REFERENCE,242.99,22.945,1,0.0,5.51,0.84,9.56,10.64,12.75,14.76,SYNTHETIC_DEMO_CORRELATED_WITH_RAINFALL_REPLACE_WITH_NASA_SMAP_OR_ISRO_BHUVAN
PROD-0002213,2009-04-22,Dongri Buzurg,Maharashtra,Bhandara,21.546128,79.686722,871.49,714.55,0.1,0,6.54,HISTORICAL_ROM_CAPACITY_PROXY,PROXY_NOT_SAME_PERIOD_PLAN,SYNTHETIC_DAILY_CALIBRATED_TO_PUBLIC_ANNUAL_REFERENCE,156.94,18.008,1,6.54,5.61,6.54,7.82,17.63,13.55,14.78,SYNTHETIC_DEMO_CORRELATED_WITH_RAINFALL_REPLACE_WITH_NASA_SMAP_OR_ISRO_BHUVAN
PROD-0002214,2009-04-23,Dongri Buzurg,Maharashtra,Bhandara,21.546128,79.686722,1017.91,840.87,2.93,0,0.0,HISTORICAL_ROM_CAPACITY_PROXY,PROXY_NOT_SAME_PERIOD_PLAN,SYNTHETIC_DAILY_CALIBRATED_TO_PUBLIC_ANNUAL_REFERENCE,177.04,17.393,1,6.54,8.54,6.54,10.75,15.98,14.75,14.69,SYNTHETIC_DEMO_CORRELATED_WITH_RAINFALL_REPLACE_WITH_NASA_SMAP_OR_ISRO_BHUVAN
PROD-0002215,2009-04-24,Dongri Buzurg,Maharashtra,Bhandara,21.546128,79.686722,920.16,728.32,2.02,0,0.0,HISTORICAL_ROM_CAPACITY_PROXY,PROXY_NOT_SAME_PERIOD_PLAN,SYNTHETIC_DAILY_CALIBRATED_TO_PUBLIC_ANNUAL_REFERENCE,191.84,20.849,1,6.54,5.05,6.54,12.77,14.43,16.01,14.52,SYNTHETIC_DEMO_CORRELATED_WITH_RAINFALL_REPLACE_WITH_NASA_SMAP_OR_ISRO_BHUVAN
PROD-0002216,2009-04-25,Dongri Buzurg,Maharashtra,Bhandara,21.546128,79.686722,939.86,780.67,1.71,0,0.0,HISTORICAL_ROM_CAPACITY_PROXY,PROXY_NOT_SAME_PERIOD_PLAN,SYNTHETIC_DAILY_CALIBRATED_TO_PUBLIC_ANNUAL_REFERENCE,159.19,16.938,1,0.0,6.66,6.54,12.27,14.94,15.12,14.46,SYNTHETIC_DEMO_CORRELATED_WITH_RAINFALL_REPLACE_WITH_NASA_SMAP_OR_ISRO_BHUVAN
PROD-0002217,2009-04-26,Dongri Buzurg,Maharashtra,Bhandara,21.546128,79.686722,1020.49,817.79,1.15,0,0.0,HISTORICAL_ROM_CAPACITY_PROXY,PROXY_NOT_SAME_PERIOD_PLAN,SYNTHETIC_DAILY_CALIBRATED_TO_PUBLIC_ANNUAL_REFERENCE,202.7,19.863,1,0.0,4.88,6.54,13.42,12.74,14.04,14.11,SYNTHETIC_DEMO_CORRELATED_WITH_RAINFALL_REPLACE_WITH_NASA_SMAP_OR_ISRO_BHUVAN
PROD-0002218,2009-04-27,Dongri Buzurg,Maharashtra,Bhandara,21.546128,79.686722,1034.55,847.29,1.72,0,0.0,HISTORICAL_ROM_CAPACITY_PROXY,PROXY_NOT_SAME_PERIOD_PLAN,SYNTHETIC_DAILY_CALIBRATED_TO_PUBLIC_ANNUAL_REFERENCE,187.26,18.101,1,0.0,4.58,6.54,15.14,14.28,13.99,14.38,SYNTHETIC_DEMO_CORRELATED_WITH_RAINFALL_REPLACE_WITH_NASA_SMAP_OR_ISRO_BHUVAN
PROD-0002219,2009-04-28,Dongri Buzurg,Maharashtra,Bhandara,21.546128,79.686722,1008.67,785.14,5.98,0,0.0,HISTORICAL_ROM_CAPACITY_PROXY,PROXY_NOT_SAME_PERIOD_PLAN,SYNTHETIC_DAILY_CALIBRATED_TO_PUBLIC_ANNUAL_REFERENCE,223.53,22.161,1,0.0,8.85,6.54,15.61,15.21,14.08,15.03,SYNTHETIC_DEMO_CORRELATED_WITH_RAINFALL_REPLACE_WITH_NASA_SMAP_OR_ISRO_BHUVAN
PROD-0002220,2009-04-29,Dongri Buzurg,Maharashtra,Bhandara,21.546128,79.686722,991.95,770.82,3.92,0,1.01,HISTORICAL_ROM_CAPACITY_PROXY,PROXY_NOT_SAME_PERIOD_PLAN,SYNTHETIC_DAILY_CALIBRATED_TO_PUBLIC_ANNUAL_REFERENCE,221.13,22.292,1,1.01,11.62,1.01,19.43,13.46,14.32,14.43,SYNTHETIC_DEMO_CORRELATED_WITH_RAINFALL_REPLACE_WITH_NASA_SMAP_OR_ISRO_BHUVAN
PROD-0002221,2009-04-30,Dongri Buzurg,Maharashtra,Bhandara,21.546128,79.686722,850.23,717.69,0.0,0,0.0,HISTORICAL_ROM_CAPACITY_PROXY,PROXY_NOT_SAME_PERIOD_PLAN,SYNTHETIC_DAILY_CALIBRATED_TO_PUBLIC_ANNUAL_REFERENCE,132.54,15.589,1,1.01,9.9,1.01,16.5,13.03,13.9,14.01,SYNTHETIC_DEMO_CORRELATED_WITH_RAINFALL_REPLACE_WITH_NASA_SMAP_OR_ISRO_BHUVAN
PROD-0002222,2009-05-01,Dongri Buzurg,Maharashtra,Bhandara,21.546128,79.686722,1074.32,895.76,0.0,0,0.0,HISTORICAL_ROM_CAPACITY_PROXY,PROXY_NOT_SAME_PERIOD_PLAN,SYNTHETIC_DAILY_CALIBRATED_TO_PUBLIC_ANNUAL_REFERENCE,178.56,16.621,1,1.01,3.92,1.01,14.48,11.19,12.56,13.55,SYNTHETIC_DEMO_CORRELATED_WITH_RAINFALL_REPLACE_WITH_NASA_SMAP_OR_ISRO_BHUVAN
PROD-0002223,2009-05-02,Dongri Buzurg,Maharashtra,Bhandara,21.546128,79.686722,879.1,717.41,1.76,0,0.0,HISTORICAL_ROM_CAPACITY_PROXY,PROXY_NOT_SAME_PERIOD_PLAN,SYNTHETIC_DAILY_CALIBRATED_TO_PUBLIC_ANNUAL_REFERENCE,161.69,18.393,1,0.0,1.76,1.01,14.53,11.25,11.82,13.02,SYNTHETIC_DEMO_CORRELATED_WITH_RAINFALL_REPLACE_WITH_NASA_SMAP_OR_ISRO_BHUVAN
PROD-0002224,2009-05-03,Dongri Buzurg,Maharashtra,Bhandara,21.546128,79.686722,947.14,768.8,1.28,0,0.0,HISTORICAL_ROM_CAPACITY_PROXY,PROXY_NOT_SAME_PERIOD_PLAN,SYNTHETIC_DAILY_CALIBRATED_TO_PUBLIC_ANNUAL_REFERENCE,178.34,18.829,1,0.0,3.04,1.01,14.66,10.2,10.88,12.66,SYNTHETIC_DEMO_CORRELATED_WITH_RAINFALL_REPLACE_WITH_NASA_SMAP_OR_ISRO_BHUVAN
PROD-0002225,2009-05-04,Dongri Buzurg,Maharashtra,Bhandara,21.546128,79.686722,867.75,705.07,0.0,49,0.0,HISTORICAL_ROM_CAPACITY_PROXY,PROXY_NOT_SAME_PERIOD_PLAN,SYNTHETIC_DAILY_CALIBRATED_TO_PUBLIC_ANNUAL_REFERENCE,162.68,18.747,1,0.0,3.04,1.01,12.94,10.65,10.7,12.14,SYNTHETIC_DEMO_CORRELATED_WITH_RAINFALL_REPLACE_WITH_NASA_SMAP_OR_ISRO_BHUVAN
PROD-0002226,2009-05-05,Dongri Buzurg,Maharashtra,Bhandara,21.546128,79.686722,957.76,801.39,0.0,0,0.0,HISTORICAL_ROM_CAPACITY_PROXY,PROXY_NOT_SAME_PERIOD_PLAN,SYNTHETIC_DAILY_CALIBRATED_TO_PUBLIC_ANNUAL_REFERENCE,156.37,16.327,1,0.0,1.28,1.01,6.96,11.65,10.83,11.63,SYNTHETIC_DEMO_CORRELATED_WITH_RAINFALL_REPLACE_WITH_NASA_SMAP_OR_ISRO_BHUVAN
PROD-0002227,2009-05-06,Dongri Buzurg,Maharashtra,Bhandara,21.546128,79.686722,939.37,745.75,0.39,0,0.0,HISTORICAL_ROM_CAPACITY_PROXY,PROXY_NOT_SAME_PERIOD_PLAN,SYNTHETIC_DAILY_CALIBRATED_TO_PUBLIC_ANNUAL_REFERENCE,193.62,20.612,1,0.0,0.39,0.0,3.43,11.26,11.19,11.32,SYNTHETIC_DEMO_CORRELATED_WITH_RAINFALL_REPLACE_WITH_NASA_SMAP_OR_ISRO_BHUVAN
PROD-0002228,2009-05-07,Dongri Buzurg,Maharashtra,Bhandara,21.546128,79.686722,914.49,759.23,0.0,0,0.0,HISTORICAL_ROM_CAPACITY_PROXY,PROXY_NOT_SAME_PERIOD_PLAN,SYNTHETIC_DAILY_CALIBRATED_TO_PUBLIC_ANNUAL_REFERENCE,155.26,16.978,1,0.0,0.39,0.0,3.43,9.98,10.96,10.88,SYNTHETIC_DEMO_CORRELATED_WITH_RAINFALL_REPLACE_WITH_NASA_SMAP_OR_ISRO_BHUVAN
PROD-0002229,2009-05-08,Dongri Buzurg,Maharashtra,Bhandara,21.546128,79.686722,842.04,710.08,0.0,0,0.0,HISTORICAL_ROM_CAPACITY_PROXY,PROXY_NOT_SAME_PERIOD_PLAN,SYNTHETIC_DAILY_CALIBRATED_TO_PUBLIC_ANNUAL_REFERENCE,131.96,15.671,1,0.0,0.39,0.0,3.43,8.55,9.93,10.51,SYNTHETIC_DEMO_CORRELATED_WITH_RAINFALL_REPLACE_WITH_NASA_SMAP_OR_ISRO_BHUVAN
PROD-0002230,2009-05-09,Dongri Buzurg,Maharashtra,Bhandara,21.546128,79.686722,930.19,751.21,0.0,0,0.0,HISTORICAL_ROM_CAPACITY_PROXY,PROXY_NOT_SAME_PERIOD_PLAN,SYNTHETIC_DAILY_CALIBRATED_TO_PUBLIC_ANNUAL_REFERENCE,178.98,19.241,1,0.0,0.0,0.0,1.67,8.57,9.03,10.12,SYNTHETIC_DEMO_CORRELATED_WITH_RAINFALL_REPLACE_WITH_NASA_SMAP_OR_ISRO_BHUVAN
PROD-0002231,2009-05-10,Dongri Buzurg,Maharashtra,Bhandara,21.546128,79.686722,924.47,749.22,0.0,0,0.0,HISTORICAL_ROM_CAPACITY_PROXY,PROXY_NOT_SAME_PERIOD_PLAN,SYNTHETIC_DAILY_CALIBRATED_TO_PUBLIC_ANNUAL_REFERENCE,175.25,18.957,1,0.0,0.0,0.0,0.39,8.56,8.56,9.89,SYNTHETIC_DEMO_CORRELATED_WITH_RAINFALL_REPLACE_WITH_NASA_SMAP_OR_ISRO_BHUVAN
PROD-0002232,2009-05-11,Dongri Buzurg,Maharashtra,Bhandara,21.546128,79.686722,923.48,764.01,0.0,0,0.0,HISTORICAL_ROM_CAPACITY_PROXY,PROXY_NOT_SAME_PERIOD_PLAN,SYNTHETIC_DAILY_CALIBRATED_TO_PUBLIC_ANNUAL_REFERENCE,159.47,17.268,1,0.0,0.0,0.0,0.39,10.74,9.29,9.9,SYNTHETIC_DEMO_CORRELATED_WITH_RAINFALL_REPLACE_WITH_NASA_SMAP_OR_ISRO_BHUVAN
PROD-0002233,2009-05-12,Dongri Buzurg,Maharashtra,Bhandara,21.546128,79.686722,957.73,840.63,0.04,0,0.0,HISTORICAL_ROM_CAPACITY_PROXY,PROXY_NOT_SAME_PERIOD_PLAN,SYNTHETIC_DAILY_CALIBRATED_TO_PUBLIC_ANNUAL_REFERENCE,117.1,12.227,1,0.0,0.04,0.0,0.43,8.91,9.4,9.51,SYNTHETIC_DEMO_CORRELATED_WITH_RAINFALL_REPLACE_WITH_NASA_SMAP_OR_ISRO_BHUVAN
PROD-0002234,2009-05-13,Dongri Buzurg,Maharashtra,Bhandara,21.546128,79.686722,940.73,805.27,3.31,0,0.0,HISTORICAL_ROM_CAPACITY_PROXY,PROXY_NOT_SAME_PERIOD_PLAN,SYNTHETIC_DAILY_CALIBRATED_TO_PUBLIC_ANNUAL_REFERENCE,135.46,14.399,1,0.0,3.35,0.0,3.35,9.11,9.59,9.2,SYNTHETIC_DEMO_CORRELATED_WITH_RAINFALL_REPLACE_WITH_NASA_SMAP_OR_ISRO_BHUVAN
PROD-0002235,2009-05-14,Dongri Buzurg,Maharashtra,Bhandara,21.546128,79.686722,1039.11,826.66,2.16,0,5.24,HISTORICAL_ROM_CAPACITY_PROXY,PROXY_NOT_SAME_PERIOD_PLAN,SYNTHETIC_DAILY_CALIBRATED_TO_PUBLIC_ANNUAL_REFERENCE,212.45,20.445,1,5.24,5.51,5.24,5.51,13.75,10.59,9.74,SYNTHETIC_DEMO_CORRELATED_WITH_RAINFALL_REPLACE_WITH_NASA_SMAP_OR_ISRO_BHUVAN
PROD-0002236,2009-05-15,Dongri Buzurg,Maharashtra,Bhandara,21.546128,79.686722,1101.93,860.66,1.92,0,0.0,HISTORICAL_ROM_CAPACITY_PROXY,PROXY_NOT_SAME_PERIOD_PLAN,SYNTHETIC_DAILY_CALIBRATED_TO_PUBLIC_ANNUAL_REFERENCE,241.27,21.895,1,5.24,7.39,5.24,7.43,10.47,11.11,10.02,SYNTHETIC_DEMO_CORRELATED_WITH_RAINFALL_REPLACE_WITH_NASA_SMAP_OR_ISRO_BHUVAN
PROD-0002237,2009-05-16,Dongri Buzurg,Maharashtra,Bhandara,21.546128,79.686722,952.2,779.87,0.87,0,0.0,HISTORICAL_ROM_CAPACITY_PROXY,PROXY_NOT_SAME_PERIOD_PLAN,SYNTHETIC_DAILY_CALIBRATED_TO_PUBLIC_ANNUAL_REFERENCE,172.33,18.098,1,5.24,4.95,5.24,8.3,12.21,12.14,10.54,SYNTHETIC_DEMO_CORRELATED_WITH_RAINFALL_REPLACE_WITH_NASA_SMAP_OR_ISRO_BHUVAN
PROD-0002238,2009-05-17,Dongri Buzurg,Maharashtra,Bhandara,21.546128,79.686722,988.48,839.48,0.63,0,5.23,HISTORICAL_ROM_CAPACITY_PROXY,PROXY_NOT_SAME_PERIOD_PLAN,SYNTHETIC_DAILY_CALIBRATED_TO_PUBLIC_ANNUAL_REFERENCE,149.0,15.074,1,5.23,3.42,10.47,8.93,16.55,13.08,11.68,SYNTHETIC_DEMO_CORRELATED_WITH_RAINFALL_REPLACE_WITH_NASA_SMAP_OR_ISRO_BHUVAN
PROD-0002239,2009-05-18,Dongri Buzurg,Maharashtra,Bhandara,21.546128,79.686722,1030.52,857.51,0.0,0,0.0,HISTORICAL_ROM_CAPACITY_PROXY,PROXY_NOT_SAME_PERIOD_PLAN,SYNTHETIC_DAILY_CALIBRATED_TO_PUBLIC_ANNUAL_REFERENCE,173.01,16.789,1,5.23,1.5,10.47,8.93,16.09,14.95,12.44,SYNTHETIC_DEMO_CORRELATED_WITH_RAINFALL_REPLACE_WITH_NASA_SMAP_OR_ISRO_BHUVAN
PROD-0002240,2009-05-19,Dongri Buzurg,Maharashtra,Bhandara,21.546128,79.686722,940.75,781.5,0.0,0,0.0,HISTORICAL_ROM_CAPACITY_PROXY,PROXY_NOT_SAME_PERIOD_PLAN,SYNTHETIC_DAILY_CALIBRATED_TO_PUBLIC_ANNUAL_REFERENCE,159.25,16.928,1,5.23,0.63,10.47,8.89,13.94,15.53,13.16,SYNTHETIC_DEMO_CORRELATED_WITH_RAINFALL_REPLACE_WITH_NASA_SMAP_OR_ISRO_BHUVAN
PROD-0002241,2009-05-20,Dongri Buzurg,Maharashtra,Bhandara,21.546128,79.686722,954.07,791.63,0.0,0,0.0,HISTORICAL_ROM_CAPACITY_PROXY,PROXY_NOT_SAME_PERIOD_PLAN,SYNTHETIC_DAILY_CALIBRATED_TO_PUBLIC_ANNUAL_REFERENCE,162.44,17.026,1,0.0,0.0,10.47,5.58,13.12,14.38,13.73,SYNTHETIC_DEMO_CORRELATED_WITH_RAINFALL_REPLACE_WITH_NASA_SMAP_OR_ISRO_BHUVAN
PROD-0002242,2009-05-21,Dongri Buzurg,Maharashtra,Bhandara,21.546128,79.686722,940.82,771.82,0.66,0,0.0,HISTORICAL_ROM_CAPACITY_PROXY,PROXY_NOT_SAME_PERIOD_PLAN,SYNTHETIC_DAILY_CALIBRATED_TO_PUBLIC_ANNUAL_REFERENCE,169.0,17.963,1,0.0,0.66,5.23,4.08,12.08,13.05,13.49,SYNTHETIC_DEMO_CORRELATED_WITH_RAINFALL_REPLACE_WITH_NASA_SMAP_OR_ISRO_BHUVAN
PROD-0002243,2009-05-22,Dongri Buzurg,Maharashtra,Bhandara,21.546128,79.686722,1083.47,895.71,1.41,0,0.0,HISTORICAL_ROM_CAPACITY_PROXY,PROXY_NOT_SAME_PERIOD_PLAN,SYNTHETIC_DAILY_CALIBRATED_TO_PUBLIC_ANNUAL_REFERENCE,187.76,17.33,1,0.0,2.07,5.23,3.57,11.63,12.28,13.66,SYNTHETIC_DEMO_CORRELATED_WITH_RAINFALL_REPLACE_WITH_NASA_SMAP_OR_ISRO_BHUVAN
PROD-0002244,2009-05-23,Dongri Buzurg,Maharashtra,Bhandara,21.546128,79.686722,1029.69,852.35,1.32,18,11.26,HISTORICAL_ROM_CAPACITY_PROXY,PROXY_NOT_SAME_PERIOD_PLAN,SYNTHETIC_DAILY_CALIBRATED_TO_PUBLIC_ANNUAL_REFERENCE,177.34,17.223,1,11.26,3.39,16.49,4.02,19.84,14.52,14.75,SYNTHETIC_DEMO_CORRELATED_WITH_RAINFALL_REPLACE_WITH_NASA_SMAP_OR_ISRO_BHUVAN
PROD-0002245,2009-05-24,Dongri Buzurg,Maharashtra,Bhandara,21.546128,79.686722,905.4,744.47,0.0,0,0.0,HISTORICAL_ROM_CAPACITY_PROXY,PROXY_NOT_SAME_PERIOD_PLAN,SYNTHETIC_DAILY_CALIBRATED_TO_PUBLIC_ANNUAL_REFERENCE,160.93,17.774,1,11.26,2.73,11.26,3.39,18.96,16.81,15.09,SYNTHETIC_DEMO_CORRELATED_WITH_RAINFALL_REPLACE_WITH_NASA_SMAP_OR_ISRO_BHUVAN
PROD-0002246,2009-05-25,Dongri Buzurg,Maharashtra,Bhandara,21.546128,79.686722,931.32,698.02,2.32,36,0.0,HISTORICAL_ROM_CAPACITY_PROXY,PROXY_NOT_SAME_PERIOD_PLAN,SYNTHETIC_DAILY_CALIBRATED_TO_PUBLIC_ANNUAL_REFERENCE,233.3,25.05,1,11.26,3.64,11.26,5.71,16.92,18.57,15.21,SYNTHETIC_DEMO_CORRELATED_WITH_RAINFALL_REPLACE_WITH_NASA_SMAP_OR_ISRO_BHUVAN
PROD-0002247,2009-05-26,Dongri Buzurg,Maharashtra,Bhandara,21.546128,79.686722,883.7,725.14,0.0,0,0.0,HISTORICAL_ROM_CAPACITY_PROXY,PROXY_NOT_SAME_PERIOD_PLAN,SYNTHETIC_DAILY_CALIBRATED_TO_PUBLIC_ANNUAL_REFERENCE,158.56,17.943,1,0.0,2.32,11.26,5.71,13.9,16.59,15.21,SYNTHETIC_DEMO_CORRELATED_WITH_RAINFALL_REPLACE_WITH_NASA_SMAP_OR_ISRO_BHUVAN
PROD-0002248,2009-05-27,Dongri Buzurg,Maharashtra,Bhandara,21.546128,79.686722,1141.4,909.95,0.66,0,0.0,HISTORICAL_ROM_CAPACITY_PROXY,PROXY_NOT_SAME_PERIOD_PLAN,SYNTHETIC_DAILY_CALIBRATED_TO_PUBLIC_ANNUAL_REFERENCE,231.45,20.278,1,0.0,2.98,11.26,6.37,16.96,15.93,15.76,SYNTHETIC_DEMO_CORRELATED_WITH_RAINFALL_REPLACE_WITH_NASA_SMAP_OR_ISRO_BHUVAN
PROD-0002249,2009-05-28,Dongri Buzurg,Maharashtra,Bhandara,21.546128,79.686722,887.83,698.33,1.37,0,0.0,HISTORICAL_ROM_CAPACITY_PROXY,PROXY_NOT_SAME_PERIOD_PLAN,SYNTHETIC_DAILY_CALIBRATED_TO_PUBLIC_ANNUAL_REFERENCE,189.5,21.344,1,0.0,2.03,11.26,7.08,16.75,15.87,16.42,SYNTHETIC_DEMO_CORRELATED_WITH_RAINFALL_REPLACE_WITH_NASA_SMAP_OR_ISRO_BHUVAN
PROD-0002250,2009-05-29,Dongri Buzurg,Maharashtra,Bhandara,21.546128,79.686722,925.05,724.0,0.03,0,2.13,HISTORICAL_ROM_CAPACITY_PROXY,PROXY_NOT_SAME_PERIOD_PLAN,SYNTHETIC_DAILY_CALIBRATED_TO_PUBLIC_ANNUAL_REFERENCE,201.05,21.734,1,2.13,2.06,13.39,5.7,16.21,16.64,17.08,SYNTHETIC_DEMO_CORRELATED_WITH_RAINFALL_REPLACE_WITH_NASA_SMAP_OR_ISRO_BHUVAN
PROD-0002251,2009-05-30,Dongri Buzurg,Maharashtra,Bhandara,21.546128,79.686722,1020.28,840.79,1.1,0,0.0,HISTORICAL_ROM_CAPACITY_PROXY,PROXY_NOT_SAME_PERIOD_PLAN,SYNTHETIC_DAILY_CALIBRATED_TO_PUBLIC_ANNUAL_REFERENCE,179.49,17.592,1,2.13,2.5,2.13,5.48,16.72,16.56,16.63,SYNTHETIC_DEMO_CORRELATED_WITH_RAINFALL_REPLACE_WITH_NASA_SMAP_OR_ISRO_BHUVAN
PROD-0002252,2009-05-31,Dongri Buzurg,Maharashtra,Bhandara,21.546128,79.686722,993.57,799.91,1.91,0,0.0,HISTORICAL_ROM_CAPACITY_PROXY,PROXY_NOT_SAME_PERIOD_PLAN,SYNTHETIC_DAILY_CALIBRATED_TO_PUBLIC_ANNUAL_REFERENCE,193.66,19.491,1,2.13,3.04,2.13,7.39,16.85,16.59,16.33,SYNTHETIC_DEMO_CORRELATED_WITH_RAINFALL_REPLACE_WITH_NASA_SMAP_OR_ISRO_BHUVAN
PROD-0002253,2009-06-01,Dongri Buzurg,Maharashtra,Bhandara,21.546128,79.686722,1013.51,851.48,0.31,0,7.61,HISTORICAL_ROM_CAPACITY_PROXY,PROXY_NOT_SAME_PERIOD_PLAN,SYNTHETIC_DAILY_CALIBRATED_TO_PUBLIC_ANNUAL_REFERENCE,162.03,15.987,1,7.61,3.32,9.74,5.38,23.54,19.04,17.28,SYNTHETIC_DEMO_CORRELATED_WITH_RAINFALL_REPLACE_WITH_NASA_SMAP_OR_ISRO_BHUVAN
PROD-0002254,2009-06-02,Dongri Buzurg,Maharashtra,Bhandara,21.546128,79.686722,1005.56,847.32,0.0,5,0.0,HISTORICAL_ROM_CAPACITY_PROXY,PROXY_NOT_SAME_PERIOD_PLAN,SYNTHETIC_DAILY_CALIBRATED_TO_PUBLIC_ANNUAL_REFERENCE,158.24,15.737,1,7.61,2.22,9.74,5.38,22.9,21.1,18.56,SYNTHETIC_DEMO_CORRELATED_WITH_RAINFALL_REPLACE_WITH_NASA_SMAP_OR_ISRO_BHUVAN
PROD-0002255,2009-06-03,Dongri Buzurg,Maharashtra,Bhandara,21.546128,79.686722,907.81,649.78,2.05,38,50.87,HISTORICAL_ROM_CAPACITY_PROXY,PROXY_NOT_SAME_PERIOD_PLAN,SYNTHETIC_DAILY_CALIBRATED_TO_PUBLIC_ANNUAL_REFERENCE,258.03,28.423,1,58.48,2.36,60.61,6.77,60.0,35.48,24.71,SYNTHETIC_DEMO_CORRELATED_WITH_RAINFALL_REPLACE_WITH_NASA_SMAP_OR_ISRO_BHUVAN
PROD-0002256,2009-06-04,Dongri Buzurg,Maharashtra,Bhandara,21.546128,79.686722,1038.25,848.3,2.05,16,0.0,HISTORICAL_ROM_CAPACITY_PROXY,PROXY_NOT_SAME_PERIOD_PLAN,SYNTHETIC_DAILY_CALIBRATED_TO_PUBLIC_ANNUAL_REFERENCE,189.95,18.295,1,50.87,4.1,60.61,7.45,55.33,46.08,30.22,SYNTHETIC_DEMO_CORRELATED_WITH_RAINFALL_REPLACE_WITH_NASA_SMAP_OR_ISRO_BHUVAN
PROD-0002257,2009-06-05,Dongri Buzurg,Maharashtra,Bhandara,21.546128,79.686722,953.52,695.32,7.04,39,49.65,HISTORICAL_ROM_CAPACITY_PROXY,PROXY_NOT_SAME_PERIOD_PLAN,SYNTHETIC_DAILY_CALIBRATED_TO_PUBLIC_ANNUAL_REFERENCE,258.2,27.079,1,100.52,11.14,108.13,14.46,60.0,58.44,36.48,SYNTHETIC_DEMO_CORRELATED_WITH_RAINFALL_REPLACE_WITH_NASA_SMAP_OR_ISRO_BHUVAN
PROD-0002258,2009-06-06,Dongri Buzurg,Maharashtra,Bhandara,21.546128,79.686722,879.68,758.6,0.16,0,10.44,HISTORICAL_ROM_CAPACITY_PROXY,PROXY_NOT_SAME_PERIOD_PLAN,SYNTHETIC_DAILY_CALIBRATED_TO_PUBLIC_ANNUAL_REFERENCE,121.08,13.764,1,60.09,9.25,118.57,13.52,60.0,58.44,42.66,SYNTHETIC_DEMO_CORRELATED_WITH_RAINFALL_REPLACE_WITH_NASA_SMAP_OR_ISRO_BHUVAN
PROD-0002259,2009-06-07,Dongri Buzurg,Maharashtra,Bhandara,21.546128,79.686722,922.13,732.33,2.0,0,12.33,HISTORICAL_ROM_CAPACITY_PROXY,PROXY_NOT_SAME_PERIOD_PLAN,SYNTHETIC_DAILY_CALIBRATED_TO_PUBLIC_ANNUAL_REFERENCE,189.8,20.583,1,72.42,9.2,130.9,13.61,60.0,60.0,48.82,SYNTHETIC_DEMO_CORRELATED_WITH_RAINFALL_REPLACE_WITH_NASA_SMAP_OR_ISRO_BHUVAN
PROD-0002260,2009-06-08,Dongri Buzurg,Maharashtra,Bhandara,21.546128,79.686722,996.95,819.1,0.39,0,26.23,HISTORICAL_ROM_CAPACITY_PROXY,PROXY_NOT_SAME_PERIOD_PLAN,SYNTHETIC_DAILY_CALIBRATED_TO_PUBLIC_ANNUAL_REFERENCE,177.85,17.839,1,49.0,2.55,149.52,13.69,60.0,60.0,54.03,SYNTHETIC_DEMO_CORRELATED_WITH_RAINFALL_REPLACE_WITH_NASA_SMAP_OR_ISRO_BHUVAN
PROD-0002261,2009-06-09,Dongri Buzurg,Maharashtra,Bhandara,21.546128,79.686722,960.59,810.98,0.0,0,0.0,HISTORICAL_ROM_CAPACITY_PROXY,PROXY_NOT_SAME_PERIOD_PLAN,SYNTHETIC_DAILY_CALIBRATED_TO_PUBLIC_ANNUAL_REFERENCE,149.61,15.575,1,38.56,2.39,149.52,13.69,54.84,58.28,58.6,SYNTHETIC_DEMO_CORRELATED_WITH_RAINFALL_REPLACE_WITH_NASA_SMAP_OR_ISRO_BHUVAN
PROD-0002262,2009-06-10,Dongri Buzurg,Maharashtra,Bhandara,21.546128,79.686722,912.82,769.89,0.27,0,17.92,HISTORICAL_ROM_CAPACITY_PROXY,PROXY_NOT_SAME_PERIOD_PLAN,SYNTHETIC_DAILY_CALIBRATED_TO_PUBLIC_ANNUAL_REFERENCE,142.93,15.658,1,44.15,0.66,116.57,11.91,60.0,58.28,58.6,SYNTHETIC_DEMO_CORRELATED_WITH_RAINFALL_REPLACE_WITH_NASA_SMAP_OR_ISRO_BHUVAN
PROD-0002263,2009-06-11,Dongri Buzurg,Maharashtra,Bhandara,21.546128,79.686722,864.12,680.71,1.94,0,0.0,HISTORICAL_ROM_CAPACITY_PROXY,PROXY_NOT_SAME_PERIOD_PLAN,SYNTHETIC_DAILY_CALIBRATED_TO_PUBLIC_ANNUAL_REFERENCE,183.41,21.225,1,17.92,2.21,116.57,11.8,57.96,57.6,58.97,SYNTHETIC_DEMO_CORRELATED_WITH_RAINFALL_REPLACE_WITH_NASA_SMAP_OR_ISRO_BHUVAN
PROD-0002264,2009-06-12,Dongri Buzurg,Maharashtra,Bhandara,21.546128,79.686722,959.96,794.68,1.14,18,7.95,HISTORICAL_ROM_CAPACITY_PROXY,PROXY_NOT_SAME_PERIOD_PLAN,SYNTHETIC_DAILY_CALIBRATED_TO_PUBLIC_ANNUAL_REFERENCE,165.28,17.217,1,25.87,3.35,74.87,5.9,60.0,59.32,58.97,SYNTHETIC_DEMO_CORRELATED_WITH_RAINFALL_REPLACE_WITH_NASA_SMAP_OR_ISRO_BHUVAN
PROD-0002265,2009-06-13,Dongri Buzurg,Maharashtra,Bhandara,21.546128,79.686722,838.18,669.5,0.12,10,8.05,HISTORICAL_ROM_CAPACITY_PROXY,PROXY_NOT_SAME_PERIOD_PLAN,SYNTHETIC_DAILY_CALIBRATED_TO_PUBLIC_ANNUAL_REFERENCE,168.68,20.125,1,16.0,3.2,72.48,5.86,60.0,59.32,58.97,SYNTHETIC_DEMO_CORRELATED_WITH_RAINFALL_REPLACE_WITH_NASA_SMAP_OR_ISRO_BHUVAN
PROD-0002266,2009-06-14,Dongri Buzurg,Maharashtra,Bhandara,21.546128,79.686722,967.22,768.94,3.91,0,0.0,HISTORICAL_ROM_CAPACITY_PROXY,PROXY_NOT_SAME_PERIOD_PLAN,SYNTHETIC_DAILY_CALIBRATED_TO_PUBLIC_ANNUAL_REFERENCE,198.28,20.5,1,16.0,5.17,60.15,7.77,56.66,58.89,58.49,SYNTHETIC_DEMO_CORRELATED_WITH_RAINFALL_REPLACE_WITH_NASA_SMAP_OR_ISRO_BHUVAN
PROD-0002267,2009-06-15,Dongri Buzurg,Maharashtra,Bhandara,21.546128,79.686722,952.09,762.24,1.17,0,11.01,HISTORICAL_ROM_CAPACITY_PROXY,PROXY_NOT_SAME_PERIOD_PLAN,SYNTHETIC_DAILY_CALIBRATED_TO_PUBLIC_ANNUAL_REFERENCE,189.85,19.94,1,19.06,5.2,44.93,8.55,60.0,58.89,58.49,SYNTHETIC_DEMO_CORRELATED_WITH_RAINFALL_REPLACE_WITH_NASA_SMAP_OR_ISRO_BHUVAN
PROD-0002268,2009-06-16,Dongri Buzurg,Maharashtra,Bhandara,21.546128,79.686722,992.44,820.29,0.32,0,21.6,HISTORICAL_ROM_CAPACITY_PROXY,PROXY_NOT_SAME_PERIOD_PLAN,SYNTHETIC_DAILY_CALIBRATED_TO_PUBLIC_ANNUAL_REFERENCE,172.15,17.346,1,32.61,5.4,66.53,8.87,60.0,58.89,59.23,SYNTHETIC_DEMO_CORRELATED_WITH_RAINFALL_REPLACE_WITH_NASA_SMAP_OR_ISRO_BHUVAN
PROD-0002269,2009-06-17,Dongri Buzurg,Maharashtra,Bhandara,21.546128,79.686722,966.22,813.9,0.0,0,0.0,HISTORICAL_ROM_CAPACITY_PROXY,PROXY_NOT_SAME_PERIOD_PLAN,SYNTHETIC_DAILY_CALIBRATED_TO_PUBLIC_ANNUAL_REFERENCE,152.32,15.765,1,32.61,1.49,48.61,8.6,57.58,59.19,58.89,SYNTHETIC_DEMO_CORRELATED_WITH_RAINFALL_REPLACE_WITH_NASA_SMAP_OR_ISRO_BHUVAN
PROD-0002270,2009-06-18,Dongri Buzurg,Maharashtra,Bhandara,21.546128,79.686722,967.38,741.56,3.06,0,34.94,HISTORICAL_ROM_CAPACITY_PROXY,PROXY_NOT_SAME_PERIOD_PLAN,SYNTHETIC_DAILY_CALIBRATED_TO_PUBLIC_ANNUAL_REFERENCE,225.82,23.343,1,56.54,3.38,83.55,9.72,60.0,59.19,59.18,SYNTHETIC_DEMO_CORRELATED_WITH_RAINFALL_REPLACE_WITH_NASA_SMAP_OR_ISRO_BHUVAN
PROD-0002271,2009-06-19,Dongri Buzurg,Maharashtra,Bhandara,21.546128,79.686722,1006.71,798.61,0.09,0,6.24,HISTORICAL_ROM_CAPACITY_PROXY,PROXY_NOT_SAME_PERIOD_PLAN,SYNTHETIC_DAILY_CALIBRATED_TO_PUBLIC_ANNUAL_REFERENCE,208.1,20.671,1,41.18,3.15,81.84,8.67,60.0,59.19,59.18,SYNTHETIC_DEMO_CORRELATED_WITH_RAINFALL_REPLACE_WITH_NASA_SMAP_OR_ISRO_BHUVAN
PROD-0002272,2009-06-20,Dongri Buzurg,Maharashtra,Bhandara,21.546128,79.686722,847.15,710.11,2.73,0,0.0,HISTORICAL_ROM_CAPACITY_PROXY,PROXY_NOT_SAME_PERIOD_PLAN,SYNTHETIC_DAILY_CALIBRATED_TO_PUBLIC_ANNUAL_REFERENCE,137.04,16.177,1,41.18,5.88,73.79,11.28,56.01,58.67,58.61,SYNTHETIC_DEMO_CORRELATED_WITH_RAINFALL_REPLACE_WITH_NASA_SMAP_OR_ISRO_BHUVAN
PROD-0002273,2009-06-21,Dongri Buzurg,Maharashtra,Bhandara,21.546128,79.686722,1060.95,852.85,0.0,0,0.0,HISTORICAL_ROM_CAPACITY_PROXY,PROXY_NOT_SAME_PERIOD_PLAN,SYNTHETIC_DAILY_CALIBRATED_TO_PUBLIC_ANNUAL_REFERENCE,208.1,19.614,1,6.24,2.82,73.79,7.37,51.91,55.97,57.93,SYNTHETIC_DEMO_CORRELATED_WITH_RAINFALL_REPLACE_WITH_NASA_SMAP_OR_ISRO_BHUVAN
PROD-0002274,2009-06-22,Dongri Buzurg,Maharashtra,Bhandara,21.546128,79.686722,936.58,762.46,0.3,0,19.96,HISTORICAL_ROM_CAPACITY_PROXY,PROXY_NOT_SAME_PERIOD_PLAN,SYNTHETIC_DAILY_CALIBRATED_TO_PUBLIC_ANNUAL_REFERENCE,174.12,18.591,1,19.96,3.03,82.74,6.5,60.0,55.97,57.93,SYNTHETIC_DEMO_CORRELATED_WITH_RAINFALL_REPLACE_WITH_NASA_SMAP_OR_ISRO_BHUVAN
PROD-0002275,2009-06-23,Dongri Buzurg,Maharashtra,Bhandara,21.546128,79.686722,1064.1,865.1,0.45,15,30.25,HISTORICAL_ROM_CAPACITY_PROXY,PROXY_NOT_SAME_PERIOD_PLAN,SYNTHETIC_DAILY_CALIBRATED_TO_PUBLIC_ANNUAL_REFERENCE,199.0,18.701,1,50.21,0.75,91.39,6.63,60.0,57.3,57.93,SYNTHETIC_DEMO_CORRELATED_WITH_RAINFALL_REPLACE_WITH_NASA_SMAP_OR_ISRO_BHUVAN
PROD-0002276,2009-06-24,Dongri Buzurg,Maharashtra,Bhandara,21.546128,79.686722,861.92,718.93,2.23,0,0.0,HISTORICAL_ROM_CAPACITY_PROXY,PROXY_NOT_SAME_PERIOD_PLAN,SYNTHETIC_DAILY_CALIBRATED_TO_PUBLIC_ANNUAL_REFERENCE,142.99,16.59,1,50.21,2.98,91.39,8.86,56.76,58.92,57.81,SYNTHETIC_DEMO_CORRELATED_WITH_RAINFALL_REPLACE_WITH_NASA_SMAP_OR_ISRO_BHUVAN
PROD-0002277,2009-06-25,Dongri Buzurg,Maharashtra,Bhandara,21.546128,79.686722,856.04,697.77,0.14,0,9.6,HISTORICAL_ROM_CAPACITY_PROXY,PROXY_NOT_SAME_PERIOD_PLAN,SYNTHETIC_DAILY_CALIBRATED_TO_PUBLIC_ANNUAL_REFERENCE,158.27,18.489,1,39.85,2.82,66.05,5.94,60.0,58.92,57.81,SYNTHETIC_DEMO_CORRELATED_WITH_RAINFALL_REPLACE_WITH_NASA_SMAP_OR_ISRO_BHUVAN
PROD-0002278,2009-06-26,Dongri Buzurg,Maharashtra,Bhandara,21.546128,79.686722,902.15,733.09,2.69,0,0.0,HISTORICAL_ROM_CAPACITY_PROXY,PROXY_NOT_SAME_PERIOD_PLAN,SYNTHETIC_DAILY_CALIBRATED_TO_PUBLIC_ANNUAL_REFERENCE,169.06,18.74,1,9.6,5.06,59.81,8.54,57.97,58.24,57.52,SYNTHETIC_DEMO_CORRELATED_WITH_RAINFALL_REPLACE_WITH_NASA_SMAP_OR_ISRO_BHUVAN
PROD-0002279,2009-06-27,Dongri Buzurg,Maharashtra,Bhandara,21.546128,79.686722,852.46,696.81,2.03,0,35.34,HISTORICAL_ROM_CAPACITY_PROXY,PROXY_NOT_SAME_PERIOD_PLAN,SYNTHETIC_DAILY_CALIBRATED_TO_PUBLIC_ANNUAL_REFERENCE,155.65,18.259,1,44.94,4.86,95.15,7.84,60.0,59.32,58.09,SYNTHETIC_DEMO_CORRELATED_WITH_RAINFALL_REPLACE_WITH_NASA_SMAP_OR_ISRO_BHUVAN
PROD-0002280,2009-06-28,Dongri Buzurg,Maharashtra,Bhandara,21.546128,79.686722,913.37,764.12,0.31,76,20.64,HISTORICAL_ROM_CAPACITY_PROXY,PROXY_NOT_SAME_PERIOD_PLAN,SYNTHETIC_DAILY_CALIBRATED_TO_PUBLIC_ANNUAL_REFERENCE,149.25,16.341,1,55.98,5.03,115.79,8.15,60.0,59.32,59.25,SYNTHETIC_DEMO_CORRELATED_WITH_RAINFALL_REPLACE_WITH_NASA_SMAP_OR_ISRO_BHUVAN
PROD-0002281,2009-06-29,Dongri Buzurg,Maharashtra,Bhandara,21.546128,79.686722,1030.13,838.87,0.81,0,1.72,HISTORICAL_ROM_CAPACITY_PROXY,PROXY_NOT_SAME_PERIOD_PLAN,SYNTHETIC_DAILY_CALIBRATED_TO_PUBLIC_ANNUAL_REFERENCE,191.26,18.567,1,57.7,3.15,97.55,8.66,57.15,59.05,58.84,SYNTHETIC_DEMO_CORRELATED_WITH_RAINFALL_REPLACE_WITH_NASA_SMAP_OR_ISRO_BHUVAN
PROD-0002282,2009-06-30,Dongri Buzurg,Maharashtra,Bhandara,21.546128,79.686722,979.11,817.63,0.91,0,0.0,HISTORICAL_ROM_CAPACITY_PROXY,PROXY_NOT_SAME_PERIOD_PLAN,SYNTHETIC_DAILY_CALIBRATED_TO_PUBLIC_ANNUAL_REFERENCE,161.48,16.493,1,22.36,2.03,67.3,9.12,53.77,56.97,57.95,SYNTHETIC_DEMO_CORRELATED_WITH_RAINFALL_REPLACE_WITH_NASA_SMAP_OR_ISRO_BHUVAN
PROD-0002283,2009-07-01,Dongri Buzurg,Maharashtra,Bhandara,21.546128,79.686722,974.75,777.03,0.0,0,0.0,HISTORICAL_ROM_CAPACITY_PROXY,PROXY_NOT_SAME_PERIOD_PLAN,SYNTHETIC_DAILY_CALIBRATED_TO_PUBLIC_ANNUAL_REFERENCE,197.72,20.284,1,1.72,1.72,67.3,6.89,52.84,54.59,57.39,SYNTHETIC_DEMO_CORRELATED_WITH_RAINFALL_REPLACE_WITH_NASA_SMAP_OR_ISRO_BHUVAN
PROD-0002284,2009-07-02,Dongri Buzurg,Maharashtra,Bhandara,21.546128,79.686722,1024.47,780.17,3.9,0,25.66,HISTORICAL_ROM_CAPACITY_PROXY,PROXY_NOT_SAME_PERIOD_PLAN,SYNTHETIC_DAILY_CALIBRATED_TO_PUBLIC_ANNUAL_REFERENCE,244.3,23.846,1,25.66,4.81,83.36,10.65,60.0,55.54,57.39,SYNTHETIC_DEMO_CORRELATED_WITH_RAINFALL_REPLACE_WITH_NASA_SMAP_OR_ISRO_BHUVAN
PROD-0002285,2009-07-03,Dongri Buzurg,Maharashtra,Bhandara,21.546128,79.686722,975.14,781.58,0.79,0,0.0,HISTORICAL_ROM_CAPACITY_PROXY,PROXY_NOT_SAME_PERIOD_PLAN,SYNTHETIC_DAILY_CALIBRATED_TO_PUBLIC_ANNUAL_REFERENCE,193.56,19.849,1,25.66,4.69,83.36,8.75,57.02,56.62,57.25,SYNTHETIC_DEMO_CORRELATED_WITH_RAINFALL_REPLACE_WITH_NASA_SMAP_OR_ISRO_BHUVAN
PROD-0002286,2009-07-04,Dongri Buzurg,Maharashtra,Bhandara,21.546128,79.686722,997.76,749.85,4.88,0,0.0,HISTORICAL_ROM_CAPACITY_PROXY,PROXY_NOT_SAME_PERIOD_PLAN,SYNTHETIC_DAILY_CALIBRATED_TO_PUBLIC_ANNUAL_REFERENCE,247.91,24.847,1,25.66,9.57,48.02,11.6,53.53,56.85,56.33,SYNTHETIC_DEMO_CORRELATED_WITH_RAINFALL_REPLACE_WITH_NASA_SMAP_OR_ISRO_BHUVAN
PROD-0002287,2009-07-05,Dongri Buzurg,Maharashtra,Bhandara,21.546128,79.686722,838.98,723.6,0.25,0,16.72,HISTORICAL_ROM_CAPACITY_PROXY,PROXY_NOT_SAME_PERIOD_PLAN,SYNTHETIC_DAILY_CALIBRATED_TO_PUBLIC_ANNUAL_REFERENCE,115.38,13.752,1,16.72,5.92,44.1,11.54,60.0,56.85,56.33,SYNTHETIC_DEMO_CORRELATED_WITH_RAINFALL_REPLACE_WITH_NASA_SMAP_OR_ISRO_BHUVAN
PROD-0002288,2009-07-06,Dongri Buzurg,Maharashtra,Bhandara,21.546128,79.686722,1065.37,868.73,0.95,22,63.43,HISTORICAL_ROM_CAPACITY_PROXY,PROXY_NOT_SAME_PERIOD_PLAN,SYNTHETIC_DAILY_CALIBRATED_TO_PUBLIC_ANNUAL_REFERENCE,196.64,18.457,1,80.15,6.08,105.81,11.68,60.0,57.84,56.74,SYNTHETIC_DEMO_CORRELATED_WITH_RAINFALL_REPLACE_WITH_NASA_SMAP_OR_ISRO_BHUVAN
PROD-0002289,2009-07-07,Dongri Buzurg,Maharashtra,Bhandara,21.546128,79.686722,1000.41,819.2,0.54,67,36.2,HISTORICAL_ROM_CAPACITY_PROXY,PROXY_NOT_SAME_PERIOD_PLAN,SYNTHETIC_DAILY_CALIBRATED_TO_PUBLIC_ANNUAL_REFERENCE,181.21,18.114,1,116.35,1.74,142.01,11.31,60.0,60.0,57.63,SYNTHETIC_DEMO_CORRELATED_WITH_RAINFALL_REPLACE_WITH_NASA_SMAP_OR_ISRO_BHUVAN
PROD-0002290,2009-07-08,Dongri Buzurg,Maharashtra,Bhandara,21.546128,79.686722,952.15,730.31,1.45,101,0.0,HISTORICAL_ROM_CAPACITY_PROXY,PROXY_NOT_SAME_PERIOD_PLAN,SYNTHETIC_DAILY_CALIBRATED_TO_PUBLIC_ANNUAL_REFERENCE,221.84,23.299,1,99.63,2.94,142.01,12.76,58.81,59.6,58.48,SYNTHETIC_DEMO_CORRELATED_WITH_RAINFALL_REPLACE_WITH_NASA_SMAP_OR_ISRO_BHUVAN
PROD-0002291,2009-07-09,Dongri Buzurg,Maharashtra,Bhandara,21.546128,79.686722,836.23,667.51,0.0,0,0.0,HISTORICAL_ROM_CAPACITY_PROXY,PROXY_NOT_SAME_PERIOD_PLAN,SYNTHETIC_DAILY_CALIBRATED_TO_PUBLIC_ANNUAL_REFERENCE,168.72,20.176,1,36.2,1.99,116.35,8.86,56.14,58.32,57.93,SYNTHETIC_DEMO_CORRELATED_WITH_RAINFALL_REPLACE_WITH_NASA_SMAP_OR_ISRO_BHUVAN
PROD-0002292,2009-07-10,Dongri Buzurg,Maharashtra,Bhandara,21.546128,79.686722,1016.2,814.52,0.79,59,52.7,HISTORICAL_ROM_CAPACITY_PROXY,PROXY_NOT_SAME_PERIOD_PLAN,SYNTHETIC_DAILY_CALIBRATED_TO_PUBLIC_ANNUAL_REFERENCE,201.68,19.846,1,52.7,2.24,169.05,8.86,60.0,58.32,58.35,SYNTHETIC_DEMO_CORRELATED_WITH_RAINFALL_REPLACE_WITH_NASA_SMAP_OR_ISRO_BHUVAN
PROD-0002293,2009-07-11,Dongri Buzurg,Maharashtra,Bhandara,21.546128,79.686722,970.23,788.84,0.09,0,0.0,HISTORICAL_ROM_CAPACITY_PROXY,PROXY_NOT_SAME_PERIOD_PLAN,SYNTHETIC_DAILY_CALIBRATED_TO_PUBLIC_ANNUAL_REFERENCE,181.39,18.696,1,52.7,0.88,169.05,4.07,57.07,57.74,58.86,SYNTHETIC_DEMO_CORRELATED_WITH_RAINFALL_REPLACE_WITH_NASA_SMAP_OR_ISRO_BHUVAN
PROD-0002294,2009-07-12,Dongri Buzurg,Maharashtra,Bhandara,21.546128,79.686722,894.48,735.92,0.0,164,0.0,HISTORICAL_ROM_CAPACITY_PROXY,PROXY_NOT_SAME_PERIOD_PLAN,SYNTHETIC_DAILY_CALIBRATED_TO_PUBLIC_ANNUAL_REFERENCE,158.56,17.727,1,52.7,0.88,152.33,3.82,52.44,56.5,57.78,SYNTHETIC_DEMO_CORRELATED_WITH_RAINFALL_REPLACE_WITH_NASA_SMAP_OR_ISRO_BHUVAN
PROD-0002295,2009-07-13,Dongri Buzurg,Maharashtra,Bhandara,21.546128,79.686722,983.89,786.78,1.71,0,29.51,HISTORICAL_ROM_CAPACITY_PROXY,PROXY_NOT_SAME_PERIOD_PLAN,SYNTHETIC_DAILY_CALIBRATED_TO_PUBLIC_ANNUAL_REFERENCE,197.11,20.034,1,29.51,1.8,118.41,4.58,60.0,56.5,57.78,SYNTHETIC_DEMO_CORRELATED_WITH_RAINFALL_REPLACE_WITH_NASA_SMAP_OR_ISRO_BHUVAN
PROD-0002296,2009-07-14,Dongri Buzurg,Maharashtra,Bhandara,21.546128,79.686722,900.91,737.76,0.12,0,7.86,HISTORICAL_ROM_CAPACITY_PROXY,PROXY_NOT_SAME_PERIOD_PLAN,SYNTHETIC_DAILY_CALIBRATED_TO_PUBLIC_ANNUAL_REFERENCE,163.15,18.109,1,37.37,1.83,90.07,4.16,60.0,57.48,57.78,SYNTHETIC_DEMO_CORRELATED_WITH_RAINFALL_REPLACE_WITH_NASA_SMAP_OR_ISRO_BHUVAN
PROD-0002297,2009-07-15,Dongri Buzurg,Maharashtra,Bhandara,21.546128,79.686722,875.32,694.85,0.58,11,0.0,HISTORICAL_ROM_CAPACITY_PROXY,PROXY_NOT_SAME_PERIOD_PLAN,SYNTHETIC_DAILY_CALIBRATED_TO_PUBLIC_ANNUAL_REFERENCE,180.47,20.618,1,37.37,2.41,90.07,3.29,54.33,58.11,57.14,SYNTHETIC_DEMO_CORRELATED_WITH_RAINFALL_REPLACE_WITH_NASA_SMAP_OR_ISRO_BHUVAN
PROD-0002298,2009-07-16,Dongri Buzurg,Maharashtra,Bhandara,21.546128,79.686722,916.05,713.42,3.06,0,1.23,HISTORICAL_ROM_CAPACITY_PROXY,PROXY_NOT_SAME_PERIOD_PLAN,SYNTHETIC_DAILY_CALIBRATED_TO_PUBLIC_ANNUAL_REFERENCE,202.63,22.12,1,9.09,3.76,91.3,6.35,53.2,55.84,56.72,SYNTHETIC_DEMO_CORRELATED_WITH_RAINFALL_REPLACE_WITH_NASA_SMAP_OR_ISRO_BHUVAN
PROD-0002299,2009-07-17,Dongri Buzurg,Maharashtra,Bhandara,21.546128,79.686722,1104.49,902.45,1.27,0,10.23,HISTORICAL_ROM_CAPACITY_PROXY,PROXY_NOT_SAME_PERIOD_PLAN,SYNTHETIC_DAILY_CALIBRATED_TO_PUBLIC_ANNUAL_REFERENCE,202.04,18.293,1,11.46,4.91,48.83,6.83,58.71,55.41,56.54,SYNTHETIC_DEMO_CORRELATED_WITH_RAINFALL_REPLACE_WITH_NASA_SMAP_OR_ISRO_BHUVAN
PROD-0002300,2009-07-18,Dongri Buzurg,Maharashtra,Bhandara,21.546128,79.686722,873.52,705.14,0.0,0,0.0,HISTORICAL_ROM_CAPACITY_PROXY,PROXY_NOT_SAME_PERIOD_PLAN,SYNTHETIC_DAILY_CALIBRATED_TO_PUBLIC_ANNUAL_REFERENCE,168.38,19.276,1,11.46,4.33,48.83,6.74,56.41,56.11,56.44,SYNTHETIC_DEMO_CORRELATED_WITH_RAINFALL_REPLACE_WITH_NASA_SMAP_OR_ISRO_BHUVAN
PROD-0002301,2009-07-19,Dongri Buzurg,Maharashtra,Bhandara,21.546128,79.686722,1018.85,848.35,1.61,15,0.0,HISTORICAL_ROM_CAPACITY_PROXY,PROXY_NOT_SAME_PERIOD_PLAN,SYNTHETIC_DAILY_CALIBRATED_TO_PUBLIC_ANNUAL_REFERENCE,170.5,16.735,1,10.23,2.88,48.83,8.35,55.16,56.76,56.83,SYNTHETIC_DEMO_CORRELATED_WITH_RAINFALL_REPLACE_WITH_NASA_SMAP_OR_ISRO_BHUVAN
PROD-0002302,2009-07-20,Dongri Buzurg,Maharashtra,Bhandara,21.546128,79.686722,1149.94,943.16,0.0,0,0.0,HISTORICAL_ROM_CAPACITY_PROXY,PROXY_NOT_SAME_PERIOD_PLAN,SYNTHETIC_DAILY_CALIBRATED_TO_PUBLIC_ANNUAL_REFERENCE,206.78,17.982,1,0.0,1.61,19.32,6.64,51.4,54.32,55.6,SYNTHETIC_DEMO_CORRELATED_WITH_RAINFALL_REPLACE_WITH_NASA_SMAP_OR_ISRO_BHUVAN
PROD-0002303,2009-07-21,Dongri Buzurg,Maharashtra,Bhandara,21.546128,79.686722,1000.27,779.43,0.48,0,31.76,HISTORICAL_ROM_CAPACITY_PROXY,PROXY_NOT_SAME_PERIOD_PLAN,SYNTHETIC_DAILY_CALIBRATED_TO_PUBLIC_ANNUAL_REFERENCE,220.84,22.078,1,31.76,2.09,43.22,7.0,60.0,55.52,55.6,SYNTHETIC_DEMO_CORRELATED_WITH_RAINFALL_REPLACE_WITH_NASA_SMAP_OR_ISRO_BHUVAN
PROD-0002304,2009-07-22,Dongri Buzurg,Maharashtra,Bhandara,21.546128,79.686722,1040.26,811.09,2.22,0,8.51,HISTORICAL_ROM_CAPACITY_PROXY,PROXY_NOT_SAME_PERIOD_PLAN,SYNTHETIC_DAILY_CALIBRATED_TO_PUBLIC_ANNUAL_REFERENCE,229.17,22.03,1,40.27,2.7,51.73,8.64,60.0,57.13,56.41,SYNTHETIC_DEMO_CORRELATED_WITH_RAINFALL_REPLACE_WITH_NASA_SMAP_OR_ISRO_BHUVAN
PROD-0002305,2009-07-23,Dongri Buzurg,Maharashtra,Bhandara,21.546128,79.686722,1053.77,829.45,1.15,0,0.0,HISTORICAL_ROM_CAPACITY_PROXY,PROXY_NOT_SAME_PERIOD_PLAN,SYNTHETIC_DAILY_CALIBRATED_TO_PUBLIC_ANNUAL_REFERENCE,224.32,21.287,1,40.27,3.85,50.5,6.73,58.07,59.36,57.11,SYNTHETIC_DEMO_CORRELATED_WITH_RAINFALL_REPLACE_WITH_NASA_SMAP_OR_ISRO_BHUVAN
PROD-0002306,2009-07-24,Dongri Buzurg,Maharashtra,Bhandara,21.546128,79.686722,791.25,634.57,0.0,0,0.0,HISTORICAL_ROM_CAPACITY_PROXY,PROXY_NOT_SAME_PERIOD_PLAN,SYNTHETIC_DAILY_CALIBRATED_TO_PUBLIC_ANNUAL_REFERENCE,156.68,19.802,1,8.51,3.37,40.27,5.46,54.54,57.54,56.51,SYNTHETIC_DEMO_CORRELATED_WITH_RAINFALL_REPLACE_WITH_NASA_SMAP_OR_ISRO_BHUVAN
PROD-0002307,2009-07-25,Dongri Buzurg,Maharashtra,Bhandara,21.546128,79.686722,995.48,784.62,1.54,0,29.75,HISTORICAL_ROM_CAPACITY_PROXY,PROXY_NOT_SAME_PERIOD_PLAN,SYNTHETIC_DAILY_CALIBRATED_TO_PUBLIC_ANNUAL_REFERENCE,210.86,21.182,1,29.75,2.69,70.02,7.0,60.0,57.54,57.02,SYNTHETIC_DEMO_CORRELATED_WITH_RAINFALL_REPLACE_WITH_NASA_SMAP_OR_ISRO_BHUVAN
PROD-0002308,2009-07-26,Dongri Buzurg,Maharashtra,Bhandara,21.546128,79.686722,943.5,791.9,2.06,0,0.0,HISTORICAL_ROM_CAPACITY_PROXY,PROXY_NOT_SAME_PERIOD_PLAN,SYNTHETIC_DAILY_CALIBRATED_TO_PUBLIC_ANNUAL_REFERENCE,151.6,16.068,1,29.75,3.6,70.02,7.45,53.94,56.16,56.85,SYNTHETIC_DEMO_CORRELATED_WITH_RAINFALL_REPLACE_WITH_NASA_SMAP_OR_ISRO_BHUVAN
PROD-0002309,2009-07-27,Dongri Buzurg,Maharashtra,Bhandara,21.546128,79.686722,981.13,772.97,3.33,0,13.97,HISTORICAL_ROM_CAPACITY_PROXY,PROXY_NOT_SAME_PERIOD_PLAN,SYNTHETIC_DAILY_CALIBRATED_TO_PUBLIC_ANNUAL_REFERENCE,208.16,21.216,1,43.72,6.93,83.99,10.78,60.0,57.98,58.08,SYNTHETIC_DEMO_CORRELATED_WITH_RAINFALL_REPLACE_WITH_NASA_SMAP_OR_ISRO_BHUVAN
PROD-0002310,2009-07-28,Dongri Buzurg,Maharashtra,Bhandara,21.546128,79.686722,923.1,732.76,0.0,0,0.0,HISTORICAL_ROM_CAPACITY_PROXY,PROXY_NOT_SAME_PERIOD_PLAN,SYNTHETIC_DAILY_CALIBRATED_TO_PUBLIC_ANNUAL_REFERENCE,190.34,20.62,1,13.97,5.39,52.23,10.3,57.14,57.03,57.67,SYNTHETIC_DEMO_CORRELATED_WITH_RAINFALL_REPLACE_WITH_NASA_SMAP_OR_ISRO_BHUVAN
PROD-0002311,2009-07-29,Dongri Buzurg,Maharashtra,Bhandara,21.546128,79.686722,982.82,810.49,0.71,0,47.08,HISTORICAL_ROM_CAPACITY_PROXY,PROXY_NOT_SAME_PERIOD_PLAN,SYNTHETIC_DAILY_CALIBRATED_TO_PUBLIC_ANNUAL_REFERENCE,172.33,17.534,1,61.05,4.04,90.8,8.79,60.0,59.05,57.67,SYNTHETIC_DEMO_CORRELATED_WITH_RAINFALL_REPLACE_WITH_NASA_SMAP_OR_ISRO_BHUVAN
PROD-0002312,2009-07-30,Dongri Buzurg,Maharashtra,Bhandara,21.546128,79.686722,999.94,771.51,3.24,0,8.21,HISTORICAL_ROM_CAPACITY_PROXY,PROXY_NOT_SAME_PERIOD_PLAN,SYNTHETIC_DAILY_CALIBRATED_TO_PUBLIC_ANNUAL_REFERENCE,228.43,22.844,1,55.29,3.95,99.01,10.88,60.0,59.05,57.95,SYNTHETIC_DEMO_CORRELATED_WITH_RAINFALL_REPLACE_WITH_NASA_SMAP_OR_ISRO_BHUVAN
PROD-0002313,2009-07-31,Dongri Buzurg,Maharashtra,Bhandara,21.546128,79.686722,1015.26,832.65,0.0,33,0.0,HISTORICAL_ROM_CAPACITY_PROXY,PROXY_NOT_SAME_PERIOD_PLAN,SYNTHETIC_DAILY_CALIBRATED_TO_PUBLIC_ANNUAL_REFERENCE,182.61,17.987,1,55.29,3.95,99.01,10.88,58.72,59.57,58.54,SYNTHETIC_DEMO_CORRELATED_WITH_RAINFALL_REPLACE_WITH_NASA_SMAP_OR_ISRO_BHUVAN
PROD-0002314,2009-08-01,Dongri Buzurg,Maharashtra,Bhandara,21.546128,79.686722,1008.36,862.02,0.0,0,0.0,HISTORICAL_ROM_CAPACITY_PROXY,PROXY_NOT_SAME_PERIOD_PLAN,SYNTHETIC_DAILY_CALIBRATED_TO_PUBLIC_ANNUAL_REFERENCE,146.34,14.513,1,8.21,3.24,69.26,9.34,55.6,58.11,57.91,SYNTHETIC_DEMO_CORRELATED_WITH_RAINFALL_REPLACE_WITH_NASA_SMAP_OR_ISRO_BHUVAN
PROD-0002315,2009-08-02,Dongri Buzurg,Maharashtra,Bhandara,21.546128,79.686722,886.85,680.56,3.14,0,10.54,HISTORICAL_ROM_CAPACITY_PROXY,PROXY_NOT_SAME_PERIOD_PLAN,SYNTHETIC_DAILY_CALIBRATED_TO_PUBLIC_ANNUAL_REFERENCE,206.29,23.261,1,10.54,3.14,79.8,10.42,60.0,58.11,58.78,SYNTHETIC_DEMO_CORRELATED_WITH_RAINFALL_REPLACE_WITH_NASA_SMAP_OR_ISRO_BHUVAN
PROD-0002316,2009-08-03,Dongri Buzurg,Maharashtra,Bhandara,21.546128,79.686722,1025.32,852.79,0.0,0,0.0,HISTORICAL_ROM_CAPACITY_PROXY,PROXY_NOT_SAME_PERIOD_PLAN,SYNTHETIC_DAILY_CALIBRATED_TO_PUBLIC_ANNUAL_REFERENCE,172.53,16.827,1,10.54,3.14,65.83,7.09,54.86,56.82,58.05,SYNTHETIC_DEMO_CORRELATED_WITH_RAINFALL_REPLACE_WITH_NASA_SMAP_OR_ISRO_BHUVAN
PROD-0002317,2009-08-04,Dongri Buzurg,Maharashtra,Bhandara,21.546128,79.686722,932.84,767.98,2.31,0,0.0,HISTORICAL_ROM_CAPACITY_PROXY,PROXY_NOT_SAME_PERIOD_PLAN,SYNTHETIC_DAILY_CALIBRATED_TO_PUBLIC_ANNUAL_REFERENCE,164.86,17.673,1,10.54,5.45,65.83,9.4,50.92,55.26,57.16,SYNTHETIC_DEMO_CORRELATED_WITH_RAINFALL_REPLACE_WITH_NASA_SMAP_OR_ISRO_BHUVAN
PROD-0002318,2009-08-05,Dongri Buzurg,Maharashtra,Bhandara,21.546128,79.686722,946.81,772.23,1.24,0,6.28,HISTORICAL_ROM_CAPACITY_PROXY,PROXY_NOT_SAME_PERIOD_PLAN,SYNTHETIC_DAILY_CALIBRATED_TO_PUBLIC_ANNUAL_REFERENCE,174.58,18.439,1,6.28,3.55,25.03,9.93,51.37,52.38,55.92,SYNTHETIC_DEMO_CORRELATED_WITH_RAINFALL_REPLACE_WITH_NASA_SMAP_OR_ISRO_BHUVAN
PROD-0002319,2009-08-06,Dongri Buzurg,Maharashtra,Bhandara,21.546128,79.686722,980.8,815.85,2.95,0,0.0,HISTORICAL_ROM_CAPACITY_PROXY,PROXY_NOT_SAME_PERIOD_PLAN,SYNTHETIC_DAILY_CALIBRATED_TO_PUBLIC_ANNUAL_REFERENCE,164.95,16.818,1,6.28,6.5,16.82,9.64,46.95,49.75,54.06,SYNTHETIC_DEMO_CORRELATED_WITH_RAINFALL_REPLACE_WITH_NASA_SMAP_OR_ISRO_BHUVAN
PROD-0002320,2009-08-07,Dongri Buzurg,Maharashtra,Bhandara,21.546128,79.686722,999.39,807.38,0.5,0,33.36,HISTORICAL_ROM_CAPACITY_PROXY,PROXY_NOT_SAME_PERIOD_PLAN,SYNTHETIC_DAILY_CALIBRATED_TO_PUBLIC_ANNUAL_REFERENCE,192.01,19.213,1,39.64,4.69,50.18,10.14,60.0,52.77,54.24,SYNTHETIC_DEMO_CORRELATED_WITH_RAINFALL_REPLACE_WITH_NASA_SMAP_OR_ISRO_BHUVAN
PROD-0002321,2009-08-08,Dongri Buzurg,Maharashtra,Bhandara,21.546128,79.686722,988.68,769.24,3.41,0,0.0,HISTORICAL_ROM_CAPACITY_PROXY,PROXY_NOT_SAME_PERIOD_PLAN,SYNTHETIC_DAILY_CALIBRATED_TO_PUBLIC_ANNUAL_REFERENCE,219.44,22.195,1,33.36,6.86,50.18,13.55,57.75,54.9,54.55,SYNTHETIC_DEMO_CORRELATED_WITH_RAINFALL_REPLACE_WITH_NASA_SMAP_OR_ISRO_BHUVAN
PROD-0002322,2009-08-09,Dongri Buzurg,Maharashtra,Bhandara,21.546128,79.686722,1102.72,903.4,0.38,0,10.29,HISTORICAL_ROM_CAPACITY_PROXY,PROXY_NOT_SAME_PERIOD_PLAN,SYNTHETIC_DAILY_CALIBRATED_TO_PUBLIC_ANNUAL_REFERENCE,199.32,18.075,1,43.65,4.29,49.93,10.79,60.0,59.25,54.55,SYNTHETIC_DEMO_CORRELATED_WITH_RAINFALL_REPLACE_WITH_NASA_SMAP_OR_ISRO_BHUVAN
PROD-0002323,2009-08-10,Dongri Buzurg,Maharashtra,Bhandara,21.546128,79.686722,896.27,727.64,1.67,0,32.8,HISTORICAL_ROM_CAPACITY_PROXY,PROXY_NOT_SAME_PERIOD_PLAN,SYNTHETIC_DAILY_CALIBRATED_TO_PUBLIC_ANNUAL_REFERENCE,168.63,18.815,1,43.09,5.46,82.73,12.46,60.0,59.25,55.28,SYNTHETIC_DEMO_CORRELATED_WITH_RAINFALL_REPLACE_WITH_NASA_SMAP_OR_ISRO_BHUVAN
PROD-0002324,2009-08-11,Dongri Buzurg,Maharashtra,Bhandara,21.546128,79.686722,881.4,696.79,3.34,29,20.98,HISTORICAL_ROM_CAPACITY_PROXY,PROXY_NOT_SAME_PERIOD_PLAN,SYNTHETIC_DAILY_CALIBRATED_TO_PUBLIC_ANNUAL_REFERENCE,184.61,20.945,1,64.07,5.39,103.71,13.49,60.0,60.0,56.58,SYNTHETIC_DEMO_CORRELATED_WITH_RAINFALL_REPLACE_WITH_NASA_SMAP_OR_ISRO_BHUVAN
PROD-0002325,2009-08-12,Dongri Buzurg,Maharashtra,Bhandara,21.546128,79.686722,936.77,756.51,1.26,0,13.84,HISTORICAL_ROM_CAPACITY_PROXY,PROXY_NOT_SAME_PERIOD_PLAN,SYNTHETIC_DAILY_CALIBRATED_TO_PUBLIC_ANNUAL_REFERENCE,180.26,19.243,1,67.62,6.27,111.27,13.51,60.0,60.0,57.81,SYNTHETIC_DEMO_CORRELATED_WITH_RAINFALL_REPLACE_WITH_NASA_SMAP_OR_ISRO_BHUVAN
PROD-0002326,2009-08-13,Dongri Buzurg,Maharashtra,Bhandara,21.546128,79.686722,1060.15,860.92,0.56,34,19.29,HISTORICAL_ROM_CAPACITY_PROXY,PROXY_NOT_SAME_PERIOD_PLAN,SYNTHETIC_DAILY_CALIBRATED_TO_PUBLIC_ANNUAL_REFERENCE,199.23,18.793,1,54.11,5.16,130.56,11.12,60.0,60.0,59.68,SYNTHETIC_DEMO_CORRELATED_WITH_RAINFALL_REPLACE_WITH_NASA_SMAP_OR_ISRO_BHUVAN
PROD-0002327,2009-08-14,Dongri Buzurg,Maharashtra,Bhandara,21.546128,79.686722,917.27,719.99,1.07,0,39.05,HISTORICAL_ROM_CAPACITY_PROXY,PROXY_NOT_SAME_PERIOD_PLAN,SYNTHETIC_DAILY_CALIBRATED_TO_PUBLIC_ANNUAL_REFERENCE,197.28,21.507,1,72.18,2.89,136.25,11.69,60.0,60.0,59.68,SYNTHETIC_DEMO_CORRELATED_WITH_RAINFALL_REPLACE_WITH_NASA_SMAP_OR_ISRO_BHUVAN
PROD-0002328,2009-08-15,Dongri Buzurg,Maharashtra,Bhandara,21.546128,79.686722,884.25,708.46,0.05,0,3.56,HISTORICAL_ROM_CAPACITY_PROXY,PROXY_NOT_SAME_PERIOD_PLAN,SYNTHETIC_DAILY_CALIBRATED_TO_PUBLIC_ANNUAL_REFERENCE,175.79,19.88,1,61.9,1.68,139.81,8.33,60.0,60.0,60.0,SYNTHETIC_DEMO_CORRELATED_WITH_RAINFALL_REPLACE_WITH_NASA_SMAP_OR_ISRO_BHUVAN
PROD-0002329,2009-08-16,Dongri Buzurg,Maharashtra,Bhandara,21.546128,79.686722,889.49,723.86,0.01,0,0.95,HISTORICAL_ROM_CAPACITY_PROXY,PROXY_NOT_SAME_PERIOD_PLAN,SYNTHETIC_DAILY_CALIBRATED_TO_PUBLIC_ANNUAL_REFERENCE,165.63,18.621,1,43.56,1.13,130.47,7.96,56.6,58.87,59.51,SYNTHETIC_DEMO_CORRELATED_WITH_RAINFALL_REPLACE_WITH_NASA_SMAP_OR_ISRO_BHUVAN
PROD-0002330,2009-08-17,Dongri Buzurg,Maharashtra,Bhandara,21.546128,79.686722,844.86,686.91,0.53,55,35.52,HISTORICAL_ROM_CAPACITY_PROXY,PROXY_NOT_SAME_PERIOD_PLAN,SYNTHETIC_DAILY_CALIBRATED_TO_PUBLIC_ANNUAL_REFERENCE,157.95,18.695,1,40.03,0.59,133.19,6.82,60.0,58.87,59.51,SYNTHETIC_DEMO_CORRELATED_WITH_RAINFALL_REPLACE_WITH_NASA_SMAP_OR_ISRO_BHUVAN
PROD-0002331,2009-08-18,Dongri Buzurg,Maharashtra,Bhandara,21.546128,79.686722,931.33,725.72,3.98,0,10.94,HISTORICAL_ROM_CAPACITY_PROXY,PROXY_NOT_SAME_PERIOD_PLAN,SYNTHETIC_DAILY_CALIBRATED_TO_PUBLIC_ANNUAL_REFERENCE,205.61,22.077,1,47.41,4.52,123.15,7.46,60.0,58.87,59.51,SYNTHETIC_DEMO_CORRELATED_WITH_RAINFALL_REPLACE_WITH_NASA_SMAP_OR_ISRO_BHUVAN
PROD-0002332,2009-08-19,Dongri Buzurg,Maharashtra,Bhandara,21.546128,79.686722,971.55,765.7,1.16,0,14.75,HISTORICAL_ROM_CAPACITY_PROXY,PROXY_NOT_SAME_PERIOD_PLAN,SYNTHETIC_DAILY_CALIBRATED_TO_PUBLIC_ANNUAL_REFERENCE,205.85,21.188,1,61.21,5.67,124.06,7.36,60.0,60.0,59.51,SYNTHETIC_DEMO_CORRELATED_WITH_RAINFALL_REPLACE_WITH_NASA_SMAP_OR_ISRO_BHUVAN
PROD-0002333,2009-08-20,Dongri Buzurg,Maharashtra,Bhandara,21.546128,79.686722,1015.01,797.69,2.26,0,14.43,HISTORICAL_ROM_CAPACITY_PROXY,PROXY_NOT_SAME_PERIOD_PLAN,SYNTHETIC_DAILY_CALIBRATED_TO_PUBLIC_ANNUAL_REFERENCE,217.32,21.411,1,40.12,7.4,119.2,9.06,60.0,60.0,59.51,SYNTHETIC_DEMO_CORRELATED_WITH_RAINFALL_REPLACE_WITH_NASA_SMAP_OR_ISRO_BHUVAN
PROD-0002334,2009-08-21,Dongri Buzurg,Maharashtra,Bhandara,21.546128,79.686722,918.52,725.71,2.76,0,34.92,HISTORICAL_ROM_CAPACITY_PROXY,PROXY_NOT_SAME_PERIOD_PLAN,SYNTHETIC_DAILY_CALIBRATED_TO_PUBLIC_ANNUAL_REFERENCE,192.81,20.991,1,64.1,6.18,115.07,10.75,60.0,60.0,59.51,SYNTHETIC_DEMO_CORRELATED_WITH_RAINFALL_REPLACE_WITH_NASA_SMAP_OR_ISRO_BHUVAN
PROD-0002335,2009-08-22,Dongri Buzurg,Maharashtra,Bhandara,21.546128,79.686722,913.83,730.22,2.24,0,14.92,HISTORICAL_ROM_CAPACITY_PROXY,PROXY_NOT_SAME_PERIOD_PLAN,SYNTHETIC_DAILY_CALIBRATED_TO_PUBLIC_ANNUAL_REFERENCE,183.61,20.092,1,64.27,7.26,126.43,12.94,60.0,60.0,59.51,SYNTHETIC_DEMO_CORRELATED_WITH_RAINFALL_REPLACE_WITH_NASA_SMAP_OR_ISRO_BHUVAN
PROD-0002336,2009-08-23,Dongri Buzurg,Maharashtra,Bhandara,21.546128,79.686722,838.2,617.23,5.1,0,0.0,HISTORICAL_ROM_CAPACITY_PROXY,PROXY_NOT_SAME_PERIOD_PLAN,SYNTHETIC_DAILY_CALIBRATED_TO_PUBLIC_ANNUAL_REFERENCE,220.97,26.362,1,49.84,10.1,125.48,18.03,56.59,58.86,59.51,SYNTHETIC_DEMO_CORRELATED_WITH_RAINFALL_REPLACE_WITH_NASA_SMAP_OR_ISRO_BHUVAN
PROD-0002337,2009-08-24,Dongri Buzurg,Maharashtra,Bhandara,21.546128,79.686722,1005.33,821.36,1.98,0,0.0,HISTORICAL_ROM_CAPACITY_PROXY,PROXY_NOT_SAME_PERIOD_PLAN,SYNTHETIC_DAILY_CALIBRATED_TO_PUBLIC_ANNUAL_REFERENCE,183.97,18.299,1,14.92,9.32,89.96,19.48,53.07,56.55,58.52,SYNTHETIC_DEMO_CORRELATED_WITH_RAINFALL_REPLACE_WITH_NASA_SMAP_OR_ISRO_BHUVAN
PROD-0002338,2009-08-25,Dongri Buzurg,Maharashtra,Bhandara,21.546128,79.686722,1028.52,815.44,1.92,0,30.84,HISTORICAL_ROM_CAPACITY_PROXY,PROXY_NOT_SAME_PERIOD_PLAN,SYNTHETIC_DAILY_CALIBRATED_TO_PUBLIC_ANNUAL_REFERENCE,213.08,20.717,1,30.84,9.0,109.86,17.42,60.0,56.55,58.52,SYNTHETIC_DEMO_CORRELATED_WITH_RAINFALL_REPLACE_WITH_NASA_SMAP_OR_ISRO_BHUVAN
PROD-0002339,2009-08-26,Dongri Buzurg,Maharashtra,Bhandara,21.546128,79.686722,1027.25,842.95,0.0,0,0.0,HISTORICAL_ROM_CAPACITY_PROXY,PROXY_NOT_SAME_PERIOD_PLAN,SYNTHETIC_DAILY_CALIBRATED_TO_PUBLIC_ANNUAL_REFERENCE,184.3,17.941,1,30.84,3.9,95.11,16.26,56.35,56.47,58.0,SYNTHETIC_DEMO_CORRELATED_WITH_RAINFALL_REPLACE_WITH_NASA_SMAP_OR_ISRO_BHUVAN
PROD-0002340,2009-08-27,Dongri Buzurg,Maharashtra,Bhandara,21.546128,79.686722,917.57,674.37,5.05,96,0.0,HISTORICAL_ROM_CAPACITY_PROXY,PROXY_NOT_SAME_PERIOD_PLAN,SYNTHETIC_DAILY_CALIBRATED_TO_PUBLIC_ANNUAL_REFERENCE,243.2,26.505,1,30.84,6.97,80.68,19.05,53.29,56.55,57.04,SYNTHETIC_DEMO_CORRELATED_WITH_RAINFALL_REPLACE_WITH_NASA_SMAP_OR_ISRO_BHUVAN
PROD-0002341,2009-08-28,Dongri Buzurg,Maharashtra,Bhandara,21.546128,79.686722,1002.54,783.97,1.05,0,49.55,HISTORICAL_ROM_CAPACITY_PROXY,PROXY_NOT_SAME_PERIOD_PLAN,SYNTHETIC_DAILY_CALIBRATED_TO_PUBLIC_ANNUAL_REFERENCE,218.57,21.802,1,49.55,6.1,95.31,17.34,60.0,56.55,57.04,SYNTHETIC_DEMO_CORRELATED_WITH_RAINFALL_REPLACE_WITH_NASA_SMAP_OR_ISRO_BHUVAN
PROD-0002342,2009-08-29,Dongri Buzurg,Maharashtra,Bhandara,21.546128,79.686722,1044.14,791.76,1.45,143,0.0,HISTORICAL_ROM_CAPACITY_PROXY,PROXY_NOT_SAME_PERIOD_PLAN,SYNTHETIC_DAILY_CALIBRATED_TO_PUBLIC_ANNUAL_REFERENCE,252.38,24.171,1,49.55,7.55,80.39,16.55,55.05,56.11,56.34,SYNTHETIC_DEMO_CORRELATED_WITH_RAINFALL_REPLACE_WITH_NASA_SMAP_OR_ISRO_BHUVAN
PROD-0002343,2009-08-30,Dongri Buzurg,Maharashtra,Bhandara,21.546128,79.686722,932.17,737.15,1.51,0,18.25,HISTORICAL_ROM_CAPACITY_PROXY,PROXY_NOT_SAME_PERIOD_PLAN,SYNTHETIC_DAILY_CALIBRATED_TO_PUBLIC_ANNUAL_REFERENCE,195.02,20.921,1,67.8,4.01,98.64,12.96,60.0,58.35,56.82,SYNTHETIC_DEMO_CORRELATED_WITH_RAINFALL_REPLACE_WITH_NASA_SMAP_OR_ISRO_BHUVAN
PROD-0002344,2009-08-31,Dongri Buzurg,Maharashtra,Bhandara,21.546128,79.686722,1005.89,790.65,3.5,0,68.86,HISTORICAL_ROM_CAPACITY_PROXY,PROXY_NOT_SAME_PERIOD_PLAN,SYNTHETIC_DAILY_CALIBRATED_TO_PUBLIC_ANNUAL_REFERENCE,215.24,21.398,1,87.11,6.46,167.5,14.48,60.0,58.35,57.81,SYNTHETIC_DEMO_CORRELATED_WITH_RAINFALL_REPLACE_WITH_NASA_SMAP_OR_ISRO_BHUVAN
PROD-0002345,2009-09-01,Dongri Buzurg,Maharashtra,Bhandara,21.546128,79.686722,1073.99,895.25,1.28,0,0.0,HISTORICAL_ROM_CAPACITY_PROXY,PROXY_NOT_SAME_PERIOD_PLAN,SYNTHETIC_DAILY_CALIBRATED_TO_PUBLIC_ANNUAL_REFERENCE,178.74,16.643,1,87.11,6.29,136.66,13.84,56.55,58.85,57.32,SYNTHETIC_DEMO_CORRELATED_WITH_RAINFALL_REPLACE_WITH_NASA_SMAP_OR_ISRO_BHUVAN
PROD-0002346,2009-09-02,Dongri Buzurg,Maharashtra,Bhandara,21.546128,79.686722,927.32,689.73,5.4,0,21.02,HISTORICAL_ROM_CAPACITY_PROXY,PROXY_NOT_SAME_PERIOD_PLAN,SYNTHETIC_DAILY_CALIBRATED_TO_PUBLIC_ANNUAL_REFERENCE,237.59,25.621,1,89.88,10.18,157.68,19.24,60.0,58.85,57.84,SYNTHETIC_DEMO_CORRELATED_WITH_RAINFALL_REPLACE_WITH_NASA_SMAP_OR_ISRO_BHUVAN
PROD-0002347,2009-09-03,Dongri Buzurg,Maharashtra,Bhandara,21.546128,79.686722,978.04,792.93,1.08,0,23.35,HISTORICAL_ROM_CAPACITY_PROXY,PROXY_NOT_SAME_PERIOD_PLAN,SYNTHETIC_DAILY_CALIBRATED_TO_PUBLIC_ANNUAL_REFERENCE,185.11,18.927,1,44.37,7.76,181.03,15.27,60.0,58.85,58.8,SYNTHETIC_DEMO_CORRELATED_WITH_RAINFALL_REPLACE_WITH_NASA_SMAP_OR_ISRO_BHUVAN
PROD-0002348,2009-09-04,Dongri Buzurg,Maharashtra,Bhandara,21.546128,79.686722,895.75,673.24,1.34,0,0.0,HISTORICAL_ROM_CAPACITY_PROXY,PROXY_NOT_SAME_PERIOD_PLAN,SYNTHETIC_DAILY_CALIBRATED_TO_PUBLIC_ANNUAL_REFERENCE,222.51,24.841,1,44.37,7.82,131.48,15.56,57.67,59.22,58.47,SYNTHETIC_DEMO_CORRELATED_WITH_RAINFALL_REPLACE_WITH_NASA_SMAP_OR_ISRO_BHUVAN
PROD-0002349,2009-09-05,Dongri Buzurg,Maharashtra,Bhandara,21.546128,79.686722,901.07,741.96,1.32,0,4.13,HISTORICAL_ROM_CAPACITY_PROXY,PROXY_NOT_SAME_PERIOD_PLAN,SYNTHETIC_DAILY_CALIBRATED_TO_PUBLIC_ANNUAL_REFERENCE,159.11,17.658,1,27.48,3.74,135.61,15.43,59.79,59.15,59.14,SYNTHETIC_DEMO_CORRELATED_WITH_RAINFALL_REPLACE_WITH_NASA_SMAP_OR_ISRO_BHUVAN
PROD-0002350,2009-09-06,Dongri Buzurg,Maharashtra,Bhandara,21.546128,79.686722,906.27,727.86,0.43,37,28.36,HISTORICAL_ROM_CAPACITY_PROXY,PROXY_NOT_SAME_PERIOD_PLAN,SYNTHETIC_DAILY_CALIBRATED_TO_PUBLIC_ANNUAL_REFERENCE,178.41,19.686,1,32.49,3.09,145.72,14.35,60.0,59.15,59.14,SYNTHETIC_DEMO_CORRELATED_WITH_RAINFALL_REPLACE_WITH_NASA_SMAP_OR_ISRO_BHUVAN
PROD-0002351,2009-09-07,Dongri Buzurg,Maharashtra,Bhandara,21.546128,79.686722,1054.01,881.37,0.0,0,0.0,HISTORICAL_ROM_CAPACITY_PROXY,PROXY_NOT_SAME_PERIOD_PLAN,SYNTHETIC_DAILY_CALIBRATED_TO_PUBLIC_ANNUAL_REFERENCE,172.64,16.379,1,32.49,1.75,76.86,10.85,55.66,58.48,58.52,SYNTHETIC_DEMO_CORRELATED_WITH_RAINFALL_REPLACE_WITH_NASA_SMAP_OR_ISRO_BHUVAN
PROD-0002352,2009-09-08,Dongri Buzurg,Maharashtra,Bhandara,21.546128,79.686722,933.77,741.35,3.25,0,0.0,HISTORICAL_ROM_CAPACITY_PROXY,PROXY_NOT_SAME_PERIOD_PLAN,SYNTHETIC_DAILY_CALIBRATED_TO_PUBLIC_ANNUAL_REFERENCE,192.42,20.607,1,28.36,3.68,76.86,12.82,51.49,55.72,57.8,SYNTHETIC_DEMO_CORRELATED_WITH_RAINFALL_REPLACE_WITH_NASA_SMAP_OR_ISRO_BHUVAN
PROD-0002353,2009-09-09,Dongri Buzurg,Maharashtra,Bhandara,21.546128,79.686722,888.42,717.03,1.14,0,51.91,HISTORICAL_ROM_CAPACITY_PROXY,PROXY_NOT_SAME_PERIOD_PLAN,SYNTHETIC_DAILY_CALIBRATED_TO_PUBLIC_ANNUAL_REFERENCE,171.39,19.292,1,51.91,4.39,107.75,8.56,60.0,55.72,57.8,SYNTHETIC_DEMO_CORRELATED_WITH_RAINFALL_REPLACE_WITH_NASA_SMAP_OR_ISRO_BHUVAN
PROD-0002354,2009-09-10,Dongri Buzurg,Maharashtra,Bhandara,21.546128,79.686722,923.12,735.96,0.0,0,0.0,HISTORICAL_ROM_CAPACITY_PROXY,PROXY_NOT_SAME_PERIOD_PLAN,SYNTHETIC_DAILY_CALIBRATED_TO_PUBLIC_ANNUAL_REFERENCE,187.16,20.275,1,51.91,4.39,84.4,7.48,58.02,56.5,57.52,SYNTHETIC_DEMO_CORRELATED_WITH_RAINFALL_REPLACE_WITH_NASA_SMAP_OR_ISRO_BHUVAN
PROD-0002355,2009-09-11,Dongri Buzurg,Maharashtra,Bhandara,21.546128,79.686722,957.77,789.09,0.0,0,0.0,HISTORICAL_ROM_CAPACITY_PROXY,PROXY_NOT_SAME_PERIOD_PLAN,SYNTHETIC_DAILY_CALIBRATED_TO_PUBLIC_ANNUAL_REFERENCE,168.68,17.612,1,51.91,1.14,84.4,6.14,54.45,57.49,57.06,SYNTHETIC_DEMO_CORRELATED_WITH_RAINFALL_REPLACE_WITH_NASA_SMAP_OR_ISRO_BHUVAN
PROD-0002356,2009-09-12,Dongri Buzurg,Maharashtra,Bhandara,21.546128,79.686722,925.83,762.69,1.26,0,0.0,HISTORICAL_ROM_CAPACITY_PROXY,PROXY_NOT_SAME_PERIOD_PLAN,SYNTHETIC_DAILY_CALIBRATED_TO_PUBLIC_ANNUAL_REFERENCE,163.14,17.621,1,0.0,1.26,80.27,6.08,50.57,54.35,55.74,SYNTHETIC_DEMO_CORRELATED_WITH_RAINFALL_REPLACE_WITH_NASA_SMAP_OR_ISRO_BHUVAN
PROD-0002357,2009-09-13,Dongri Buzurg,Maharashtra,Bhandara,21.546128,79.686722,962.49,785.52,0.22,0,14.81,HISTORICAL_ROM_CAPACITY_PROXY,PROXY_NOT_SAME_PERIOD_PLAN,SYNTHETIC_DAILY_CALIBRATED_TO_PUBLIC_ANNUAL_REFERENCE,176.97,18.387,1,14.81,1.48,66.72,5.87,59.36,54.79,55.65,SYNTHETIC_DEMO_CORRELATED_WITH_RAINFALL_REPLACE_WITH_NASA_SMAP_OR_ISRO_BHUVAN
PROD-0002358,2009-09-14,Dongri Buzurg,Maharashtra,Bhandara,21.546128,79.686722,959.18,749.63,0.15,0,9.87,HISTORICAL_ROM_CAPACITY_PROXY,PROXY_NOT_SAME_PERIOD_PLAN,SYNTHETIC_DAILY_CALIBRATED_TO_PUBLIC_ANNUAL_REFERENCE,209.55,21.847,1,24.68,1.63,76.59,6.02,60.0,56.64,56.27,SYNTHETIC_DEMO_CORRELATED_WITH_RAINFALL_REPLACE_WITH_NASA_SMAP_OR_ISRO_BHUVAN
PROD-0002359,2009-09-15,Dongri Buzurg,Maharashtra,Bhandara,21.546128,79.686722,820.16,650.37,0.0,0,0.0,HISTORICAL_ROM_CAPACITY_PROXY,PROXY_NOT_SAME_PERIOD_PLAN,SYNTHETIC_DAILY_CALIBRATED_TO_PUBLIC_ANNUAL_REFERENCE,169.79,20.702,1,24.68,0.37,76.59,2.77,57.24,58.87,57.09,SYNTHETIC_DEMO_CORRELATED_WITH_RAINFALL_REPLACE_WITH_NASA_SMAP_OR_ISRO_BHUVAN
PROD-0002360,2009-09-16,Dongri Buzurg,Maharashtra,Bhandara,21.546128,79.686722,1065.8,859.09,1.44,38,25.45,HISTORICAL_ROM_CAPACITY_PROXY,PROXY_NOT_SAME_PERIOD_PLAN,SYNTHETIC_DAILY_CALIBRATED_TO_PUBLIC_ANNUAL_REFERENCE,206.71,19.395,1,35.32,1.59,50.13,3.07,60.0,59.08,57.09,SYNTHETIC_DEMO_CORRELATED_WITH_RAINFALL_REPLACE_WITH_NASA_SMAP_OR_ISRO_BHUVAN
PROD-0002361,2009-09-17,Dongri Buzurg,Maharashtra,Bhandara,21.546128,79.686722,960.8,783.39,0.92,12,0.0,HISTORICAL_ROM_CAPACITY_PROXY,PROXY_NOT_SAME_PERIOD_PLAN,SYNTHETIC_DAILY_CALIBRATED_TO_PUBLIC_ANNUAL_REFERENCE,177.41,18.465,1,25.45,2.36,50.13,3.99,54.99,57.41,56.66,SYNTHETIC_DEMO_CORRELATED_WITH_RAINFALL_REPLACE_WITH_NASA_SMAP_OR_ISRO_BHUVAN
PROD-0002362,2009-09-18,Dongri Buzurg,Maharashtra,Bhandara,21.546128,79.686722,933.57,744.19,2.95,4,0.0,HISTORICAL_ROM_CAPACITY_PROXY,PROXY_NOT_SAME_PERIOD_PLAN,SYNTHETIC_DAILY_CALIBRATED_TO_PUBLIC_ANNUAL_REFERENCE,189.38,20.286,1,25.45,5.31,50.13,6.94,51.59,55.53,56.25,SYNTHETIC_DEMO_CORRELATED_WITH_RAINFALL_REPLACE_WITH_NASA_SMAP_OR_ISRO_BHUVAN
PROD-0002363,2009-09-19,Dongri Buzurg,Maharashtra,Bhandara,21.546128,79.686722,999.28,825.92,0.0,0,0.0,HISTORICAL_ROM_CAPACITY_PROXY,PROXY_NOT_SAME_PERIOD_PLAN,SYNTHETIC_DAILY_CALIBRATED_TO_PUBLIC_ANNUAL_REFERENCE,173.36,17.348,1,0.0,3.87,50.13,5.68,49.03,51.87,56.03,SYNTHETIC_DEMO_CORRELATED_WITH_RAINFALL_REPLACE_WITH_NASA_SMAP_OR_ISRO_BHUVAN
PROD-0002364,2009-09-20,Dongri Buzurg,Maharashtra,Bhandara,21.546128,79.686722,1104.01,887.82,0.88,0,6.79,HISTORICAL_ROM_CAPACITY_PROXY,PROXY_NOT_SAME_PERIOD_PLAN,SYNTHETIC_DAILY_CALIBRATED_TO_PUBLIC_ANNUAL_REFERENCE,216.19,19.582,1,6.79,3.83,42.11,6.34,52.18,50.93,55.0,SYNTHETIC_DEMO_CORRELATED_WITH_RAINFALL_REPLACE_WITH_NASA_SMAP_OR_ISRO_BHUVAN
PROD-0002365,2009-09-21,Dongri Buzurg,Maharashtra,Bhandara,21.546128,79.686722,825.46,676.62,0.0,0,0.0,HISTORICAL_ROM_CAPACITY_PROXY,PROXY_NOT_SAME_PERIOD_PLAN,SYNTHETIC_DAILY_CALIBRATED_TO_PUBLIC_ANNUAL_REFERENCE,148.84,18.031,1,6.79,0.88,32.24,6.19,48.01,49.74,53.29,SYNTHETIC_DEMO_CORRELATED_WITH_RAINFALL_REPLACE_WITH_NASA_SMAP_OR_ISRO_BHUVAN
PROD-0002366,2009-09-22,Dongri Buzurg,Maharashtra,Bhandara,21.546128,79.686722,910.28,719.85,2.26,20,22.4,HISTORICAL_ROM_CAPACITY_PROXY,PROXY_NOT_SAME_PERIOD_PLAN,SYNTHETIC_DAILY_CALIBRATED_TO_PUBLIC_ANNUAL_REFERENCE,190.43,20.92,1,29.19,3.14,54.64,8.45,60.0,53.4,53.69,SYNTHETIC_DEMO_CORRELATED_WITH_RAINFALL_REPLACE_WITH_NASA_SMAP_OR_ISRO_BHUVAN
PROD-0002367,2009-09-23,Dongri Buzurg,Maharashtra,Bhandara,21.546128,79.686722,938.28,757.97,0.65,47,43.56,HISTORICAL_ROM_CAPACITY_PROXY,PROXY_NOT_SAME_PERIOD_PLAN,SYNTHETIC_DAILY_CALIBRATED_TO_PUBLIC_ANNUAL_REFERENCE,180.31,19.217,1,65.96,2.91,72.75,7.66,60.0,56.0,53.69,SYNTHETIC_DEMO_CORRELATED_WITH_RAINFALL_REPLACE_WITH_NASA_SMAP_OR_ISRO_BHUVAN
PROD-0002368,2009-09-24,Dongri Buzurg,Maharashtra,Bhandara,21.546128,79.686722,922.19,763.8,1.25,0,10.6,HISTORICAL_ROM_CAPACITY_PROXY,PROXY_NOT_SAME_PERIOD_PLAN,SYNTHETIC_DAILY_CALIBRATED_TO_PUBLIC_ANNUAL_REFERENCE,158.39,17.175,1,76.56,4.16,83.35,7.99,60.0,60.0,54.4,SYNTHETIC_DEMO_CORRELATED_WITH_RAINFALL_REPLACE_WITH_NASA_SMAP_OR_ISRO_BHUVAN
PROD-0002369,2009-09-25,Dongri Buzurg,Maharashtra,Bhandara,21.546128,79.686722,923.49,771.62,0.0,39,0.0,HISTORICAL_ROM_CAPACITY_PROXY,PROXY_NOT_SAME_PERIOD_PLAN,SYNTHETIC_DAILY_CALIBRATED_TO_PUBLIC_ANNUAL_REFERENCE,151.87,16.445,1,54.16,1.9,83.35,5.04,56.53,58.84,55.11,SYNTHETIC_DEMO_CORRELATED_WITH_RAINFALL_REPLACE_WITH_NASA_SMAP_OR_ISRO_BHUVAN
PROD-0002370,2009-09-26,Dongri Buzurg,Maharashtra,Bhandara,21.546128,79.686722,914.59,670.59,3.2,0,32.81,HISTORICAL_ROM_CAPACITY_PROXY,PROXY_NOT_SAME_PERIOD_PLAN,SYNTHETIC_DAILY_CALIBRATED_TO_PUBLIC_ANNUAL_REFERENCE,244.0,26.679,1,43.41,4.45,116.16,8.24,60.0,58.84,56.67,SYNTHETIC_DEMO_CORRELATED_WITH_RAINFALL_REPLACE_WITH_NASA_SMAP_OR_ISRO_BHUVAN
PROD-0002371,2009-09-27,Dongri Buzurg,Maharashtra,Bhandara,21.546128,79.686722,1033.96,807.93,3.64,16,0.0,HISTORICAL_ROM_CAPACITY_PROXY,PROXY_NOT_SAME_PERIOD_PLAN,SYNTHETIC_DAILY_CALIBRATED_TO_PUBLIC_ANNUAL_REFERENCE,226.03,21.861,1,32.81,6.84,109.37,11.0,58.0,58.18,57.51,SYNTHETIC_DEMO_CORRELATED_WITH_RAINFALL_REPLACE_WITH_NASA_SMAP_OR_ISRO_BHUVAN
PROD-0002372,2009-09-28,Dongri Buzurg,Maharashtra,Bhandara,21.546128,79.686722,912.92,729.71,0.55,0,36.97,HISTORICAL_ROM_CAPACITY_PROXY,PROXY_NOT_SAME_PERIOD_PLAN,SYNTHETIC_DAILY_CALIBRATED_TO_PUBLIC_ANNUAL_REFERENCE,183.21,20.069,1,69.78,7.39,146.34,11.55,60.0,59.33,59.22,SYNTHETIC_DEMO_CORRELATED_WITH_RAINFALL_REPLACE_WITH_NASA_SMAP_OR_ISRO_BHUVAN
PROD-0002373,2009-09-29,Dongri Buzurg,Maharashtra,Bhandara,21.546128,79.686722,936.79,766.11,2.18,0,39.9,HISTORICAL_ROM_CAPACITY_PROXY,PROXY_NOT_SAME_PERIOD_PLAN,SYNTHETIC_DAILY_CALIBRATED_TO_PUBLIC_ANNUAL_REFERENCE,170.68,18.22,1,76.87,6.37,163.84,11.47,60.0,59.33,59.22,SYNTHETIC_DEMO_CORRELATED_WITH_RAINFALL_REPLACE_WITH_NASA_SMAP_OR_ISRO_BHUVAN
PROD-0002374,2009-09-30,Dongri Buzurg,Maharashtra,Bhandara,21.546128,79.686722,872.39,701.01,1.19,0,0.0,HISTORICAL_ROM_CAPACITY_PROXY,PROXY_NOT_SAME_PERIOD_PLAN,SYNTHETIC_DAILY_CALIBRATED_TO_PUBLIC_ANNUAL_REFERENCE,171.38,19.645,1,76.87,3.92,120.28,12.01,56.8,58.93,58.76,SYNTHETIC_DEMO_CORRELATED_WITH_RAINFALL_REPLACE_WITH_NASA_SMAP_OR_ISRO_BHUVAN
PROD-0002375,2009-10-01,Dongri Buzurg,Maharashtra,Bhandara,21.546128,79.686722,881.4,707.85,1.35,20,0.0,HISTORICAL_ROM_CAPACITY_PROXY,PROXY_NOT_SAME_PERIOD_PLAN,SYNTHETIC_DAILY_CALIBRATED_TO_PUBLIC_ANNUAL_REFERENCE,173.55,19.69,1,39.9,4.72,109.68,12.11,52.65,56.48,57.71,SYNTHETIC_DEMO_CORRELATED_WITH_RAINFALL_REPLACE_WITH_NASA_SMAP_OR_ISRO_BHUVAN
PROD-0002376,2009-10-02,Dongri Buzurg,Maharashtra,Bhandara,21.546128,79.686722,930.12,734.93,0.86,71,0.0,HISTORICAL_ROM_CAPACITY_PROXY,PROXY_NOT_SAME_PERIOD_PLAN,SYNTHETIC_DAILY_CALIBRATED_TO_PUBLIC_ANNUAL_REFERENCE,195.19,20.985,1,0.0,3.4,109.68,12.97,49.04,52.83,56.64,SYNTHETIC_DEMO_CORRELATED_WITH_RAINFALL_REPLACE_WITH_NASA_SMAP_OR_ISRO_BHUVAN
PROD-0002377,2009-10-03,Dongri Buzurg,Maharashtra,Bhandara,21.546128,79.686722,962.15,763.06,0.0,0,0.0,HISTORICAL_ROM_CAPACITY_PROXY,PROXY_NOT_SAME_PERIOD_PLAN,SYNTHETIC_DAILY_CALIBRATED_TO_PUBLIC_ANNUAL_REFERENCE,199.09,20.692,1,0.0,2.21,76.87,9.77,46.1,49.26,54.66,SYNTHETIC_DEMO_CORRELATED_WITH_RAINFALL_REPLACE_WITH_NASA_SMAP_OR_ISRO_BHUVAN
PROD-0002378,2009-10-04,Dongri Buzurg,Maharashtra,Bhandara,21.546128,79.686722,1090.3,868.02,0.9,0,0.0,HISTORICAL_ROM_CAPACITY_PROXY,PROXY_NOT_SAME_PERIOD_PLAN,SYNTHETIC_DAILY_CALIBRATED_TO_PUBLIC_ANNUAL_REFERENCE,222.28,20.387,1,0.0,1.76,76.87,7.03,43.48,46.21,52.58,SYNTHETIC_DEMO_CORRELATED_WITH_RAINFALL_REPLACE_WITH_NASA_SMAP_OR_ISRO_BHUVAN
PROD-0002379,2009-10-05,Dongri Buzurg,Maharashtra,Bhandara,21.546128,79.686722,975.33,796.95,2.39,0,0.0,HISTORICAL_ROM_CAPACITY_PROXY,PROXY_NOT_SAME_PERIOD_PLAN,SYNTHETIC_DAILY_CALIBRATED_TO_PUBLIC_ANNUAL_REFERENCE,178.38,18.289,1,0.0,3.29,39.9,8.87,43.31,44.3,50.2,SYNTHETIC_DEMO_CORRELATED_WITH_RAINFALL_REPLACE_WITH_NASA_SMAP_OR_ISRO_BHUVAN
PROD-0002380,2009-10-06,Dongri Buzurg,Maharashtra,Bhandara,21.546128,79.686722,945.84,794.48,0.61,0,0.0,HISTORICAL_ROM_CAPACITY_PROXY,PROXY_NOT_SAME_PERIOD_PLAN,SYNTHETIC_DAILY_CALIBRATED_TO_PUBLIC_ANNUAL_REFERENCE,151.36,16.003,1,0.0,3.9,0.0,7.3,40.76,42.52,47.45,SYNTHETIC_DEMO_CORRELATED_WITH_RAINFALL_REPLACE_WITH_NASA_SMAP_OR_ISRO_BHUVAN
PROD-0002381,2009-10-07,Dongri Buzurg,Maharashtra,Bhandara,21.546128,79.686722,857.38,689.34,1.89,0,0.0,HISTORICAL_ROM_CAPACITY_PROXY,PROXY_NOT_SAME_PERIOD_PLAN,SYNTHETIC_DAILY_CALIBRATED_TO_PUBLIC_ANNUAL_REFERENCE,168.04,19.599,1,0.0,4.89,0.0,8.0,40.31,41.46,45.09,SYNTHETIC_DEMO_CORRELATED_WITH_RAINFALL_REPLACE_WITH_NASA_SMAP_OR_ISRO_BHUVAN
PROD-0002382,2009-10-08,Dongri Buzurg,Maharashtra,Bhandara,21.546128,79.686722,956.08,802.7,0.66,0,0.0,HISTORICAL_ROM_CAPACITY_PROXY,PROXY_NOT_SAME_PERIOD_PLAN,SYNTHETIC_DAILY_CALIBRATED_TO_PUBLIC_ANNUAL_REFERENCE,153.38,16.043,1,0.0,3.16,0.0,7.31,38.79,39.95,43.11,SYNTHETIC_DEMO_CORRELATED_WITH_RAINFALL_REPLACE_WITH_NASA_SMAP_OR_ISRO_BHUVAN
PROD-0002383,2009-10-09,Dongri Buzurg,Maharashtra,Bhandara,21.546128,79.686722,840.54,697.29,0.0,0,0.0,HISTORICAL_ROM_CAPACITY_PROXY,PROXY_NOT_SAME_PERIOD_PLAN,SYNTHETIC_DAILY_CALIBRATED_TO_PUBLIC_ANNUAL_REFERENCE,143.25,17.043,1,0.0,2.55,0.0,6.45,34.71,37.94,41.07,SYNTHETIC_DEMO_CORRELATED_WITH_RAINFALL_REPLACE_WITH_NASA_SMAP_OR_ISRO_BHUVAN
PROD-0002384,2009-10-10,Dongri Buzurg,Maharashtra,Bhandara,21.546128,79.686722,905.19,716.5,3.94,0,0.0,HISTORICAL_ROM_CAPACITY_PROXY,PROXY_NOT_SAME_PERIOD_PLAN,SYNTHETIC_DAILY_CALIBRATED_TO_PUBLIC_ANNUAL_REFERENCE,188.69,20.845,1,0.0,4.6,0.0,10.39,33.05,35.52,39.2,SYNTHETIC_DEMO_CORRELATED_WITH_RAINFALL_REPLACE_WITH_NASA_SMAP_OR_ISRO_BHUVAN
PROD-0002385,2009-10-11,Dongri Buzurg,Maharashtra,Bhandara,21.546128,79.686722,916.32,735.74,2.14,0,0.0,HISTORICAL_ROM_CAPACITY_PROXY,PROXY_NOT_SAME_PERIOD_PLAN,SYNTHETIC_DAILY_CALIBRATED_TO_PUBLIC_ANNUAL_REFERENCE,180.58,19.707,1,0.0,6.08,0.0,11.63,31.07,32.94,37.43,SYNTHETIC_DEMO_CORRELATED_WITH_RAINFALL_REPLACE_WITH_NASA_SMAP_OR_ISRO_BHUVAN
PROD-0002386,2009-10-12,Dongri Buzurg,Maharashtra,Bhandara,21.546128,79.686722,940.8,708.99,4.58,0,0.0,HISTORICAL_ROM_CAPACITY_PROXY,PROXY_NOT_SAME_PERIOD_PLAN,SYNTHETIC_DAILY_CALIBRATED_TO_PUBLIC_ANNUAL_REFERENCE,231.81,24.64,1,0.0,10.66,0.0,13.82,29.6,31.24,35.47,SYNTHETIC_DEMO_CORRELATED_WITH_RAINFALL_REPLACE_WITH_NASA_SMAP_OR_ISRO_BHUVAN
PROD-0002387,2009-10-13,Dongri Buzurg,Maharashtra,Bhandara,21.546128,79.686722,872.48,726.79,0.0,0,0.0,HISTORICAL_ROM_CAPACITY_PROXY,PROXY_NOT_SAME_PERIOD_PLAN,SYNTHETIC_DAILY_CALIBRATED_TO_PUBLIC_ANNUAL_REFERENCE,145.69,16.698,1,0.0,6.72,0.0,13.21,24.35,28.34,33.13,SYNTHETIC_DEMO_CORRELATED_WITH_RAINFALL_REPLACE_WITH_NASA_SMAP_OR_ISRO_BHUVAN
PROD-0002388,2009-10-14,Dongri Buzurg,Maharashtra,Bhandara,21.546128,79.686722,956.98,779.95,1.78,0,0.0,HISTORICAL_ROM_CAPACITY_PROXY,PROXY_NOT_SAME_PERIOD_PLAN,SYNTHETIC_DAILY_CALIBRATED_TO_PUBLIC_ANNUAL_REFERENCE,177.03,18.499,1,0.0,6.36,0.0,13.1,25.21,26.39,30.97,SYNTHETIC_DEMO_CORRELATED_WITH_RAINFALL_REPLACE_WITH_NASA_SMAP_OR_ISRO_BHUVAN
PROD-0002389,2009-10-15,Dongri Buzurg,Maharashtra,Bhandara,21.546128,79.686722,966.16,799.35,1.58,0,0.0,HISTORICAL_ROM_CAPACITY_PROXY,PROXY_NOT_SAME_PERIOD_PLAN,SYNTHETIC_DAILY_CALIBRATED_TO_PUBLIC_ANNUAL_REFERENCE,166.81,17.265,1,0.0,3.36,0.0,14.02,24.95,24.84,28.99,SYNTHETIC_DEMO_CORRELATED_WITH_RAINFALL_REPLACE_WITH_NASA_SMAP_OR_ISRO_BHUVAN
PROD-0002390,2009-10-16,Dongri Buzurg,Maharashtra,Bhandara,21.546128,79.686722,952.92,768.18,2.06,0,21.5,HISTORICAL_ROM_CAPACITY_PROXY,PROXY_NOT_SAME_PERIOD_PLAN,SYNTHETIC_DAILY_CALIBRATED_TO_PUBLIC_ANNUAL_REFERENCE,184.74,19.387,1,21.5,5.42,21.5,16.08,42.91,31.02,30.16,SYNTHETIC_DEMO_CORRELATED_WITH_RAINFALL_REPLACE_WITH_NASA_SMAP_OR_ISRO_BHUVAN
PROD-0002391,2009-10-17,Dongri Buzurg,Maharashtra,Bhandara,21.546128,79.686722,1077.71,901.93,0.0,23,0.0,HISTORICAL_ROM_CAPACITY_PROXY,PROXY_NOT_SAME_PERIOD_PLAN,SYNTHETIC_DAILY_CALIBRATED_TO_PUBLIC_ANNUAL_REFERENCE,175.78,16.311,1,21.5,3.64,21.5,12.14,39.25,35.7,31.05,SYNTHETIC_DEMO_CORRELATED_WITH_RAINFALL_REPLACE_WITH_NASA_SMAP_OR_ISRO_BHUVAN
PROD-0002392,2009-10-18,Dongri Buzurg,Maharashtra,Bhandara,21.546128,79.686722,1064.12,879.93,0.0,0,0.0,HISTORICAL_ROM_CAPACITY_PROXY,PROXY_NOT_SAME_PERIOD_PLAN,SYNTHETIC_DAILY_CALIBRATED_TO_PUBLIC_ANNUAL_REFERENCE,184.19,17.309,1,21.5,2.06,21.5,10.0,38.54,40.23,32.12,SYNTHETIC_DEMO_CORRELATED_WITH_RAINFALL_REPLACE_WITH_NASA_SMAP_OR_ISRO_BHUVAN
PROD-0002393,2009-10-19,Dongri Buzurg,Maharashtra,Bhandara,21.546128,79.686722,1068.73,842.68,0.17,44,11.39,HISTORICAL_ROM_CAPACITY_PROXY,PROXY_NOT_SAME_PERIOD_PLAN,SYNTHETIC_DAILY_CALIBRATED_TO_PUBLIC_ANNUAL_REFERENCE,226.05,21.151,1,11.39,0.17,32.89,5.59,46.58,41.46,34.54,SYNTHETIC_DEMO_CORRELATED_WITH_RAINFALL_REPLACE_WITH_NASA_SMAP_OR_ISRO_BHUVAN
PROD-0002394,2009-10-20,Dongri Buzurg,Maharashtra,Bhandara,21.546128,79.686722,1026.05,843.34,0.08,16,5.47,HISTORICAL_ROM_CAPACITY_PROXY,PROXY_NOT_SAME_PERIOD_PLAN,SYNTHETIC_DAILY_CALIBRATED_TO_PUBLIC_ANNUAL_REFERENCE,182.71,17.807,1,16.86,0.25,38.36,5.67,47.37,44.16,37.83,SYNTHETIC_DEMO_CORRELATED_WITH_RAINFALL_REPLACE_WITH_NASA_SMAP_OR_ISRO_BHUVAN
PROD-0002395,2009-10-21,Dongri Buzurg,Maharashtra,Bhandara,21.546128,79.686722,943.16,819.76,0.0,0,0.0,HISTORICAL_ROM_CAPACITY_PROXY,PROXY_NOT_SAME_PERIOD_PLAN,SYNTHETIC_DAILY_CALIBRATED_TO_PUBLIC_ANNUAL_REFERENCE,123.4,13.084,1,16.86,0.25,38.36,3.89,43.55,45.83,40.45,SYNTHETIC_DEMO_CORRELATED_WITH_RAINFALL_REPLACE_WITH_NASA_SMAP_OR_ISRO_BHUVAN
PROD-0002396,2009-10-22,Dongri Buzurg,Maharashtra,Bhandara,21.546128,79.686722,898.94,647.03,9.43,0,0.0,HISTORICAL_ROM_CAPACITY_PROXY,PROXY_NOT_SAME_PERIOD_PLAN,SYNTHETIC_DAILY_CALIBRATED_TO_PUBLIC_ANNUAL_REFERENCE,251.91,28.023,1,5.47,9.51,38.36,11.74,40.75,43.89,42.71,SYNTHETIC_DEMO_CORRELATED_WITH_RAINFALL_REPLACE_WITH_NASA_SMAP_OR_ISRO_BHUVAN
PROD-0002397,2009-10-23,Dongri Buzurg,Maharashtra,Bhandara,21.546128,79.686722,994.65,809.76,1.38,0,13.54,HISTORICAL_ROM_CAPACITY_PROXY,PROXY_NOT_SAME_PERIOD_PLAN,SYNTHETIC_DAILY_CALIBRATED_TO_PUBLIC_ANNUAL_REFERENCE,184.89,18.588,1,13.54,10.81,30.4,11.06,50.11,44.8,43.74,SYNTHETIC_DEMO_CORRELATED_WITH_RAINFALL_REPLACE_WITH_NASA_SMAP_OR_ISRO_BHUVAN
PROD-0002398,2009-10-24,Dongri Buzurg,Maharashtra,Bhandara,21.546128,79.686722,1024.3,821.86,0.0,0,0.0,HISTORICAL_ROM_CAPACITY_PROXY,PROXY_NOT_SAME_PERIOD_PLAN,SYNTHETIC_DAILY_CALIBRATED_TO_PUBLIC_ANNUAL_REFERENCE,202.44,19.764,1,13.54,10.81,30.4,11.06,46.99,45.95,44.84,SYNTHETIC_DEMO_CORRELATED_WITH_RAINFALL_REPLACE_WITH_NASA_SMAP_OR_ISRO_BHUVAN
PROD-0002399,2009-10-25,Dongri Buzurg,Maharashtra,Bhandara,21.546128,79.686722,960.14,768.16,4.38,0,0.0,HISTORICAL_ROM_CAPACITY_PROXY,PROXY_NOT_SAME_PERIOD_PLAN,SYNTHETIC_DAILY_CALIBRATED_TO_PUBLIC_ANNUAL_REFERENCE,191.98,19.995,1,13.54,5.76,30.4,15.44,42.77,46.62,45.45,SYNTHETIC_DEMO_CORRELATED_WITH_RAINFALL_REPLACE_WITH_NASA_SMAP_OR_ISRO_BHUVAN
PROD-0002400,2009-10-26,Dongri Buzurg,Maharashtra,Bhandara,21.546128,79.686722,853.19,685.39,0.1,0,6.85,HISTORICAL_ROM_CAPACITY_PROXY,PROXY_NOT_SAME_PERIOD_PLAN,SYNTHETIC_DAILY_CALIBRATED_TO_PUBLIC_ANNUAL_REFERENCE,167.8,19.667,1,6.85,4.48,25.86,15.37,44.48,44.75,45.15,SYNTHETIC_DEMO_CORRELATED_WITH_RAINFALL_REPLACE_WITH_NASA_SMAP_OR_ISRO_BHUVAN
PROD-0002401,2009-10-27,Dongri Buzurg,Maharashtra,Bhandara,21.546128,79.686722,971.66,805.83,0.0,0,0.0,HISTORICAL_ROM_CAPACITY_PROXY,PROXY_NOT_SAME_PERIOD_PLAN,SYNTHETIC_DAILY_CALIBRATED_TO_PUBLIC_ANNUAL_REFERENCE,165.83,17.067,1,6.85,4.48,20.39,15.29,43.51,43.59,44.59,SYNTHETIC_DEMO_CORRELATED_WITH_RAINFALL_REPLACE_WITH_NASA_SMAP_OR_ISRO_BHUVAN
PROD-0002402,2009-10-28,Dongri Buzurg,Maharashtra,Bhandara,21.546128,79.686722,897.3,704.18,0.81,81,0.0,HISTORICAL_ROM_CAPACITY_PROXY,PROXY_NOT_SAME_PERIOD_PLAN,SYNTHETIC_DAILY_CALIBRATED_TO_PUBLIC_ANNUAL_REFERENCE,193.12,21.522,1,6.85,0.91,20.39,16.1,40.24,42.74,44.12,SYNTHETIC_DEMO_CORRELATED_WITH_RAINFALL_REPLACE_WITH_NASA_SMAP_OR_ISRO_BHUVAN
PROD-0002403,2009-10-29,Dongri Buzurg,Maharashtra,Bhandara,21.546128,79.686722,996.55,825.93,2.84,21,0.0,HISTORICAL_ROM_CAPACITY_PROXY,PROXY_NOT_SAME_PERIOD_PLAN,SYNTHETIC_DAILY_CALIBRATED_TO_PUBLIC_ANNUAL_REFERENCE,170.62,17.121,1,0.0,3.65,20.39,9.51,36.41,40.05,43.5,SYNTHETIC_DEMO_CORRELATED_WITH_RAINFALL_REPLACE_WITH_NASA_SMAP_OR_ISRO_BHUVAN
PROD-0002404,2009-10-30,Dongri Buzurg,Maharashtra,Bhandara,21.546128,79.686722,952.38,789.42,0.0,0,0.0,HISTORICAL_ROM_CAPACITY_PROXY,PROXY_NOT_SAME_PERIOD_PLAN,SYNTHETIC_DAILY_CALIBRATED_TO_PUBLIC_ANNUAL_REFERENCE,162.96,17.111,1,0.0,3.65,6.85,8.13,36.03,37.56,41.49,SYNTHETIC_DEMO_CORRELATED_WITH_RAINFALL_REPLACE_WITH_NASA_SMAP_OR_ISRO_BHUVAN
PROD-0002405,2009-10-31,Dongri Buzurg,Maharashtra,Bhandara,21.546128,79.686722,1042.51,843.79,0.93,25,9.56,HISTORICAL_ROM_CAPACITY_PROXY,PROXY_NOT_SAME_PERIOD_PLAN,SYNTHETIC_DAILY_CALIBRATED_TO_PUBLIC_ANNUAL_REFERENCE,198.72,19.062,1,9.56,3.77,16.41,9.06,42.54,38.33,40.85,SYNTHETIC_DEMO_CORRELATED_WITH_RAINFALL_REPLACE_WITH_NASA_SMAP_OR_ISRO_BHUVAN
PROD-0002406,2009-11-01,Dongri Buzurg,Maharashtra,Bhandara,21.546128,79.686722,901.44,734.95,2.14,0,28.68,HISTORICAL_ROM_CAPACITY_PROXY,PROXY_NOT_SAME_PERIOD_PLAN,SYNTHETIC_DAILY_CALIBRATED_TO_PUBLIC_ANNUAL_REFERENCE,166.49,18.469,1,38.24,3.07,45.09,6.82,60.0,46.19,43.32,SYNTHETIC_DEMO_CORRELATED_WITH_RAINFALL_REPLACE_WITH_NASA_SMAP_OR_ISRO_BHUVAN
PROD-0002407,2009-11-02,Dongri Buzurg,Maharashtra,Bhandara,21.546128,79.686722,910.0,681.96,6.56,0,0.0,HISTORICAL_ROM_CAPACITY_PROXY,PROXY_NOT_SAME_PERIOD_PLAN,SYNTHETIC_DAILY_CALIBRATED_TO_PUBLIC_ANNUAL_REFERENCE,228.04,25.059,1,38.24,9.63,38.24,13.28,57.12,53.22,45.12,SYNTHETIC_DEMO_CORRELATED_WITH_RAINFALL_REPLACE_WITH_NASA_SMAP_OR_ISRO_BHUVAN
PROD-0002408,2009-11-03,Dongri Buzurg,Maharashtra,Bhandara,21.546128,79.686722,1047.23,830.56,1.16,0,0.0,HISTORICAL_ROM_CAPACITY_PROXY,PROXY_NOT_SAME_PERIOD_PLAN,SYNTHETIC_DAILY_CALIBRATED_TO_PUBLIC_ANNUAL_REFERENCE,216.67,20.69,1,28.68,9.86,38.24,14.44,53.31,56.81,46.52,SYNTHETIC_DEMO_CORRELATED_WITH_RAINFALL_REPLACE_WITH_NASA_SMAP_OR_ISRO_BHUVAN
PROD-0002409,2009-11-04,Dongri Buzurg,Maharashtra,Bhandara,21.546128,79.686722,1032.87,874.53,0.0,0,0.0,HISTORICAL_ROM_CAPACITY_PROXY,PROXY_NOT_SAME_PERIOD_PLAN,SYNTHETIC_DAILY_CALIBRATED_TO_PUBLIC_ANNUAL_REFERENCE,158.34,15.33,1,0.0,7.72,38.24,13.63,51.35,53.93,48.11,SYNTHETIC_DEMO_CORRELATED_WITH_RAINFALL_REPLACE_WITH_NASA_SMAP_OR_ISRO_BHUVAN
PROD-0002410,2009-11-05,Dongri Buzurg,Maharashtra,Bhandara,21.546128,79.686722,899.66,724.25,3.99,0,0.0,HISTORICAL_ROM_CAPACITY_PROXY,PROXY_NOT_SAME_PERIOD_PLAN,SYNTHETIC_DAILY_CALIBRATED_TO_PUBLIC_ANNUAL_REFERENCE,175.41,19.497,1,0.0,5.15,38.24,14.78,49.07,51.24,49.92,SYNTHETIC_DEMO_CORRELATED_WITH_RAINFALL_REPLACE_WITH_NASA_SMAP_OR_ISRO_BHUVAN
PROD-0002411,2009-11-06,Dongri Buzurg,Maharashtra,Bhandara,21.546128,79.686722,1031.74,810.83,1.36,0,0.0,HISTORICAL_ROM_CAPACITY_PROXY,PROXY_NOT_SAME_PERIOD_PLAN,SYNTHETIC_DAILY_CALIBRATED_TO_PUBLIC_ANNUAL_REFERENCE,220.91,21.411,1,0.0,5.35,38.24,16.14,46.16,48.86,51.36,SYNTHETIC_DEMO_CORRELATED_WITH_RAINFALL_REPLACE_WITH_NASA_SMAP_OR_ISRO_BHUVAN
PROD-0002412,2009-11-07,Dongri Buzurg,Maharashtra,Bhandara,21.546128,79.686722,1087.44,860.49,0.92,0,0.0,HISTORICAL_ROM_CAPACITY_PROXY,PROXY_NOT_SAME_PERIOD_PLAN,SYNTHETIC_DAILY_CALIBRATED_TO_PUBLIC_ANNUAL_REFERENCE,226.95,20.87,1,0.0,6.27,28.68,16.13,43.52,46.25,51.5,SYNTHETIC_DEMO_CORRELATED_WITH_RAINFALL_REPLACE_WITH_NASA_SMAP_OR_ISRO_BHUVAN
PROD-0002413,2009-11-08,Dongri Buzurg,Maharashtra,Bhandara,21.546128,79.686722,1019.04,816.93,2.68,0,0.0,HISTORICAL_ROM_CAPACITY_PROXY,PROXY_NOT_SAME_PERIOD_PLAN,SYNTHETIC_DAILY_CALIBRATED_TO_PUBLIC_ANNUAL_REFERENCE,202.11,19.833,1,0.0,4.96,0.0,16.67,41.38,43.69,48.84,SYNTHETIC_DEMO_CORRELATED_WITH_RAINFALL_REPLACE_WITH_NASA_SMAP_OR_ISRO_BHUVAN
PROD-0002414,2009-11-09,Dongri Buzurg,Maharashtra,Bhandara,21.546128,79.686722,908.8,743.87,2.69,0,10.38,HISTORICAL_ROM_CAPACITY_PROXY,PROXY_NOT_SAME_PERIOD_PLAN,SYNTHETIC_DAILY_CALIBRATED_TO_PUBLIC_ANNUAL_REFERENCE,164.93,18.148,1,10.38,6.29,10.38,12.8,48.64,44.51,47.63,SYNTHETIC_DEMO_CORRELATED_WITH_RAINFALL_REPLACE_WITH_NASA_SMAP_OR_ISRO_BHUVAN
PROD-0002415,2009-11-10,Dongri Buzurg,Maharashtra,Bhandara,21.546128,79.686722,813.37,683.24,0.0,0,0.0,HISTORICAL_ROM_CAPACITY_PROXY,PROXY_NOT_SAME_PERIOD_PLAN,SYNTHETIC_DAILY_CALIBRATED_TO_PUBLIC_ANNUAL_REFERENCE,130.13,15.999,1,10.38,5.37,10.38,11.64,45.44,45.15,46.51,SYNTHETIC_DEMO_CORRELATED_WITH_RAINFALL_REPLACE_WITH_NASA_SMAP_OR_ISRO_BHUVAN
PROD-0002416,2009-11-11,Dongri Buzurg,Maharashtra,Bhandara,21.546128,79.686722,904.21,732.32,1.72,0,0.0,HISTORICAL_ROM_CAPACITY_PROXY,PROXY_NOT_SAME_PERIOD_PLAN,SYNTHETIC_DAILY_CALIBRATED_TO_PUBLIC_ANNUAL_REFERENCE,171.89,19.01,1,10.38,4.41,10.38,13.36,41.99,45.36,45.17,SYNTHETIC_DEMO_CORRELATED_WITH_RAINFALL_REPLACE_WITH_NASA_SMAP_OR_ISRO_BHUVAN
PROD-0002417,2009-11-12,Dongri Buzurg,Maharashtra,Bhandara,21.546128,79.686722,956.35,755.52,1.36,0,16.69,HISTORICAL_ROM_CAPACITY_PROXY,PROXY_NOT_SAME_PERIOD_PLAN,SYNTHETIC_DAILY_CALIBRATED_TO_PUBLIC_ANNUAL_REFERENCE,200.83,21.0,1,16.69,3.08,27.07,10.73,53.88,47.1,45.86,SYNTHETIC_DEMO_CORRELATED_WITH_RAINFALL_REPLACE_WITH_NASA_SMAP_OR_ISRO_BHUVAN
PROD-0002418,2009-11-13,Dongri Buzurg,Maharashtra,Bhandara,21.546128,79.686722,946.51,791.77,0.0,0,0.0,HISTORICAL_ROM_CAPACITY_PROXY,PROXY_NOT_SAME_PERIOD_PLAN,SYNTHETIC_DAILY_CALIBRATED_TO_PUBLIC_ANNUAL_REFERENCE,154.74,16.348,1,16.69,3.08,27.07,9.37,50.66,48.84,46.5,SYNTHETIC_DEMO_CORRELATED_WITH_RAINFALL_REPLACE_WITH_NASA_SMAP_OR_ISRO_BHUVAN
PROD-0002419,2009-11-14,Dongri Buzurg,Maharashtra,Bhandara,21.546128,79.686722,1063.31,888.62,0.0,0,0.0,HISTORICAL_ROM_CAPACITY_PROXY,PROXY_NOT_SAME_PERIOD_PLAN,SYNTHETIC_DAILY_CALIBRATED_TO_PUBLIC_ANNUAL_REFERENCE,174.69,16.429,1,16.69,1.36,27.07,8.45,45.11,49.88,46.73,SYNTHETIC_DEMO_CORRELATED_WITH_RAINFALL_REPLACE_WITH_NASA_SMAP_OR_ISRO_BHUVAN
PROD-0002420,2009-11-15,Dongri Buzurg,Maharashtra,Bhandara,21.546128,79.686722,993.75,798.34,1.37,0,0.0,HISTORICAL_ROM_CAPACITY_PROXY,PROXY_NOT_SAME_PERIOD_PLAN,SYNTHETIC_DAILY_CALIBRATED_TO_PUBLIC_ANNUAL_REFERENCE,195.41,19.664,1,0.0,1.37,27.07,7.14,43.79,46.52,47.07,SYNTHETIC_DEMO_CORRELATED_WITH_RAINFALL_REPLACE_WITH_NASA_SMAP_OR_ISRO_BHUVAN
PROD-0002421,2009-11-16,Dongri Buzurg,Maharashtra,Bhandara,21.546128,79.686722,1029.89,797.91,3.62,0,10.25,HISTORICAL_ROM_CAPACITY_PROXY,PROXY_NOT_SAME_PERIOD_PLAN,SYNTHETIC_DAILY_CALIBRATED_TO_PUBLIC_ANNUAL_REFERENCE,231.98,22.525,1,10.25,4.99,26.94,8.07,48.74,45.88,47.09,SYNTHETIC_DEMO_CORRELATED_WITH_RAINFALL_REPLACE_WITH_NASA_SMAP_OR_ISRO_BHUVAN
PROD-0002422,2009-11-17,Dongri Buzurg,Maharashtra,Bhandara,21.546128,79.686722,1084.31,904.57,0.0,0,0.0,HISTORICAL_ROM_CAPACITY_PROXY,PROXY_NOT_SAME_PERIOD_PLAN,SYNTHETIC_DAILY_CALIBRATED_TO_PUBLIC_ANNUAL_REFERENCE,179.74,16.576,1,10.25,4.99,26.94,8.07,44.27,45.6,46.92,SYNTHETIC_DEMO_CORRELATED_WITH_RAINFALL_REPLACE_WITH_NASA_SMAP_OR_ISRO_BHUVAN
PROD-0002423,2009-11-18,Dongri Buzurg,Maharashtra,Bhandara,21.546128,79.686722,934.84,738.02,4.55,0,18.49,HISTORICAL_ROM_CAPACITY_PROXY,PROXY_NOT_SAME_PERIOD_PLAN,SYNTHETIC_DAILY_CALIBRATED_TO_PUBLIC_ANNUAL_REFERENCE,196.82,21.054,1,28.74,8.17,45.43,10.9,57.0,50.0,49.06,SYNTHETIC_DEMO_CORRELATED_WITH_RAINFALL_REPLACE_WITH_NASA_SMAP_OR_ISRO_BHUVAN
PROD-0002424,2009-11-19,Dongri Buzurg,Maharashtra,Bhandara,21.546128,79.686722,885.13,717.0,2.38,0,0.0,HISTORICAL_ROM_CAPACITY_PROXY,PROXY_NOT_SAME_PERIOD_PLAN,SYNTHETIC_DAILY_CALIBRATED_TO_PUBLIC_ANNUAL_REFERENCE,168.13,18.995,1,18.49,6.93,28.74,11.92,55.21,52.16,49.25,SYNTHETIC_DEMO_CORRELATED_WITH_RAINFALL_REPLACE_WITH_NASA_SMAP_OR_ISRO_BHUVAN
PROD-0002425,2009-11-20,Dongri Buzurg,Maharashtra,Bhandara,21.546128,79.686722,968.86,801.54,0.0,0,0.0,HISTORICAL_ROM_CAPACITY_PROXY,PROXY_NOT_SAME_PERIOD_PLAN,SYNTHETIC_DAILY_CALIBRATED_TO_PUBLIC_ANNUAL_REFERENCE,167.32,17.27,1,18.49,6.93,28.74,11.92,53.17,55.13,49.61,SYNTHETIC_DEMO_CORRELATED_WITH_RAINFALL_REPLACE_WITH_NASA_SMAP_OR_ISRO_BHUVAN
PROD-0002426,2009-11-21,Dongri Buzurg,Maharashtra,Bhandara,21.546128,79.686722,938.89,745.64,3.63,25,0.0,HISTORICAL_ROM_CAPACITY_PROXY,PROXY_NOT_SAME_PERIOD_PLAN,SYNTHETIC_DAILY_CALIBRATED_TO_PUBLIC_ANNUAL_REFERENCE,193.25,20.583,1,0.0,6.01,28.74,15.55,49.09,52.49,50.18,SYNTHETIC_DEMO_CORRELATED_WITH_RAINFALL_REPLACE_WITH_NASA_SMAP_OR_ISRO_BHUVAN
PROD-0002427,2009-11-22,Dongri Buzurg,Maharashtra,Bhandara,21.546128,79.686722,975.39,754.25,2.5,0,0.0,HISTORICAL_ROM_CAPACITY_PROXY,PROXY_NOT_SAME_PERIOD_PLAN,SYNTHETIC_DAILY_CALIBRATED_TO_PUBLIC_ANNUAL_REFERENCE,221.14,22.672,1,0.0,6.13,28.74,16.68,46.27,49.51,50.54,SYNTHETIC_DEMO_CORRELATED_WITH_RAINFALL_REPLACE_WITH_NASA_SMAP_OR_ISRO_BHUVAN
PROD-0002428,2009-11-23,Dongri Buzurg,Maharashtra,Bhandara,21.546128,79.686722,880.51,702.89,3.24,0,12.37,HISTORICAL_ROM_CAPACITY_PROXY,PROXY_NOT_SAME_PERIOD_PLAN,SYNTHETIC_DAILY_CALIBRATED_TO_PUBLIC_ANNUAL_REFERENCE,177.62,20.172,1,12.37,9.37,30.86,16.3,53.04,49.47,51.15,SYNTHETIC_DEMO_CORRELATED_WITH_RAINFALL_REPLACE_WITH_NASA_SMAP_OR_ISRO_BHUVAN
PROD-0002429,2009-11-24,Dongri Buzurg,Maharashtra,Bhandara,21.546128,79.686722,1015.89,822.91,0.0,0,0.0,HISTORICAL_ROM_CAPACITY_PROXY,PROXY_NOT_SAME_PERIOD_PLAN,SYNTHETIC_DAILY_CALIBRATED_TO_PUBLIC_ANNUAL_REFERENCE,192.98,18.996,1,12.37,5.74,30.86,16.3,51.29,50.2,52.15,SYNTHETIC_DEMO_CORRELATED_WITH_RAINFALL_REPLACE_WITH_NASA_SMAP_OR_ISRO_BHUVAN
PROD-0002430,2009-11-25,Dongri Buzurg,Maharashtra,Bhandara,21.546128,79.686722,903.6,687.71,7.55,0,16.01,HISTORICAL_ROM_CAPACITY_PROXY,PROXY_NOT_SAME_PERIOD_PLAN,SYNTHETIC_DAILY_CALIBRATED_TO_PUBLIC_ANNUAL_REFERENCE,215.89,23.892,1,28.38,10.79,28.38,19.3,60.0,54.78,52.58,SYNTHETIC_DEMO_CORRELATED_WITH_RAINFALL_REPLACE_WITH_NASA_SMAP_OR_ISRO_BHUVAN
PROD-0002431,2009-11-26,Dongri Buzurg,Maharashtra,Bhandara,21.546128,79.686722,1012.51,820.39,0.0,0,0.0,HISTORICAL_ROM_CAPACITY_PROXY,PROXY_NOT_SAME_PERIOD_PLAN,SYNTHETIC_DAILY_CALIBRATED_TO_PUBLIC_ANNUAL_REFERENCE,192.12,18.975,1,16.01,7.55,28.38,16.92,56.41,55.9,52.75,SYNTHETIC_DEMO_CORRELATED_WITH_RAINFALL_REPLACE_WITH_NASA_SMAP_OR_ISRO_BHUVAN
PROD-0002432,2009-11-27,Dongri Buzurg,Maharashtra,Bhandara,21.546128,79.686722,928.85,755.94,0.73,0,0.0,HISTORICAL_ROM_CAPACITY_PROXY,PROXY_NOT_SAME_PERIOD_PLAN,SYNTHETIC_DAILY_CALIBRATED_TO_PUBLIC_ANNUAL_REFERENCE,172.91,18.615,1,16.01,8.28,28.38,17.65,54.87,57.09,53.0,SYNTHETIC_DEMO_CORRELATED_WITH_RAINFALL_REPLACE_WITH_NASA_SMAP_OR_ISRO_BHUVAN
PROD-0002433,2009-11-28,Dongri Buzurg,Maharashtra,Bhandara,21.546128,79.686722,941.37,703.54,2.66,0,0.0,HISTORICAL_ROM_CAPACITY_PROXY,PROXY_NOT_SAME_PERIOD_PLAN,SYNTHETIC_DAILY_CALIBRATED_TO_PUBLIC_ANNUAL_REFERENCE,237.83,25.264,1,0.0,3.39,28.38,16.68,51.02,54.1,53.27,SYNTHETIC_DEMO_CORRELATED_WITH_RAINFALL_REPLACE_WITH_NASA_SMAP_OR_ISRO_BHUVAN
PROD-0002434,2009-11-29,Dongri Buzurg,Maharashtra,Bhandara,21.546128,79.686722,927.13,777.7,0.0,0,0.0,HISTORICAL_ROM_CAPACITY_PROXY,PROXY_NOT_SAME_PERIOD_PLAN,SYNTHETIC_DAILY_CALIBRATED_TO_PUBLIC_ANNUAL_REFERENCE,149.43,16.117,1,0.0,3.39,28.38,14.18,47.92,51.27,53.51,SYNTHETIC_DEMO_CORRELATED_WITH_RAINFALL_REPLACE_WITH_NASA_SMAP_OR_ISRO_BHUVAN
PROD-0002435,2009-11-30,Dongri Buzurg,Maharashtra,Bhandara,21.546128,79.686722,993.43,810.51,0.0,22,0.0,HISTORICAL_ROM_CAPACITY_PROXY,PROXY_NOT_SAME_PERIOD_PLAN,SYNTHETIC_DAILY_CALIBRATED_TO_PUBLIC_ANNUAL_REFERENCE,182.92,18.413,1,0.0,2.66,16.01,10.94,43.21,47.38,52.1,SYNTHETIC_DEMO_CORRELATED_WITH_RAINFALL_REPLACE_WITH_NASA_SMAP_OR_ISRO_BHUVAN
PROD-0002436,2009-12-01,Dongri Buzurg,Maharashtra,Bhandara,21.546128,79.686722,1043.43,841.0,0.14,0,9.0,HISTORICAL_ROM_CAPACITY_PROXY,PROXY_NOT_SAME_PERIOD_PLAN,SYNTHETIC_DAILY_CALIBRATED_TO_PUBLIC_ANNUAL_REFERENCE,202.43,19.4,1,9.0,0.14,25.01,11.08,48.19,46.44,51.66,SYNTHETIC_DEMO_CORRELATED_WITH_RAINFALL_REPLACE_WITH_NASA_SMAP_OR_ISRO_BHUVAN
PROD-0002437,2009-12-02,Dongri Buzurg,Maharashtra,Bhandara,21.546128,79.686722,1000.77,817.97,0.0,0,0.0,HISTORICAL_ROM_CAPACITY_PROXY,PROXY_NOT_SAME_PERIOD_PLAN,SYNTHETIC_DAILY_CALIBRATED_TO_PUBLIC_ANNUAL_REFERENCE,182.8,18.266,1,9.0,0.14,9.0,3.53,47.41,46.27,49.86,SYNTHETIC_DEMO_CORRELATED_WITH_RAINFALL_REPLACE_WITH_NASA_SMAP_OR_ISRO_BHUVAN
PROD-0002438,2009-12-03,Dongri Buzurg,Maharashtra,Bhandara,21.546128,79.686722,1003.09,842.17,0.67,0,0.0,HISTORICAL_ROM_CAPACITY_PROXY,PROXY_NOT_SAME_PERIOD_PLAN,SYNTHETIC_DAILY_CALIBRATED_TO_PUBLIC_ANNUAL_REFERENCE,160.92,16.042,1,9.0,0.81,9.0,4.2,46.02,47.21,48.38,SYNTHETIC_DEMO_CORRELATED_WITH_RAINFALL_REPLACE_WITH_NASA_SMAP_OR_ISRO_BHUVAN
PROD-0002439,2009-12-04,Dongri Buzurg,Maharashtra,Bhandara,21.546128,79.686722,1006.03,835.73,0.65,0,0.0,HISTORICAL_ROM_CAPACITY_PROXY,PROXY_NOT_SAME_PERIOD_PLAN,SYNTHETIC_DAILY_CALIBRATED_TO_PUBLIC_ANNUAL_REFERENCE,170.3,16.928,1,0.0,1.32,9.0,4.12,44.53,45.99,46.9,SYNTHETIC_DEMO_CORRELATED_WITH_RAINFALL_REPLACE_WITH_NASA_SMAP_OR_ISRO_BHUVAN
PROD-0002440,2009-12-05,Dongri Buzurg,Maharashtra,Bhandara,21.546128,79.686722,964.93,764.16,2.35,67,0.0,HISTORICAL_ROM_CAPACITY_PROXY,PROXY_NOT_SAME_PERIOD_PLAN,SYNTHETIC_DAILY_CALIBRATED_TO_PUBLIC_ANNUAL_REFERENCE,200.77,20.807,1,0.0,3.67,9.0,3.81,42.7,44.42,45.71,SYNTHETIC_DEMO_CORRELATED_WITH_RAINFALL_REPLACE_WITH_NASA_SMAP_OR_ISRO_BHUVAN
PROD-0002441,2009-12-06,Dongri Buzurg,Maharashtra,Bhandara,21.546128,79.686722,918.42,725.87,1.16,0,0.0,HISTORICAL_ROM_CAPACITY_PROXY,PROXY_NOT_SAME_PERIOD_PLAN,SYNTHETIC_DAILY_CALIBRATED_TO_PUBLIC_ANNUAL_REFERENCE,192.55,20.965,1,0.0,4.16,9.0,4.97,39.37,42.2,44.49,SYNTHETIC_DEMO_CORRELATED_WITH_RAINFALL_REPLACE_WITH_NASA_SMAP_OR_ISRO_BHUVAN
PROD-0002442,2009-12-07,Dongri Buzurg,Maharashtra,Bhandara,21.546128,79.686722,976.56,835.4,1.43,0,0.0,HISTORICAL_ROM_CAPACITY_PROXY,PROXY_NOT_SAME_PERIOD_PLAN,SYNTHETIC_DAILY_CALIBRATED_TO_PUBLIC_ANNUAL_REFERENCE,141.16,14.455,1,0.0,4.94,9.0,6.4,36.86,39.64,43.58,SYNTHETIC_DEMO_CORRELATED_WITH_RAINFALL_REPLACE_WITH_NASA_SMAP_OR_ISRO_BHUVAN
PROD-0002443,2009-12-08,Dongri Buzurg,Maharashtra,Bhandara,21.546128,79.686722,861.99,685.07,2.76,0,0.0,HISTORICAL_ROM_CAPACITY_PROXY,PROXY_NOT_SAME_PERIOD_PLAN,SYNTHETIC_DAILY_CALIBRATED_TO_PUBLIC_ANNUAL_REFERENCE,176.92,20.525,1,0.0,5.35,0.0,9.02,34.98,37.07,41.7,SYNTHETIC_DEMO_CORRELATED_WITH_RAINFALL_REPLACE_WITH_NASA_SMAP_OR_ISRO_BHUVAN
PROD-0002444,2009-12-09,Dongri Buzurg,Maharashtra,Bhandara,21.546128,79.686722,973.92,785.08,0.72,0,0.0,HISTORICAL_ROM_CAPACITY_PROXY,PROXY_NOT_SAME_PERIOD_PLAN,SYNTHETIC_DAILY_CALIBRATED_TO_PUBLIC_ANNUAL_REFERENCE,188.84,19.39,1,0.0,4.91,0.0,9.74,31.59,34.48,39.44,SYNTHETIC_DEMO_CORRELATED_WITH_RAINFALL_REPLACE_WITH_NASA_SMAP_OR_ISRO_BHUVAN
PROD-0002445,2009-12-10,Dongri Buzurg,Maharashtra,Bhandara,21.546128,79.686722,772.72,645.8,0.0,0,0.0,HISTORICAL_ROM_CAPACITY_PROXY,PROXY_NOT_SAME_PERIOD_PLAN,SYNTHETIC_DAILY_CALIBRATED_TO_PUBLIC_ANNUAL_REFERENCE,126.92,16.425,1,0.0,3.48,0.0,9.07,32.35,32.97,37.48,SYNTHETIC_DEMO_CORRELATED_WITH_RAINFALL_REPLACE_WITH_NASA_SMAP_OR_ISRO_BHUVAN
PROD-0002446,2009-12-11,Dongri Buzurg,Maharashtra,Bhandara,21.546128,79.686722,991.99,805.29,4.15,0,0.0,HISTORICAL_ROM_CAPACITY_PROXY,PROXY_NOT_SAME_PERIOD_PLAN,SYNTHETIC_DAILY_CALIBRATED_TO_PUBLIC_ANNUAL_REFERENCE,186.7,18.821,1,0.0,4.87,0.0,12.57,30.48,31.47,35.48,SYNTHETIC_DEMO_CORRELATED_WITH_RAINFALL_REPLACE_WITH_NASA_SMAP_OR_ISRO_BHUVAN
PROD-0002447,2009-12-12,Dongri Buzurg,Maharashtra,Bhandara,21.546128,79.686722,986.4,762.0,1.3,83,0.0,HISTORICAL_ROM_CAPACITY_PROXY,PROXY_NOT_SAME_PERIOD_PLAN,SYNTHETIC_DAILY_CALIBRATED_TO_PUBLIC_ANNUAL_REFERENCE,224.4,22.749,1,0.0,5.45,0.0,11.52,29.3,30.71,33.56,SYNTHETIC_DEMO_CORRELATED_WITH_RAINFALL_REPLACE_WITH_NASA_SMAP_OR_ISRO_BHUVAN
PROD-0002448,2009-12-13,Dongri Buzurg,Maharashtra,Bhandara,21.546128,79.686722,887.65,703.82,3.34,0,0.0,HISTORICAL_ROM_CAPACITY_PROXY,PROXY_NOT_SAME_PERIOD_PLAN,SYNTHETIC_DAILY_CALIBRATED_TO_PUBLIC_ANNUAL_REFERENCE,183.83,20.71,1,0.0,8.79,0.0,13.7,26.56,28.78,31.73,SYNTHETIC_DEMO_CORRELATED_WITH_RAINFALL_REPLACE_WITH_NASA_SMAP_OR_ISRO_BHUVAN
PROD-0002449,2009-12-14,Dongri Buzurg,Maharashtra,Bhandara,21.546128,79.686722,955.45,827.76,0.0,0,0.0,HISTORICAL_ROM_CAPACITY_PROXY,PROXY_NOT_SAME_PERIOD_PLAN,SYNTHETIC_DAILY_CALIBRATED_TO_PUBLIC_ANNUAL_REFERENCE,127.69,13.364,1,0.0,4.64,0.0,12.27,24.19,26.68,29.92,SYNTHETIC_DEMO_CORRELATED_WITH_RAINFALL_REPLACE_WITH_NASA_SMAP_OR_ISRO_BHUVAN
PROD-0002450,2009-12-15,Dongri Buzurg,Maharashtra,Bhandara,21.546128,79.686722,989.84,789.59,0.02,0,1.64,HISTORICAL_ROM_CAPACITY_PROXY,PROXY_NOT_SAME_PERIOD_PLAN,SYNTHETIC_DAILY_CALIBRATED_TO_PUBLIC_ANNUAL_REFERENCE,200.25,20.231,1,1.64,3.36,1.64,9.53,22.87,24.54,28.19,SYNTHETIC_DEMO_CORRELATED_WITH_RAINFALL_REPLACE_WITH_NASA_SMAP_OR_ISRO_BHUVAN
PROD-0002451,2009-12-16,Dongri Buzurg,Maharashtra,Bhandara,21.546128,79.686722,853.58,724.19,0.0,0,0.0,HISTORICAL_ROM_CAPACITY_PROXY,PROXY_NOT_SAME_PERIOD_PLAN,SYNTHETIC_DAILY_CALIBRATED_TO_PUBLIC_ANNUAL_REFERENCE,129.39,15.159,1,1.64,0.02,1.64,8.81,22.51,23.19,26.89,SYNTHETIC_DEMO_CORRELATED_WITH_RAINFALL_REPLACE_WITH_NASA_SMAP_OR_ISRO_BHUVAN
PROD-0002452,2009-12-17,Dongri Buzurg,Maharashtra,Bhandara,21.546128,79.686722,878.13,721.68,1.75,0,0.0,HISTORICAL_ROM_CAPACITY_PROXY,PROXY_NOT_SAME_PERIOD_PLAN,SYNTHETIC_DAILY_CALIBRATED_TO_PUBLIC_ANNUAL_REFERENCE,156.45,17.816,1,1.64,1.77,1.64,10.56,20.15,21.84,25.15,SYNTHETIC_DEMO_CORRELATED_WITH_RAINFALL_REPLACE_WITH_NASA_SMAP_OR_ISRO_BHUVAN
PROD-0002453,2009-12-18,Dongri Buzurg,Maharashtra,Bhandara,21.546128,79.686722,1016.77,787.09,3.27,0,0.0,HISTORICAL_ROM_CAPACITY_PROXY,PROXY_NOT_SAME_PERIOD_PLAN,SYNTHETIC_DAILY_CALIBRATED_TO_PUBLIC_ANNUAL_REFERENCE,229.68,22.589,1,0.0,5.02,1.64,9.68,18.47,20.38,23.44,SYNTHETIC_DEMO_CORRELATED_WITH_RAINFALL_REPLACE_WITH_NASA_SMAP_OR_ISRO_BHUVAN
PROD-0002454,2009-12-19,Dongri Buzurg,Maharashtra,Bhandara,21.546128,79.686722,916.73,733.31,2.07,0,0.0,HISTORICAL_ROM_CAPACITY_PROXY,PROXY_NOT_SAME_PERIOD_PLAN,SYNTHETIC_DAILY_CALIBRATED_TO_PUBLIC_ANNUAL_REFERENCE,183.42,20.008,1,0.0,7.09,1.64,10.45,17.92,18.85,21.81,SYNTHETIC_DEMO_CORRELATED_WITH_RAINFALL_REPLACE_WITH_NASA_SMAP_OR_ISRO_BHUVAN
PROD-0002455,2009-12-20,Dongri Buzurg,Maharashtra,Bhandara,21.546128,79.686722,1046.69,847.87,0.31,0,1.48,HISTORICAL_ROM_CAPACITY_PROXY,PROXY_NOT_SAME_PERIOD_PLAN,SYNTHETIC_DAILY_CALIBRATED_TO_PUBLIC_ANNUAL_REFERENCE,198.82,18.995,1,1.48,5.65,3.12,7.42,19.46,18.62,20.8,SYNTHETIC_DEMO_CORRELATED_WITH_RAINFALL_REPLACE_WITH_NASA_SMAP_OR_ISRO_BHUVAN
PROD-0002456,2009-12-21,Dongri Buzurg,Maharashtra,Bhandara,21.546128,79.686722,996.23,794.17,2.72,0,0.0,HISTORICAL_ROM_CAPACITY_PROXY,PROXY_NOT_SAME_PERIOD_PLAN,SYNTHETIC_DAILY_CALIBRATED_TO_PUBLIC_ANNUAL_REFERENCE,202.06,20.282,1,1.48,5.1,3.12,10.14,18.35,18.58,19.96,SYNTHETIC_DEMO_CORRELATED_WITH_RAINFALL_REPLACE_WITH_NASA_SMAP_OR_ISRO_BHUVAN
PROD-0002457,2009-12-22,Dongri Buzurg,Maharashtra,Bhandara,21.546128,79.686722,903.84,762.32,0.0,0,0.0,HISTORICAL_ROM_CAPACITY_PROXY,PROXY_NOT_SAME_PERIOD_PLAN,SYNTHETIC_DAILY_CALIBRATED_TO_PUBLIC_ANNUAL_REFERENCE,141.52,15.658,1,1.48,3.03,1.48,10.12,18.93,18.91,19.4,SYNTHETIC_DEMO_CORRELATED_WITH_RAINFALL_REPLACE_WITH_NASA_SMAP_OR_ISRO_BHUVAN
PROD-0002458,2009-12-23,Dongri Buzurg,Maharashtra,Bhandara,21.546128,79.686722,1054.53,849.64,0.0,0,0.0,HISTORICAL_ROM_CAPACITY_PROXY,PROXY_NOT_SAME_PERIOD_PLAN,SYNTHETIC_DAILY_CALIBRATED_TO_PUBLIC_ANNUAL_REFERENCE,204.89,19.43,1,0.0,2.72,1.48,10.12,16.58,17.95,18.55,SYNTHETIC_DEMO_CORRELATED_WITH_RAINFALL_REPLACE_WITH_NASA_SMAP_OR_ISRO_BHUVAN
PROD-0002459,2009-12-24,Dongri Buzurg,Maharashtra,Bhandara,21.546128,79.686722,941.46,703.44,6.37,0,0.0,HISTORICAL_ROM_CAPACITY_PROXY,PROXY_NOT_SAME_PERIOD_PLAN,SYNTHETIC_DAILY_CALIBRATED_TO_PUBLIC_ANNUAL_REFERENCE,238.02,25.282,1,0.0,6.37,1.48,14.74,15.51,17.01,17.89,SYNTHETIC_DEMO_CORRELATED_WITH_RAINFALL_REPLACE_WITH_NASA_SMAP_OR_ISRO_BHUVAN
PROD-0002460,2009-12-25,Dongri Buzurg,Maharashtra,Bhandara,21.546128,79.686722,1016.43,841.78,0.0,0,0.0,HISTORICAL_ROM_CAPACITY_PROXY,PROXY_NOT_SAME_PERIOD_PLAN,SYNTHETIC_DAILY_CALIBRATED_TO_PUBLIC_ANNUAL_REFERENCE,174.65,17.183,1,0.0,6.37,1.48,11.47,15.07,15.72,17.4,SYNTHETIC_DEMO_CORRELATED_WITH_RAINFALL_REPLACE_WITH_NASA_SMAP_OR_ISRO_BHUVAN
PROD-0002461,2009-12-26,Dongri Buzurg,Maharashtra,Bhandara,21.546128,79.686722,946.56,783.81,2.75,0,3.2,HISTORICAL_ROM_CAPACITY_PROXY,PROXY_NOT_SAME_PERIOD_PLAN,SYNTHETIC_DAILY_CALIBRATED_TO_PUBLIC_ANNUAL_REFERENCE,162.75,17.194,1,3.2,9.12,4.68,12.15,17.0,15.86,17.27,SYNTHETIC_DEMO_CORRELATED_WITH_RAINFALL_REPLACE_WITH_NASA_SMAP_OR_ISRO_BHUVAN
PROD-0002462,2009-12-27,Dongri Buzurg,Maharashtra,Bhandara,21.546128,79.686722,895.27,710.06,0.96,0,0.0,HISTORICAL_ROM_CAPACITY_PROXY,PROXY_NOT_SAME_PERIOD_PLAN,SYNTHETIC_DAILY_CALIBRATED_TO_PUBLIC_ANNUAL_REFERENCE,185.21,20.688,1,3.2,3.71,3.2,12.8,17.29,16.45,16.96,SYNTHETIC_DEMO_CORRELATED_WITH_RAINFALL_REPLACE_WITH_NASA_SMAP_OR_ISRO_BHUVAN
PROD-0002463,2009-12-28,Dongri Buzurg,Maharashtra,Bhandara,21.546128,79.686722,884.13,705.56,1.78,0,0.0,HISTORICAL_ROM_CAPACITY_PROXY,PROXY_NOT_SAME_PERIOD_PLAN,SYNTHETIC_DAILY_CALIBRATED_TO_PUBLIC_ANNUAL_REFERENCE,178.57,20.197,1,3.2,5.49,3.2,11.86,18.36,17.55,16.96,SYNTHETIC_DEMO_CORRELATED_WITH_RAINFALL_REPLACE_WITH_NASA_SMAP_OR_ISRO_BHUVAN
PROD-0002464,2009-12-29,Dongri Buzurg,Maharashtra,Bhandara,21.546128,79.686722,926.42,741.17,2.4,0,0.0,HISTORICAL_ROM_CAPACITY_PROXY,PROXY_NOT_SAME_PERIOD_PLAN,SYNTHETIC_DAILY_CALIBRATED_TO_PUBLIC_ANNUAL_REFERENCE,185.25,19.996,1,0.0,5.14,3.2,14.26,16.92,17.52,16.68,SYNTHETIC_DEMO_CORRELATED_WITH_RAINFALL_REPLACE_WITH_NASA_SMAP_OR_ISRO_BHUVAN
PROD-0002465,2009-12-30,Dongri Buzurg,Maharashtra,Bhandara,21.546128,79.686722,941.22,778.07,0.26,0,0.0,HISTORICAL_ROM_CAPACITY_PROXY,PROXY_NOT_SAME_PERIOD_PLAN,SYNTHETIC_DAILY_CALIBRATED_TO_PUBLIC_ANNUAL_REFERENCE,163.15,17.334,1,0.0,4.44,3.2,14.52,17.16,17.48,16.76,SYNTHETIC_DEMO_CORRELATED_WITH_RAINFALL_REPLACE_WITH_NASA_SMAP_OR_ISRO_BHUVAN
PROD-0002466,2009-12-31,Dongri Buzurg,Maharashtra,Bhandara,21.546128,79.686722,1026.42,814.95,0.0,0,0.0,HISTORICAL_ROM_CAPACITY_PROXY,PROXY_NOT_SAME_PERIOD_PLAN,SYNTHETIC_DAILY_CALIBRATED_TO_PUBLIC_ANNUAL_REFERENCE,211.47,20.603,1,0.0,2.66,3.2,8.15,16.56,16.88,16.91,SYNTHETIC_DEMO_CORRELATED_WITH_RAINFALL_REPLACE_WITH_NASA_SMAP_OR_ISRO_BHUVAN
PROD-0002467,2010-01-01,Dongri Buzurg,Maharashtra,Bhandara,21.546128,79.686722,1062.57,882.11,0.0,0,0.0,HISTORICAL_ROM_CAPACITY_PROXY,PROXY_NOT_SAME_PERIOD_PLAN,SYNTHETIC_DAILY_CALIBRATED_TO_PUBLIC_ANNUAL_REFERENCE,180.46,16.983,1,0.0,0.26,3.2,8.15,17.45,17.06,17.25,SYNTHETIC_DEMO_CORRELATED_WITH_RAINFALL_REPLACE_WITH_NASA_SMAP_OR_ISRO_BHUVAN
PROD-0002468,2010-01-02,Dongri Buzurg,Maharashtra,Bhandara,21.546128,79.686722,838.09,668.85,0.0,0,0.0,HISTORICAL_ROM_CAPACITY_PROXY,PROXY_NOT_SAME_PERIOD_PLAN,SYNTHETIC_DAILY_CALIBRATED_TO_PUBLIC_ANNUAL_REFERENCE,169.24,20.194,1,0.0,0.0,0.0,5.4,18.51,17.51,17.46,SYNTHETIC_DEMO_CORRELATED_WITH_RAINFALL_REPLACE_WITH_NASA_SMAP_OR_ISRO_BHUVAN
PROD-0002469,2010-01-03,Dongri Buzurg,Maharashtra,Bhandara,21.546128,79.686722,888.19,756.15,0.0,0,0.0,HISTORICAL_ROM_CAPACITY_PROXY,PROXY_NOT_SAME_PERIOD_PLAN,SYNTHETIC_DAILY_CALIBRATED_TO_PUBLIC_ANNUAL_REFERENCE,132.04,14.866,1,0.0,0.0,0.0,4.44,17.81,17.92,17.54,SYNTHETIC_DEMO_CORRELATED_WITH_RAINFALL_REPLACE_WITH_NASA_SMAP_OR_ISRO_BHUVAN
PROD-0002470,2010-01-04,Dongri Buzurg,Maharashtra,Bhandara,21.546128,79.686722,932.34,762.51,0.92,0,0.0,HISTORICAL_ROM_CAPACITY_PROXY,PROXY_NOT_SAME_PERIOD_PLAN,SYNTHETIC_DAILY_CALIBRATED_TO_PUBLIC_ANNUAL_REFERENCE,169.83,18.215,1,0.0,0.92,0.0,3.58,17.03,17.78,17.35,SYNTHETIC_DEMO_CORRELATED_WITH_RAINFALL_REPLACE_WITH_NASA_SMAP_OR_ISRO_BHUVAN
PROD-0002471,2010-01-05,Dongri Buzurg,Maharashtra,Bhandara,21.546128,79.686722,1046.15,838.21,0.53,0,0.0,HISTORICAL_ROM_CAPACITY_PROXY,PROXY_NOT_SAME_PERIOD_PLAN,SYNTHETIC_DAILY_CALIBRATED_TO_PUBLIC_ANNUAL_REFERENCE,207.94,19.877,1,0.0,1.45,0.0,1.71,17.83,17.56,17.48,SYNTHETIC_DEMO_CORRELATED_WITH_RAINFALL_REPLACE_WITH_NASA_SMAP_OR_ISRO_BHUVAN
PROD-0002472,2010-01-06,Dongri Buzurg,Maharashtra,Bhandara,21.546128,79.686722,956.64,730.96,5.96,0,8.1,HISTORICAL_ROM_CAPACITY_PROXY,PROXY_NOT_SAME_PERIOD_PLAN,SYNTHETIC_DAILY_CALIBRATED_TO_PUBLIC_ANNUAL_REFERENCE,225.68,23.591,1,8.1,7.41,8.1,7.41,25.29,20.05,18.64,SYNTHETIC_DEMO_CORRELATED_WITH_RAINFALL_REPLACE_WITH_NASA_SMAP_OR_ISRO_BHUVAN
PROD-0002473,2010-01-07,Dongri Buzurg,Maharashtra,Bhandara,21.546128,79.686722,1030.6,877.22,0.0,0,0.0,HISTORICAL_ROM_CAPACITY_PROXY,PROXY_NOT_SAME_PERIOD_PLAN,SYNTHETIC_DAILY_CALIBRATED_TO_PUBLIC_ANNUAL_REFERENCE,153.38,14.883,1,8.1,6.49,8.1,7.41,24.05,22.39,19.71,SYNTHETIC_DEMO_CORRELATED_WITH_RAINFALL_REPLACE_WITH_NASA_SMAP_OR_ISRO_BHUVAN
PROD-0002474,2010-01-08,Dongri Buzurg,Maharashtra,Bhandara,21.546128,79.686722,916.94,705.5,4.92,0,0.0,HISTORICAL_ROM_CAPACITY_PROXY,PROXY_NOT_SAME_PERIOD_PLAN,SYNTHETIC_DAILY_CALIBRATED_TO_PUBLIC_ANNUAL_REFERENCE,211.44,23.059,1,8.1,10.88,8.1,12.33,22.78,24.04,20.47,SYNTHETIC_DEMO_CORRELATED_WITH_RAINFALL_REPLACE_WITH_NASA_SMAP_OR_ISRO_BHUVAN
PROD-0002475,2010-01-09,Dongri Buzurg,Maharashtra,Bhandara,21.546128,79.686722,884.76,718.84,2.71,0,2.06,HISTORICAL_ROM_CAPACITY_PROXY,PROXY_NOT_SAME_PERIOD_PLAN,SYNTHETIC_DAILY_CALIBRATED_TO_PUBLIC_ANNUAL_REFERENCE,165.92,18.753,1,2.06,7.63,10.16,15.04,23.77,23.53,21.22,SYNTHETIC_DEMO_CORRELATED_WITH_RAINFALL_REPLACE_WITH_NASA_SMAP_OR_ISRO_BHUVAN
PROD-0002476,2010-01-10,Dongri Buzurg,Maharashtra,Bhandara,21.546128,79.686722,972.69,805.7,0.0,0,0.0,HISTORICAL_ROM_CAPACITY_PROXY,PROXY_NOT_SAME_PERIOD_PLAN,SYNTHETIC_DAILY_CALIBRATED_TO_PUBLIC_ANNUAL_REFERENCE,166.99,17.168,1,2.06,7.63,10.16,15.04,22.01,22.85,21.82,SYNTHETIC_DEMO_CORRELATED_WITH_RAINFALL_REPLACE_WITH_NASA_SMAP_OR_ISRO_BHUVAN
PROD-0002477,2010-01-11,Dongri Buzurg,Maharashtra,Bhandara,21.546128,79.686722,969.4,795.22,0.01,0,0.88,HISTORICAL_ROM_CAPACITY_PROXY,PROXY_NOT_SAME_PERIOD_PLAN,SYNTHETIC_DAILY_CALIBRATED_TO_PUBLIC_ANNUAL_REFERENCE,174.18,17.968,1,2.94,2.72,11.04,14.13,19.96,21.91,22.24,SYNTHETIC_DEMO_CORRELATED_WITH_RAINFALL_REPLACE_WITH_NASA_SMAP_OR_ISRO_BHUVAN
PROD-0002478,2010-01-12,Dongri Buzurg,Maharashtra,Bhandara,21.546128,79.686722,857.06,713.7,0.66,0,0.0,HISTORICAL_ROM_CAPACITY_PROXY,PROXY_NOT_SAME_PERIOD_PLAN,SYNTHETIC_DAILY_CALIBRATED_TO_PUBLIC_ANNUAL_REFERENCE,143.36,16.727,1,0.88,0.67,11.04,14.26,17.61,19.86,22.21,SYNTHETIC_DEMO_CORRELATED_WITH_RAINFALL_REPLACE_WITH_NASA_SMAP_OR_ISRO_BHUVAN
PROD-0002479,2010-01-13,Dongri Buzurg,Maharashtra,Bhandara,21.546128,79.686722,945.53,769.89,0.02,0,1.07,HISTORICAL_ROM_CAPACITY_PROXY,PROXY_NOT_SAME_PERIOD_PLAN,SYNTHETIC_DAILY_CALIBRATED_TO_PUBLIC_ANNUAL_REFERENCE,175.64,18.576,1,1.95,0.69,4.01,8.32,16.46,18.01,20.95,SYNTHETIC_DEMO_CORRELATED_WITH_RAINFALL_REPLACE_WITH_NASA_SMAP_OR_ISRO_BHUVAN
PROD-0002480,2010-01-14,Dongri Buzurg,Maharashtra,Bhandara,21.546128,79.686722,939.9,788.28,0.77,0,0.0,HISTORICAL_ROM_CAPACITY_PROXY,PROXY_NOT_SAME_PERIOD_PLAN,SYNTHETIC_DAILY_CALIBRATED_TO_PUBLIC_ANNUAL_REFERENCE,151.62,16.132,1,1.07,1.45,4.01,9.09,15.12,16.4,19.67,SYNTHETIC_DEMO_CORRELATED_WITH_RAINFALL_REPLACE_WITH_NASA_SMAP_OR_ISRO_BHUVAN
PROD-0002481,2010-01-15,Dongri Buzurg,Maharashtra,Bhandara,21.546128,79.686722,924.56,766.34,0.0,0,0.0,HISTORICAL_ROM_CAPACITY_PROXY,PROXY_NOT_SAME_PERIOD_PLAN,SYNTHETIC_DAILY_CALIBRATED_TO_PUBLIC_ANNUAL_REFERENCE,158.22,17.113,1,1.07,0.79,4.01,4.17,13.82,15.13,18.39,SYNTHETIC_DEMO_CORRELATED_WITH_RAINFALL_REPLACE_WITH_NASA_SMAP_OR_ISRO_BHUVAN
PROD-0002482,2010-01-16,Dongri Buzurg,Maharashtra,Bhandara,21.546128,79.686722,1068.7,854.55,1.73,0,0.0,HISTORICAL_ROM_CAPACITY_PROXY,PROXY_NOT_SAME_PERIOD_PLAN,SYNTHETIC_DAILY_CALIBRATED_TO_PUBLIC_ANNUAL_REFERENCE,214.15,20.038,1,0.0,2.5,1.95,3.19,16.43,15.12,17.34,SYNTHETIC_DEMO_CORRELATED_WITH_RAINFALL_REPLACE_WITH_NASA_SMAP_OR_ISRO_BHUVAN
PROD-0002483,2010-01-17,Dongri Buzurg,Maharashtra,Bhandara,21.546128,79.686722,963.26,767.7,3.43,0,0.0,HISTORICAL_ROM_CAPACITY_PROXY,PROXY_NOT_SAME_PERIOD_PLAN,SYNTHETIC_DAILY_CALIBRATED_TO_PUBLIC_ANNUAL_REFERENCE,195.56,20.302,1,0.0,5.16,1.95,6.62,16.09,15.45,16.5,SYNTHETIC_DEMO_CORRELATED_WITH_RAINFALL_REPLACE_WITH_NASA_SMAP_OR_ISRO_BHUVAN
PROD-0002484,2010-01-18,Dongri Buzurg,Maharashtra,Bhandara,21.546128,79.686722,923.41,695.77,5.08,0,0.0,HISTORICAL_ROM_CAPACITY_PROXY,PROXY_NOT_SAME_PERIOD_PLAN,SYNTHETIC_DAILY_CALIBRATED_TO_PUBLIC_ANNUAL_REFERENCE,227.64,24.652,1,0.0,10.24,1.07,11.69,15.79,16.1,15.9,SYNTHETIC_DEMO_CORRELATED_WITH_RAINFALL_REPLACE_WITH_NASA_SMAP_OR_ISRO_BHUVAN
PROD-0002485,2010-01-19,Dongri Buzurg,Maharashtra,Bhandara,21.546128,79.686722,958.65,776.93,2.35,0,0.0,HISTORICAL_ROM_CAPACITY_PROXY,PROXY_NOT_SAME_PERIOD_PLAN,SYNTHETIC_DAILY_CALIBRATED_TO_PUBLIC_ANNUAL_REFERENCE,181.72,18.956,1,0.0,10.86,1.07,13.38,13.18,15.02,15.27,SYNTHETIC_DEMO_CORRELATED_WITH_RAINFALL_REPLACE_WITH_NASA_SMAP_OR_ISRO_BHUVAN
PROD-0002486,2010-01-20,Dongri Buzurg,Maharashtra,Bhandara,21.546128,79.686722,985.68,777.61,0.13,0,8.84,HISTORICAL_ROM_CAPACITY_PROXY,PROXY_NOT_SAME_PERIOD_PLAN,SYNTHETIC_DAILY_CALIBRATED_TO_PUBLIC_ANNUAL_REFERENCE,208.07,21.109,1,8.84,7.56,8.84,13.49,19.65,16.21,15.73,SYNTHETIC_DEMO_CORRELATED_WITH_RAINFALL_REPLACE_WITH_NASA_SMAP_OR_ISRO_BHUVAN
PROD-0002487,2010-01-21,Dongri Buzurg,Maharashtra,Bhandara,21.546128,79.686722,951.63,747.85,0.0,0,0.0,HISTORICAL_ROM_CAPACITY_PROXY,PROXY_NOT_SAME_PERIOD_PLAN,SYNTHETIC_DAILY_CALIBRATED_TO_PUBLIC_ANNUAL_REFERENCE,203.78,21.414,1,8.84,2.48,8.84,12.72,19.74,17.52,16.39,SYNTHETIC_DEMO_CORRELATED_WITH_RAINFALL_REPLACE_WITH_NASA_SMAP_OR_ISRO_BHUVAN
PROD-0002488,2010-01-22,Dongri Buzurg,Maharashtra,Bhandara,21.546128,79.686722,930.58,760.11,0.89,18,0.0,HISTORICAL_ROM_CAPACITY_PROXY,PROXY_NOT_SAME_PERIOD_PLAN,SYNTHETIC_DAILY_CALIBRATED_TO_PUBLIC_ANNUAL_REFERENCE,170.47,18.319,1,8.84,1.02,8.84,13.61,16.44,18.61,16.76,SYNTHETIC_DEMO_CORRELATED_WITH_RAINFALL_REPLACE_WITH_NASA_SMAP_OR_ISRO_BHUVAN
PROD-0002489,2010-01-23,Dongri Buzurg,Maharashtra,Bhandara,21.546128,79.686722,906.58,714.98,3.91,0,0.0,HISTORICAL_ROM_CAPACITY_PROXY,PROXY_NOT_SAME_PERIOD_PLAN,SYNTHETIC_DAILY_CALIBRATED_TO_PUBLIC_ANNUAL_REFERENCE,191.6,21.134,1,0.0,4.8,8.84,15.79,17.79,17.99,16.95,SYNTHETIC_DEMO_CORRELATED_WITH_RAINFALL_REPLACE_WITH_NASA_SMAP_OR_ISRO_BHUVAN
PROD-0002490,2010-01-24,Dongri Buzurg,Maharashtra,Bhandara,21.546128,79.686722,1019.75,823.62,0.48,0,0.0,HISTORICAL_ROM_CAPACITY_PROXY,PROXY_NOT_SAME_PERIOD_PLAN,SYNTHETIC_DAILY_CALIBRATED_TO_PUBLIC_ANNUAL_REFERENCE,196.13,19.233,1,0.0,5.28,8.84,12.84,18.81,17.68,17.34,SYNTHETIC_DEMO_CORRELATED_WITH_RAINFALL_REPLACE_WITH_NASA_SMAP_OR_ISRO_BHUVAN
PROD-0002491,2010-01-25,Dongri Buzurg,Maharashtra,Bhandara,21.546128,79.686722,977.79,789.51,1.0,25,10.63,HISTORICAL_ROM_CAPACITY_PROXY,PROXY_NOT_SAME_PERIOD_PLAN,SYNTHETIC_DAILY_CALIBRATED_TO_PUBLIC_ANNUAL_REFERENCE,188.28,19.256,1,10.63,5.39,19.47,8.76,27.71,21.44,19.05,SYNTHETIC_DEMO_CORRELATED_WITH_RAINFALL_REPLACE_WITH_NASA_SMAP_OR_ISRO_BHUVAN
PROD-0002492,2010-01-26,Dongri Buzurg,Maharashtra,Bhandara,21.546128,79.686722,937.45,779.57,1.99,0,0.0,HISTORICAL_ROM_CAPACITY_PROXY,PROXY_NOT_SAME_PERIOD_PLAN,SYNTHETIC_DAILY_CALIBRATED_TO_PUBLIC_ANNUAL_REFERENCE,157.88,16.841,1,10.63,3.47,19.47,8.4,25.62,24.05,20.82,SYNTHETIC_DEMO_CORRELATED_WITH_RAINFALL_REPLACE_WITH_NASA_SMAP_OR_ISRO_BHUVAN
PROD-0002493,2010-01-27,Dongri Buzurg,Maharashtra,Bhandara,21.546128,79.686722,1087.56,868.07,0.0,0,0.0,HISTORICAL_ROM_CAPACITY_PROXY,PROXY_NOT_SAME_PERIOD_PLAN,SYNTHETIC_DAILY_CALIBRATED_TO_PUBLIC_ANNUAL_REFERENCE,219.49,20.182,1,10.63,2.99,10.63,8.27,23.86,25.73,21.42,SYNTHETIC_DEMO_CORRELATED_WITH_RAINFALL_REPLACE_WITH_NASA_SMAP_OR_ISRO_BHUVAN
PROD-0002494,2010-01-28,Dongri Buzurg,Maharashtra,Bhandara,21.546128,79.686722,996.8,764.29,3.96,0,0.0,HISTORICAL_ROM_CAPACITY_PROXY,PROXY_NOT_SAME_PERIOD_PLAN,SYNTHETIC_DAILY_CALIBRATED_TO_PUBLIC_ANNUAL_REFERENCE,232.51,23.326,1,0.0,5.95,10.63,12.23,22.45,23.98,21.81,SYNTHETIC_DEMO_CORRELATED_WITH_RAINFALL_REPLACE_WITH_NASA_SMAP_OR_ISRO_BHUVAN
PROD-0002495,2010-01-29,Dongri Buzurg,Maharashtra,Bhandara,21.546128,79.686722,915.9,708.38,4.02,0,0.0,HISTORICAL_ROM_CAPACITY_PROXY,PROXY_NOT_SAME_PERIOD_PLAN,SYNTHETIC_DAILY_CALIBRATED_TO_PUBLIC_ANNUAL_REFERENCE,207.52,22.657,1,0.0,7.98,10.63,15.36,22.8,23.04,22.72,SYNTHETIC_DEMO_CORRELATED_WITH_RAINFALL_REPLACE_WITH_NASA_SMAP_OR_ISRO_BHUVAN
PROD-0002496,2010-01-30,Dongri Buzurg,Maharashtra,Bhandara,21.546128,79.686722,1002.45,820.47,0.52,0,0.0,HISTORICAL_ROM_CAPACITY_PROXY,PROXY_NOT_SAME_PERIOD_PLAN,SYNTHETIC_DAILY_CALIBRATED_TO_PUBLIC_ANNUAL_REFERENCE,181.98,18.154,1,0.0,8.5,10.63,11.97,21.67,22.31,23.27,SYNTHETIC_DEMO_CORRELATED_WITH_RAINFALL_REPLACE_WITH_NASA_SMAP_OR_ISRO_BHUVAN
PROD-0002497,2010-01-31,Dongri Buzurg,Maharashtra,Bhandara,21.546128,79.686722,997.42,855.77,0.0,40,0.0,HISTORICAL_ROM_CAPACITY_PROXY,PROXY_NOT_SAME_PERIOD_PLAN,SYNTHETIC_DAILY_CALIBRATED_TO_PUBLIC_ANNUAL_REFERENCE,141.65,14.202,1,0.0,4.54,10.63,11.49,18.88,21.12,23.28,SYNTHETIC_DEMO_CORRELATED_WITH_RAINFALL_REPLACE_WITH_NASA_SMAP_OR_ISRO_BHUVAN
PROD-0002498,2010-02-01,Dongri Buzurg,Maharashtra,Bhandara,21.546128,79.686722,966.59,860.08,0.0,0,0.0,HISTORICAL_ROM_CAPACITY_PROXY,PROXY_NOT_SAME_PERIOD_PLAN,SYNTHETIC_DAILY_CALIBRATED_TO_PUBLIC_ANNUAL_REFERENCE,106.51,11.019,1,0.0,0.52,0.0,10.49,18.79,19.78,22.01,SYNTHETIC_DEMO_CORRELATED_WITH_RAINFALL_REPLACE_WITH_NASA_SMAP_OR_ISRO_BHUVAN
PROD-0002499,2010-02-02,Dongri Buzurg,Maharashtra,Bhandara,21.546128,79.686722,929.01,759.23,2.59,0,0.0,HISTORICAL_ROM_CAPACITY_PROXY,PROXY_NOT_SAME_PERIOD_PLAN,SYNTHETIC_DAILY_CALIBRATED_TO_PUBLIC_ANNUAL_REFERENCE,169.78,18.275,1,0.0,2.59,0.0,11.09,18.72,18.8,21.02,SYNTHETIC_DEMO_CORRELATED_WITH_RAINFALL_REPLACE_WITH_NASA_SMAP_OR_ISRO_BHUVAN
PROD-0002500,2010-02-03,Dongri Buzurg,Maharashtra,Bhandara,21.546128,79.686722,980.13,787.1,2.1,0,0.0,HISTORICAL_ROM_CAPACITY_PROXY,PROXY_NOT_SAME_PERIOD_PLAN,SYNTHETIC_DAILY_CALIBRATED_TO_PUBLIC_ANNUAL_REFERENCE,193.03,19.694,1,0.0,4.69,0.0,13.19,17.03,18.18,20.05,SYNTHETIC_DEMO_CORRELATED_WITH_RAINFALL_REPLACE_WITH_NASA_SMAP_OR_ISRO_BHUVAN
PROD-0002501,2010-02-04,Dongri Buzurg,Maharashtra,Bhandara,21.546128,79.686722,1011.3,806.6,1.77,0,3.13,HISTORICAL_ROM_CAPACITY_PROXY,PROXY_NOT_SAME_PERIOD_PLAN,SYNTHETIC_DAILY_CALIBRATED_TO_PUBLIC_ANNUAL_REFERENCE,204.7,20.241,1,3.13,6.46,3.13,11.0,18.65,18.13,19.51,SYNTHETIC_DEMO_CORRELATED_WITH_RAINFALL_REPLACE_WITH_NASA_SMAP_OR_ISRO_BHUVAN
PROD-0002502,2010-02-05,Dongri Buzurg,Maharashtra,Bhandara,21.546128,79.686722,927.16,753.18,1.36,0,0.0,HISTORICAL_ROM_CAPACITY_PROXY,PROXY_NOT_SAME_PERIOD_PLAN,SYNTHETIC_DAILY_CALIBRATED_TO_PUBLIC_ANNUAL_REFERENCE,173.98,18.765,1,3.13,5.23,3.13,8.34,19.05,18.24,18.97,SYNTHETIC_DEMO_CORRELATED_WITH_RAINFALL_REPLACE_WITH_NASA_SMAP_OR_ISRO_BHUVAN
PROD-0002503,2010-02-06,Dongri Buzurg,Maharashtra,Bhandara,21.546128,79.686722,962.3,822.55,0.55,0,0.0,HISTORICAL_ROM_CAPACITY_PROXY,PROXY_NOT_SAME_PERIOD_PLAN,SYNTHETIC_DAILY_CALIBRATED_TO_PUBLIC_ANNUAL_REFERENCE,139.75,14.522,1,3.13,3.68,3.13,8.37,18.35,18.68,18.5,SYNTHETIC_DEMO_CORRELATED_WITH_RAINFALL_REPLACE_WITH_NASA_SMAP_OR_ISRO_BHUVAN
PROD-0002504,2010-02-07,Dongri Buzurg,Maharashtra,Bhandara,21.546128,79.686722,952.15,796.59,0.0,0,0.0,HISTORICAL_ROM_CAPACITY_PROXY,PROXY_NOT_SAME_PERIOD_PLAN,SYNTHETIC_DAILY_CALIBRATED_TO_PUBLIC_ANNUAL_REFERENCE,155.56,16.338,1,0.0,1.91,3.13,8.37,17.36,18.25,18.28,SYNTHETIC_DEMO_CORRELATED_WITH_RAINFALL_REPLACE_WITH_NASA_SMAP_OR_ISRO_BHUVAN
PROD-0002505,2010-02-08,Dongri Buzurg,Maharashtra,Bhandara,21.546128,79.686722,891.03,714.84,4.52,0,0.0,HISTORICAL_ROM_CAPACITY_PROXY,PROXY_NOT_SAME_PERIOD_PLAN,SYNTHETIC_DAILY_CALIBRATED_TO_PUBLIC_ANNUAL_REFERENCE,176.19,19.774,1,0.0,5.07,3.13,12.89,17.05,17.59,18.03,SYNTHETIC_DEMO_CORRELATED_WITH_RAINFALL_REPLACE_WITH_NASA_SMAP_OR_ISRO_BHUVAN
PROD-0002506,2010-02-09,Dongri Buzurg,Maharashtra,Bhandara,21.546128,79.686722,927.26,761.1,1.22,0,0.0,HISTORICAL_ROM_CAPACITY_PROXY,PROXY_NOT_SAME_PERIOD_PLAN,SYNTHETIC_DAILY_CALIBRATED_TO_PUBLIC_ANNUAL_REFERENCE,166.16,17.919,1,0.0,5.74,3.13,11.52,18.63,17.68,18.02,SYNTHETIC_DEMO_CORRELATED_WITH_RAINFALL_REPLACE_WITH_NASA_SMAP_OR_ISRO_BHUVAN
PROD-0002507,2010-02-10,Dongri Buzurg,Maharashtra,Bhandara,21.546128,79.686722,1036.67,792.07,3.98,0,0.0,HISTORICAL_ROM_CAPACITY_PROXY,PROXY_NOT_SAME_PERIOD_PLAN,SYNTHETIC_DAILY_CALIBRATED_TO_PUBLIC_ANNUAL_REFERENCE,244.6,23.595,1,0.0,9.72,3.13,13.4,16.83,17.5,17.99,SYNTHETIC_DEMO_CORRELATED_WITH_RAINFALL_REPLACE_WITH_NASA_SMAP_OR_ISRO_BHUVAN
PROD-0002508,2010-02-11,Dongri Buzurg,Maharashtra,Bhandara,21.546128,79.686722,1101.44,889.54,1.73,0,0.0,HISTORICAL_ROM_CAPACITY_PROXY,PROXY_NOT_SAME_PERIOD_PLAN,SYNTHETIC_DAILY_CALIBRATED_TO_PUBLIC_ANNUAL_REFERENCE,211.9,19.238,1,0.0,6.93,0.0,13.36,15.74,17.07,17.57,SYNTHETIC_DEMO_CORRELATED_WITH_RAINFALL_REPLACE_WITH_NASA_SMAP_OR_ISRO_BHUVAN
PROD-0002509,2010-02-12,Dongri Buzurg,Maharashtra,Bhandara,21.546128,79.686722,979.38,762.7,3.83,0,0.0,HISTORICAL_ROM_CAPACITY_PROXY,PROXY_NOT_SAME_PERIOD_PLAN,SYNTHETIC_DAILY_CALIBRATED_TO_PUBLIC_ANNUAL_REFERENCE,216.68,22.124,1,0.0,9.54,0.0,15.83,12.96,15.18,16.7,SYNTHETIC_DEMO_CORRELATED_WITH_RAINFALL_REPLACE_WITH_NASA_SMAP_OR_ISRO_BHUVAN
PROD-0002510,2010-02-13,Dongri Buzurg,Maharashtra,Bhandara,21.546128,79.686722,998.53,825.2,0.21,0,0.0,HISTORICAL_ROM_CAPACITY_PROXY,PROXY_NOT_SAME_PERIOD_PLAN,SYNTHETIC_DAILY_CALIBRATED_TO_PUBLIC_ANNUAL_REFERENCE,173.33,17.359,1,0.0,5.77,0.0,15.49,12.22,13.64,15.83,SYNTHETIC_DEMO_CORRELATED_WITH_RAINFALL_REPLACE_WITH_NASA_SMAP_OR_ISRO_BHUVAN
PROD-0002511,2010-02-14,Dongri Buzurg,Maharashtra,Bhandara,21.546128,79.686722,920.67,743.67,2.67,0,0.0,HISTORICAL_ROM_CAPACITY_PROXY,PROXY_NOT_SAME_PERIOD_PLAN,SYNTHETIC_DAILY_CALIBRATED_TO_PUBLIC_ANNUAL_REFERENCE,177.0,19.225,1,0.0,6.71,0.0,18.16,11.15,12.11,14.94,SYNTHETIC_DEMO_CORRELATED_WITH_RAINFALL_REPLACE_WITH_NASA_SMAP_OR_ISRO_BHUVAN
PROD-0002512,2010-02-15,Dongri Buzurg,Maharashtra,Bhandara,21.546128,79.686722,1012.12,792.77,0.59,0,2.57,HISTORICAL_ROM_CAPACITY_PROXY,PROXY_NOT_SAME_PERIOD_PLAN,SYNTHETIC_DAILY_CALIBRATED_TO_PUBLIC_ANNUAL_REFERENCE,219.35,21.672,1,2.57,3.47,2.57,14.23,13.72,12.36,14.46,SYNTHETIC_DEMO_CORRELATED_WITH_RAINFALL_REPLACE_WITH_NASA_SMAP_OR_ISRO_BHUVAN
PROD-0002513,2010-02-16,Dongri Buzurg,Maharashtra,Bhandara,21.546128,79.686722,885.85,732.87,0.0,0,0.0,HISTORICAL_ROM_CAPACITY_PROXY,PROXY_NOT_SAME_PERIOD_PLAN,SYNTHETIC_DAILY_CALIBRATED_TO_PUBLIC_ANNUAL_REFERENCE,152.98,17.269,1,2.57,3.26,2.57,13.01,11.31,12.06,13.42,SYNTHETIC_DEMO_CORRELATED_WITH_RAINFALL_REPLACE_WITH_NASA_SMAP_OR_ISRO_BHUVAN
PROD-0002514,2010-02-17,Dongri Buzurg,Maharashtra,Bhandara,21.546128,79.686722,961.71,762.62,2.62,0,0.0,HISTORICAL_ROM_CAPACITY_PROXY,PROXY_NOT_SAME_PERIOD_PLAN,SYNTHETIC_DAILY_CALIBRATED_TO_PUBLIC_ANNUAL_REFERENCE,199.09,20.702,1,2.57,3.21,2.57,11.65,11.2,12.08,12.61,SYNTHETIC_DEMO_CORRELATED_WITH_RAINFALL_REPLACE_WITH_NASA_SMAP_OR_ISRO_BHUVAN
PROD-0002515,2010-02-18,Dongri Buzurg,Maharashtra,Bhandara,21.546128,79.686722,974.07,796.72,2.52,0,0.0,HISTORICAL_ROM_CAPACITY_PROXY,PROXY_NOT_SAME_PERIOD_PLAN,SYNTHETIC_DAILY_CALIBRATED_TO_PUBLIC_ANNUAL_REFERENCE,177.35,18.207,1,0.0,5.14,2.57,12.44,11.68,11.4,12.03,SYNTHETIC_DEMO_CORRELATED_WITH_RAINFALL_REPLACE_WITH_NASA_SMAP_OR_ISRO_BHUVAN
PROD-0002516,2010-02-19,Dongri Buzurg,Maharashtra,Bhandara,21.546128,79.686722,1026.84,807.29,2.59,0,0.0,HISTORICAL_ROM_CAPACITY_PROXY,PROXY_NOT_SAME_PERIOD_PLAN,SYNTHETIC_DAILY_CALIBRATED_TO_PUBLIC_ANNUAL_REFERENCE,219.55,21.381,1,0.0,7.73,2.57,11.2,11.97,11.62,11.89,SYNTHETIC_DEMO_CORRELATED_WITH_RAINFALL_REPLACE_WITH_NASA_SMAP_OR_ISRO_BHUVAN
PROD-0002517,2010-02-20,Dongri Buzurg,Maharashtra,Bhandara,21.546128,79.686722,1005.88,856.99,1.11,0,0.0,HISTORICAL_ROM_CAPACITY_PROXY,PROXY_NOT_SAME_PERIOD_PLAN,SYNTHETIC_DAILY_CALIBRATED_TO_PUBLIC_ANNUAL_REFERENCE,148.89,14.802,1,0.0,6.22,2.57,12.1,11.26,11.64,11.76,SYNTHETIC_DEMO_CORRELATED_WITH_RAINFALL_REPLACE_WITH_NASA_SMAP_OR_ISRO_BHUVAN
PROD-0002518,2010-02-21,Dongri Buzurg,Maharashtra,Bhandara,21.546128,79.686722,1020.26,855.86,0.0,0,0.0,HISTORICAL_ROM_CAPACITY_PROXY,PROXY_NOT_SAME_PERIOD_PLAN,SYNTHETIC_DAILY_CALIBRATED_TO_PUBLIC_ANNUAL_REFERENCE,164.4,16.114,1,0.0,3.7,2.57,9.43,8.74,10.66,11.41,SYNTHETIC_DEMO_CORRELATED_WITH_RAINFALL_REPLACE_WITH_NASA_SMAP_OR_ISRO_BHUVAN
PROD-0002519,2010-02-22,Dongri Buzurg,Maharashtra,Bhandara,21.546128,79.686722,944.35,772.47,0.0,0,0.0,HISTORICAL_ROM_CAPACITY_PROXY,PROXY_NOT_SAME_PERIOD_PLAN,SYNTHETIC_DAILY_CALIBRATED_TO_PUBLIC_ANNUAL_REFERENCE,171.88,18.201,1,0.0,1.11,0.0,8.84,6.53,8.84,10.38,SYNTHETIC_DEMO_CORRELATED_WITH_RAINFALL_REPLACE_WITH_NASA_SMAP_OR_ISRO_BHUVAN
PROD-0002520,2010-02-23,Dongri Buzurg,Maharashtra,Bhandara,21.546128,79.686722,955.17,784.01,3.12,0,0.0,HISTORICAL_ROM_CAPACITY_PROXY,PROXY_NOT_SAME_PERIOD_PLAN,SYNTHETIC_DAILY_CALIBRATED_TO_PUBLIC_ANNUAL_REFERENCE,171.16,17.919,1,0.0,3.12,0.0,11.96,6.21,7.16,9.66,SYNTHETIC_DEMO_CORRELATED_WITH_RAINFALL_REPLACE_WITH_NASA_SMAP_OR_ISRO_BHUVAN
PROD-0002521,2010-02-24,Dongri Buzurg,Maharashtra,Bhandara,21.546128,79.686722,1043.24,841.2,0.62,0,0.0,HISTORICAL_ROM_CAPACITY_PROXY,PROXY_NOT_SAME_PERIOD_PLAN,SYNTHETIC_DAILY_CALIBRATED_TO_PUBLIC_ANNUAL_REFERENCE,202.04,19.367,1,0.0,3.74,0.0,9.96,4.97,5.9,8.77,SYNTHETIC_DEMO_CORRELATED_WITH_RAINFALL_REPLACE_WITH_NASA_SMAP_OR_ISRO_BHUVAN
PROD-0002522,2010-02-25,Dongri Buzurg,Maharashtra,Bhandara,21.546128,79.686722,834.86,652.88,3.76,0,0.0,HISTORICAL_ROM_CAPACITY_PROXY,PROXY_NOT_SAME_PERIOD_PLAN,SYNTHETIC_DAILY_CALIBRATED_TO_PUBLIC_ANNUAL_REFERENCE,181.98,21.798,1,0.0,7.5,0.0,11.2,4.22,5.13,7.7,SYNTHETIC_DEMO_CORRELATED_WITH_RAINFALL_REPLACE_WITH_NASA_SMAP_OR_ISRO_BHUVAN
PROD-0002523,2010-02-26,Dongri Buzurg,Maharashtra,Bhandara,21.546128,79.686722,918.7,750.61,1.55,0,0.0,HISTORICAL_ROM_CAPACITY_PROXY,PROXY_NOT_SAME_PERIOD_PLAN,SYNTHETIC_DAILY_CALIBRATED_TO_PUBLIC_ANNUAL_REFERENCE,168.09,18.297,1,0.0,5.93,0.0,10.16,5.68,4.96,6.8,SYNTHETIC_DEMO_CORRELATED_WITH_RAINFALL_REPLACE_WITH_NASA_SMAP_OR_ISRO_BHUVAN
PROD-0002524,2010-02-27,Dongri Buzurg,Maharashtra,Bhandara,21.546128,79.686722,885.67,710.77,0.0,0,0.0,HISTORICAL_ROM_CAPACITY_PROXY,PROXY_NOT_SAME_PERIOD_PLAN,SYNTHETIC_DAILY_CALIBRATED_TO_PUBLIC_ANNUAL_REFERENCE,174.9,19.748,1,0.0,5.31,0.0,9.05,5.16,5.02,5.93,SYNTHETIC_DEMO_CORRELATED_WITH_RAINFALL_REPLACE_WITH_NASA_SMAP_OR_ISRO_BHUVAN
PROD-0002525,2010-02-28,Dongri Buzurg,Maharashtra,Bhandara,21.546128,79.686722,967.93,777.75,0.0,0,0.0,HISTORICAL_ROM_CAPACITY_PROXY,PROXY_NOT_SAME_PERIOD_PLAN,SYNTHETIC_DAILY_CALIBRATED_TO_PUBLIC_ANNUAL_REFERENCE,190.18,19.648,1,0.0,1.55,0.0,9.05,5.12,5.32,5.41,SYNTHETIC_DEMO_CORRELATED_WITH_RAINFALL_REPLACE_WITH_NASA_SMAP_OR_ISRO_BHUVAN
PROD-0002526,2010-03-01,Dongri Buzurg,Maharashtra,Bhandara,21.546128,79.686722,995.71,818.8,2.19,0,0.0,HISTORICAL_ROM_CAPACITY_PROXY,PROXY_NOT_SAME_PERIOD_PLAN,SYNTHETIC_DAILY_CALIBRATED_TO_PUBLIC_ANNUAL_REFERENCE,176.91,17.767,1,0.0,2.19,0.0,11.24,3.7,4.66,5.01,SYNTHETIC_DEMO_CORRELATED_WITH_RAINFALL_REPLACE_WITH_NASA_SMAP_OR_ISRO_BHUVAN
PROD-0002527,2010-03-02,Dongri Buzurg,Maharashtra,Bhandara,21.546128,79.686722,1076.94,861.13,3.29,28,0.0,HISTORICAL_ROM_CAPACITY_PROXY,PROXY_NOT_SAME_PERIOD_PLAN,SYNTHETIC_DAILY_CALIBRATED_TO_PUBLIC_ANNUAL_REFERENCE,215.81,20.039,1,0.0,5.48,0.0,11.41,3.0,3.94,4.55,SYNTHETIC_DEMO_CORRELATED_WITH_RAINFALL_REPLACE_WITH_NASA_SMAP_OR_ISRO_BHUVAN
PROD-0002528,2010-03-03,Dongri Buzurg,Maharashtra,Bhandara,21.546128,79.686722,788.88,646.57,1.54,0,0.0,HISTORICAL_ROM_CAPACITY_PROXY,PROXY_NOT_SAME_PERIOD_PLAN,SYNTHETIC_DAILY_CALIBRATED_TO_PUBLIC_ANNUAL_REFERENCE,142.31,18.039,1,0.0,7.02,0.0,12.33,3.0,3.23,4.27,SYNTHETIC_DEMO_CORRELATED_WITH_RAINFALL_REPLACE_WITH_NASA_SMAP_OR_ISRO_BHUVAN
PROD-0002529,2010-03-04,Dongri Buzurg,Maharashtra,Bhandara,21.546128,79.686722,1045.24,832.29,1.78,0,0.0,HISTORICAL_ROM_CAPACITY_PROXY,PROXY_NOT_SAME_PERIOD_PLAN,SYNTHETIC_DAILY_CALIBRATED_TO_PUBLIC_ANNUAL_REFERENCE,212.95,20.373,1,0.0,6.61,0.0,10.35,3.0,3.0,4.09,SYNTHETIC_DEMO_CORRELATED_WITH_RAINFALL_REPLACE_WITH_NASA_SMAP_OR_ISRO_BHUVAN
PROD-0002530,2010-03-05,Dongri Buzurg,Maharashtra,Bhandara,21.546128,79.686722,932.84,732.67,1.49,0,0.0,HISTORICAL_ROM_CAPACITY_PROXY,PROXY_NOT_SAME_PERIOD_PLAN,SYNTHETIC_DAILY_CALIBRATED_TO_PUBLIC_ANNUAL_REFERENCE,200.17,21.458,1,0.0,4.81,0.0,10.29,3.0,3.0,3.71,SYNTHETIC_DEMO_CORRELATED_WITH_RAINFALL_REPLACE_WITH_NASA_SMAP_OR_ISRO_BHUVAN
PROD-0002531,2010-03-06,Dongri Buzurg,Maharashtra,Bhandara,21.546128,79.686722,894.03,695.02,1.45,0,0.0,HISTORICAL_ROM_CAPACITY_PROXY,PROXY_NOT_SAME_PERIOD_PLAN,SYNTHETIC_DAILY_CALIBRATED_TO_PUBLIC_ANNUAL_REFERENCE,199.01,22.26,1,0.0,4.72,0.0,11.74,3.0,3.0,3.4,SYNTHETIC_DEMO_CORRELATED_WITH_RAINFALL_REPLACE_WITH_NASA_SMAP_OR_ISRO_BHUVAN
PROD-0002532,2010-03-07,Dongri Buzurg,Maharashtra,Bhandara,21.546128,79.686722,1000.46,757.33,5.03,0,0.0,HISTORICAL_ROM_CAPACITY_PROXY,PROXY_NOT_SAME_PERIOD_PLAN,SYNTHETIC_DAILY_CALIBRATED_TO_PUBLIC_ANNUAL_REFERENCE,243.13,24.302,1,0.0,7.97,0.0,16.77,3.0,3.0,3.1,SYNTHETIC_DEMO_CORRELATED_WITH_RAINFALL_REPLACE_WITH_NASA_SMAP_OR_ISRO_BHUVAN
PROD-0002533,2010-03-08,Dongri Buzurg,Maharashtra,Bhandara,21.546128,79.686722,1061.03,814.77,2.1,0,20.4,HISTORICAL_ROM_CAPACITY_PROXY,PROXY_NOT_SAME_PERIOD_PLAN,SYNTHETIC_DAILY_CALIBRATED_TO_PUBLIC_ANNUAL_REFERENCE,246.26,23.21,1,20.4,8.58,20.4,16.68,21.36,9.12,5.62,SYNTHETIC_DEMO_CORRELATED_WITH_RAINFALL_REPLACE_WITH_NASA_SMAP_OR_ISRO_BHUVAN
PROD-0002534,2010-03-09,Dongri Buzurg,Maharashtra,Bhandara,21.546128,79.686722,997.45,810.16,4.25,0,0.0,HISTORICAL_ROM_CAPACITY_PROXY,PROXY_NOT_SAME_PERIOD_PLAN,SYNTHETIC_DAILY_CALIBRATED_TO_PUBLIC_ANNUAL_REFERENCE,187.29,18.777,1,20.4,11.38,20.4,17.64,20.84,15.07,8.17,SYNTHETIC_DEMO_CORRELATED_WITH_RAINFALL_REPLACE_WITH_NASA_SMAP_OR_ISRO_BHUVAN
PROD-0002535,2010-03-10,Dongri Buzurg,Maharashtra,Bhandara,21.546128,79.686722,933.53,705.53,3.8,0,0.0,HISTORICAL_ROM_CAPACITY_PROXY,PROXY_NOT_SAME_PERIOD_PLAN,SYNTHETIC_DAILY_CALIBRATED_TO_PUBLIC_ANNUAL_REFERENCE,228.0,24.423,1,20.4,10.15,20.4,19.9,20.21,20.8,10.63,SYNTHETIC_DEMO_CORRELATED_WITH_RAINFALL_REPLACE_WITH_NASA_SMAP_OR_ISRO_BHUVAN
PROD-0002536,2010-03-11,Dongri Buzurg,Maharashtra,Bhandara,21.546128,79.686722,847.5,667.95,0.67,13,0.0,HISTORICAL_ROM_CAPACITY_PROXY,PROXY_NOT_SAME_PERIOD_PLAN,SYNTHETIC_DAILY_CALIBRATED_TO_PUBLIC_ANNUAL_REFERENCE,179.55,21.186,1,0.0,8.72,20.4,18.79,20.47,20.51,13.13,SYNTHETIC_DEMO_CORRELATED_WITH_RAINFALL_REPLACE_WITH_NASA_SMAP_OR_ISRO_BHUVAN
PROD-0002537,2010-03-12,Dongri Buzurg,Maharashtra,Bhandara,21.546128,79.686722,882.12,690.84,2.21,0,0.0,HISTORICAL_ROM_CAPACITY_PROXY,PROXY_NOT_SAME_PERIOD_PLAN,SYNTHETIC_DAILY_CALIBRATED_TO_PUBLIC_ANNUAL_REFERENCE,191.28,21.684,1,0.0,6.68,20.4,19.51,19.3,19.99,15.45,SYNTHETIC_DEMO_CORRELATED_WITH_RAINFALL_REPLACE_WITH_NASA_SMAP_OR_ISRO_BHUVAN
PROD-0002538,2010-03-13,Dongri Buzurg,Maharashtra,Bhandara,21.546128,79.686722,948.43,763.11,1.17,0,0.0,HISTORICAL_ROM_CAPACITY_PROXY,PROXY_NOT_SAME_PERIOD_PLAN,SYNTHETIC_DAILY_CALIBRATED_TO_PUBLIC_ANNUAL_REFERENCE,185.32,19.54,1,0.0,4.05,20.4,19.23,17.64,19.14,17.55,SYNTHETIC_DEMO_CORRELATED_WITH_RAINFALL_REPLACE_WITH_NASA_SMAP_OR_ISRO_BHUVAN
PROD-0002539,2010-03-14,Dongri Buzurg,Maharashtra,Bhandara,21.546128,79.686722,932.84,780.67,0.3,0,5.66,HISTORICAL_ROM_CAPACITY_PROXY,PROXY_NOT_SAME_PERIOD_PLAN,SYNTHETIC_DAILY_CALIBRATED_TO_PUBLIC_ANNUAL_REFERENCE,152.17,16.313,1,5.66,3.68,26.06,14.5,19.63,18.86,19.92,SYNTHETIC_DEMO_CORRELATED_WITH_RAINFALL_REPLACE_WITH_NASA_SMAP_OR_ISRO_BHUVAN
PROD-0002540,2010-03-15,Dongri Buzurg,Maharashtra,Bhandara,21.546128,79.686722,990.28,802.99,0.0,0,0.0,HISTORICAL_ROM_CAPACITY_PROXY,PROXY_NOT_SAME_PERIOD_PLAN,SYNTHETIC_DAILY_CALIBRATED_TO_PUBLIC_ANNUAL_REFERENCE,187.29,18.913,1,5.66,1.47,5.66,12.4,19.07,18.78,19.59,SYNTHETIC_DEMO_CORRELATED_WITH_RAINFALL_REPLACE_WITH_NASA_SMAP_OR_ISRO_BHUVAN
PROD-0002541,2010-03-16,Dongri Buzurg,Maharashtra,Bhandara,21.546128,79.686722,1041.11,862.27,0.0,0,0.0,HISTORICAL_ROM_CAPACITY_PROXY,PROXY_NOT_SAME_PERIOD_PLAN,SYNTHETIC_DAILY_CALIBRATED_TO_PUBLIC_ANNUAL_REFERENCE,178.84,17.178,1,5.66,0.3,5.66,8.15,16.88,18.53,19.03,SYNTHETIC_DEMO_CORRELATED_WITH_RAINFALL_REPLACE_WITH_NASA_SMAP_OR_ISRO_BHUVAN
PROD-0002542,2010-03-17,Dongri Buzurg,Maharashtra,Bhandara,21.546128,79.686722,998.29,818.54,0.0,0,0.0,HISTORICAL_ROM_CAPACITY_PROXY,PROXY_NOT_SAME_PERIOD_PLAN,SYNTHETIC_DAILY_CALIBRATED_TO_PUBLIC_ANNUAL_REFERENCE,179.75,18.006,1,0.0,0.0,5.66,4.35,15.29,17.08,18.33,SYNTHETIC_DEMO_CORRELATED_WITH_RAINFALL_REPLACE_WITH_NASA_SMAP_OR_ISRO_BHUVAN
PROD-0002543,2010-03-18,Dongri Buzurg,Maharashtra,Bhandara,21.546128,79.686722,900.25,739.28,0.0,0,0.0,HISTORICAL_ROM_CAPACITY_PROXY,PROXY_NOT_SAME_PERIOD_PLAN,SYNTHETIC_DAILY_CALIBRATED_TO_PUBLIC_ANNUAL_REFERENCE,160.97,17.881,1,0.0,0.0,5.66,3.68,14.73,15.63,17.51,SYNTHETIC_DEMO_CORRELATED_WITH_RAINFALL_REPLACE_WITH_NASA_SMAP_OR_ISRO_BHUVAN
PROD-0002544,2010-03-19,Dongri Buzurg,Maharashtra,Bhandara,21.546128,79.686722,881.59,707.3,2.15,50,0.0,HISTORICAL_ROM_CAPACITY_PROXY,PROXY_NOT_SAME_PERIOD_PLAN,SYNTHETIC_DAILY_CALIBRATED_TO_PUBLIC_ANNUAL_REFERENCE,174.29,19.77,1,0.0,2.15,5.66,3.62,11.29,13.77,16.36,SYNTHETIC_DEMO_CORRELATED_WITH_RAINFALL_REPLACE_WITH_NASA_SMAP_OR_ISRO_BHUVAN
PROD-0002545,2010-03-20,Dongri Buzurg,Maharashtra,Bhandara,21.546128,79.686722,901.17,755.41,0.0,0,0.0,HISTORICAL_ROM_CAPACITY_PROXY,PROXY_NOT_SAME_PERIOD_PLAN,SYNTHETIC_DAILY_CALIBRATED_TO_PUBLIC_ANNUAL_REFERENCE,145.76,16.175,1,0.0,2.15,5.66,2.45,10.89,12.3,15.4,SYNTHETIC_DEMO_CORRELATED_WITH_RAINFALL_REPLACE_WITH_NASA_SMAP_OR_ISRO_BHUVAN
PROD-0002546,2010-03-21,Dongri Buzurg,Maharashtra,Bhandara,21.546128,79.686722,991.38,762.13,2.36,0,0.0,HISTORICAL_ROM_CAPACITY_PROXY,PROXY_NOT_SAME_PERIOD_PLAN,SYNTHETIC_DAILY_CALIBRATED_TO_PUBLIC_ANNUAL_REFERENCE,229.25,23.124,1,0.0,4.51,0.0,4.51,10.02,10.73,14.02,SYNTHETIC_DEMO_CORRELATED_WITH_RAINFALL_REPLACE_WITH_NASA_SMAP_OR_ISRO_BHUVAN
PROD-0002547,2010-03-22,Dongri Buzurg,Maharashtra,Bhandara,21.546128,79.686722,915.2,729.4,0.76,0,27.13,HISTORICAL_ROM_CAPACITY_PROXY,PROXY_NOT_SAME_PERIOD_PLAN,SYNTHETIC_DAILY_CALIBRATED_TO_PUBLIC_ANNUAL_REFERENCE,185.8,20.302,1,27.13,3.12,27.13,5.27,32.99,17.97,16.01,SYNTHETIC_DEMO_CORRELATED_WITH_RAINFALL_REPLACE_WITH_NASA_SMAP_OR_ISRO_BHUVAN
PROD-0002548,2010-03-23,Dongri Buzurg,Maharashtra,Bhandara,21.546128,79.686722,819.21,665.07,0.0,0,0.0,HISTORICAL_ROM_CAPACITY_PROXY,PROXY_NOT_SAME_PERIOD_PLAN,SYNTHETIC_DAILY_CALIBRATED_TO_PUBLIC_ANNUAL_REFERENCE,154.14,18.816,1,27.13,3.12,27.13,5.27,31.71,24.91,18.13,SYNTHETIC_DEMO_CORRELATED_WITH_RAINFALL_REPLACE_WITH_NASA_SMAP_OR_ISRO_BHUVAN
PROD-0002549,2010-03-24,Dongri Buzurg,Maharashtra,Bhandara,21.546128,79.686722,1085.55,902.12,0.0,0,0.0,HISTORICAL_ROM_CAPACITY_PROXY,PROXY_NOT_SAME_PERIOD_PLAN,SYNTHETIC_DAILY_CALIBRATED_TO_PUBLIC_ANNUAL_REFERENCE,183.43,16.897,1,27.13,0.76,27.13,5.27,29.17,31.29,20.11,SYNTHETIC_DEMO_CORRELATED_WITH_RAINFALL_REPLACE_WITH_NASA_SMAP_OR_ISRO_BHUVAN
PROD-0002550,2010-03-25,Dongri Buzurg,Maharashtra,Bhandara,21.546128,79.686722,968.65,760.86,1.98,0,0.0,HISTORICAL_ROM_CAPACITY_PROXY,PROXY_NOT_SAME_PERIOD_PLAN,SYNTHETIC_DAILY_CALIBRATED_TO_PUBLIC_ANNUAL_REFERENCE,207.79,21.452,1,0.0,1.98,27.13,7.25,26.68,29.19,21.82,SYNTHETIC_DEMO_CORRELATED_WITH_RAINFALL_REPLACE_WITH_NASA_SMAP_OR_ISRO_BHUVAN
PROD-0002551,2010-03-26,Dongri Buzurg,Maharashtra,Bhandara,21.546128,79.686722,1025.5,840.35,1.17,0,0.0,HISTORICAL_ROM_CAPACITY_PROXY,PROXY_NOT_SAME_PERIOD_PLAN,SYNTHETIC_DAILY_CALIBRATED_TO_PUBLIC_ANNUAL_REFERENCE,185.15,18.055,1,0.0,3.15,27.13,6.27,26.49,27.45,23.99,SYNTHETIC_DEMO_CORRELATED_WITH_RAINFALL_REPLACE_WITH_NASA_SMAP_OR_ISRO_BHUVAN
PROD-0002552,2010-03-27,Dongri Buzurg,Maharashtra,Bhandara,21.546128,79.686722,843.04,693.22,0.66,0,0.0,HISTORICAL_ROM_CAPACITY_PROXY,PROXY_NOT_SAME_PERIOD_PLAN,SYNTHETIC_DAILY_CALIBRATED_TO_PUBLIC_ANNUAL_REFERENCE,149.82,17.771,1,0.0,3.81,27.13,6.93,24.11,25.76,25.88,SYNTHETIC_DEMO_CORRELATED_WITH_RAINFALL_REPLACE_WITH_NASA_SMAP_OR_ISRO_BHUVAN
PROD-0002553,2010-03-28,Dongri Buzurg,Maharashtra,Bhandara,21.546128,79.686722,949.38,791.42,0.0,0,0.0,HISTORICAL_ROM_CAPACITY_PROXY,PROXY_NOT_SAME_PERIOD_PLAN,SYNTHETIC_DAILY_CALIBRATED_TO_PUBLIC_ANNUAL_REFERENCE,157.96,16.638,1,0.0,1.83,27.13,4.57,21.64,24.08,27.54,SYNTHETIC_DEMO_CORRELATED_WITH_RAINFALL_REPLACE_WITH_NASA_SMAP_OR_ISRO_BHUVAN
PROD-0002554,2010-03-29,Dongri Buzurg,Maharashtra,Bhandara,21.546128,79.686722,1030.31,777.45,4.81,0,0.0,HISTORICAL_ROM_CAPACITY_PROXY,PROXY_NOT_SAME_PERIOD_PLAN,SYNTHETIC_DAILY_CALIBRATED_TO_PUBLIC_ANNUAL_REFERENCE,252.86,24.542,1,0.0,5.47,0.0,8.62,22.26,22.67,26.01,SYNTHETIC_DEMO_CORRELATED_WITH_RAINFALL_REPLACE_WITH_NASA_SMAP_OR_ISRO_BHUVAN
PROD-0002555,2010-03-30,Dongri Buzurg,Maharashtra,Bhandara,21.546128,79.686722,966.24,798.5,3.39,0,0.0,HISTORICAL_ROM_CAPACITY_PROXY,PROXY_NOT_SAME_PERIOD_PLAN,SYNTHETIC_DAILY_CALIBRATED_TO_PUBLIC_ANNUAL_REFERENCE,167.74,17.36,1,0.0,8.2,0.0,12.01,21.23,21.71,24.51,SYNTHETIC_DEMO_CORRELATED_WITH_RAINFALL_REPLACE_WITH_NASA_SMAP_OR_ISRO_BHUVAN
PROD-0002556,2010-03-31,Dongri Buzurg,Maharashtra,Bhandara,21.546128,79.686722,814.14,687.52,0.0,0,0.0,HISTORICAL_ROM_CAPACITY_PROXY,PROXY_NOT_SAME_PERIOD_PLAN,SYNTHETIC_DAILY_CALIBRATED_TO_PUBLIC_ANNUAL_REFERENCE,126.62,15.553,1,0.0,8.2,0.0,12.01,20.87,21.45,23.33,SYNTHETIC_DEMO_CORRELATED_WITH_RAINFALL_REPLACE_WITH_NASA_SMAP_OR_ISRO_BHUVAN
PROD-0001097,2020-04-01,Gumgaon,Maharashtra,Nagpur,21.407941,78.985706,149.84,112.96,0.56,0,0.0,OFFICIAL_ANNUAL_PLAN,OFFICIAL_SAME_PERIOD,SYNTHETIC_DAILY_CALIBRATED_TO_PUBLIC_ANNUAL_REFERENCE,36.88,24.613,1,0.0,0.56,0.0,0.56,25.0,25.0,25.0,SYNTHETIC_DEMO_CORRELATED_WITH_RAINFALL_REPLACE_WITH_NASA_SMAP_OR_ISRO_BHUVAN
PROD-0001098,2020-04-02,Gumgaon,Maharashtra,Nagpur,21.407941,78.985706,146.54,109.74,1.29,0,0.0,OFFICIAL_ANNUAL_PLAN,OFFICIAL_SAME_PERIOD,SYNTHETIC_DAILY_CALIBRATED_TO_PUBLIC_ANNUAL_REFERENCE,36.8,25.113,1,0.0,1.85,0.0,1.85,22.41,23.7,23.7,SYNTHETIC_DEMO_CORRELATED_WITH_RAINFALL_REPLACE_WITH_NASA_SMAP_OR_ISRO_BHUVAN
PROD-0001099,2020-04-03,Gumgaon,Maharashtra,Nagpur,21.407941,78.985706,141.57,105.97,0.0,0,0.0,OFFICIAL_ANNUAL_PLAN,OFFICIAL_SAME_PERIOD,SYNTHETIC_DAILY_CALIBRATED_TO_PUBLIC_ANNUAL_REFERENCE,35.6,25.147,1,0.0,1.85,0.0,1.85,19.73,22.38,22.38,SYNTHETIC_DEMO_CORRELATED_WITH_RAINFALL_REPLACE_WITH_NASA_SMAP_OR_ISRO_BHUVAN
PROD-0001100,2020-04-04,Gumgaon,Maharashtra,Nagpur,21.407941,78.985706,134.14,97.88,0.64,0,0.0,OFFICIAL_ANNUAL_PLAN,OFFICIAL_SAME_PERIOD,SYNTHETIC_DAILY_CALIBRATED_TO_PUBLIC_ANNUAL_REFERENCE,36.26,27.031,1,0.0,1.93,0.0,2.49,18.39,20.18,21.38,SYNTHETIC_DEMO_CORRELATED_WITH_RAINFALL_REPLACE_WITH_NASA_SMAP_OR_ISRO_BHUVAN
PROD-0001101,2020-04-05,Gumgaon,Maharashtra,Nagpur,21.407941,78.985706,151.68,114.36,0.0,0,0.0,OFFICIAL_ANNUAL_PLAN,OFFICIAL_SAME_PERIOD,SYNTHETIC_DAILY_CALIBRATED_TO_PUBLIC_ANNUAL_REFERENCE,37.32,24.604,1,0.0,0.64,0.0,2.49,16.44,18.19,20.39,SYNTHETIC_DEMO_CORRELATED_WITH_RAINFALL_REPLACE_WITH_NASA_SMAP_OR_ISRO_BHUVAN
PROD-0001102,2020-04-06,Gumgaon,Maharashtra,Nagpur,21.407941,78.985706,140.9,107.26,0.0,0,0.0,OFFICIAL_ANNUAL_PLAN,OFFICIAL_SAME_PERIOD,SYNTHETIC_DAILY_CALIBRATED_TO_PUBLIC_ANNUAL_REFERENCE,33.64,23.875,1,0.0,0.64,0.0,2.49,16.42,17.08,19.73,SYNTHETIC_DEMO_CORRELATED_WITH_RAINFALL_REPLACE_WITH_NASA_SMAP_OR_ISRO_BHUVAN
PROD-0001103,2020-04-07,Gumgaon,Maharashtra,Nagpur,21.407941,78.985706,136.3,99.69,2.86,0,0.0,OFFICIAL_ANNUAL_PLAN,OFFICIAL_SAME_PERIOD,SYNTHETIC_DAILY_CALIBRATED_TO_PUBLIC_ANNUAL_REFERENCE,36.61,26.86,1,0.0,2.86,0.0,5.35,13.49,15.45,18.84,SYNTHETIC_DEMO_CORRELATED_WITH_RAINFALL_REPLACE_WITH_NASA_SMAP_OR_ISRO_BHUVAN
PROD-0001104,2020-04-08,Gumgaon,Maharashtra,Nagpur,21.407941,78.985706,152.29,115.04,0.61,0,0.0,OFFICIAL_ANNUAL_PLAN,OFFICIAL_SAME_PERIOD,SYNTHETIC_DAILY_CALIBRATED_TO_PUBLIC_ANNUAL_REFERENCE,37.25,24.46,1,0.0,3.47,0.0,5.4,9.31,13.07,16.6,SYNTHETIC_DEMO_CORRELATED_WITH_RAINFALL_REPLACE_WITH_NASA_SMAP_OR_ISRO_BHUVAN
PROD-0001105,2020-04-09,Gumgaon,Maharashtra,Nagpur,21.407941,78.985706,143.77,109.25,0.79,0,8.71,OFFICIAL_ANNUAL_PLAN,OFFICIAL_SAME_PERIOD,SYNTHETIC_DAILY_CALIBRATED_TO_PUBLIC_ANNUAL_REFERENCE,34.52,24.011,1,8.71,4.26,8.71,4.9,17.43,13.41,15.89,SYNTHETIC_DEMO_CORRELATED_WITH_RAINFALL_REPLACE_WITH_NASA_SMAP_OR_ISRO_BHUVAN
PROD-0001106,2020-04-10,Gumgaon,Maharashtra,Nagpur,21.407941,78.985706,152.88,119.24,0.0,0,0.0,OFFICIAL_ANNUAL_PLAN,OFFICIAL_SAME_PERIOD,SYNTHETIC_DAILY_CALIBRATED_TO_PUBLIC_ANNUAL_REFERENCE,33.64,22.004,1,8.71,1.4,8.71,4.9,16.0,14.25,15.35,SYNTHETIC_DEMO_CORRELATED_WITH_RAINFALL_REPLACE_WITH_NASA_SMAP_OR_ISRO_BHUVAN
PROD-0001107,2020-04-11,Gumgaon,Maharashtra,Nagpur,21.407941,78.985706,139.35,100.96,1.19,0,0.0,OFFICIAL_ANNUAL_PLAN,OFFICIAL_SAME_PERIOD,SYNTHETIC_DAILY_CALIBRATED_TO_PUBLIC_ANNUAL_REFERENCE,38.39,27.549,1,8.71,1.98,8.71,5.45,15.39,16.27,14.93,SYNTHETIC_DEMO_CORRELATED_WITH_RAINFALL_REPLACE_WITH_NASA_SMAP_OR_ISRO_BHUVAN
PROD-0001108,2020-04-12,Gumgaon,Maharashtra,Nagpur,21.407941,78.985706,141.79,101.49,2.5,0,0.0,OFFICIAL_ANNUAL_PLAN,OFFICIAL_SAME_PERIOD,SYNTHETIC_DAILY_CALIBRATED_TO_PUBLIC_ANNUAL_REFERENCE,40.3,28.422,1,0.0,3.69,8.71,7.95,14.16,15.18,14.6,SYNTHETIC_DEMO_CORRELATED_WITH_RAINFALL_REPLACE_WITH_NASA_SMAP_OR_ISRO_BHUVAN
PROD-0001109,2020-04-13,Gumgaon,Maharashtra,Nagpur,21.407941,78.985706,138.64,103.8,0.0,0,0.0,OFFICIAL_ANNUAL_PLAN,OFFICIAL_SAME_PERIOD,SYNTHETIC_DAILY_CALIBRATED_TO_PUBLIC_ANNUAL_REFERENCE,34.84,25.13,1,0.0,3.69,8.71,7.95,14.29,14.61,14.3,SYNTHETIC_DEMO_CORRELATED_WITH_RAINFALL_REPLACE_WITH_NASA_SMAP_OR_ISRO_BHUVAN
PROD-0001110,2020-04-14,Gumgaon,Maharashtra,Nagpur,21.407941,78.985706,148.82,105.68,4.73,0,0.0,OFFICIAL_ANNUAL_PLAN,OFFICIAL_SAME_PERIOD,SYNTHETIC_DAILY_CALIBRATED_TO_PUBLIC_ANNUAL_REFERENCE,43.14,28.988,1,0.0,7.23,8.71,9.82,13.57,14.01,14.31,SYNTHETIC_DEMO_CORRELATED_WITH_RAINFALL_REPLACE_WITH_NASA_SMAP_OR_ISRO_BHUVAN
PROD-0001111,2020-04-15,Gumgaon,Maharashtra,Nagpur,21.407941,78.985706,136.03,104.86,0.0,0,0.0,OFFICIAL_ANNUAL_PLAN,OFFICIAL_SAME_PERIOD,SYNTHETIC_DAILY_CALIBRATED_TO_PUBLIC_ANNUAL_REFERENCE,31.17,22.914,1,0.0,4.73,8.71,9.21,14.54,14.13,15.05,SYNTHETIC_DEMO_CORRELATED_WITH_RAINFALL_REPLACE_WITH_NASA_SMAP_OR_ISRO_BHUVAN
PROD-0001112,2020-04-16,Gumgaon,Maharashtra,Nagpur,21.407941,78.985706,141.52,103.0,0.7,0,0.0,OFFICIAL_ANNUAL_PLAN,OFFICIAL_SAME_PERIOD,SYNTHETIC_DAILY_CALIBRATED_TO_PUBLIC_ANNUAL_REFERENCE,38.52,27.219,1,0.0,5.43,0.0,9.12,12.31,13.47,14.32,SYNTHETIC_DEMO_CORRELATED_WITH_RAINFALL_REPLACE_WITH_NASA_SMAP_OR_ISRO_BHUVAN
PROD-0001113,2020-04-17,Gumgaon,Maharashtra,Nagpur,21.407941,78.985706,146.97,111.12,1.47,0,0.0,OFFICIAL_ANNUAL_PLAN,OFFICIAL_SAME_PERIOD,SYNTHETIC_DAILY_CALIBRATED_TO_PUBLIC_ANNUAL_REFERENCE,35.85,24.393,1,0.0,2.17,0.0,10.59,12.47,13.11,13.82,SYNTHETIC_DEMO_CORRELATED_WITH_RAINFALL_REPLACE_WITH_NASA_SMAP_OR_ISRO_BHUVAN
PROD-0001114,2020-04-18,Gumgaon,Maharashtra,Nagpur,21.407941,78.985706,146.32,107.27,0.0,88,0.0,OFFICIAL_ANNUAL_PLAN,OFFICIAL_SAME_PERIOD,SYNTHETIC_DAILY_CALIBRATED_TO_PUBLIC_ANNUAL_REFERENCE,39.05,26.688,1,0.0,2.17,0.0,9.4,11.27,12.02,13.23,SYNTHETIC_DEMO_CORRELATED_WITH_RAINFALL_REPLACE_WITH_NASA_SMAP_OR_ISRO_BHUVAN
PROD-0001115,2020-04-19,Gumgaon,Maharashtra,Nagpur,21.407941,78.985706,143.04,106.95,0.35,0,0.0,OFFICIAL_ANNUAL_PLAN,OFFICIAL_SAME_PERIOD,SYNTHETIC_DAILY_CALIBRATED_TO_PUBLIC_ANNUAL_REFERENCE,36.09,25.231,1,0.0,1.82,0.0,7.25,10.09,11.28,12.65,SYNTHETIC_DEMO_CORRELATED_WITH_RAINFALL_REPLACE_WITH_NASA_SMAP_OR_ISRO_BHUVAN
PROD-0001116,2020-04-20,Gumgaon,Maharashtra,Nagpur,21.407941,78.985706,137.71,99.54,6.22,0,0.0,OFFICIAL_ANNUAL_PLAN,OFFICIAL_SAME_PERIOD,SYNTHETIC_DAILY_CALIBRATED_TO_PUBLIC_ANNUAL_REFERENCE,38.17,27.718,1,0.0,6.57,0.0,13.47,6.63,9.33,11.55,SYNTHETIC_DEMO_CORRELATED_WITH_RAINFALL_REPLACE_WITH_NASA_SMAP_OR_ISRO_BHUVAN
PROD-0001117,2020-04-21,Gumgaon,Maharashtra,Nagpur,21.407941,78.985706,136.38,101.08,1.45,0,0.0,OFFICIAL_ANNUAL_PLAN,OFFICIAL_SAME_PERIOD,SYNTHETIC_DAILY_CALIBRATED_TO_PUBLIC_ANNUAL_REFERENCE,35.3,25.884,1,0.0,8.02,0.0,10.19,6.68,7.8,10.57,SYNTHETIC_DEMO_CORRELATED_WITH_RAINFALL_REPLACE_WITH_NASA_SMAP_OR_ISRO_BHUVAN
PROD-0001118,2020-04-22,Gumgaon,Maharashtra,Nagpur,21.407941,78.985706,141.03,104.48,1.41,0,0.0,OFFICIAL_ANNUAL_PLAN,OFFICIAL_SAME_PERIOD,SYNTHETIC_DAILY_CALIBRATED_TO_PUBLIC_ANNUAL_REFERENCE,36.55,25.916,1,0.0,9.08,0.0,11.6,3.98,5.76,9.06,SYNTHETIC_DEMO_CORRELATED_WITH_RAINFALL_REPLACE_WITH_NASA_SMAP_OR_ISRO_BHUVAN
PROD-0001119,2020-04-23,Gumgaon,Maharashtra,Nagpur,21.407941,78.985706,158.35,115.15,2.79,0,0.0,OFFICIAL_ANNUAL_PLAN,OFFICIAL_SAME_PERIOD,SYNTHETIC_DAILY_CALIBRATED_TO_PUBLIC_ANNUAL_REFERENCE,43.2,27.281,1,0.0,5.65,0.0,13.69,4.5,5.05,7.95,SYNTHETIC_DEMO_CORRELATED_WITH_RAINFALL_REPLACE_WITH_NASA_SMAP_OR_ISRO_BHUVAN
PROD-0001120,2020-04-24,Gumgaon,Maharashtra,Nagpur,21.407941,78.985706,129.96,93.5,3.48,0,3.47,OFFICIAL_ANNUAL_PLAN,OFFICIAL_SAME_PERIOD,SYNTHETIC_DAILY_CALIBRATED_TO_PUBLIC_ANNUAL_REFERENCE,36.46,28.055,1,3.47,7.68,3.47,15.7,7.73,5.4,7.27,SYNTHETIC_DEMO_CORRELATED_WITH_RAINFALL_REPLACE_WITH_NASA_SMAP_OR_ISRO_BHUVAN
PROD-0001121,2020-04-25,Gumgaon,Maharashtra,Nagpur,21.407941,78.985706,132.49,97.62,0.0,0,0.0,OFFICIAL_ANNUAL_PLAN,OFFICIAL_SAME_PERIOD,SYNTHETIC_DAILY_CALIBRATED_TO_PUBLIC_ANNUAL_REFERENCE,34.87,26.319,1,3.47,6.27,3.47,15.7,6.67,6.3,6.61,SYNTHETIC_DEMO_CORRELATED_WITH_RAINFALL_REPLACE_WITH_NASA_SMAP_OR_ISRO_BHUVAN
PROD-0001122,2020-04-26,Gumgaon,Maharashtra,Nagpur,21.407941,78.985706,156.31,120.46,0.12,0,7.7,OFFICIAL_ANNUAL_PLAN,OFFICIAL_SAME_PERIOD,SYNTHETIC_DAILY_CALIBRATED_TO_PUBLIC_ANNUAL_REFERENCE,35.85,22.935,1,11.17,3.6,11.17,15.47,10.97,8.46,6.74,SYNTHETIC_DEMO_CORRELATED_WITH_RAINFALL_REPLACE_WITH_NASA_SMAP_OR_ISRO_BHUVAN
PROD-0001123,2020-04-27,Gumgaon,Maharashtra,Nagpur,21.407941,78.985706,157.4,106.7,5.05,0,7.14,OFFICIAL_ANNUAL_PLAN,OFFICIAL_SAME_PERIOD,SYNTHETIC_DAILY_CALIBRATED_TO_PUBLIC_ANNUAL_REFERENCE,50.7,32.211,1,14.84,5.17,18.31,14.3,16.44,11.36,8.14,SYNTHETIC_DEMO_CORRELATED_WITH_RAINFALL_REPLACE_WITH_NASA_SMAP_OR_ISRO_BHUVAN
PROD-0001124,2020-04-28,Gumgaon,Maharashtra,Nagpur,21.407941,78.985706,143.27,105.81,2.41,0,0.0,OFFICIAL_ANNUAL_PLAN,OFFICIAL_SAME_PERIOD,SYNTHETIC_DAILY_CALIBRATED_TO_PUBLIC_ANNUAL_REFERENCE,37.46,26.146,1,14.84,7.58,18.31,15.26,16.47,14.63,9.54,SYNTHETIC_DEMO_CORRELATED_WITH_RAINFALL_REPLACE_WITH_NASA_SMAP_OR_ISRO_BHUVAN
PROD-0001125,2020-04-29,Gumgaon,Maharashtra,Nagpur,21.407941,78.985706,170.76,129.76,0.0,0,0.0,OFFICIAL_ANNUAL_PLAN,OFFICIAL_SAME_PERIOD,SYNTHETIC_DAILY_CALIBRATED_TO_PUBLIC_ANNUAL_REFERENCE,41.0,24.01,1,7.14,7.46,18.31,13.85,15.55,16.15,11.19,SYNTHETIC_DEMO_CORRELATED_WITH_RAINFALL_REPLACE_WITH_NASA_SMAP_OR_ISRO_BHUVAN
PROD-0001126,2020-04-30,Gumgaon,Maharashtra,Nagpur,21.407941,78.985706,151.61,110.86,1.26,0,0.0,OFFICIAL_ANNUAL_PLAN,OFFICIAL_SAME_PERIOD,SYNTHETIC_DAILY_CALIBRATED_TO_PUBLIC_ANNUAL_REFERENCE,40.75,26.878,1,0.0,3.67,18.31,12.32,15.62,15.88,12.78,SYNTHETIC_DEMO_CORRELATED_WITH_RAINFALL_REPLACE_WITH_NASA_SMAP_OR_ISRO_BHUVAN
PROD-0001127,2020-05-01,Gumgaon,Maharashtra,Nagpur,21.407941,78.985706,139.14,100.41,0.18,0,0.0,OFFICIAL_ANNUAL_PLAN,OFFICIAL_SAME_PERIOD,SYNTHETIC_DAILY_CALIBRATED_TO_PUBLIC_ANNUAL_REFERENCE,38.73,27.835,1,0.0,1.44,14.84,9.02,13.88,15.02,13.66,SYNTHETIC_DEMO_CORRELATED_WITH_RAINFALL_REPLACE_WITH_NASA_SMAP_OR_ISRO_BHUVAN
PROD-0001128,2020-05-02,Gumgaon,Maharashtra,Nagpur,21.407941,78.985706,154.4,115.21,0.0,0,0.0,OFFICIAL_ANNUAL_PLAN,OFFICIAL_SAME_PERIOD,SYNTHETIC_DAILY_CALIBRATED_TO_PUBLIC_ANNUAL_REFERENCE,39.19,25.382,1,0.0,1.44,14.84,9.02,13.59,14.36,14.65,SYNTHETIC_DEMO_CORRELATED_WITH_RAINFALL_REPLACE_WITH_NASA_SMAP_OR_ISRO_BHUVAN
PROD-0001129,2020-05-03,Gumgaon,Maharashtra,Nagpur,21.407941,78.985706,132.08,93.05,1.67,0,0.0,OFFICIAL_ANNUAL_PLAN,OFFICIAL_SAME_PERIOD,SYNTHETIC_DAILY_CALIBRATED_TO_PUBLIC_ANNUAL_REFERENCE,39.03,29.55,1,0.0,1.85,7.14,10.57,12.67,13.38,14.89,SYNTHETIC_DEMO_CORRELATED_WITH_RAINFALL_REPLACE_WITH_NASA_SMAP_OR_ISRO_BHUVAN
PROD-0001130,2020-05-04,Gumgaon,Maharashtra,Nagpur,21.407941,78.985706,138.32,106.73,0.26,0,0.0,OFFICIAL_ANNUAL_PLAN,OFFICIAL_SAME_PERIOD,SYNTHETIC_DAILY_CALIBRATED_TO_PUBLIC_ANNUAL_REFERENCE,31.59,22.838,1,0.0,1.93,0.0,5.78,13.8,13.35,14.51,SYNTHETIC_DEMO_CORRELATED_WITH_RAINFALL_REPLACE_WITH_NASA_SMAP_OR_ISRO_BHUVAN
PROD-0001131,2020-05-05,Gumgaon,Maharashtra,Nagpur,21.407941,78.985706,131.92,100.16,0.0,0,0.0,OFFICIAL_ANNUAL_PLAN,OFFICIAL_SAME_PERIOD,SYNTHETIC_DAILY_CALIBRATED_TO_PUBLIC_ANNUAL_REFERENCE,31.76,24.075,1,0.0,1.93,0.0,3.37,12.25,12.91,13.91,SYNTHETIC_DEMO_CORRELATED_WITH_RAINFALL_REPLACE_WITH_NASA_SMAP_OR_ISRO_BHUVAN
PROD-0001132,2020-05-06,Gumgaon,Maharashtra,Nagpur,21.407941,78.985706,145.41,108.59,0.04,40,2.75,OFFICIAL_ANNUAL_PLAN,OFFICIAL_SAME_PERIOD,SYNTHETIC_DAILY_CALIBRATED_TO_PUBLIC_ANNUAL_REFERENCE,36.82,25.322,1,2.75,0.3,2.75,3.41,15.53,13.86,13.91,SYNTHETIC_DEMO_CORRELATED_WITH_RAINFALL_REPLACE_WITH_NASA_SMAP_OR_ISRO_BHUVAN
PROD-0001133,2020-05-07,Gumgaon,Maharashtra,Nagpur,21.407941,78.985706,171.8,125.89,0.6,0,0.0,OFFICIAL_ANNUAL_PLAN,OFFICIAL_SAME_PERIOD,SYNTHETIC_DAILY_CALIBRATED_TO_PUBLIC_ANNUAL_REFERENCE,45.91,26.723,1,2.75,0.64,2.75,2.75,13.24,13.67,13.57,SYNTHETIC_DEMO_CORRELATED_WITH_RAINFALL_REPLACE_WITH_NASA_SMAP_OR_ISRO_BHUVAN
PROD-0001134,2020-05-08,Gumgaon,Maharashtra,Nagpur,21.407941,78.985706,146.09,104.38,3.19,0,0.0,OFFICIAL_ANNUAL_PLAN,OFFICIAL_SAME_PERIOD,SYNTHETIC_DAILY_CALIBRATED_TO_PUBLIC_ANNUAL_REFERENCE,41.71,28.551,1,2.75,3.83,2.75,5.76,13.3,14.02,13.48,SYNTHETIC_DEMO_CORRELATED_WITH_RAINFALL_REPLACE_WITH_NASA_SMAP_OR_ISRO_BHUVAN
PROD-0001135,2020-05-09,Gumgaon,Maharashtra,Nagpur,21.407941,78.985706,144.11,105.43,2.19,0,0.0,OFFICIAL_ANNUAL_PLAN,OFFICIAL_SAME_PERIOD,SYNTHETIC_DAILY_CALIBRATED_TO_PUBLIC_ANNUAL_REFERENCE,38.68,26.841,1,0.0,5.98,2.75,7.95,14.26,13.6,13.58,SYNTHETIC_DEMO_CORRELATED_WITH_RAINFALL_REPLACE_WITH_NASA_SMAP_OR_ISRO_BHUVAN
PROD-0001136,2020-05-10,Gumgaon,Maharashtra,Nagpur,21.407941,78.985706,168.24,124.88,1.01,0,8.94,OFFICIAL_ANNUAL_PLAN,OFFICIAL_SAME_PERIOD,SYNTHETIC_DAILY_CALIBRATED_TO_PUBLIC_ANNUAL_REFERENCE,43.36,25.773,1,8.94,6.39,11.69,7.29,21.49,16.35,14.84,SYNTHETIC_DEMO_CORRELATED_WITH_RAINFALL_REPLACE_WITH_NASA_SMAP_OR_ISRO_BHUVAN
PROD-0001137,2020-05-11,Gumgaon,Maharashtra,Nagpur,21.407941,78.985706,147.48,111.25,0.1,0,6.9,OFFICIAL_ANNUAL_PLAN,OFFICIAL_SAME_PERIOD,SYNTHETIC_DAILY_CALIBRATED_TO_PUBLIC_ANNUAL_REFERENCE,36.23,24.566,1,15.84,3.3,18.59,7.13,26.45,20.73,16.65,SYNTHETIC_DEMO_CORRELATED_WITH_RAINFALL_REPLACE_WITH_NASA_SMAP_OR_ISRO_BHUVAN
PROD-0001138,2020-05-12,Gumgaon,Maharashtra,Nagpur,21.407941,78.985706,141.07,102.74,5.04,0,0.0,OFFICIAL_ANNUAL_PLAN,OFFICIAL_SAME_PERIOD,SYNTHETIC_DAILY_CALIBRATED_TO_PUBLIC_ANNUAL_REFERENCE,38.33,27.171,1,15.84,6.15,18.59,12.17,24.4,24.11,18.38,SYNTHETIC_DEMO_CORRELATED_WITH_RAINFALL_REPLACE_WITH_NASA_SMAP_OR_ISRO_BHUVAN
PROD-0001139,2020-05-13,Gumgaon,Maharashtra,Nagpur,21.407941,78.985706,143.2,103.4,0.97,0,0.0,OFFICIAL_ANNUAL_PLAN,OFFICIAL_SAME_PERIOD,SYNTHETIC_DAILY_CALIBRATED_TO_PUBLIC_ANNUAL_REFERENCE,39.8,27.793,1,6.9,6.11,15.84,13.1,22.44,24.43,19.37,SYNTHETIC_DEMO_CORRELATED_WITH_RAINFALL_REPLACE_WITH_NASA_SMAP_OR_ISRO_BHUVAN
PROD-0001140,2020-05-14,Gumgaon,Maharashtra,Nagpur,21.407941,78.985706,145.93,95.72,1.96,53,8.87,OFFICIAL_ANNUAL_PLAN,OFFICIAL_SAME_PERIOD,SYNTHETIC_DAILY_CALIBRATED_TO_PUBLIC_ANNUAL_REFERENCE,50.21,34.407,1,8.87,7.97,24.71,14.46,28.74,25.19,21.58,SYNTHETIC_DEMO_CORRELATED_WITH_RAINFALL_REPLACE_WITH_NASA_SMAP_OR_ISRO_BHUVAN
PROD-0001141,2020-05-15,Gumgaon,Maharashtra,Nagpur,21.407941,78.985706,141.74,100.91,0.19,0,0.0,OFFICIAL_ANNUAL_PLAN,OFFICIAL_SAME_PERIOD,SYNTHETIC_DAILY_CALIBRATED_TO_PUBLIC_ANNUAL_REFERENCE,40.83,28.806,1,8.87,3.12,24.71,11.46,27.06,26.08,23.55,SYNTHETIC_DEMO_CORRELATED_WITH_RAINFALL_REPLACE_WITH_NASA_SMAP_OR_ISRO_BHUVAN
PROD-0001142,2020-05-16,Gumgaon,Maharashtra,Nagpur,21.407941,78.985706,138.22,105.56,0.67,0,0.0,OFFICIAL_ANNUAL_PLAN,OFFICIAL_SAME_PERIOD,SYNTHETIC_DAILY_CALIBRATED_TO_PUBLIC_ANNUAL_REFERENCE,32.66,23.629,1,8.87,2.82,24.71,9.94,26.92,27.57,25.36,SYNTHETIC_DEMO_CORRELATED_WITH_RAINFALL_REPLACE_WITH_NASA_SMAP_OR_ISRO_BHUVAN
PROD-0001143,2020-05-17,Gumgaon,Maharashtra,Nagpur,21.407941,78.985706,146.84,107.85,1.02,44,0.0,OFFICIAL_ANNUAL_PLAN,OFFICIAL_SAME_PERIOD,SYNTHETIC_DAILY_CALIBRATED_TO_PUBLIC_ANNUAL_REFERENCE,38.99,26.553,1,0.0,1.88,15.77,9.95,26.16,26.71,26.02,SYNTHETIC_DEMO_CORRELATED_WITH_RAINFALL_REPLACE_WITH_NASA_SMAP_OR_ISRO_BHUVAN
PROD-0001144,2020-05-18,Gumgaon,Maharashtra,Nagpur,21.407941,78.985706,156.5,115.47,0.0,0,0.0,OFFICIAL_ANNUAL_PLAN,OFFICIAL_SAME_PERIOD,SYNTHETIC_DAILY_CALIBRATED_TO_PUBLIC_ANNUAL_REFERENCE,41.03,26.217,1,0.0,1.69,8.87,9.85,24.06,25.71,25.68,SYNTHETIC_DEMO_CORRELATED_WITH_RAINFALL_REPLACE_WITH_NASA_SMAP_OR_ISRO_BHUVAN
PROD-0001145,2020-05-19,Gumgaon,Maharashtra,Nagpur,21.407941,78.985706,138.31,99.58,1.4,0,0.0,OFFICIAL_ANNUAL_PLAN,OFFICIAL_SAME_PERIOD,SYNTHETIC_DAILY_CALIBRATED_TO_PUBLIC_ANNUAL_REFERENCE,38.73,28.002,1,0.0,2.42,8.87,6.21,20.98,23.73,25.19,SYNTHETIC_DEMO_CORRELATED_WITH_RAINFALL_REPLACE_WITH_NASA_SMAP_OR_ISRO_BHUVAN
PROD-0001146,2020-05-20,Gumgaon,Maharashtra,Nagpur,21.407941,78.985706,152.98,108.36,2.62,0,6.27,OFFICIAL_ANNUAL_PLAN,OFFICIAL_SAME_PERIOD,SYNTHETIC_DAILY_CALIBRATED_TO_PUBLIC_ANNUAL_REFERENCE,44.62,29.167,1,6.27,4.02,15.14,7.86,25.95,23.66,25.7,SYNTHETIC_DEMO_CORRELATED_WITH_RAINFALL_REPLACE_WITH_NASA_SMAP_OR_ISRO_BHUVAN
PROD-0001147,2020-05-21,Gumgaon,Maharashtra,Nagpur,21.407941,78.985706,149.04,102.69,5.08,0,19.27,OFFICIAL_ANNUAL_PLAN,OFFICIAL_SAME_PERIOD,SYNTHETIC_DAILY_CALIBRATED_TO_PUBLIC_ANNUAL_REFERENCE,46.35,31.099,1,25.54,9.1,25.54,10.98,41.34,29.42,27.5,SYNTHETIC_DEMO_CORRELATED_WITH_RAINFALL_REPLACE_WITH_NASA_SMAP_OR_ISRO_BHUVAN
PROD-0001148,2020-05-22,Gumgaon,Maharashtra,Nagpur,21.407941,78.985706,159.32,112.09,2.41,61,20.59,OFFICIAL_ANNUAL_PLAN,OFFICIAL_SAME_PERIOD,SYNTHETIC_DAILY_CALIBRATED_TO_PUBLIC_ANNUAL_REFERENCE,47.23,29.645,1,46.13,10.11,46.13,13.2,55.93,41.07,31.62,SYNTHETIC_DEMO_CORRELATED_WITH_RAINFALL_REPLACE_WITH_NASA_SMAP_OR_ISRO_BHUVAN
PROD-0001149,2020-05-23,Gumgaon,Maharashtra,Nagpur,21.407941,78.985706,164.74,124.96,0.0,0,0.0,OFFICIAL_ANNUAL_PLAN,OFFICIAL_SAME_PERIOD,SYNTHETIC_DAILY_CALIBRATED_TO_PUBLIC_ANNUAL_REFERENCE,39.78,24.147,1,39.86,7.49,46.13,12.53,50.53,49.27,34.99,SYNTHETIC_DEMO_CORRELATED_WITH_RAINFALL_REPLACE_WITH_NASA_SMAP_OR_ISRO_BHUVAN
PROD-0001150,2020-05-24,Gumgaon,Maharashtra,Nagpur,21.407941,78.985706,140.95,108.13,0.87,0,0.0,OFFICIAL_ANNUAL_PLAN,OFFICIAL_SAME_PERIOD,SYNTHETIC_DAILY_CALIBRATED_TO_PUBLIC_ANNUAL_REFERENCE,32.82,23.285,1,20.59,3.28,46.13,12.38,50.88,52.45,38.52,SYNTHETIC_DEMO_CORRELATED_WITH_RAINFALL_REPLACE_WITH_NASA_SMAP_OR_ISRO_BHUVAN
PROD-0001151,2020-05-25,Gumgaon,Maharashtra,Nagpur,21.407941,78.985706,147.19,104.87,0.93,0,0.0,OFFICIAL_ANNUAL_PLAN,OFFICIAL_SAME_PERIOD,SYNTHETIC_DAILY_CALIBRATED_TO_PUBLIC_ANNUAL_REFERENCE,42.32,28.752,1,0.0,1.8,46.13,13.31,49.0,50.14,42.09,SYNTHETIC_DEMO_CORRELATED_WITH_RAINFALL_REPLACE_WITH_NASA_SMAP_OR_ISRO_BHUVAN
PROD-0001152,2020-05-26,Gumgaon,Maharashtra,Nagpur,21.407941,78.985706,153.17,108.96,5.74,0,0.0,OFFICIAL_ANNUAL_PLAN,OFFICIAL_SAME_PERIOD,SYNTHETIC_DAILY_CALIBRATED_TO_PUBLIC_ANNUAL_REFERENCE,44.21,28.863,1,0.0,7.54,46.13,17.65,45.92,48.6,45.65,SYNTHETIC_DEMO_CORRELATED_WITH_RAINFALL_REPLACE_WITH_NASA_SMAP_OR_ISRO_BHUVAN
PROD-0001153,2020-05-27,Gumgaon,Maharashtra,Nagpur,21.407941,78.985706,156.14,121.44,0.0,61,0.0,OFFICIAL_ANNUAL_PLAN,OFFICIAL_SAME_PERIOD,SYNTHETIC_DAILY_CALIBRATED_TO_PUBLIC_ANNUAL_REFERENCE,34.7,22.224,1,0.0,6.67,39.86,15.03,42.09,45.67,47.96,SYNTHETIC_DEMO_CORRELATED_WITH_RAINFALL_REPLACE_WITH_NASA_SMAP_OR_ISRO_BHUVAN
PROD-0001154,2020-05-28,Gumgaon,Maharashtra,Nagpur,21.407941,78.985706,139.17,102.11,0.18,0,12.21,OFFICIAL_ANNUAL_PLAN,OFFICIAL_SAME_PERIOD,SYNTHETIC_DAILY_CALIBRATED_TO_PUBLIC_ANNUAL_REFERENCE,37.06,26.629,1,12.21,5.92,32.8,10.13,50.55,46.19,49.27,SYNTHETIC_DEMO_CORRELATED_WITH_RAINFALL_REPLACE_WITH_NASA_SMAP_OR_ISRO_BHUVAN
PROD-0001155,2020-05-29,Gumgaon,Maharashtra,Nagpur,21.407941,78.985706,146.48,102.2,2.05,0,0.0,OFFICIAL_ANNUAL_PLAN,OFFICIAL_SAME_PERIOD,SYNTHETIC_DAILY_CALIBRATED_TO_PUBLIC_ANNUAL_REFERENCE,44.28,30.229,1,12.21,2.23,12.21,9.77,46.09,46.24,47.87,SYNTHETIC_DEMO_CORRELATED_WITH_RAINFALL_REPLACE_WITH_NASA_SMAP_OR_ISRO_BHUVAN
PROD-0001156,2020-05-30,Gumgaon,Maharashtra,Nagpur,21.407941,78.985706,124.89,93.47,0.42,0,0.0,OFFICIAL_ANNUAL_PLAN,OFFICIAL_SAME_PERIOD,SYNTHETIC_DAILY_CALIBRATED_TO_PUBLIC_ANNUAL_REFERENCE,31.42,25.158,1,12.21,2.65,12.21,10.19,44.79,47.14,47.05,SYNTHETIC_DEMO_CORRELATED_WITH_RAINFALL_REPLACE_WITH_NASA_SMAP_OR_ISRO_BHUVAN
PROD-0001157,2020-05-31,Gumgaon,Maharashtra,Nagpur,21.407941,78.985706,138.82,100.79,2.24,0,0.0,OFFICIAL_ANNUAL_PLAN,OFFICIAL_SAME_PERIOD,SYNTHETIC_DAILY_CALIBRATED_TO_PUBLIC_ANNUAL_REFERENCE,38.03,27.395,1,0.0,4.71,12.21,11.56,42.19,44.36,45.8,SYNTHETIC_DEMO_CORRELATED_WITH_RAINFALL_REPLACE_WITH_NASA_SMAP_OR_ISRO_BHUVAN
PROD-0001158,2020-06-01,Gumgaon,Maharashtra,Nagpur,21.407941,78.985706,146.96,106.08,2.62,49,0.0,OFFICIAL_ANNUAL_PLAN,OFFICIAL_SAME_PERIOD,SYNTHETIC_DAILY_CALIBRATED_TO_PUBLIC_ANNUAL_REFERENCE,40.88,27.817,1,0.0,5.28,12.21,13.25,40.55,42.51,44.6,SYNTHETIC_DEMO_CORRELATED_WITH_RAINFALL_REPLACE_WITH_NASA_SMAP_OR_ISRO_BHUVAN
PROD-0001159,2020-06-02,Gumgaon,Maharashtra,Nagpur,21.407941,78.985706,148.96,106.09,1.57,0,36.58,OFFICIAL_ANNUAL_PLAN,OFFICIAL_SAME_PERIOD,SYNTHETIC_DAILY_CALIBRATED_TO_PUBLIC_ANNUAL_REFERENCE,42.87,28.78,1,36.58,6.43,48.79,9.08,60.0,47.58,46.61,SYNTHETIC_DEMO_CORRELATED_WITH_RAINFALL_REPLACE_WITH_NASA_SMAP_OR_ISRO_BHUVAN
PROD-0001160,2020-06-03,Gumgaon,Maharashtra,Nagpur,21.407941,78.985706,143.86,102.94,0.51,0,34.17,OFFICIAL_ANNUAL_PLAN,OFFICIAL_SAME_PERIOD,SYNTHETIC_DAILY_CALIBRATED_TO_PUBLIC_ANNUAL_REFERENCE,40.92,28.444,1,70.75,4.7,82.96,9.59,60.0,53.52,49.17,SYNTHETIC_DEMO_CORRELATED_WITH_RAINFALL_REPLACE_WITH_NASA_SMAP_OR_ISRO_BHUVAN
PROD-0001161,2020-06-04,Gumgaon,Maharashtra,Nagpur,21.407941,78.985706,152.2,111.45,0.47,0,31.05,OFFICIAL_ANNUAL_PLAN,OFFICIAL_SAME_PERIOD,SYNTHETIC_DAILY_CALIBRATED_TO_PUBLIC_ANNUAL_REFERENCE,40.75,26.774,1,101.8,2.55,101.8,9.88,60.0,60.0,50.52,SYNTHETIC_DEMO_CORRELATED_WITH_RAINFALL_REPLACE_WITH_NASA_SMAP_OR_ISRO_BHUVAN
PROD-0001162,2020-06-05,Gumgaon,Maharashtra,Nagpur,21.407941,78.985706,146.55,93.95,6.16,64,33.18,OFFICIAL_ANNUAL_PLAN,OFFICIAL_SAME_PERIOD,SYNTHETIC_DAILY_CALIBRATED_TO_PUBLIC_ANNUAL_REFERENCE,52.6,35.892,1,98.4,7.14,134.98,13.99,60.0,60.0,52.5,SYNTHETIC_DEMO_CORRELATED_WITH_RAINFALL_REPLACE_WITH_NASA_SMAP_OR_ISRO_BHUVAN
PROD-0001163,2020-06-06,Gumgaon,Maharashtra,Nagpur,21.407941,78.985706,153.07,107.68,1.43,43,95.1,OFFICIAL_ANNUAL_PLAN,OFFICIAL_SAME_PERIOD,SYNTHETIC_DAILY_CALIBRATED_TO_PUBLIC_ANNUAL_REFERENCE,45.39,29.653,1,159.33,8.06,230.08,15.0,60.0,60.0,54.68,SYNTHETIC_DEMO_CORRELATED_WITH_RAINFALL_REPLACE_WITH_NASA_SMAP_OR_ISRO_BHUVAN
PROD-0001164,2020-06-07,Gumgaon,Maharashtra,Nagpur,21.407941,78.985706,140.27,106.68,0.0,0,0.0,OFFICIAL_ANNUAL_PLAN,OFFICIAL_SAME_PERIOD,SYNTHETIC_DAILY_CALIBRATED_TO_PUBLIC_ANNUAL_REFERENCE,33.59,23.947,1,128.28,7.59,230.08,12.76,58.79,59.6,57.05,SYNTHETIC_DEMO_CORRELATED_WITH_RAINFALL_REPLACE_WITH_NASA_SMAP_OR_ISRO_BHUVAN
PROD-0001165,2020-06-08,Gumgaon,Maharashtra,Nagpur,21.407941,78.985706,133.23,95.02,2.19,17,20.18,OFFICIAL_ANNUAL_PLAN,OFFICIAL_SAME_PERIOD,SYNTHETIC_DAILY_CALIBRATED_TO_PUBLIC_ANNUAL_REFERENCE,38.21,28.68,1,115.28,3.62,250.26,12.33,60.0,59.6,59.83,SYNTHETIC_DEMO_CORRELATED_WITH_RAINFALL_REPLACE_WITH_NASA_SMAP_OR_ISRO_BHUVAN
PROD-0001166,2020-06-09,Gumgaon,Maharashtra,Nagpur,21.407941,78.985706,147.29,108.0,0.71,0,0.0,OFFICIAL_ANNUAL_PLAN,OFFICIAL_SAME_PERIOD,SYNTHETIC_DAILY_CALIBRATED_TO_PUBLIC_ANNUAL_REFERENCE,39.29,26.675,1,20.18,2.9,213.68,11.47,55.2,58.0,59.14,SYNTHETIC_DEMO_CORRELATED_WITH_RAINFALL_REPLACE_WITH_NASA_SMAP_OR_ISRO_BHUVAN
PROD-0001167,2020-06-10,Gumgaon,Maharashtra,Nagpur,21.407941,78.985706,143.39,101.38,4.18,0,0.0,OFFICIAL_ANNUAL_PLAN,OFFICIAL_SAME_PERIOD,SYNTHETIC_DAILY_CALIBRATED_TO_PUBLIC_ANNUAL_REFERENCE,42.01,29.298,1,20.18,7.08,179.51,15.14,52.99,56.06,58.14,SYNTHETIC_DEMO_CORRELATED_WITH_RAINFALL_REPLACE_WITH_NASA_SMAP_OR_ISRO_BHUVAN
PROD-0001168,2020-06-11,Gumgaon,Maharashtra,Nagpur,21.407941,78.985706,160.19,118.59,1.0,0,0.0,OFFICIAL_ANNUAL_PLAN,OFFICIAL_SAME_PERIOD,SYNTHETIC_DAILY_CALIBRATED_TO_PUBLIC_ANNUAL_REFERENCE,41.6,25.969,1,0.0,5.89,148.46,15.67,49.15,52.45,56.59,SYNTHETIC_DEMO_CORRELATED_WITH_RAINFALL_REPLACE_WITH_NASA_SMAP_OR_ISRO_BHUVAN
PROD-0001169,2020-06-12,Gumgaon,Maharashtra,Nagpur,21.407941,78.985706,140.59,100.7,4.05,0,3.97,OFFICIAL_ANNUAL_PLAN,OFFICIAL_SAME_PERIOD,SYNTHETIC_DAILY_CALIBRATED_TO_PUBLIC_ANNUAL_REFERENCE,39.89,28.373,1,3.97,9.23,119.25,13.56,51.3,51.15,55.35,SYNTHETIC_DEMO_CORRELATED_WITH_RAINFALL_REPLACE_WITH_NASA_SMAP_OR_ISRO_BHUVAN
PROD-0001170,2020-06-13,Gumgaon,Maharashtra,Nagpur,21.407941,78.985706,135.35,96.94,2.55,0,5.11,OFFICIAL_ANNUAL_PLAN,OFFICIAL_SAME_PERIOD,SYNTHETIC_DAILY_CALIBRATED_TO_PUBLIC_ANNUAL_REFERENCE,38.41,28.378,1,9.08,7.6,29.26,14.68,53.78,51.41,54.46,SYNTHETIC_DEMO_CORRELATED_WITH_RAINFALL_REPLACE_WITH_NASA_SMAP_OR_ISRO_BHUVAN
PROD-0001171,2020-06-14,Gumgaon,Maharashtra,Nagpur,21.407941,78.985706,136.87,101.35,1.53,0,0.0,OFFICIAL_ANNUAL_PLAN,OFFICIAL_SAME_PERIOD,SYNTHETIC_DAILY_CALIBRATED_TO_PUBLIC_ANNUAL_REFERENCE,35.52,25.952,1,9.08,8.13,29.26,16.21,51.46,52.18,53.41,SYNTHETIC_DEMO_CORRELATED_WITH_RAINFALL_REPLACE_WITH_NASA_SMAP_OR_ISRO_BHUVAN
PROD-0001172,2020-06-15,Gumgaon,Maharashtra,Nagpur,21.407941,78.985706,133.02,100.63,0.0,0,0.0,OFFICIAL_ANNUAL_PLAN,OFFICIAL_SAME_PERIOD,SYNTHETIC_DAILY_CALIBRATED_TO_PUBLIC_ANNUAL_REFERENCE,32.39,24.35,1,5.11,4.08,9.08,14.02,48.7,51.31,51.8,SYNTHETIC_DEMO_CORRELATED_WITH_RAINFALL_REPLACE_WITH_NASA_SMAP_OR_ISRO_BHUVAN
PROD-0001173,2020-06-16,Gumgaon,Maharashtra,Nagpur,21.407941,78.985706,159.38,114.56,2.07,33,39.52,OFFICIAL_ANNUAL_PLAN,OFFICIAL_SAME_PERIOD,SYNTHETIC_DAILY_CALIBRATED_TO_PUBLIC_ANNUAL_REFERENCE,44.82,28.121,1,39.52,3.6,48.6,15.38,60.0,53.39,52.48,SYNTHETIC_DEMO_CORRELATED_WITH_RAINFALL_REPLACE_WITH_NASA_SMAP_OR_ISRO_BHUVAN
PROD-0001174,2020-06-17,Gumgaon,Maharashtra,Nagpur,21.407941,78.985706,148.42,99.83,6.4,0,22.01,OFFICIAL_ANNUAL_PLAN,OFFICIAL_SAME_PERIOD,SYNTHETIC_DAILY_CALIBRATED_TO_PUBLIC_ANNUAL_REFERENCE,48.59,32.738,1,61.53,8.47,70.61,17.6,60.0,56.23,53.48,SYNTHETIC_DEMO_CORRELATED_WITH_RAINFALL_REPLACE_WITH_NASA_SMAP_OR_ISRO_BHUVAN
PROD-0001175,2020-06-18,Gumgaon,Maharashtra,Nagpur,21.407941,78.985706,125.89,96.56,0.25,29,0.0,OFFICIAL_ANNUAL_PLAN,OFFICIAL_SAME_PERIOD,SYNTHETIC_DAILY_CALIBRATED_TO_PUBLIC_ANNUAL_REFERENCE,29.33,23.298,1,61.53,8.72,70.61,16.85,56.74,58.91,54.57,SYNTHETIC_DEMO_CORRELATED_WITH_RAINFALL_REPLACE_WITH_NASA_SMAP_OR_ISRO_BHUVAN
PROD-0001176,2020-06-19,Gumgaon,Maharashtra,Nagpur,21.407941,78.985706,136.73,106.29,0.11,0,7.23,OFFICIAL_ANNUAL_PLAN,OFFICIAL_SAME_PERIOD,SYNTHETIC_DAILY_CALIBRATED_TO_PUBLIC_ANNUAL_REFERENCE,30.44,22.263,1,29.24,6.76,73.87,12.91,59.56,58.77,55.75,SYNTHETIC_DEMO_CORRELATED_WITH_RAINFALL_REPLACE_WITH_NASA_SMAP_OR_ISRO_BHUVAN
PROD-0001177,2020-06-20,Gumgaon,Maharashtra,Nagpur,21.407941,78.985706,148.94,105.95,1.95,0,12.77,OFFICIAL_ANNUAL_PLAN,OFFICIAL_SAME_PERIOD,SYNTHETIC_DAILY_CALIBRATED_TO_PUBLIC_ANNUAL_REFERENCE,42.99,28.864,1,20.0,2.31,81.53,12.31,60.0,58.77,56.64,SYNTHETIC_DEMO_CORRELATED_WITH_RAINFALL_REPLACE_WITH_NASA_SMAP_OR_ISRO_BHUVAN
PROD-0001178,2020-06-21,Gumgaon,Maharashtra,Nagpur,21.407941,78.985706,143.68,109.41,0.44,0,0.0,OFFICIAL_ANNUAL_PLAN,OFFICIAL_SAME_PERIOD,SYNTHETIC_DAILY_CALIBRATED_TO_PUBLIC_ANNUAL_REFERENCE,34.27,23.852,1,20.0,2.5,81.53,11.22,57.95,59.17,57.56,SYNTHETIC_DEMO_CORRELATED_WITH_RAINFALL_REPLACE_WITH_NASA_SMAP_OR_ISRO_BHUVAN
PROD-0001179,2020-06-22,Gumgaon,Maharashtra,Nagpur,21.407941,78.985706,166.67,121.33,3.88,30,20.42,OFFICIAL_ANNUAL_PLAN,OFFICIAL_SAME_PERIOD,SYNTHETIC_DAILY_CALIBRATED_TO_PUBLIC_ANNUAL_REFERENCE,45.34,27.203,1,33.19,6.27,101.95,15.1,60.0,59.32,59.18,SYNTHETIC_DEMO_CORRELATED_WITH_RAINFALL_REPLACE_WITH_NASA_SMAP_OR_ISRO_BHUVAN
PROD-0001180,2020-06-23,Gumgaon,Maharashtra,Nagpur,21.407941,78.985706,144.94,102.69,0.76,0,28.82,OFFICIAL_ANNUAL_PLAN,OFFICIAL_SAME_PERIOD,SYNTHETIC_DAILY_CALIBRATED_TO_PUBLIC_ANNUAL_REFERENCE,42.25,29.15,1,49.24,5.08,91.25,13.79,60.0,59.32,59.18,SYNTHETIC_DEMO_CORRELATED_WITH_RAINFALL_REPLACE_WITH_NASA_SMAP_OR_ISRO_BHUVAN
PROD-0001181,2020-06-24,Gumgaon,Maharashtra,Nagpur,21.407941,78.985706,148.48,106.12,1.05,0,69.73,OFFICIAL_ANNUAL_PLAN,OFFICIAL_SAME_PERIOD,SYNTHETIC_DAILY_CALIBRATED_TO_PUBLIC_ANNUAL_REFERENCE,42.36,28.529,1,118.97,5.69,138.97,8.44,60.0,60.0,59.18,SYNTHETIC_DEMO_CORRELATED_WITH_RAINFALL_REPLACE_WITH_NASA_SMAP_OR_ISRO_BHUVAN
PROD-0001182,2020-06-25,Gumgaon,Maharashtra,Nagpur,21.407941,78.985706,159.26,112.07,0.0,84,0.0,OFFICIAL_ANNUAL_PLAN,OFFICIAL_SAME_PERIOD,SYNTHETIC_DAILY_CALIBRATED_TO_PUBLIC_ANNUAL_REFERENCE,47.19,29.631,1,98.55,1.81,138.97,8.19,56.55,58.85,59.15,SYNTHETIC_DEMO_CORRELATED_WITH_RAINFALL_REPLACE_WITH_NASA_SMAP_OR_ISRO_BHUVAN
PROD-0001183,2020-06-26,Gumgaon,Maharashtra,Nagpur,21.407941,78.985706,152.6,114.49,1.16,0,0.0,OFFICIAL_ANNUAL_PLAN,OFFICIAL_SAME_PERIOD,SYNTHETIC_DAILY_CALIBRATED_TO_PUBLIC_ANNUAL_REFERENCE,38.11,24.974,1,69.73,2.21,131.74,9.24,53.47,56.67,58.28,SYNTHETIC_DEMO_CORRELATED_WITH_RAINFALL_REPLACE_WITH_NASA_SMAP_OR_ISRO_BHUVAN
PROD-0001184,2020-06-27,Gumgaon,Maharashtra,Nagpur,21.407941,78.985706,143.56,103.19,2.16,0,38.2,OFFICIAL_ANNUAL_PLAN,OFFICIAL_SAME_PERIOD,SYNTHETIC_DAILY_CALIBRATED_TO_PUBLIC_ANNUAL_REFERENCE,40.37,28.121,1,38.2,3.32,157.17,9.45,60.0,56.67,58.28,SYNTHETIC_DEMO_CORRELATED_WITH_RAINFALL_REPLACE_WITH_NASA_SMAP_OR_ISRO_BHUVAN
PROD-0001185,2020-06-28,Gumgaon,Maharashtra,Nagpur,21.407941,78.985706,158.41,120.4,0.25,0,16.46,OFFICIAL_ANNUAL_PLAN,OFFICIAL_SAME_PERIOD,SYNTHETIC_DAILY_CALIBRATED_TO_PUBLIC_ANNUAL_REFERENCE,38.01,23.995,1,54.66,3.57,173.63,9.26,60.0,57.82,58.57,SYNTHETIC_DEMO_CORRELATED_WITH_RAINFALL_REPLACE_WITH_NASA_SMAP_OR_ISRO_BHUVAN
PROD-0001186,2020-06-29,Gumgaon,Maharashtra,Nagpur,21.407941,78.985706,147.07,110.58,2.34,0,0.0,OFFICIAL_ANNUAL_PLAN,OFFICIAL_SAME_PERIOD,SYNTHETIC_DAILY_CALIBRATED_TO_PUBLIC_ANNUAL_REFERENCE,36.49,24.811,1,54.66,4.75,153.21,7.72,56.08,58.69,58.01,SYNTHETIC_DEMO_CORRELATED_WITH_RAINFALL_REPLACE_WITH_NASA_SMAP_OR_ISRO_BHUVAN
PROD-0001187,2020-06-30,Gumgaon,Maharashtra,Nagpur,21.407941,78.985706,149.35,103.58,4.26,0,17.21,OFFICIAL_ANNUAL_PLAN,OFFICIAL_SAME_PERIOD,SYNTHETIC_DAILY_CALIBRATED_TO_PUBLIC_ANNUAL_REFERENCE,45.77,30.646,1,33.67,6.85,141.6,11.22,60.0,58.69,58.01,SYNTHETIC_DEMO_CORRELATED_WITH_RAINFALL_REPLACE_WITH_NASA_SMAP_OR_ISRO_BHUVAN
PROD-0001188,2020-07-01,Gumgaon,Maharashtra,Nagpur,21.407941,78.985706,147.41,107.59,1.42,0,4.14,OFFICIAL_ANNUAL_PLAN,OFFICIAL_SAME_PERIOD,SYNTHETIC_DAILY_CALIBRATED_TO_PUBLIC_ANNUAL_REFERENCE,39.82,27.013,1,21.35,8.02,76.01,11.59,60.0,58.69,58.01,SYNTHETIC_DEMO_CORRELATED_WITH_RAINFALL_REPLACE_WITH_NASA_SMAP_OR_ISRO_BHUVAN
PROD-0001189,2020-07-02,Gumgaon,Maharashtra,Nagpur,21.407941,78.985706,147.89,108.6,0.98,0,0.0,OFFICIAL_ANNUAL_PLAN,OFFICIAL_SAME_PERIOD,SYNTHETIC_DAILY_CALIBRATED_TO_PUBLIC_ANNUAL_REFERENCE,39.29,26.567,1,21.35,6.66,76.01,12.57,57.78,59.26,58.19,SYNTHETIC_DEMO_CORRELATED_WITH_RAINFALL_REPLACE_WITH_NASA_SMAP_OR_ISRO_BHUVAN
PROD-0001190,2020-07-03,Gumgaon,Maharashtra,Nagpur,21.407941,78.985706,146.94,111.07,0.0,0,0.0,OFFICIAL_ANNUAL_PLAN,OFFICIAL_SAME_PERIOD,SYNTHETIC_DAILY_CALIBRATED_TO_PUBLIC_ANNUAL_REFERENCE,35.87,24.411,1,4.14,2.4,76.01,11.41,53.62,57.13,58.21,SYNTHETIC_DEMO_CORRELATED_WITH_RAINFALL_REPLACE_WITH_NASA_SMAP_OR_ISRO_BHUVAN
PROD-0001191,2020-07-04,Gumgaon,Maharashtra,Nagpur,21.407941,78.985706,152.26,113.64,0.11,0,7.39,OFFICIAL_ANNUAL_PLAN,OFFICIAL_SAME_PERIOD,SYNTHETIC_DAILY_CALIBRATED_TO_PUBLIC_ANNUAL_REFERENCE,38.62,25.365,1,7.39,1.09,45.2,9.36,57.34,56.25,57.83,SYNTHETIC_DEMO_CORRELATED_WITH_RAINFALL_REPLACE_WITH_NASA_SMAP_OR_ISRO_BHUVAN
PROD-0001192,2020-07-05,Gumgaon,Maharashtra,Nagpur,21.407941,78.985706,120.62,87.76,0.4,0,26.74,OFFICIAL_ANNUAL_PLAN,OFFICIAL_SAME_PERIOD,SYNTHETIC_DAILY_CALIBRATED_TO_PUBLIC_ANNUAL_REFERENCE,32.86,27.243,1,34.13,0.51,55.48,9.51,60.0,56.99,57.83,SYNTHETIC_DEMO_CORRELATED_WITH_RAINFALL_REPLACE_WITH_NASA_SMAP_OR_ISRO_BHUVAN
PROD-0001193,2020-07-06,Gumgaon,Maharashtra,Nagpur,21.407941,78.985706,137.37,104.06,0.29,0,19.27,OFFICIAL_ANNUAL_PLAN,OFFICIAL_SAME_PERIOD,SYNTHETIC_DAILY_CALIBRATED_TO_PUBLIC_ANNUAL_REFERENCE,33.31,24.248,1,53.4,0.8,74.75,7.46,60.0,59.11,58.39,SYNTHETIC_DEMO_CORRELATED_WITH_RAINFALL_REPLACE_WITH_NASA_SMAP_OR_ISRO_BHUVAN
PROD-0001194,2020-07-07,Gumgaon,Maharashtra,Nagpur,21.407941,78.985706,145.0,103.79,2.68,0,0.0,OFFICIAL_ANNUAL_PLAN,OFFICIAL_SAME_PERIOD,SYNTHETIC_DAILY_CALIBRATED_TO_PUBLIC_ANNUAL_REFERENCE,41.21,28.421,1,46.01,3.37,57.54,5.88,56.2,58.73,57.85,SYNTHETIC_DEMO_CORRELATED_WITH_RAINFALL_REPLACE_WITH_NASA_SMAP_OR_ISRO_BHUVAN
PROD-0001195,2020-07-08,Gumgaon,Maharashtra,Nagpur,21.407941,78.985706,141.05,104.33,2.11,0,10.61,OFFICIAL_ANNUAL_PLAN,OFFICIAL_SAME_PERIOD,SYNTHETIC_DAILY_CALIBRATED_TO_PUBLIC_ANNUAL_REFERENCE,36.72,26.033,1,29.88,5.08,64.01,6.57,60.0,58.73,57.85,SYNTHETIC_DEMO_CORRELATED_WITH_RAINFALL_REPLACE_WITH_NASA_SMAP_OR_ISRO_BHUVAN
PROD-0001196,2020-07-09,Gumgaon,Maharashtra,Nagpur,21.407941,78.985706,135.56,101.94,0.35,0,0.0,OFFICIAL_ANNUAL_PLAN,OFFICIAL_SAME_PERIOD,SYNTHETIC_DAILY_CALIBRATED_TO_PUBLIC_ANNUAL_REFERENCE,33.62,24.801,1,10.61,5.14,64.01,5.94,55.37,57.19,57.5,SYNTHETIC_DEMO_CORRELATED_WITH_RAINFALL_REPLACE_WITH_NASA_SMAP_OR_ISRO_BHUVAN
PROD-0001197,2020-07-10,Gumgaon,Maharashtra,Nagpur,21.407941,78.985706,147.06,108.57,0.0,25,0.0,OFFICIAL_ANNUAL_PLAN,OFFICIAL_SAME_PERIOD,SYNTHETIC_DAILY_CALIBRATED_TO_PUBLIC_ANNUAL_REFERENCE,38.49,26.173,1,10.61,2.46,64.01,5.94,53.76,56.38,57.52,SYNTHETIC_DEMO_CORRELATED_WITH_RAINFALL_REPLACE_WITH_NASA_SMAP_OR_ISRO_BHUVAN
PROD-0001198,2020-07-11,Gumgaon,Maharashtra,Nagpur,21.407941,78.985706,156.27,115.03,3.43,0,0.0,OFFICIAL_ANNUAL_PLAN,OFFICIAL_SAME_PERIOD,SYNTHETIC_DAILY_CALIBRATED_TO_PUBLIC_ANNUAL_REFERENCE,41.24,26.39,1,0.0,3.78,56.62,9.26,49.99,53.04,56.47,SYNTHETIC_DEMO_CORRELATED_WITH_RAINFALL_REPLACE_WITH_NASA_SMAP_OR_ISRO_BHUVAN
PROD-0001199,2020-07-12,Gumgaon,Maharashtra,Nagpur,21.407941,78.985706,146.73,110.52,1.77,0,0.0,OFFICIAL_ANNUAL_PLAN,OFFICIAL_SAME_PERIOD,SYNTHETIC_DAILY_CALIBRATED_TO_PUBLIC_ANNUAL_REFERENCE,36.21,24.678,1,0.0,5.2,29.88,10.63,47.06,50.27,54.63,SYNTHETIC_DEMO_CORRELATED_WITH_RAINFALL_REPLACE_WITH_NASA_SMAP_OR_ISRO_BHUVAN
PROD-0001200,2020-07-13,Gumgaon,Maharashtra,Nagpur,21.407941,78.985706,171.55,124.92,1.47,0,33.75,OFFICIAL_ANNUAL_PLAN,OFFICIAL_SAME_PERIOD,SYNTHETIC_DAILY_CALIBRATED_TO_PUBLIC_ANNUAL_REFERENCE,46.63,27.182,1,33.75,6.67,44.36,11.81,60.0,52.35,54.63,SYNTHETIC_DEMO_CORRELATED_WITH_RAINFALL_REPLACE_WITH_NASA_SMAP_OR_ISRO_BHUVAN
PROD-0001201,2020-07-14,Gumgaon,Maharashtra,Nagpur,21.407941,78.985706,146.85,108.51,2.49,0,0.0,OFFICIAL_ANNUAL_PLAN,OFFICIAL_SAME_PERIOD,SYNTHETIC_DAILY_CALIBRATED_TO_PUBLIC_ANNUAL_REFERENCE,38.34,26.108,1,33.75,5.73,44.36,11.62,55.4,54.15,54.51,SYNTHETIC_DEMO_CORRELATED_WITH_RAINFALL_REPLACE_WITH_NASA_SMAP_OR_ISRO_BHUVAN
PROD-0001202,2020-07-15,Gumgaon,Maharashtra,Nagpur,21.407941,78.985706,140.51,103.98,0.11,0,7.64,OFFICIAL_ANNUAL_PLAN,OFFICIAL_SAME_PERIOD,SYNTHETIC_DAILY_CALIBRATED_TO_PUBLIC_ANNUAL_REFERENCE,36.53,25.998,1,41.39,4.07,41.39,9.62,58.13,57.84,54.24,SYNTHETIC_DEMO_CORRELATED_WITH_RAINFALL_REPLACE_WITH_NASA_SMAP_OR_ISRO_BHUVAN
PROD-0001203,2020-07-16,Gumgaon,Maharashtra,Nagpur,21.407941,78.985706,142.87,104.52,0.0,0,0.0,OFFICIAL_ANNUAL_PLAN,OFFICIAL_SAME_PERIOD,SYNTHETIC_DAILY_CALIBRATED_TO_PUBLIC_ANNUAL_REFERENCE,38.35,26.843,1,7.64,2.6,41.39,9.27,54.01,55.85,54.05,SYNTHETIC_DEMO_CORRELATED_WITH_RAINFALL_REPLACE_WITH_NASA_SMAP_OR_ISRO_BHUVAN
PROD-0001204,2020-07-17,Gumgaon,Maharashtra,Nagpur,21.407941,78.985706,154.85,113.94,1.34,32,40.55,OFFICIAL_ANNUAL_PLAN,OFFICIAL_SAME_PERIOD,SYNTHETIC_DAILY_CALIBRATED_TO_PUBLIC_ANNUAL_REFERENCE,40.91,26.419,1,48.19,1.45,81.94,10.61,60.0,57.38,54.94,SYNTHETIC_DEMO_CORRELATED_WITH_RAINFALL_REPLACE_WITH_NASA_SMAP_OR_ISRO_BHUVAN
PROD-0001205,2020-07-18,Gumgaon,Maharashtra,Nagpur,21.407941,78.985706,164.24,116.86,1.15,15,9.23,OFFICIAL_ANNUAL_PLAN,OFFICIAL_SAME_PERIOD,SYNTHETIC_DAILY_CALIBRATED_TO_PUBLIC_ANNUAL_REFERENCE,47.38,28.848,1,49.78,2.49,91.17,8.33,60.0,58.0,56.37,SYNTHETIC_DEMO_CORRELATED_WITH_RAINFALL_REPLACE_WITH_NASA_SMAP_OR_ISRO_BHUVAN
PROD-0001206,2020-07-19,Gumgaon,Maharashtra,Nagpur,21.407941,78.985706,134.18,104.08,2.22,0,35.48,OFFICIAL_ANNUAL_PLAN,OFFICIAL_SAME_PERIOD,SYNTHETIC_DAILY_CALIBRATED_TO_PUBLIC_ANNUAL_REFERENCE,30.1,22.433,1,85.26,4.71,126.65,8.78,60.0,60.0,58.22,SYNTHETIC_DEMO_CORRELATED_WITH_RAINFALL_REPLACE_WITH_NASA_SMAP_OR_ISRO_BHUVAN
PROD-0001207,2020-07-20,Gumgaon,Maharashtra,Nagpur,21.407941,78.985706,133.76,91.95,2.18,0,16.99,OFFICIAL_ANNUAL_PLAN,OFFICIAL_SAME_PERIOD,SYNTHETIC_DAILY_CALIBRATED_TO_PUBLIC_ANNUAL_REFERENCE,41.81,31.257,1,61.7,5.55,109.89,9.49,60.0,60.0,58.22,SYNTHETIC_DEMO_CORRELATED_WITH_RAINFALL_REPLACE_WITH_NASA_SMAP_OR_ISRO_BHUVAN
PROD-0001208,2020-07-21,Gumgaon,Maharashtra,Nagpur,21.407941,78.985706,136.69,99.46,0.0,84,0.0,OFFICIAL_ANNUAL_PLAN,OFFICIAL_SAME_PERIOD,SYNTHETIC_DAILY_CALIBRATED_TO_PUBLIC_ANNUAL_REFERENCE,37.23,27.237,1,52.47,4.4,109.89,7.0,58.23,59.41,58.62,SYNTHETIC_DEMO_CORRELATED_WITH_RAINFALL_REPLACE_WITH_NASA_SMAP_OR_ISRO_BHUVAN
PROD-0001209,2020-07-22,Gumgaon,Maharashtra,Nagpur,21.407941,78.985706,163.65,121.63,0.1,58,6.96,OFFICIAL_ANNUAL_PLAN,OFFICIAL_SAME_PERIOD,SYNTHETIC_DAILY_CALIBRATED_TO_PUBLIC_ANNUAL_REFERENCE,42.02,25.677,1,23.95,2.28,109.21,6.99,59.82,59.35,58.87,SYNTHETIC_DEMO_CORRELATED_WITH_RAINFALL_REPLACE_WITH_NASA_SMAP_OR_ISRO_BHUVAN
PROD-0001210,2020-07-23,Gumgaon,Maharashtra,Nagpur,21.407941,78.985706,158.62,111.86,0.18,66,12.29,OFFICIAL_ANNUAL_PLAN,OFFICIAL_SAME_PERIOD,SYNTHETIC_DAILY_CALIBRATED_TO_PUBLIC_ANNUAL_REFERENCE,46.76,29.479,1,19.25,0.28,121.5,7.17,60.0,59.35,59.72,SYNTHETIC_DEMO_CORRELATED_WITH_RAINFALL_REPLACE_WITH_NASA_SMAP_OR_ISRO_BHUVAN
PROD-0001211,2020-07-24,Gumgaon,Maharashtra,Nagpur,21.407941,78.985706,145.44,103.42,1.04,0,47.12,OFFICIAL_ANNUAL_PLAN,OFFICIAL_SAME_PERIOD,SYNTHETIC_DAILY_CALIBRATED_TO_PUBLIC_ANNUAL_REFERENCE,42.02,28.892,1,66.37,1.32,128.07,6.87,60.0,59.94,59.72,SYNTHETIC_DEMO_CORRELATED_WITH_RAINFALL_REPLACE_WITH_NASA_SMAP_OR_ISRO_BHUVAN
PROD-0001212,2020-07-25,Gumgaon,Maharashtra,Nagpur,21.407941,78.985706,148.44,110.02,1.49,0,23.86,OFFICIAL_ANNUAL_PLAN,OFFICIAL_SAME_PERIOD,SYNTHETIC_DAILY_CALIBRATED_TO_PUBLIC_ANNUAL_REFERENCE,38.42,25.883,1,83.27,2.71,142.7,7.21,60.0,60.0,59.72,SYNTHETIC_DEMO_CORRELATED_WITH_RAINFALL_REPLACE_WITH_NASA_SMAP_OR_ISRO_BHUVAN
PROD-0001213,2020-07-26,Gumgaon,Maharashtra,Nagpur,21.407941,78.985706,151.73,105.95,5.42,0,6.23,OFFICIAL_ANNUAL_PLAN,OFFICIAL_SAME_PERIOD,SYNTHETIC_DAILY_CALIBRATED_TO_PUBLIC_ANNUAL_REFERENCE,45.78,30.172,1,77.21,7.95,113.45,10.41,60.0,60.0,59.72,SYNTHETIC_DEMO_CORRELATED_WITH_RAINFALL_REPLACE_WITH_NASA_SMAP_OR_ISRO_BHUVAN
PROD-0001214,2020-07-27,Gumgaon,Maharashtra,Nagpur,21.407941,78.985706,131.76,96.92,0.67,0,44.81,OFFICIAL_ANNUAL_PLAN,OFFICIAL_SAME_PERIOD,SYNTHETIC_DAILY_CALIBRATED_TO_PUBLIC_ANNUAL_REFERENCE,34.84,26.442,1,74.9,7.58,141.27,8.9,60.0,60.0,59.72,SYNTHETIC_DEMO_CORRELATED_WITH_RAINFALL_REPLACE_WITH_NASA_SMAP_OR_ISRO_BHUVAN
PROD-0001215,2020-07-28,Gumgaon,Maharashtra,Nagpur,21.407941,78.985706,153.71,107.19,2.59,30,0.0,OFFICIAL_ANNUAL_PLAN,OFFICIAL_SAME_PERIOD,SYNTHETIC_DAILY_CALIBRATED_TO_PUBLIC_ANNUAL_REFERENCE,46.52,30.265,1,51.04,8.68,141.27,11.49,56.47,58.82,59.47,SYNTHETIC_DEMO_CORRELATED_WITH_RAINFALL_REPLACE_WITH_NASA_SMAP_OR_ISRO_BHUVAN
PROD-0001216,2020-07-29,Gumgaon,Maharashtra,Nagpur,21.407941,78.985706,129.02,99.15,0.14,0,9.54,OFFICIAL_ANNUAL_PLAN,OFFICIAL_SAME_PERIOD,SYNTHETIC_DAILY_CALIBRATED_TO_PUBLIC_ANNUAL_REFERENCE,29.87,23.151,1,54.35,3.4,143.85,11.53,60.0,58.82,59.5,SYNTHETIC_DEMO_CORRELATED_WITH_RAINFALL_REPLACE_WITH_NASA_SMAP_OR_ISRO_BHUVAN
PROD-0001217,2020-07-30,Gumgaon,Maharashtra,Nagpur,21.407941,78.985706,160.1,123.15,0.0,13,0.0,OFFICIAL_ANNUAL_PLAN,OFFICIAL_SAME_PERIOD,SYNTHETIC_DAILY_CALIBRATED_TO_PUBLIC_ANNUAL_REFERENCE,36.95,23.079,1,9.54,2.73,131.56,11.35,56.44,57.64,58.99,SYNTHETIC_DEMO_CORRELATED_WITH_RAINFALL_REPLACE_WITH_NASA_SMAP_OR_ISRO_BHUVAN
PROD-0001218,2020-07-31,Gumgaon,Maharashtra,Nagpur,21.407941,78.985706,139.44,102.48,0.39,0,25.77,OFFICIAL_ANNUAL_PLAN,OFFICIAL_SAME_PERIOD,SYNTHETIC_DAILY_CALIBRATED_TO_PUBLIC_ANNUAL_REFERENCE,36.96,26.506,1,35.31,0.53,110.21,10.7,60.0,58.81,58.99,SYNTHETIC_DEMO_CORRELATED_WITH_RAINFALL_REPLACE_WITH_NASA_SMAP_OR_ISRO_BHUVAN
PROD-0001219,2020-08-01,Gumgaon,Maharashtra,Nagpur,21.407941,78.985706,130.65,100.27,0.23,0,15.26,OFFICIAL_ANNUAL_PLAN,OFFICIAL_SAME_PERIOD,SYNTHETIC_DAILY_CALIBRATED_TO_PUBLIC_ANNUAL_REFERENCE,30.38,23.253,1,41.03,0.62,101.61,9.44,60.0,58.81,58.99,SYNTHETIC_DEMO_CORRELATED_WITH_RAINFALL_REPLACE_WITH_NASA_SMAP_OR_ISRO_BHUVAN
PROD-0001220,2020-08-02,Gumgaon,Maharashtra,Nagpur,21.407941,78.985706,151.76,111.03,3.26,40,26.15,OFFICIAL_ANNUAL_PLAN,OFFICIAL_SAME_PERIOD,SYNTHETIC_DAILY_CALIBRATED_TO_PUBLIC_ANNUAL_REFERENCE,40.73,26.838,1,67.18,3.88,121.53,7.28,60.0,60.0,58.99,SYNTHETIC_DEMO_CORRELATED_WITH_RAINFALL_REPLACE_WITH_NASA_SMAP_OR_ISRO_BHUVAN
PROD-0001221,2020-08-03,Gumgaon,Maharashtra,Nagpur,21.407941,78.985706,135.11,91.21,2.48,62,77.33,OFFICIAL_ANNUAL_PLAN,OFFICIAL_SAME_PERIOD,SYNTHETIC_DAILY_CALIBRATED_TO_PUBLIC_ANNUAL_REFERENCE,43.9,32.492,1,118.74,5.97,154.05,9.09,60.0,60.0,58.99,SYNTHETIC_DEMO_CORRELATED_WITH_RAINFALL_REPLACE_WITH_NASA_SMAP_OR_ISRO_BHUVAN
PROD-0001222,2020-08-04,Gumgaon,Maharashtra,Nagpur,21.407941,78.985706,141.3,91.65,4.13,159,63.02,OFFICIAL_ANNUAL_PLAN,OFFICIAL_SAME_PERIOD,SYNTHETIC_DAILY_CALIBRATED_TO_PUBLIC_ANNUAL_REFERENCE,49.65,35.138,1,166.5,9.87,217.07,10.63,60.0,60.0,59.49,SYNTHETIC_DEMO_CORRELATED_WITH_RAINFALL_REPLACE_WITH_NASA_SMAP_OR_ISRO_BHUVAN
PROD-0001223,2020-08-05,Gumgaon,Maharashtra,Nagpur,21.407941,78.985706,135.07,102.81,1.04,0,0.0,OFFICIAL_ANNUAL_PLAN,OFFICIAL_SAME_PERIOD,SYNTHETIC_DAILY_CALIBRATED_TO_PUBLIC_ANNUAL_REFERENCE,32.26,23.884,1,140.35,7.65,207.53,11.53,57.22,59.07,59.09,SYNTHETIC_DEMO_CORRELATED_WITH_RAINFALL_REPLACE_WITH_NASA_SMAP_OR_ISRO_BHUVAN
PROD-0001224,2020-08-06,Gumgaon,Maharashtra,Nagpur,21.407941,78.985706,146.0,105.67,0.75,0,10.61,OFFICIAL_ANNUAL_PLAN,OFFICIAL_SAME_PERIOD,SYNTHETIC_DAILY_CALIBRATED_TO_PUBLIC_ANNUAL_REFERENCE,40.33,27.623,1,73.63,5.92,218.14,12.28,60.0,59.07,59.6,SYNTHETIC_DEMO_CORRELATED_WITH_RAINFALL_REPLACE_WITH_NASA_SMAP_OR_ISRO_BHUVAN
PROD-0001225,2020-08-07,Gumgaon,Maharashtra,Nagpur,21.407941,78.985706,146.43,117.93,0.0,0,0.0,OFFICIAL_ANNUAL_PLAN,OFFICIAL_SAME_PERIOD,SYNTHETIC_DAILY_CALIBRATED_TO_PUBLIC_ANNUAL_REFERENCE,28.5,19.463,1,10.61,1.79,192.37,11.89,57.44,58.22,59.24,SYNTHETIC_DEMO_CORRELATED_WITH_RAINFALL_REPLACE_WITH_NASA_SMAP_OR_ISRO_BHUVAN
PROD-0001226,2020-08-08,Gumgaon,Maharashtra,Nagpur,21.407941,78.985706,139.17,97.4,1.56,0,41.5,OFFICIAL_ANNUAL_PLAN,OFFICIAL_SAME_PERIOD,SYNTHETIC_DAILY_CALIBRATED_TO_PUBLIC_ANNUAL_REFERENCE,41.77,30.014,1,52.11,2.31,218.61,13.22,60.0,59.15,59.24,SYNTHETIC_DEMO_CORRELATED_WITH_RAINFALL_REPLACE_WITH_NASA_SMAP_OR_ISRO_BHUVAN
PROD-0001227,2020-08-09,Gumgaon,Maharashtra,Nagpur,21.407941,78.985706,134.64,97.62,2.97,0,22.15,OFFICIAL_ANNUAL_PLAN,OFFICIAL_SAME_PERIOD,SYNTHETIC_DAILY_CALIBRATED_TO_PUBLIC_ANNUAL_REFERENCE,37.02,27.496,1,63.65,4.53,214.61,12.93,60.0,59.15,59.24,SYNTHETIC_DEMO_CORRELATED_WITH_RAINFALL_REPLACE_WITH_NASA_SMAP_OR_ISRO_BHUVAN
PROD-0001228,2020-08-10,Gumgaon,Maharashtra,Nagpur,21.407941,78.985706,151.7,108.29,4.06,0,20.5,OFFICIAL_ANNUAL_PLAN,OFFICIAL_SAME_PERIOD,SYNTHETIC_DAILY_CALIBRATED_TO_PUBLIC_ANNUAL_REFERENCE,43.41,28.616,1,84.15,8.59,157.78,14.51,60.0,60.0,59.24,SYNTHETIC_DEMO_CORRELATED_WITH_RAINFALL_REPLACE_WITH_NASA_SMAP_OR_ISRO_BHUVAN
PROD-0001229,2020-08-11,Gumgaon,Maharashtra,Nagpur,21.407941,78.985706,152.02,111.64,0.58,0,38.43,OFFICIAL_ANNUAL_PLAN,OFFICIAL_SAME_PERIOD,SYNTHETIC_DAILY_CALIBRATED_TO_PUBLIC_ANNUAL_REFERENCE,40.38,26.562,1,81.08,7.61,133.19,10.96,60.0,60.0,59.24,SYNTHETIC_DEMO_CORRELATED_WITH_RAINFALL_REPLACE_WITH_NASA_SMAP_OR_ISRO_BHUVAN
PROD-0001230,2020-08-12,Gumgaon,Maharashtra,Nagpur,21.407941,78.985706,152.05,111.03,1.58,0,2.99,OFFICIAL_ANNUAL_PLAN,OFFICIAL_SAME_PERIOD,SYNTHETIC_DAILY_CALIBRATED_TO_PUBLIC_ANNUAL_REFERENCE,41.02,26.978,1,61.92,6.22,136.18,11.5,60.0,60.0,59.63,SYNTHETIC_DEMO_CORRELATED_WITH_RAINFALL_REPLACE_WITH_NASA_SMAP_OR_ISRO_BHUVAN
PROD-0001231,2020-08-13,Gumgaon,Maharashtra,Nagpur,21.407941,78.985706,146.66,108.65,0.58,0,2.54,OFFICIAL_ANNUAL_PLAN,OFFICIAL_SAME_PERIOD,SYNTHETIC_DAILY_CALIBRATED_TO_PUBLIC_ANNUAL_REFERENCE,38.01,25.917,1,43.96,2.74,128.11,11.33,58.79,59.6,59.46,SYNTHETIC_DEMO_CORRELATED_WITH_RAINFALL_REPLACE_WITH_NASA_SMAP_OR_ISRO_BHUVAN
PROD-0001232,2020-08-14,Gumgaon,Maharashtra,Nagpur,21.407941,78.985706,142.89,104.35,0.0,0,0.0,OFFICIAL_ANNUAL_PLAN,OFFICIAL_SAME_PERIOD,SYNTHETIC_DAILY_CALIBRATED_TO_PUBLIC_ANNUAL_REFERENCE,38.54,26.972,1,5.53,2.16,128.11,11.33,55.74,58.18,59.22,SYNTHETIC_DEMO_CORRELATED_WITH_RAINFALL_REPLACE_WITH_NASA_SMAP_OR_ISRO_BHUVAN
PROD-0001233,2020-08-15,Gumgaon,Maharashtra,Nagpur,21.407941,78.985706,151.79,113.53,0.0,0,0.0,OFFICIAL_ANNUAL_PLAN,OFFICIAL_SAME_PERIOD,SYNTHETIC_DAILY_CALIBRATED_TO_PUBLIC_ANNUAL_REFERENCE,38.26,25.206,1,2.54,0.58,86.61,9.77,54.14,56.22,58.38,SYNTHETIC_DEMO_CORRELATED_WITH_RAINFALL_REPLACE_WITH_NASA_SMAP_OR_ISRO_BHUVAN
PROD-0001234,2020-08-16,Gumgaon,Maharashtra,Nagpur,21.407941,78.985706,137.94,103.76,1.11,0,11.74,OFFICIAL_ANNUAL_PLAN,OFFICIAL_SAME_PERIOD,SYNTHETIC_DAILY_CALIBRATED_TO_PUBLIC_ANNUAL_REFERENCE,34.18,24.779,1,11.74,1.11,76.2,7.91,60.0,56.63,58.38,SYNTHETIC_DEMO_CORRELATED_WITH_RAINFALL_REPLACE_WITH_NASA_SMAP_OR_ISRO_BHUVAN
PROD-0001235,2020-08-17,Gumgaon,Maharashtra,Nagpur,21.407941,78.985706,163.63,113.59,3.06,70,49.66,OFFICIAL_ANNUAL_PLAN,OFFICIAL_SAME_PERIOD,SYNTHETIC_DAILY_CALIBRATED_TO_PUBLIC_ANNUAL_REFERENCE,50.04,30.581,1,61.4,4.17,105.36,6.91,60.0,58.05,58.38,SYNTHETIC_DEMO_CORRELATED_WITH_RAINFALL_REPLACE_WITH_NASA_SMAP_OR_ISRO_BHUVAN
PROD-0001236,2020-08-18,Gumgaon,Maharashtra,Nagpur,21.407941,78.985706,157.02,116.21,0.65,18,43.21,OFFICIAL_ANNUAL_PLAN,OFFICIAL_SAME_PERIOD,SYNTHETIC_DAILY_CALIBRATED_TO_PUBLIC_ANNUAL_REFERENCE,40.81,25.99,1,104.61,4.82,110.14,6.98,60.0,60.0,58.38,SYNTHETIC_DEMO_CORRELATED_WITH_RAINFALL_REPLACE_WITH_NASA_SMAP_OR_ISRO_BHUVAN
PROD-0001237,2020-08-19,Gumgaon,Maharashtra,Nagpur,21.407941,78.985706,147.69,101.1,4.38,0,23.1,OFFICIAL_ANNUAL_PLAN,OFFICIAL_SAME_PERIOD,SYNTHETIC_DAILY_CALIBRATED_TO_PUBLIC_ANNUAL_REFERENCE,46.59,31.546,1,115.97,8.09,130.25,9.78,60.0,60.0,58.38,SYNTHETIC_DEMO_CORRELATED_WITH_RAINFALL_REPLACE_WITH_NASA_SMAP_OR_ISRO_BHUVAN
PROD-0001238,2020-08-20,Gumgaon,Maharashtra,Nagpur,21.407941,78.985706,139.98,102.08,0.0,0,0.0,OFFICIAL_ANNUAL_PLAN,OFFICIAL_SAME_PERIOD,SYNTHETIC_DAILY_CALIBRATED_TO_PUBLIC_ANNUAL_REFERENCE,37.9,27.075,1,66.31,5.03,127.71,9.2,56.84,58.95,58.1,SYNTHETIC_DEMO_CORRELATED_WITH_RAINFALL_REPLACE_WITH_NASA_SMAP_OR_ISRO_BHUVAN
PROD-0001239,2020-08-21,Gumgaon,Maharashtra,Nagpur,21.407941,78.985706,138.25,96.03,0.62,79,0.0,OFFICIAL_ANNUAL_PLAN,OFFICIAL_SAME_PERIOD,SYNTHETIC_DAILY_CALIBRATED_TO_PUBLIC_ANNUAL_REFERENCE,42.22,30.539,1,23.1,5.0,127.71,9.82,53.65,56.83,57.8,SYNTHETIC_DEMO_CORRELATED_WITH_RAINFALL_REPLACE_WITH_NASA_SMAP_OR_ISRO_BHUVAN
PROD-0001240,2020-08-22,Gumgaon,Maharashtra,Nagpur,21.407941,78.985706,130.38,93.2,0.73,0,32.77,OFFICIAL_ANNUAL_PLAN,OFFICIAL_SAME_PERIOD,SYNTHETIC_DAILY_CALIBRATED_TO_PUBLIC_ANNUAL_REFERENCE,37.18,28.517,1,32.77,1.35,160.48,10.55,60.0,56.83,58.64,SYNTHETIC_DEMO_CORRELATED_WITH_RAINFALL_REPLACE_WITH_NASA_SMAP_OR_ISRO_BHUVAN
PROD-0001241,2020-08-23,Gumgaon,Maharashtra,Nagpur,21.407941,78.985706,141.95,102.81,2.89,25,17.7,OFFICIAL_ANNUAL_PLAN,OFFICIAL_SAME_PERIOD,SYNTHETIC_DAILY_CALIBRATED_TO_PUBLIC_ANNUAL_REFERENCE,39.14,27.573,1,50.47,4.24,166.44,12.33,60.0,57.88,58.64,SYNTHETIC_DEMO_CORRELATED_WITH_RAINFALL_REPLACE_WITH_NASA_SMAP_OR_ISRO_BHUVAN
PROD-0001242,2020-08-24,Gumgaon,Maharashtra,Nagpur,21.407941,78.985706,141.21,99.85,3.29,0,15.59,OFFICIAL_ANNUAL_PLAN,OFFICIAL_SAME_PERIOD,SYNTHETIC_DAILY_CALIBRATED_TO_PUBLIC_ANNUAL_REFERENCE,41.36,29.29,1,66.06,6.91,132.37,12.56,60.0,60.0,58.64,SYNTHETIC_DEMO_CORRELATED_WITH_RAINFALL_REPLACE_WITH_NASA_SMAP_OR_ISRO_BHUVAN
PROD-0001243,2020-08-25,Gumgaon,Maharashtra,Nagpur,21.407941,78.985706,120.99,87.7,1.75,0,21.54,OFFICIAL_ANNUAL_PLAN,OFFICIAL_SAME_PERIOD,SYNTHETIC_DAILY_CALIBRATED_TO_PUBLIC_ANNUAL_REFERENCE,33.29,27.515,1,54.83,7.93,110.7,13.66,60.0,60.0,58.64,SYNTHETIC_DEMO_CORRELATED_WITH_RAINFALL_REPLACE_WITH_NASA_SMAP_OR_ISRO_BHUVAN
PROD-0001244,2020-08-26,Gumgaon,Maharashtra,Nagpur,21.407941,78.985706,133.87,101.39,1.94,0,0.0,OFFICIAL_ANNUAL_PLAN,OFFICIAL_SAME_PERIOD,SYNTHETIC_DAILY_CALIBRATED_TO_PUBLIC_ANNUAL_REFERENCE,32.48,24.262,1,37.13,6.98,87.6,11.22,57.67,59.22,58.31,SYNTHETIC_DEMO_CORRELATED_WITH_RAINFALL_REPLACE_WITH_NASA_SMAP_OR_ISRO_BHUVAN
PROD-0001245,2020-08-27,Gumgaon,Maharashtra,Nagpur,21.407941,78.985706,133.98,93.76,1.12,84,20.51,OFFICIAL_ANNUAL_PLAN,OFFICIAL_SAME_PERIOD,SYNTHETIC_DAILY_CALIBRATED_TO_PUBLIC_ANNUAL_REFERENCE,40.22,30.019,1,42.05,4.81,108.11,12.34,60.0,59.22,58.76,SYNTHETIC_DEMO_CORRELATED_WITH_RAINFALL_REPLACE_WITH_NASA_SMAP_OR_ISRO_BHUVAN
PROD-0001246,2020-08-28,Gumgaon,Maharashtra,Nagpur,21.407941,78.985706,147.79,108.66,2.68,31,8.06,OFFICIAL_ANNUAL_PLAN,OFFICIAL_SAME_PERIOD,SYNTHETIC_DAILY_CALIBRATED_TO_PUBLIC_ANNUAL_REFERENCE,39.13,26.477,1,28.57,5.74,116.17,14.4,60.0,59.22,59.67,SYNTHETIC_DEMO_CORRELATED_WITH_RAINFALL_REPLACE_WITH_NASA_SMAP_OR_ISRO_BHUVAN
PROD-0001247,2020-08-29,Gumgaon,Maharashtra,Nagpur,21.407941,78.985706,157.2,114.65,2.1,0,28.45,OFFICIAL_ANNUAL_PLAN,OFFICIAL_SAME_PERIOD,SYNTHETIC_DAILY_CALIBRATED_TO_PUBLIC_ANNUAL_REFERENCE,42.55,27.067,1,57.02,5.9,111.85,15.77,60.0,60.0,59.67,SYNTHETIC_DEMO_CORRELATED_WITH_RAINFALL_REPLACE_WITH_NASA_SMAP_OR_ISRO_BHUVAN
PROD-0001248,2020-08-30,Gumgaon,Maharashtra,Nagpur,21.407941,78.985706,157.25,113.84,1.17,0,45.2,OFFICIAL_ANNUAL_PLAN,OFFICIAL_SAME_PERIOD,SYNTHETIC_DAILY_CALIBRATED_TO_PUBLIC_ANNUAL_REFERENCE,43.41,27.606,1,81.71,5.95,139.35,14.05,60.0,60.0,59.67,SYNTHETIC_DEMO_CORRELATED_WITH_RAINFALL_REPLACE_WITH_NASA_SMAP_OR_ISRO_BHUVAN
PROD-0001249,2020-08-31,Gumgaon,Maharashtra,Nagpur,21.407941,78.985706,129.7,95.36,1.87,0,5.25,OFFICIAL_ANNUAL_PLAN,OFFICIAL_SAME_PERIOD,SYNTHETIC_DAILY_CALIBRATED_TO_PUBLIC_ANNUAL_REFERENCE,34.34,26.476,1,78.9,5.14,129.01,12.63,60.0,60.0,59.67,SYNTHETIC_DEMO_CORRELATED_WITH_RAINFALL_REPLACE_WITH_NASA_SMAP_OR_ISRO_BHUVAN
PROD-0001250,2020-09-01,Gumgaon,Maharashtra,Nagpur,21.407941,78.985706,155.66,116.84,0.0,0,0.0,OFFICIAL_ANNUAL_PLAN,OFFICIAL_SAME_PERIOD,SYNTHETIC_DAILY_CALIBRATED_TO_PUBLIC_ANNUAL_REFERENCE,38.82,24.939,1,50.45,3.04,107.47,10.88,54.83,58.28,58.93,SYNTHETIC_DEMO_CORRELATED_WITH_RAINFALL_REPLACE_WITH_NASA_SMAP_OR_ISRO_BHUVAN
PROD-0001251,2020-09-02,Gumgaon,Maharashtra,Nagpur,21.407941,78.985706,147.36,110.76,0.98,10,17.41,OFFICIAL_ANNUAL_PLAN,OFFICIAL_SAME_PERIOD,SYNTHETIC_DAILY_CALIBRATED_TO_PUBLIC_ANNUAL_REFERENCE,36.6,24.837,1,22.66,2.85,124.88,9.92,60.0,58.28,59.26,SYNTHETIC_DEMO_CORRELATED_WITH_RAINFALL_REPLACE_WITH_NASA_SMAP_OR_ISRO_BHUVAN
PROD-0001252,2020-09-03,Gumgaon,Maharashtra,Nagpur,21.407941,78.985706,147.35,108.99,0.25,0,16.38,OFFICIAL_ANNUAL_PLAN,OFFICIAL_SAME_PERIOD,SYNTHETIC_DAILY_CALIBRATED_TO_PUBLIC_ANNUAL_REFERENCE,38.36,26.033,1,33.79,1.23,120.75,9.05,60.0,58.28,59.26,SYNTHETIC_DEMO_CORRELATED_WITH_RAINFALL_REPLACE_WITH_NASA_SMAP_OR_ISRO_BHUVAN
PROD-0001253,2020-09-04,Gumgaon,Maharashtra,Nagpur,21.407941,78.985706,149.65,107.23,3.47,0,21.52,OFFICIAL_ANNUAL_PLAN,OFFICIAL_SAME_PERIOD,SYNTHETIC_DAILY_CALIBRATED_TO_PUBLIC_ANNUAL_REFERENCE,42.42,28.346,1,55.31,4.7,134.21,9.84,60.0,60.0,59.26,SYNTHETIC_DEMO_CORRELATED_WITH_RAINFALL_REPLACE_WITH_NASA_SMAP_OR_ISRO_BHUVAN
PROD-0001254,2020-09-05,Gumgaon,Maharashtra,Nagpur,21.407941,78.985706,151.24,110.15,2.99,0,18.46,OFFICIAL_ANNUAL_PLAN,OFFICIAL_SAME_PERIOD,SYNTHETIC_DAILY_CALIBRATED_TO_PUBLIC_ANNUAL_REFERENCE,41.09,27.169,1,56.36,6.71,124.22,10.73,60.0,60.0,59.26,SYNTHETIC_DEMO_CORRELATED_WITH_RAINFALL_REPLACE_WITH_NASA_SMAP_OR_ISRO_BHUVAN
PROD-0001255,2020-09-06,Gumgaon,Maharashtra,Nagpur,21.407941,78.985706,122.95,91.84,0.98,0,6.63,OFFICIAL_ANNUAL_PLAN,OFFICIAL_SAME_PERIOD,SYNTHETIC_DAILY_CALIBRATED_TO_PUBLIC_ANNUAL_REFERENCE,31.11,25.303,1,46.61,7.44,85.65,10.54,60.0,60.0,59.26,SYNTHETIC_DEMO_CORRELATED_WITH_RAINFALL_REPLACE_WITH_NASA_SMAP_OR_ISRO_BHUVAN
PROD-0001256,2020-09-07,Gumgaon,Maharashtra,Nagpur,21.407941,78.985706,145.8,112.92,0.6,48,0.0,OFFICIAL_ANNUAL_PLAN,OFFICIAL_SAME_PERIOD,SYNTHETIC_DAILY_CALIBRATED_TO_PUBLIC_ANNUAL_REFERENCE,32.88,22.551,1,25.09,4.57,80.4,9.27,57.35,59.12,58.88,SYNTHETIC_DEMO_CORRELATED_WITH_RAINFALL_REPLACE_WITH_NASA_SMAP_OR_ISRO_BHUVAN
PROD-0001257,2020-09-08,Gumgaon,Maharashtra,Nagpur,21.407941,78.985706,158.07,119.71,0.0,0,0.0,OFFICIAL_ANNUAL_PLAN,OFFICIAL_SAME_PERIOD,SYNTHETIC_DAILY_CALIBRATED_TO_PUBLIC_ANNUAL_REFERENCE,38.36,24.268,1,6.63,1.58,80.4,9.27,53.25,56.87,58.66,SYNTHETIC_DEMO_CORRELATED_WITH_RAINFALL_REPLACE_WITH_NASA_SMAP_OR_ISRO_BHUVAN
PROD-0001258,2020-09-09,Gumgaon,Maharashtra,Nagpur,21.407941,78.985706,148.9,114.46,0.0,0,0.0,OFFICIAL_ANNUAL_PLAN,OFFICIAL_SAME_PERIOD,SYNTHETIC_DAILY_CALIBRATED_TO_PUBLIC_ANNUAL_REFERENCE,34.44,23.13,1,0.0,0.6,62.99,8.29,49.29,53.3,57.13,SYNTHETIC_DEMO_CORRELATED_WITH_RAINFALL_REPLACE_WITH_NASA_SMAP_OR_ISRO_BHUVAN
PROD-0001259,2020-09-10,Gumgaon,Maharashtra,Nagpur,21.407941,78.985706,134.94,97.95,3.18,31,17.11,OFFICIAL_ANNUAL_PLAN,OFFICIAL_SAME_PERIOD,SYNTHETIC_DAILY_CALIBRATED_TO_PUBLIC_ANNUAL_REFERENCE,36.99,27.412,1,17.11,3.18,63.72,11.22,60.0,54.18,57.13,SYNTHETIC_DEMO_CORRELATED_WITH_RAINFALL_REPLACE_WITH_NASA_SMAP_OR_ISRO_BHUVAN
PROD-0001260,2020-09-11,Gumgaon,Maharashtra,Nagpur,21.407941,78.985706,130.25,98.31,0.0,0,0.0,OFFICIAL_ANNUAL_PLAN,OFFICIAL_SAME_PERIOD,SYNTHETIC_DAILY_CALIBRATED_TO_PUBLIC_ANNUAL_REFERENCE,31.94,24.522,1,17.11,3.18,42.2,7.75,55.74,55.01,56.52,SYNTHETIC_DEMO_CORRELATED_WITH_RAINFALL_REPLACE_WITH_NASA_SMAP_OR_ISRO_BHUVAN
PROD-0001261,2020-09-12,Gumgaon,Maharashtra,Nagpur,21.407941,78.985706,137.18,104.83,0.0,0,0.0,OFFICIAL_ANNUAL_PLAN,OFFICIAL_SAME_PERIOD,SYNTHETIC_DAILY_CALIBRATED_TO_PUBLIC_ANNUAL_REFERENCE,32.35,23.582,1,17.11,3.18,23.74,4.76,54.01,56.58,55.66,SYNTHETIC_DEMO_CORRELATED_WITH_RAINFALL_REPLACE_WITH_NASA_SMAP_OR_ISRO_BHUVAN
PROD-0001262,2020-09-13,Gumgaon,Maharashtra,Nagpur,21.407941,78.985706,155.49,116.34,0.0,0,0.0,OFFICIAL_ANNUAL_PLAN,OFFICIAL_SAME_PERIOD,SYNTHETIC_DAILY_CALIBRATED_TO_PUBLIC_ANNUAL_REFERENCE,39.15,25.178,1,0.0,0.0,17.11,3.78,52.25,54.0,54.56,SYNTHETIC_DEMO_CORRELATED_WITH_RAINFALL_REPLACE_WITH_NASA_SMAP_OR_ISRO_BHUVAN
PROD-0001263,2020-09-14,Gumgaon,Maharashtra,Nagpur,21.407941,78.985706,132.94,95.77,0.22,0,0.0,OFFICIAL_ANNUAL_PLAN,OFFICIAL_SAME_PERIOD,SYNTHETIC_DAILY_CALIBRATED_TO_PUBLIC_ANNUAL_REFERENCE,37.17,27.96,1,0.0,0.22,17.11,3.4,47.6,51.29,53.16,SYNTHETIC_DEMO_CORRELATED_WITH_RAINFALL_REPLACE_WITH_NASA_SMAP_OR_ISRO_BHUVAN
PROD-0001264,2020-09-15,Gumgaon,Maharashtra,Nagpur,21.407941,78.985706,146.29,109.09,0.0,0,0.0,OFFICIAL_ANNUAL_PLAN,OFFICIAL_SAME_PERIOD,SYNTHETIC_DAILY_CALIBRATED_TO_PUBLIC_ANNUAL_REFERENCE,37.2,25.429,1,0.0,0.22,17.11,3.4,44.73,48.19,51.95,SYNTHETIC_DEMO_CORRELATED_WITH_RAINFALL_REPLACE_WITH_NASA_SMAP_OR_ISRO_BHUVAN
PROD-0001265,2020-09-16,Gumgaon,Maharashtra,Nagpur,21.407941,78.985706,149.62,105.82,3.43,0,33.46,OFFICIAL_ANNUAL_PLAN,OFFICIAL_SAME_PERIOD,SYNTHETIC_DAILY_CALIBRATED_TO_PUBLIC_ANNUAL_REFERENCE,43.8,29.274,1,33.46,3.65,50.57,6.83,60.0,50.78,53.48,SYNTHETIC_DEMO_CORRELATED_WITH_RAINFALL_REPLACE_WITH_NASA_SMAP_OR_ISRO_BHUVAN
PROD-0001266,2020-09-17,Gumgaon,Maharashtra,Nagpur,21.407941,78.985706,154.2,111.36,1.94,0,0.0,OFFICIAL_ANNUAL_PLAN,OFFICIAL_SAME_PERIOD,SYNTHETIC_DAILY_CALIBRATED_TO_PUBLIC_ANNUAL_REFERENCE,42.84,27.782,1,33.46,5.37,33.46,5.59,55.13,53.29,52.78,SYNTHETIC_DEMO_CORRELATED_WITH_RAINFALL_REPLACE_WITH_NASA_SMAP_OR_ISRO_BHUVAN
PROD-0001267,2020-09-18,Gumgaon,Maharashtra,Nagpur,21.407941,78.985706,139.34,104.13,2.55,14,21.86,OFFICIAL_ANNUAL_PLAN,OFFICIAL_SAME_PERIOD,SYNTHETIC_DAILY_CALIBRATED_TO_PUBLIC_ANNUAL_REFERENCE,35.21,25.269,1,55.32,7.92,55.32,8.14,60.0,58.38,53.39,SYNTHETIC_DEMO_CORRELATED_WITH_RAINFALL_REPLACE_WITH_NASA_SMAP_OR_ISRO_BHUVAN
PROD-0001268,2020-09-19,Gumgaon,Maharashtra,Nagpur,21.407941,78.985706,146.2,98.32,5.16,0,6.57,OFFICIAL_ANNUAL_PLAN,OFFICIAL_SAME_PERIOD,SYNTHETIC_DAILY_CALIBRATED_TO_PUBLIC_ANNUAL_REFERENCE,47.88,32.75,1,28.43,9.65,61.89,13.3,60.0,58.38,54.24,SYNTHETIC_DEMO_CORRELATED_WITH_RAINFALL_REPLACE_WITH_NASA_SMAP_OR_ISRO_BHUVAN
PROD-0001269,2020-09-20,Gumgaon,Maharashtra,Nagpur,21.407941,78.985706,146.36,102.98,1.86,0,28.12,OFFICIAL_ANNUAL_PLAN,OFFICIAL_SAME_PERIOD,SYNTHETIC_DAILY_CALIBRATED_TO_PUBLIC_ANNUAL_REFERENCE,43.38,29.639,1,56.55,9.57,90.01,15.16,60.0,60.0,55.35,SYNTHETIC_DEMO_CORRELATED_WITH_RAINFALL_REPLACE_WITH_NASA_SMAP_OR_ISRO_BHUVAN
PROD-0001270,2020-09-21,Gumgaon,Maharashtra,Nagpur,21.407941,78.985706,136.52,100.65,3.12,0,27.29,OFFICIAL_ANNUAL_PLAN,OFFICIAL_SAME_PERIOD,SYNTHETIC_DAILY_CALIBRATED_TO_PUBLIC_ANNUAL_REFERENCE,35.87,26.275,1,61.98,10.14,117.3,18.06,60.0,60.0,57.12,SYNTHETIC_DEMO_CORRELATED_WITH_RAINFALL_REPLACE_WITH_NASA_SMAP_OR_ISRO_BHUVAN
PROD-0001271,2020-09-22,Gumgaon,Maharashtra,Nagpur,21.407941,78.985706,136.72,99.15,5.68,0,0.0,OFFICIAL_ANNUAL_PLAN,OFFICIAL_SAME_PERIOD,SYNTHETIC_DAILY_CALIBRATED_TO_PUBLIC_ANNUAL_REFERENCE,37.57,27.48,1,55.41,10.66,117.3,23.74,55.42,58.47,58.65,SYNTHETIC_DEMO_CORRELATED_WITH_RAINFALL_REPLACE_WITH_NASA_SMAP_OR_ISRO_BHUVAN
PROD-0001272,2020-09-23,Gumgaon,Maharashtra,Nagpur,21.407941,78.985706,146.7,105.68,1.31,0,46.1,OFFICIAL_ANNUAL_PLAN,OFFICIAL_SAME_PERIOD,SYNTHETIC_DAILY_CALIBRATED_TO_PUBLIC_ANNUAL_REFERENCE,41.02,27.962,1,73.39,10.11,129.94,21.62,60.0,58.47,58.65,SYNTHETIC_DEMO_CORRELATED_WITH_RAINFALL_REPLACE_WITH_NASA_SMAP_OR_ISRO_BHUVAN
PROD-0001273,2020-09-24,Gumgaon,Maharashtra,Nagpur,21.407941,78.985706,132.18,95.01,0.0,0,0.0,OFFICIAL_ANNUAL_PLAN,OFFICIAL_SAME_PERIOD,SYNTHETIC_DAILY_CALIBRATED_TO_PUBLIC_ANNUAL_REFERENCE,37.17,28.121,1,46.1,6.99,129.94,19.68,59.15,58.19,59.22,SYNTHETIC_DEMO_CORRELATED_WITH_RAINFALL_REPLACE_WITH_NASA_SMAP_OR_ISRO_BHUVAN
PROD-0001274,2020-09-25,Gumgaon,Maharashtra,Nagpur,21.407941,78.985706,153.02,109.22,3.29,35,15.74,OFFICIAL_ANNUAL_PLAN,OFFICIAL_SAME_PERIOD,SYNTHETIC_DAILY_CALIBRATED_TO_PUBLIC_ANNUAL_REFERENCE,43.8,28.624,1,61.84,4.6,123.82,20.42,60.0,59.72,59.22,SYNTHETIC_DEMO_CORRELATED_WITH_RAINFALL_REPLACE_WITH_NASA_SMAP_OR_ISRO_BHUVAN
PROD-0001275,2020-09-26,Gumgaon,Maharashtra,Nagpur,21.407941,78.985706,127.54,89.92,3.39,83,0.0,OFFICIAL_ANNUAL_PLAN,OFFICIAL_SAME_PERIOD,SYNTHETIC_DAILY_CALIBRATED_TO_PUBLIC_ANNUAL_REFERENCE,37.62,29.497,1,15.74,6.68,117.25,18.65,56.91,58.69,58.78,SYNTHETIC_DEMO_CORRELATED_WITH_RAINFALL_REPLACE_WITH_NASA_SMAP_OR_ISRO_BHUVAN
PROD-0001276,2020-09-27,Gumgaon,Maharashtra,Nagpur,21.407941,78.985706,124.26,90.63,1.17,3,0.0,OFFICIAL_ANNUAL_PLAN,OFFICIAL_SAME_PERIOD,SYNTHETIC_DAILY_CALIBRATED_TO_PUBLIC_ANNUAL_REFERENCE,33.63,27.064,1,15.74,7.85,89.13,17.96,53.25,56.72,57.82,SYNTHETIC_DEMO_CORRELATED_WITH_RAINFALL_REPLACE_WITH_NASA_SMAP_OR_ISRO_BHUVAN
PROD-0001277,2020-09-28,Gumgaon,Maharashtra,Nagpur,21.407941,78.985706,138.47,101.88,3.89,0,34.06,OFFICIAL_ANNUAL_PLAN,OFFICIAL_SAME_PERIOD,SYNTHETIC_DAILY_CALIBRATED_TO_PUBLIC_ANNUAL_REFERENCE,36.59,26.424,1,34.06,8.45,95.9,18.73,60.0,56.72,57.82,SYNTHETIC_DEMO_CORRELATED_WITH_RAINFALL_REPLACE_WITH_NASA_SMAP_OR_ISRO_BHUVAN
PROD-0001278,2020-09-29,Gumgaon,Maharashtra,Nagpur,21.407941,78.985706,143.02,109.41,0.0,0,0.0,OFFICIAL_ANNUAL_PLAN,OFFICIAL_SAME_PERIOD,SYNTHETIC_DAILY_CALIBRATED_TO_PUBLIC_ANNUAL_REFERENCE,33.61,23.5,1,34.06,5.06,95.9,13.05,56.28,56.51,57.94,SYNTHETIC_DEMO_CORRELATED_WITH_RAINFALL_REPLACE_WITH_NASA_SMAP_OR_ISRO_BHUVAN
PROD-0001279,2020-09-30,Gumgaon,Maharashtra,Nagpur,21.407941,78.985706,153.31,115.39,0.21,0,13.98,OFFICIAL_ANNUAL_PLAN,OFFICIAL_SAME_PERIOD,SYNTHETIC_DAILY_CALIBRATED_TO_PUBLIC_ANNUAL_REFERENCE,37.92,24.734,1,48.04,4.1,63.78,11.95,60.0,58.76,57.94,SYNTHETIC_DEMO_CORRELATED_WITH_RAINFALL_REPLACE_WITH_NASA_SMAP_OR_ISRO_BHUVAN
PROD-0001280,2020-10-01,Gumgaon,Maharashtra,Nagpur,21.407941,78.985706,138.84,101.4,4.42,0,0.0,OFFICIAL_ANNUAL_PLAN,OFFICIAL_SAME_PERIOD,SYNTHETIC_DAILY_CALIBRATED_TO_PUBLIC_ANNUAL_REFERENCE,37.44,26.966,1,13.98,4.63,63.78,16.37,55.23,57.17,57.38,SYNTHETIC_DEMO_CORRELATED_WITH_RAINFALL_REPLACE_WITH_NASA_SMAP_OR_ISRO_BHUVAN
PROD-0001281,2020-10-02,Gumgaon,Maharashtra,Nagpur,21.407941,78.985706,156.04,115.32,0.06,0,4.18,OFFICIAL_ANNUAL_PLAN,OFFICIAL_SAME_PERIOD,SYNTHETIC_DAILY_CALIBRATED_TO_PUBLIC_ANNUAL_REFERENCE,40.72,26.096,1,18.16,4.69,52.22,13.14,56.21,57.15,56.84,SYNTHETIC_DEMO_CORRELATED_WITH_RAINFALL_REPLACE_WITH_NASA_SMAP_OR_ISRO_BHUVAN
PROD-0001282,2020-10-03,Gumgaon,Maharashtra,Nagpur,21.407941,78.985706,156.93,118.57,0.0,0,0.0,OFFICIAL_ANNUAL_PLAN,OFFICIAL_SAME_PERIOD,SYNTHETIC_DAILY_CALIBRATED_TO_PUBLIC_ANNUAL_REFERENCE,38.36,24.444,1,4.18,4.48,52.22,9.75,50.68,54.04,55.95,SYNTHETIC_DEMO_CORRELATED_WITH_RAINFALL_REPLACE_WITH_NASA_SMAP_OR_ISRO_BHUVAN
PROD-0001283,2020-10-04,Gumgaon,Maharashtra,Nagpur,21.407941,78.985706,158.0,115.97,1.16,0,0.0,OFFICIAL_ANNUAL_PLAN,OFFICIAL_SAME_PERIOD,SYNTHETIC_DAILY_CALIBRATED_TO_PUBLIC_ANNUAL_REFERENCE,42.03,26.601,1,4.18,1.22,52.22,9.74,46.62,51.17,55.0,SYNTHETIC_DEMO_CORRELATED_WITH_RAINFALL_REPLACE_WITH_NASA_SMAP_OR_ISRO_BHUVAN
PROD-0001284,2020-10-05,Gumgaon,Maharashtra,Nagpur,21.407941,78.985706,155.51,117.06,0.0,0,0.0,OFFICIAL_ANNUAL_PLAN,OFFICIAL_SAME_PERIOD,SYNTHETIC_DAILY_CALIBRATED_TO_PUBLIC_ANNUAL_REFERENCE,38.45,24.725,1,0.0,1.16,18.16,5.85,43.79,47.03,52.69,SYNTHETIC_DEMO_CORRELATED_WITH_RAINFALL_REPLACE_WITH_NASA_SMAP_OR_ISRO_BHUVAN
PROD-0001285,2020-10-06,Gumgaon,Maharashtra,Nagpur,21.407941,78.985706,148.23,107.07,3.12,0,0.0,OFFICIAL_ANNUAL_PLAN,OFFICIAL_SAME_PERIOD,SYNTHETIC_DAILY_CALIBRATED_TO_PUBLIC_ANNUAL_REFERENCE,41.16,27.768,1,0.0,4.28,18.16,8.97,41.91,44.11,50.63,SYNTHETIC_DEMO_CORRELATED_WITH_RAINFALL_REPLACE_WITH_NASA_SMAP_OR_ISRO_BHUVAN
PROD-0001286,2020-10-07,Gumgaon,Maharashtra,Nagpur,21.407941,78.985706,147.6,110.14,0.0,49,0.0,OFFICIAL_ANNUAL_PLAN,OFFICIAL_SAME_PERIOD,SYNTHETIC_DAILY_CALIBRATED_TO_PUBLIC_ANNUAL_REFERENCE,37.46,25.379,1,0.0,3.12,4.18,8.76,39.2,41.63,47.66,SYNTHETIC_DEMO_CORRELATED_WITH_RAINFALL_REPLACE_WITH_NASA_SMAP_OR_ISRO_BHUVAN
PROD-0001287,2020-10-08,Gumgaon,Maharashtra,Nagpur,21.407941,78.985706,153.25,117.23,0.0,0,0.0,OFFICIAL_ANNUAL_PLAN,OFFICIAL_SAME_PERIOD,SYNTHETIC_DAILY_CALIBRATED_TO_PUBLIC_ANNUAL_REFERENCE,36.02,23.504,1,0.0,3.12,4.18,4.34,37.59,39.57,45.14,SYNTHETIC_DEMO_CORRELATED_WITH_RAINFALL_REPLACE_WITH_NASA_SMAP_OR_ISRO_BHUVAN
PROD-0001288,2020-10-09,Gumgaon,Maharashtra,Nagpur,21.407941,78.985706,126.7,92.92,0.9,0,0.0,OFFICIAL_ANNUAL_PLAN,OFFICIAL_SAME_PERIOD,SYNTHETIC_DAILY_CALIBRATED_TO_PUBLIC_ANNUAL_REFERENCE,33.78,26.661,1,0.0,0.9,0.0,5.18,35.74,37.51,42.22,SYNTHETIC_DEMO_CORRELATED_WITH_RAINFALL_REPLACE_WITH_NASA_SMAP_OR_ISRO_BHUVAN
PROD-0001289,2020-10-10,Gumgaon,Maharashtra,Nagpur,21.407941,78.985706,149.49,106.67,4.54,0,19.27,OFFICIAL_ANNUAL_PLAN,OFFICIAL_SAME_PERIOD,SYNTHETIC_DAILY_CALIBRATED_TO_PUBLIC_ANNUAL_REFERENCE,42.82,28.644,1,19.27,5.44,19.27,9.72,50.32,41.22,42.17,SYNTHETIC_DEMO_CORRELATED_WITH_RAINFALL_REPLACE_WITH_NASA_SMAP_OR_ISRO_BHUVAN
PROD-0001290,2020-10-11,Gumgaon,Maharashtra,Nagpur,21.407941,78.985706,154.22,103.19,4.49,0,12.9,OFFICIAL_ANNUAL_PLAN,OFFICIAL_SAME_PERIOD,SYNTHETIC_DAILY_CALIBRATED_TO_PUBLIC_ANNUAL_REFERENCE,51.03,33.089,1,32.17,9.93,32.17,13.05,57.2,47.75,43.68,SYNTHETIC_DEMO_CORRELATED_WITH_RAINFALL_REPLACE_WITH_NASA_SMAP_OR_ISRO_BHUVAN
PROD-0001291,2020-10-12,Gumgaon,Maharashtra,Nagpur,21.407941,78.985706,147.47,111.98,1.9,22,0.0,OFFICIAL_ANNUAL_PLAN,OFFICIAL_SAME_PERIOD,SYNTHETIC_DAILY_CALIBRATED_TO_PUBLIC_ANNUAL_REFERENCE,35.49,24.066,1,32.17,10.93,32.17,14.95,52.38,53.3,44.91,SYNTHETIC_DEMO_CORRELATED_WITH_RAINFALL_REPLACE_WITH_NASA_SMAP_OR_ISRO_BHUVAN
PROD-0001292,2020-10-13,Gumgaon,Maharashtra,Nagpur,21.407941,78.985706,152.73,111.7,4.32,0,0.0,OFFICIAL_ANNUAL_PLAN,OFFICIAL_SAME_PERIOD,SYNTHETIC_DAILY_CALIBRATED_TO_PUBLIC_ANNUAL_REFERENCE,41.03,26.864,1,12.9,10.71,32.17,16.15,48.88,52.82,45.9,SYNTHETIC_DEMO_CORRELATED_WITH_RAINFALL_REPLACE_WITH_NASA_SMAP_OR_ISRO_BHUVAN
PROD-0001293,2020-10-14,Gumgaon,Maharashtra,Nagpur,21.407941,78.985706,136.35,99.79,3.14,0,0.0,OFFICIAL_ANNUAL_PLAN,OFFICIAL_SAME_PERIOD,SYNTHETIC_DAILY_CALIBRATED_TO_PUBLIC_ANNUAL_REFERENCE,36.56,26.813,1,0.0,9.36,32.17,19.29,46.49,49.25,46.94,SYNTHETIC_DEMO_CORRELATED_WITH_RAINFALL_REPLACE_WITH_NASA_SMAP_OR_ISRO_BHUVAN
PROD-0001294,2020-10-15,Gumgaon,Maharashtra,Nagpur,21.407941,78.985706,144.58,103.96,0.4,0,26.56,OFFICIAL_ANNUAL_PLAN,OFFICIAL_SAME_PERIOD,SYNTHETIC_DAILY_CALIBRATED_TO_PUBLIC_ANNUAL_REFERENCE,40.62,28.095,1,26.56,7.86,58.73,19.69,60.0,51.79,50.14,SYNTHETIC_DEMO_CORRELATED_WITH_RAINFALL_REPLACE_WITH_NASA_SMAP_OR_ISRO_BHUVAN
PROD-0001295,2020-10-16,Gumgaon,Maharashtra,Nagpur,21.407941,78.985706,163.85,113.84,0.78,0,6.11,OFFICIAL_ANNUAL_PLAN,OFFICIAL_SAME_PERIOD,SYNTHETIC_DAILY_CALIBRATED_TO_PUBLIC_ANNUAL_REFERENCE,50.01,30.522,1,32.67,4.32,64.84,19.57,60.0,55.5,53.61,SYNTHETIC_DEMO_CORRELATED_WITH_RAINFALL_REPLACE_WITH_NASA_SMAP_OR_ISRO_BHUVAN
PROD-0001296,2020-10-17,Gumgaon,Maharashtra,Nagpur,21.407941,78.985706,141.04,100.55,2.05,0,0.0,OFFICIAL_ANNUAL_PLAN,OFFICIAL_SAME_PERIOD,SYNTHETIC_DAILY_CALIBRATED_TO_PUBLIC_ANNUAL_REFERENCE,40.49,28.708,1,32.67,3.23,45.57,17.08,57.16,59.05,54.59,SYNTHETIC_DEMO_CORRELATED_WITH_RAINFALL_REPLACE_WITH_NASA_SMAP_OR_ISRO_BHUVAN
PROD-0001297,2020-10-18,Gumgaon,Maharashtra,Nagpur,21.407941,78.985706,149.26,112.69,0.19,0,12.92,OFFICIAL_ANNUAL_PLAN,OFFICIAL_SAME_PERIOD,SYNTHETIC_DAILY_CALIBRATED_TO_PUBLIC_ANNUAL_REFERENCE,36.57,24.501,1,19.03,3.02,45.59,12.78,60.0,59.05,54.99,SYNTHETIC_DEMO_CORRELATED_WITH_RAINFALL_REPLACE_WITH_NASA_SMAP_OR_ISRO_BHUVAN
PROD-0001298,2020-10-19,Gumgaon,Maharashtra,Nagpur,21.407941,78.985706,149.92,115.4,0.0,0,0.0,OFFICIAL_ANNUAL_PLAN,OFFICIAL_SAME_PERIOD,SYNTHETIC_DAILY_CALIBRATED_TO_PUBLIC_ANNUAL_REFERENCE,34.52,23.026,1,12.92,2.24,45.59,10.88,56.23,57.8,55.54,SYNTHETIC_DEMO_CORRELATED_WITH_RAINFALL_REPLACE_WITH_NASA_SMAP_OR_ISRO_BHUVAN
PROD-0001299,2020-10-20,Gumgaon,Maharashtra,Nagpur,21.407941,78.985706,144.6,104.26,2.2,53,0.0,OFFICIAL_ANNUAL_PLAN,OFFICIAL_SAME_PERIOD,SYNTHETIC_DAILY_CALIBRATED_TO_PUBLIC_ANNUAL_REFERENCE,40.34,27.898,1,12.92,2.39,45.59,8.76,51.44,55.89,55.9,SYNTHETIC_DEMO_CORRELATED_WITH_RAINFALL_REPLACE_WITH_NASA_SMAP_OR_ISRO_BHUVAN
PROD-0001300,2020-10-21,Gumgaon,Maharashtra,Nagpur,21.407941,78.985706,153.02,112.31,1.83,0,13.79,OFFICIAL_ANNUAL_PLAN,OFFICIAL_SAME_PERIOD,SYNTHETIC_DAILY_CALIBRATED_TO_PUBLIC_ANNUAL_REFERENCE,40.71,26.604,1,13.79,4.03,59.38,7.45,60.0,55.89,57.83,SYNTHETIC_DEMO_CORRELATED_WITH_RAINFALL_REPLACE_WITH_NASA_SMAP_OR_ISRO_BHUVAN
PROD-0001301,2020-10-22,Gumgaon,Maharashtra,Nagpur,21.407941,78.985706,151.44,111.13,3.89,0,0.0,OFFICIAL_ANNUAL_PLAN,OFFICIAL_SAME_PERIOD,SYNTHETIC_DAILY_CALIBRATED_TO_PUBLIC_ANNUAL_REFERENCE,40.31,26.618,1,13.79,7.92,32.82,10.94,55.27,55.57,57.16,SYNTHETIC_DEMO_CORRELATED_WITH_RAINFALL_REPLACE_WITH_NASA_SMAP_OR_ISRO_BHUVAN
PROD-0001302,2020-10-23,Gumgaon,Maharashtra,Nagpur,21.407941,78.985706,138.32,106.86,0.0,0,0.0,OFFICIAL_ANNUAL_PLAN,OFFICIAL_SAME_PERIOD,SYNTHETIC_DAILY_CALIBRATED_TO_PUBLIC_ANNUAL_REFERENCE,31.46,22.744,1,13.79,5.72,26.71,10.16,51.01,55.43,55.87,SYNTHETIC_DEMO_CORRELATED_WITH_RAINFALL_REPLACE_WITH_NASA_SMAP_OR_ISRO_BHUVAN
PROD-0001303,2020-10-24,Gumgaon,Maharashtra,Nagpur,21.407941,78.985706,156.61,117.33,0.61,0,0.0,OFFICIAL_ANNUAL_PLAN,OFFICIAL_SAME_PERIOD,SYNTHETIC_DAILY_CALIBRATED_TO_PUBLIC_ANNUAL_REFERENCE,39.28,25.081,1,0.0,4.5,26.71,8.72,47.25,51.18,54.46,SYNTHETIC_DEMO_CORRELATED_WITH_RAINFALL_REPLACE_WITH_NASA_SMAP_OR_ISRO_BHUVAN
PROD-0001304,2020-10-25,Gumgaon,Maharashtra,Nagpur,21.407941,78.985706,139.66,98.9,2.65,43,0.0,OFFICIAL_ANNUAL_PLAN,OFFICIAL_SAME_PERIOD,SYNTHETIC_DAILY_CALIBRATED_TO_PUBLIC_ANNUAL_REFERENCE,40.76,29.185,1,0.0,3.26,13.79,11.18,44.47,47.58,52.24,SYNTHETIC_DEMO_CORRELATED_WITH_RAINFALL_REPLACE_WITH_NASA_SMAP_OR_ISRO_BHUVAN
PROD-0001305,2020-10-26,Gumgaon,Maharashtra,Nagpur,21.407941,78.985706,150.76,111.9,1.2,0,17.83,OFFICIAL_ANNUAL_PLAN,OFFICIAL_SAME_PERIOD,SYNTHETIC_DAILY_CALIBRATED_TO_PUBLIC_ANNUAL_REFERENCE,38.86,25.776,1,17.83,4.46,31.62,12.38,57.08,49.6,52.36,SYNTHETIC_DEMO_CORRELATED_WITH_RAINFALL_REPLACE_WITH_NASA_SMAP_OR_ISRO_BHUVAN
PROD-0001306,2020-10-27,Gumgaon,Maharashtra,Nagpur,21.407941,78.985706,136.92,97.93,3.24,0,0.0,OFFICIAL_ANNUAL_PLAN,OFFICIAL_SAME_PERIOD,SYNTHETIC_DAILY_CALIBRATED_TO_PUBLIC_ANNUAL_REFERENCE,38.99,28.476,1,17.83,7.09,31.62,13.42,54.12,51.89,52.74,SYNTHETIC_DEMO_CORRELATED_WITH_RAINFALL_REPLACE_WITH_NASA_SMAP_OR_ISRO_BHUVAN
PROD-0001307,2020-10-28,Gumgaon,Maharashtra,Nagpur,21.407941,78.985706,131.75,97.43,2.51,0,6.51,OFFICIAL_ANNUAL_PLAN,OFFICIAL_SAME_PERIOD,SYNTHETIC_DAILY_CALIBRATED_TO_PUBLIC_ANNUAL_REFERENCE,34.32,26.049,1,24.34,6.95,24.34,14.1,58.26,56.49,52.49,SYNTHETIC_DEMO_CORRELATED_WITH_RAINFALL_REPLACE_WITH_NASA_SMAP_OR_ISRO_BHUVAN
PROD-0001308,2020-10-29,Gumgaon,Maharashtra,Nagpur,21.407941,78.985706,147.9,115.84,0.87,0,3.76,OFFICIAL_ANNUAL_PLAN,OFFICIAL_SAME_PERIOD,SYNTHETIC_DAILY_CALIBRATED_TO_PUBLIC_ANNUAL_REFERENCE,32.06,21.677,1,10.27,6.62,28.1,11.08,58.13,56.84,52.9,SYNTHETIC_DEMO_CORRELATED_WITH_RAINFALL_REPLACE_WITH_NASA_SMAP_OR_ISRO_BHUVAN
PROD-0001309,2020-10-30,Gumgaon,Maharashtra,Nagpur,21.407941,78.985706,158.32,120.26,0.0,0,0.0,OFFICIAL_ANNUAL_PLAN,OFFICIAL_SAME_PERIOD,SYNTHETIC_DAILY_CALIBRATED_TO_PUBLIC_ANNUAL_REFERENCE,38.06,24.04,1,10.27,3.38,28.1,11.08,56.81,57.73,53.73,SYNTHETIC_DEMO_CORRELATED_WITH_RAINFALL_REPLACE_WITH_NASA_SMAP_OR_ISRO_BHUVAN
PROD-0001310,2020-10-31,Gumgaon,Maharashtra,Nagpur,21.407941,78.985706,143.12,110.26,0.0,0,0.0,OFFICIAL_ANNUAL_PLAN,OFFICIAL_SAME_PERIOD,SYNTHETIC_DAILY_CALIBRATED_TO_PUBLIC_ANNUAL_REFERENCE,32.86,22.96,1,3.76,0.87,28.1,10.47,51.66,55.53,54.36,SYNTHETIC_DEMO_CORRELATED_WITH_RAINFALL_REPLACE_WITH_NASA_SMAP_OR_ISRO_BHUVAN
PROD-0001311,2020-11-01,Gumgaon,Maharashtra,Nagpur,21.407941,78.985706,145.5,106.74,0.0,0,0.0,OFFICIAL_ANNUAL_PLAN,OFFICIAL_SAME_PERIOD,SYNTHETIC_DAILY_CALIBRATED_TO_PUBLIC_ANNUAL_REFERENCE,38.76,26.639,1,0.0,0.0,28.1,7.82,46.25,51.57,54.62,SYNTHETIC_DEMO_CORRELATED_WITH_RAINFALL_REPLACE_WITH_NASA_SMAP_OR_ISRO_BHUVAN
PROD-0001312,2020-11-02,Gumgaon,Maharashtra,Nagpur,21.407941,78.985706,142.28,105.6,1.83,0,0.0,OFFICIAL_ANNUAL_PLAN,OFFICIAL_SAME_PERIOD,SYNTHETIC_DAILY_CALIBRATED_TO_PUBLIC_ANNUAL_REFERENCE,36.68,25.78,1,0.0,1.83,10.27,8.45,45.4,47.77,52.95,SYNTHETIC_DEMO_CORRELATED_WITH_RAINFALL_REPLACE_WITH_NASA_SMAP_OR_ISRO_BHUVAN
PROD-0001313,2020-11-03,Gumgaon,Maharashtra,Nagpur,21.407941,78.985706,156.54,112.06,3.42,0,0.0,OFFICIAL_ANNUAL_PLAN,OFFICIAL_SAME_PERIOD,SYNTHETIC_DAILY_CALIBRATED_TO_PUBLIC_ANNUAL_REFERENCE,44.48,28.414,1,0.0,5.25,10.27,8.63,40.39,44.01,50.99,SYNTHETIC_DEMO_CORRELATED_WITH_RAINFALL_REPLACE_WITH_NASA_SMAP_OR_ISRO_BHUVAN
PROD-0001314,2020-11-04,Gumgaon,Maharashtra,Nagpur,21.407941,78.985706,124.56,93.47,0.81,0,9.17,OFFICIAL_ANNUAL_PLAN,OFFICIAL_SAME_PERIOD,SYNTHETIC_DAILY_CALIBRATED_TO_PUBLIC_ANNUAL_REFERENCE,31.09,24.96,1,9.17,6.06,12.93,6.93,48.06,44.62,49.53,SYNTHETIC_DEMO_CORRELATED_WITH_RAINFALL_REPLACE_WITH_NASA_SMAP_OR_ISRO_BHUVAN
PROD-0001315,2020-11-05,Gumgaon,Maharashtra,Nagpur,21.407941,78.985706,143.87,99.15,6.36,0,0.0,OFFICIAL_ANNUAL_PLAN,OFFICIAL_SAME_PERIOD,SYNTHETIC_DAILY_CALIBRATED_TO_PUBLIC_ANNUAL_REFERENCE,44.72,31.084,1,9.17,10.59,9.17,12.42,43.55,44.0,47.45,SYNTHETIC_DEMO_CORRELATED_WITH_RAINFALL_REPLACE_WITH_NASA_SMAP_OR_ISRO_BHUVAN
PROD-0001316,2020-11-06,Gumgaon,Maharashtra,Nagpur,21.407941,78.985706,149.14,113.98,0.35,0,4.53,OFFICIAL_ANNUAL_PLAN,OFFICIAL_SAME_PERIOD,SYNTHETIC_DAILY_CALIBRATED_TO_PUBLIC_ANNUAL_REFERENCE,35.16,23.575,1,13.7,7.52,13.7,12.77,46.44,46.02,45.96,SYNTHETIC_DEMO_CORRELATED_WITH_RAINFALL_REPLACE_WITH_NASA_SMAP_OR_ISRO_BHUVAN
PROD-0001317,2020-11-07,Gumgaon,Maharashtra,Nagpur,21.407941,78.985706,139.53,100.5,3.2,0,0.0,OFFICIAL_ANNUAL_PLAN,OFFICIAL_SAME_PERIOD,SYNTHETIC_DAILY_CALIBRATED_TO_PUBLIC_ANNUAL_REFERENCE,39.03,27.972,1,4.53,9.91,13.7,15.97,45.41,45.13,45.07,SYNTHETIC_DEMO_CORRELATED_WITH_RAINFALL_REPLACE_WITH_NASA_SMAP_OR_ISRO_BHUVAN
PROD-0001318,2020-11-08,Gumgaon,Maharashtra,Nagpur,21.407941,78.985706,154.12,110.17,5.68,0,9.56,OFFICIAL_ANNUAL_PLAN,OFFICIAL_SAME_PERIOD,SYNTHETIC_DAILY_CALIBRATED_TO_PUBLIC_ANNUAL_REFERENCE,43.95,28.517,1,14.09,9.23,23.26,21.65,51.2,47.68,45.78,SYNTHETIC_DEMO_CORRELATED_WITH_RAINFALL_REPLACE_WITH_NASA_SMAP_OR_ISRO_BHUVAN
PROD-0001319,2020-11-09,Gumgaon,Maharashtra,Nagpur,21.407941,78.985706,137.44,99.77,0.55,0,0.0,OFFICIAL_ANNUAL_PLAN,OFFICIAL_SAME_PERIOD,SYNTHETIC_DAILY_CALIBRATED_TO_PUBLIC_ANNUAL_REFERENCE,37.67,27.408,1,9.56,9.43,23.26,20.37,48.93,48.51,46.28,SYNTHETIC_DEMO_CORRELATED_WITH_RAINFALL_REPLACE_WITH_NASA_SMAP_OR_ISRO_BHUVAN
PROD-0001320,2020-11-10,Gumgaon,Maharashtra,Nagpur,21.407941,78.985706,140.41,103.23,1.12,0,0.0,OFFICIAL_ANNUAL_PLAN,OFFICIAL_SAME_PERIOD,SYNTHETIC_DAILY_CALIBRATED_TO_PUBLIC_ANNUAL_REFERENCE,37.18,26.48,1,9.56,7.35,23.26,18.07,45.79,48.64,47.05,SYNTHETIC_DEMO_CORRELATED_WITH_RAINFALL_REPLACE_WITH_NASA_SMAP_OR_ISRO_BHUVAN
PROD-0001321,2020-11-11,Gumgaon,Maharashtra,Nagpur,21.407941,78.985706,130.56,96.57,1.79,0,18.62,OFFICIAL_ANNUAL_PLAN,OFFICIAL_SAME_PERIOD,SYNTHETIC_DAILY_CALIBRATED_TO_PUBLIC_ANNUAL_REFERENCE,33.99,26.034,1,18.62,3.46,32.71,19.05,59.48,51.4,48.69,SYNTHETIC_DEMO_CORRELATED_WITH_RAINFALL_REPLACE_WITH_NASA_SMAP_OR_ISRO_BHUVAN
PROD-0001322,2020-11-12,Gumgaon,Maharashtra,Nagpur,21.407941,78.985706,151.64,107.04,1.68,0,24.96,OFFICIAL_ANNUAL_PLAN,OFFICIAL_SAME_PERIOD,SYNTHETIC_DAILY_CALIBRATED_TO_PUBLIC_ANNUAL_REFERENCE,44.6,29.412,1,43.58,4.59,57.67,14.37,60.0,55.09,51.04,SYNTHETIC_DEMO_CORRELATED_WITH_RAINFALL_REPLACE_WITH_NASA_SMAP_OR_ISRO_BHUVAN
PROD-0001323,2020-11-13,Gumgaon,Maharashtra,Nagpur,21.407941,78.985706,148.16,107.23,0.0,50,0.0,OFFICIAL_ANNUAL_PLAN,OFFICIAL_SAME_PERIOD,SYNTHETIC_DAILY_CALIBRATED_TO_PUBLIC_ANNUAL_REFERENCE,40.93,27.626,1,43.58,3.47,53.14,14.02,57.66,59.05,52.64,SYNTHETIC_DEMO_CORRELATED_WITH_RAINFALL_REPLACE_WITH_NASA_SMAP_OR_ISRO_BHUVAN
PROD-0001324,2020-11-14,Gumgaon,Maharashtra,Nagpur,21.407941,78.985706,141.14,106.38,0.36,0,5.81,OFFICIAL_ANNUAL_PLAN,OFFICIAL_SAME_PERIOD,SYNTHETIC_DAILY_CALIBRATED_TO_PUBLIC_ANNUAL_REFERENCE,34.76,24.628,1,30.77,2.04,58.95,11.18,60.0,59.22,54.72,SYNTHETIC_DEMO_CORRELATED_WITH_RAINFALL_REPLACE_WITH_NASA_SMAP_OR_ISRO_BHUVAN
PROD-0001325,2020-11-15,Gumgaon,Maharashtra,Nagpur,21.407941,78.985706,155.71,111.59,1.78,0,0.0,OFFICIAL_ANNUAL_PLAN,OFFICIAL_SAME_PERIOD,SYNTHETIC_DAILY_CALIBRATED_TO_PUBLIC_ANNUAL_REFERENCE,44.12,28.335,1,5.81,2.14,49.39,7.28,56.82,58.16,55.53,SYNTHETIC_DEMO_CORRELATED_WITH_RAINFALL_REPLACE_WITH_NASA_SMAP_OR_ISRO_BHUVAN
PROD-0001326,2020-11-16,Gumgaon,Maharashtra,Nagpur,21.407941,78.985706,129.74,91.37,3.35,0,34.84,OFFICIAL_ANNUAL_PLAN,OFFICIAL_SAME_PERIOD,SYNTHETIC_DAILY_CALIBRATED_TO_PUBLIC_ANNUAL_REFERENCE,38.37,29.575,1,40.65,5.49,84.23,10.08,60.0,58.94,57.11,SYNTHETIC_DEMO_CORRELATED_WITH_RAINFALL_REPLACE_WITH_NASA_SMAP_OR_ISRO_BHUVAN
PROD-0001327,2020-11-17,Gumgaon,Maharashtra,Nagpur,21.407941,78.985706,140.11,102.6,1.26,0,0.0,OFFICIAL_ANNUAL_PLAN,OFFICIAL_SAME_PERIOD,SYNTHETIC_DAILY_CALIBRATED_TO_PUBLIC_ANNUAL_REFERENCE,37.51,26.772,1,34.84,6.39,84.23,10.22,56.16,57.66,58.59,SYNTHETIC_DEMO_CORRELATED_WITH_RAINFALL_REPLACE_WITH_NASA_SMAP_OR_ISRO_BHUVAN
PROD-0001328,2020-11-18,Gumgaon,Maharashtra,Nagpur,21.407941,78.985706,136.21,101.88,0.27,18,17.86,OFFICIAL_ANNUAL_PLAN,OFFICIAL_SAME_PERIOD,SYNTHETIC_DAILY_CALIBRATED_TO_PUBLIC_ANNUAL_REFERENCE,34.33,25.204,1,52.7,4.88,83.47,8.7,60.0,58.72,58.66,SYNTHETIC_DEMO_CORRELATED_WITH_RAINFALL_REPLACE_WITH_NASA_SMAP_OR_ISRO_BHUVAN
PROD-0001329,2020-11-19,Gumgaon,Maharashtra,Nagpur,21.407941,78.985706,146.36,105.65,0.96,0,0.0,OFFICIAL_ANNUAL_PLAN,OFFICIAL_SAME_PERIOD,SYNTHETIC_DAILY_CALIBRATED_TO_PUBLIC_ANNUAL_REFERENCE,40.71,27.815,1,17.86,2.49,58.51,7.98,56.94,57.7,58.23,SYNTHETIC_DEMO_CORRELATED_WITH_RAINFALL_REPLACE_WITH_NASA_SMAP_OR_ISRO_BHUVAN
PROD-0001330,2020-11-20,Gumgaon,Maharashtra,Nagpur,21.407941,78.985706,145.0,107.41,0.45,0,0.0,OFFICIAL_ANNUAL_PLAN,OFFICIAL_SAME_PERIOD,SYNTHETIC_DAILY_CALIBRATED_TO_PUBLIC_ANNUAL_REFERENCE,37.59,25.924,1,17.86,1.68,58.51,8.43,54.03,56.99,57.71,SYNTHETIC_DEMO_CORRELATED_WITH_RAINFALL_REPLACE_WITH_NASA_SMAP_OR_ISRO_BHUVAN
PROD-0001331,2020-11-21,Gumgaon,Maharashtra,Nagpur,21.407941,78.985706,144.16,106.35,1.36,0,2.41,OFFICIAL_ANNUAL_PLAN,OFFICIAL_SAME_PERIOD,SYNTHETIC_DAILY_CALIBRATED_TO_PUBLIC_ANNUAL_REFERENCE,37.81,26.228,1,2.41,2.77,55.11,9.43,51.65,54.21,56.51,SYNTHETIC_DEMO_CORRELATED_WITH_RAINFALL_REPLACE_WITH_NASA_SMAP_OR_ISRO_BHUVAN
PROD-0001332,2020-11-22,Gumgaon,Maharashtra,Nagpur,21.407941,78.985706,152.0,108.54,0.67,12,0.0,OFFICIAL_ANNUAL_PLAN,OFFICIAL_SAME_PERIOD,SYNTHETIC_DAILY_CALIBRATED_TO_PUBLIC_ANNUAL_REFERENCE,43.46,28.592,1,2.41,2.48,55.11,8.32,47.88,51.19,55.24,SYNTHETIC_DEMO_CORRELATED_WITH_RAINFALL_REPLACE_WITH_NASA_SMAP_OR_ISRO_BHUVAN
PROD-0001333,2020-11-23,Gumgaon,Maharashtra,Nagpur,21.407941,78.985706,140.4,103.86,0.0,0,0.0,OFFICIAL_ANNUAL_PLAN,OFFICIAL_SAME_PERIOD,SYNTHETIC_DAILY_CALIBRATED_TO_PUBLIC_ANNUAL_REFERENCE,36.54,26.026,1,2.41,2.03,20.27,4.97,45.52,48.35,53.17,SYNTHETIC_DEMO_CORRELATED_WITH_RAINFALL_REPLACE_WITH_NASA_SMAP_OR_ISRO_BHUVAN
PROD-0001334,2020-11-24,Gumgaon,Maharashtra,Nagpur,21.407941,78.985706,151.2,108.97,1.18,0,0.0,OFFICIAL_ANNUAL_PLAN,OFFICIAL_SAME_PERIOD,SYNTHETIC_DAILY_CALIBRATED_TO_PUBLIC_ANNUAL_REFERENCE,42.23,27.93,1,0.0,1.85,20.27,4.89,43.36,45.59,51.34,SYNTHETIC_DEMO_CORRELATED_WITH_RAINFALL_REPLACE_WITH_NASA_SMAP_OR_ISRO_BHUVAN
PROD-0001335,2020-11-25,Gumgaon,Maharashtra,Nagpur,21.407941,78.985706,141.36,101.13,0.0,0,0.0,OFFICIAL_ANNUAL_PLAN,OFFICIAL_SAME_PERIOD,SYNTHETIC_DAILY_CALIBRATED_TO_PUBLIC_ANNUAL_REFERENCE,40.23,28.459,1,0.0,1.18,2.41,4.62,40.42,43.1,48.54,SYNTHETIC_DEMO_CORRELATED_WITH_RAINFALL_REPLACE_WITH_NASA_SMAP_OR_ISRO_BHUVAN
PROD-0001336,2020-11-26,Gumgaon,Maharashtra,Nagpur,21.407941,78.985706,158.14,117.64,0.16,0,0.0,OFFICIAL_ANNUAL_PLAN,OFFICIAL_SAME_PERIOD,SYNTHETIC_DAILY_CALIBRATED_TO_PUBLIC_ANNUAL_REFERENCE,40.5,25.61,1,0.0,1.34,2.41,3.82,39.04,40.94,45.99,SYNTHETIC_DEMO_CORRELATED_WITH_RAINFALL_REPLACE_WITH_NASA_SMAP_OR_ISRO_BHUVAN
PROD-0001337,2020-11-27,Gumgaon,Maharashtra,Nagpur,21.407941,78.985706,142.49,108.9,0.0,0,0.0,OFFICIAL_ANNUAL_PLAN,OFFICIAL_SAME_PERIOD,SYNTHETIC_DAILY_CALIBRATED_TO_PUBLIC_ANNUAL_REFERENCE,33.59,23.574,1,0.0,0.16,2.41,3.37,35.77,38.41,43.38,SYNTHETIC_DEMO_CORRELATED_WITH_RAINFALL_REPLACE_WITH_NASA_SMAP_OR_ISRO_BHUVAN
PROD-0001338,2020-11-28,Gumgaon,Maharashtra,Nagpur,21.407941,78.985706,133.31,97.27,0.0,0,0.0,OFFICIAL_ANNUAL_PLAN,OFFICIAL_SAME_PERIOD,SYNTHETIC_DAILY_CALIBRATED_TO_PUBLIC_ANNUAL_REFERENCE,36.04,27.035,1,0.0,0.16,0.0,2.01,33.29,36.03,40.75,SYNTHETIC_DEMO_CORRELATED_WITH_RAINFALL_REPLACE_WITH_NASA_SMAP_OR_ISRO_BHUVAN
PROD-0001339,2020-11-29,Gumgaon,Maharashtra,Nagpur,21.407941,78.985706,160.75,117.2,1.07,0,0.0,OFFICIAL_ANNUAL_PLAN,OFFICIAL_SAME_PERIOD,SYNTHETIC_DAILY_CALIBRATED_TO_PUBLIC_ANNUAL_REFERENCE,43.55,27.092,1,0.0,1.07,0.0,2.41,30.89,33.32,38.33,SYNTHETIC_DEMO_CORRELATED_WITH_RAINFALL_REPLACE_WITH_NASA_SMAP_OR_ISRO_BHUVAN
PROD-0001340,2020-11-30,Gumgaon,Maharashtra,Nagpur,21.407941,78.985706,152.91,113.9,1.46,13,0.0,OFFICIAL_ANNUAL_PLAN,OFFICIAL_SAME_PERIOD,SYNTHETIC_DAILY_CALIBRATED_TO_PUBLIC_ANNUAL_REFERENCE,39.01,25.512,1,0.0,2.53,0.0,3.87,28.83,31.0,35.94,SYNTHETIC_DEMO_CORRELATED_WITH_RAINFALL_REPLACE_WITH_NASA_SMAP_OR_ISRO_BHUVAN
PROD-0001341,2020-12-01,Gumgaon,Maharashtra,Nagpur,21.407941,78.985706,146.29,110.52,0.01,0,0.71,OFFICIAL_ANNUAL_PLAN,OFFICIAL_SAME_PERIOD,SYNTHETIC_DAILY_CALIBRATED_TO_PUBLIC_ANNUAL_REFERENCE,35.77,24.451,1,0.71,2.54,0.71,2.7,27.09,28.94,33.62,SYNTHETIC_DEMO_CORRELATED_WITH_RAINFALL_REPLACE_WITH_NASA_SMAP_OR_ISRO_BHUVAN
PROD-0001342,2020-12-02,Gumgaon,Maharashtra,Nagpur,21.407941,78.985706,141.8,102.89,2.41,0,0.0,OFFICIAL_ANNUAL_PLAN,OFFICIAL_SAME_PERIOD,SYNTHETIC_DAILY_CALIBRATED_TO_PUBLIC_ANNUAL_REFERENCE,38.91,27.44,1,0.71,3.88,0.71,5.11,26.04,27.32,31.56,SYNTHETIC_DEMO_CORRELATED_WITH_RAINFALL_REPLACE_WITH_NASA_SMAP_OR_ISRO_BHUVAN
PROD-0001343,2020-12-03,Gumgaon,Maharashtra,Nagpur,21.407941,78.985706,152.05,117.78,2.5,0,0.0,OFFICIAL_ANNUAL_PLAN,OFFICIAL_SAME_PERIOD,SYNTHETIC_DAILY_CALIBRATED_TO_PUBLIC_ANNUAL_REFERENCE,34.27,22.539,1,0.71,4.92,0.71,7.45,22.79,25.31,29.24,SYNTHETIC_DEMO_CORRELATED_WITH_RAINFALL_REPLACE_WITH_NASA_SMAP_OR_ISRO_BHUVAN
PROD-0001344,2020-12-04,Gumgaon,Maharashtra,Nagpur,21.407941,78.985706,137.45,100.57,2.88,0,0.0,OFFICIAL_ANNUAL_PLAN,OFFICIAL_SAME_PERIOD,SYNTHETIC_DAILY_CALIBRATED_TO_PUBLIC_ANNUAL_REFERENCE,36.88,26.832,1,0.0,7.79,0.71,10.33,21.78,23.54,27.24,SYNTHETIC_DEMO_CORRELATED_WITH_RAINFALL_REPLACE_WITH_NASA_SMAP_OR_ISRO_BHUVAN
PROD-0001345,2020-12-05,Gumgaon,Maharashtra,Nagpur,21.407941,78.985706,125.1,87.69,3.03,0,0.0,OFFICIAL_ANNUAL_PLAN,OFFICIAL_SAME_PERIOD,SYNTHETIC_DAILY_CALIBRATED_TO_PUBLIC_ANNUAL_REFERENCE,37.41,29.904,1,0.0,8.41,0.71,13.36,20.73,21.77,25.45,SYNTHETIC_DEMO_CORRELATED_WITH_RAINFALL_REPLACE_WITH_NASA_SMAP_OR_ISRO_BHUVAN
PROD-0001346,2020-12-06,Gumgaon,Maharashtra,Nagpur,21.407941,78.985706,145.08,99.23,2.53,0,0.0,OFFICIAL_ANNUAL_PLAN,OFFICIAL_SAME_PERIOD,SYNTHETIC_DAILY_CALIBRATED_TO_PUBLIC_ANNUAL_REFERENCE,45.85,31.603,1,0.0,8.44,0.71,14.82,19.92,20.81,23.88,SYNTHETIC_DEMO_CORRELATED_WITH_RAINFALL_REPLACE_WITH_NASA_SMAP_OR_ISRO_BHUVAN
PROD-0001347,2020-12-07,Gumgaon,Maharashtra,Nagpur,21.407941,78.985706,158.45,122.92,0.0,0,0.0,OFFICIAL_ANNUAL_PLAN,OFFICIAL_SAME_PERIOD,SYNTHETIC_DAILY_CALIBRATED_TO_PUBLIC_ANNUAL_REFERENCE,35.53,22.423,1,0.0,5.56,0.71,13.36,16.39,19.01,22.11,SYNTHETIC_DEMO_CORRELATED_WITH_RAINFALL_REPLACE_WITH_NASA_SMAP_OR_ISRO_BHUVAN
PROD-0001348,2020-12-08,Gumgaon,Maharashtra,Nagpur,21.407941,78.985706,124.84,96.8,1.39,0,0.0,OFFICIAL_ANNUAL_PLAN,OFFICIAL_SAME_PERIOD,SYNTHETIC_DAILY_CALIBRATED_TO_PUBLIC_ANNUAL_REFERENCE,28.04,22.461,1,0.0,3.92,0.0,14.74,16.79,17.7,20.63,SYNTHETIC_DEMO_CORRELATED_WITH_RAINFALL_REPLACE_WITH_NASA_SMAP_OR_ISRO_BHUVAN
PROD-0001349,2020-12-09,Gumgaon,Maharashtra,Nagpur,21.407941,78.985706,150.93,111.0,2.3,0,0.0,OFFICIAL_ANNUAL_PLAN,OFFICIAL_SAME_PERIOD,SYNTHETIC_DAILY_CALIBRATED_TO_PUBLIC_ANNUAL_REFERENCE,39.93,26.456,1,0.0,3.69,0.0,14.63,14.93,16.04,19.05,SYNTHETIC_DEMO_CORRELATED_WITH_RAINFALL_REPLACE_WITH_NASA_SMAP_OR_ISRO_BHUVAN
PROD-0001350,2020-12-10,Gumgaon,Maharashtra,Nagpur,21.407941,78.985706,144.48,103.51,4.29,0,0.0,OFFICIAL_ANNUAL_PLAN,OFFICIAL_SAME_PERIOD,SYNTHETIC_DAILY_CALIBRATED_TO_PUBLIC_ANNUAL_REFERENCE,40.97,28.357,1,0.0,7.98,0.0,16.42,14.76,15.49,17.9,SYNTHETIC_DEMO_CORRELATED_WITH_RAINFALL_REPLACE_WITH_NASA_SMAP_OR_ISRO_BHUVAN
PROD-0001351,2020-12-11,Gumgaon,Maharashtra,Nagpur,21.407941,78.985706,137.84,100.37,0.0,0,0.0,OFFICIAL_ANNUAL_PLAN,OFFICIAL_SAME_PERIOD,SYNTHETIC_DAILY_CALIBRATED_TO_PUBLIC_ANNUAL_REFERENCE,37.47,27.184,1,0.0,6.59,0.0,13.54,11.66,13.78,16.45,SYNTHETIC_DEMO_CORRELATED_WITH_RAINFALL_REPLACE_WITH_NASA_SMAP_OR_ISRO_BHUVAN
PROD-0001352,2020-12-12,Gumgaon,Maharashtra,Nagpur,21.407941,78.985706,151.08,114.26,1.08,0,0.0,OFFICIAL_ANNUAL_PLAN,OFFICIAL_SAME_PERIOD,SYNTHETIC_DAILY_CALIBRATED_TO_PUBLIC_ANNUAL_REFERENCE,36.82,24.371,1,0.0,5.37,0.0,11.59,9.79,12.07,14.89,SYNTHETIC_DEMO_CORRELATED_WITH_RAINFALL_REPLACE_WITH_NASA_SMAP_OR_ISRO_BHUVAN
PROD-0001353,2020-12-13,Gumgaon,Maharashtra,Nagpur,21.407941,78.985706,153.23,112.15,2.11,0,0.0,OFFICIAL_ANNUAL_PLAN,OFFICIAL_SAME_PERIOD,SYNTHETIC_DAILY_CALIBRATED_TO_PUBLIC_ANNUAL_REFERENCE,41.08,26.809,1,0.0,3.19,0.0,11.17,8.39,9.95,13.24,SYNTHETIC_DEMO_CORRELATED_WITH_RAINFALL_REPLACE_WITH_NASA_SMAP_OR_ISRO_BHUVAN
PROD-0001354,2020-12-14,Gumgaon,Maharashtra,Nagpur,21.407941,78.985706,157.55,116.35,0.0,30,0.0,OFFICIAL_ANNUAL_PLAN,OFFICIAL_SAME_PERIOD,SYNTHETIC_DAILY_CALIBRATED_TO_PUBLIC_ANNUAL_REFERENCE,41.2,26.15,1,0.0,3.19,0.0,11.17,8.65,8.94,12.14,SYNTHETIC_DEMO_CORRELATED_WITH_RAINFALL_REPLACE_WITH_NASA_SMAP_OR_ISRO_BHUVAN
PROD-0001355,2020-12-15,Gumgaon,Maharashtra,Nagpur,21.407941,78.985706,169.45,129.9,0.59,0,4.57,OFFICIAL_ANNUAL_PLAN,OFFICIAL_SAME_PERIOD,SYNTHETIC_DAILY_CALIBRATED_TO_PUBLIC_ANNUAL_REFERENCE,39.55,23.34,1,4.57,2.7,4.57,10.37,14.96,10.67,11.88,SYNTHETIC_DEMO_CORRELATED_WITH_RAINFALL_REPLACE_WITH_NASA_SMAP_OR_ISRO_BHUVAN
PROD-0001356,2020-12-16,Gumgaon,Maharashtra,Nagpur,21.407941,78.985706,141.6,101.26,3.33,0,0.0,OFFICIAL_ANNUAL_PLAN,OFFICIAL_SAME_PERIOD,SYNTHETIC_DAILY_CALIBRATED_TO_PUBLIC_ANNUAL_REFERENCE,40.34,28.489,1,4.57,3.92,4.57,11.4,15.43,13.01,11.95,SYNTHETIC_DEMO_CORRELATED_WITH_RAINFALL_REPLACE_WITH_NASA_SMAP_OR_ISRO_BHUVAN
PROD-0001357,2020-12-17,Gumgaon,Maharashtra,Nagpur,21.407941,78.985706,155.07,111.02,0.0,0,0.0,OFFICIAL_ANNUAL_PLAN,OFFICIAL_SAME_PERIOD,SYNTHETIC_DAILY_CALIBRATED_TO_PUBLIC_ANNUAL_REFERENCE,44.05,28.407,1,4.57,3.92,4.57,7.11,15.85,15.41,12.1,SYNTHETIC_DEMO_CORRELATED_WITH_RAINFALL_REPLACE_WITH_NASA_SMAP_OR_ISRO_BHUVAN
PROD-0001358,2020-12-18,Gumgaon,Maharashtra,Nagpur,21.407941,78.985706,137.01,104.38,0.0,0,0.0,OFFICIAL_ANNUAL_PLAN,OFFICIAL_SAME_PERIOD,SYNTHETIC_DAILY_CALIBRATED_TO_PUBLIC_ANNUAL_REFERENCE,32.63,23.816,1,0.0,3.33,4.57,7.11,14.92,15.4,12.57,SYNTHETIC_DEMO_CORRELATED_WITH_RAINFALL_REPLACE_WITH_NASA_SMAP_OR_ISRO_BHUVAN
PROD-0001359,2020-12-19,Gumgaon,Maharashtra,Nagpur,21.407941,78.985706,146.8,112.28,0.0,22,0.0,OFFICIAL_ANNUAL_PLAN,OFFICIAL_SAME_PERIOD,SYNTHETIC_DAILY_CALIBRATED_TO_PUBLIC_ANNUAL_REFERENCE,34.52,23.515,1,0.0,0.0,4.57,6.03,16.18,15.65,13.48,SYNTHETIC_DEMO_CORRELATED_WITH_RAINFALL_REPLACE_WITH_NASA_SMAP_OR_ISRO_BHUVAN
PROD-0001360,2020-12-20,Gumgaon,Maharashtra,Nagpur,21.407941,78.985706,134.96,99.4,1.65,0,0.0,OFFICIAL_ANNUAL_PLAN,OFFICIAL_SAME_PERIOD,SYNTHETIC_DAILY_CALIBRATED_TO_PUBLIC_ANNUAL_REFERENCE,35.56,26.349,1,0.0,1.65,4.57,5.57,11.47,14.19,13.92,SYNTHETIC_DEMO_CORRELATED_WITH_RAINFALL_REPLACE_WITH_NASA_SMAP_OR_ISRO_BHUVAN
PROD-0001361,2020-12-21,Gumgaon,Maharashtra,Nagpur,21.407941,78.985706,142.11,104.66,3.42,0,0.0,OFFICIAL_ANNUAL_PLAN,OFFICIAL_SAME_PERIOD,SYNTHETIC_DAILY_CALIBRATED_TO_PUBLIC_ANNUAL_REFERENCE,37.45,26.353,1,0.0,5.07,4.57,8.99,10.96,12.87,14.25,SYNTHETIC_DEMO_CORRELATED_WITH_RAINFALL_REPLACE_WITH_NASA_SMAP_OR_ISRO_BHUVAN
PROD-0001362,2020-12-22,Gumgaon,Maharashtra,Nagpur,21.407941,78.985706,156.07,122.47,2.24,0,0.0,OFFICIAL_ANNUAL_PLAN,OFFICIAL_SAME_PERIOD,SYNTHETIC_DAILY_CALIBRATED_TO_PUBLIC_ANNUAL_REFERENCE,33.6,21.529,1,0.0,7.31,0.0,10.64,9.62,10.68,13.49,SYNTHETIC_DEMO_CORRELATED_WITH_RAINFALL_REPLACE_WITH_NASA_SMAP_OR_ISRO_BHUVAN
PROD-0001363,2020-12-23,Gumgaon,Maharashtra,Nagpur,21.407941,78.985706,140.32,93.28,3.34,111,0.0,OFFICIAL_ANNUAL_PLAN,OFFICIAL_SAME_PERIOD,SYNTHETIC_DAILY_CALIBRATED_TO_PUBLIC_ANNUAL_REFERENCE,47.04,33.523,1,0.0,9.0,0.0,10.65,8.19,9.59,12.46,SYNTHETIC_DEMO_CORRELATED_WITH_RAINFALL_REPLACE_WITH_NASA_SMAP_OR_ISRO_BHUVAN
PROD-0001364,2020-12-24,Gumgaon,Maharashtra,Nagpur,21.407941,78.985706,131.76,100.62,0.0,0,0.0,OFFICIAL_ANNUAL_PLAN,OFFICIAL_SAME_PERIOD,SYNTHETIC_DAILY_CALIBRATED_TO_PUBLIC_ANNUAL_REFERENCE,31.14,23.634,1,0.0,5.58,0.0,10.65,9.25,9.02,11.51,SYNTHETIC_DEMO_CORRELATED_WITH_RAINFALL_REPLACE_WITH_NASA_SMAP_OR_ISRO_BHUVAN
PROD-0001365,2020-12-25,Gumgaon,Maharashtra,Nagpur,21.407941,78.985706,141.2,103.63,1.31,0,0.0,OFFICIAL_ANNUAL_PLAN,OFFICIAL_SAME_PERIOD,SYNTHETIC_DAILY_CALIBRATED_TO_PUBLIC_ANNUAL_REFERENCE,37.57,26.608,1,0.0,4.65,0.0,11.96,8.48,8.64,10.59,SYNTHETIC_DEMO_CORRELATED_WITH_RAINFALL_REPLACE_WITH_NASA_SMAP_OR_ISRO_BHUVAN
PROD-0001366,2020-12-26,Gumgaon,Maharashtra,Nagpur,21.407941,78.985706,142.49,105.83,0.0,0,0.0,OFFICIAL_ANNUAL_PLAN,OFFICIAL_SAME_PERIOD,SYNTHETIC_DAILY_CALIBRATED_TO_PUBLIC_ANNUAL_REFERENCE,36.66,25.728,1,0.0,1.31,0.0,11.96,8.84,8.86,9.54,SYNTHETIC_DEMO_CORRELATED_WITH_RAINFALL_REPLACE_WITH_NASA_SMAP_OR_ISRO_BHUVAN
PROD-0001367,2020-12-27,Gumgaon,Maharashtra,Nagpur,21.407941,78.985706,137.68,103.39,0.21,0,13.91,OFFICIAL_ANNUAL_PLAN,OFFICIAL_SAME_PERIOD,SYNTHETIC_DAILY_CALIBRATED_TO_PUBLIC_ANNUAL_REFERENCE,34.29,24.906,1,13.91,1.52,13.91,10.52,20.1,12.47,10.78,SYNTHETIC_DEMO_CORRELATED_WITH_RAINFALL_REPLACE_WITH_NASA_SMAP_OR_ISRO_BHUVAN
PROD-0001368,2020-12-28,Gumgaon,Maharashtra,Nagpur,21.407941,78.985706,128.47,96.02,1.53,0,0.0,OFFICIAL_ANNUAL_PLAN,OFFICIAL_SAME_PERIOD,SYNTHETIC_DAILY_CALIBRATED_TO_PUBLIC_ANNUAL_REFERENCE,32.45,25.259,1,13.91,1.74,13.91,8.63,18.27,15.74,11.82,SYNTHETIC_DEMO_CORRELATED_WITH_RAINFALL_REPLACE_WITH_NASA_SMAP_OR_ISRO_BHUVAN
PROD-0001369,2020-12-29,Gumgaon,Maharashtra,Nagpur,21.407941,78.985706,146.66,112.9,0.76,0,0.0,OFFICIAL_ANNUAL_PLAN,OFFICIAL_SAME_PERIOD,SYNTHETIC_DAILY_CALIBRATED_TO_PUBLIC_ANNUAL_REFERENCE,33.76,23.019,1,13.91,2.5,13.91,7.15,15.3,17.89,12.63,SYNTHETIC_DEMO_CORRELATED_WITH_RAINFALL_REPLACE_WITH_NASA_SMAP_OR_ISRO_BHUVAN
PROD-0001370,2020-12-30,Gumgaon,Maharashtra,Nagpur,21.407941,78.985706,157.08,119.27,1.89,0,0.0,OFFICIAL_ANNUAL_PLAN,OFFICIAL_SAME_PERIOD,SYNTHETIC_DAILY_CALIBRATED_TO_PUBLIC_ANNUAL_REFERENCE,37.81,24.071,1,0.0,4.18,13.91,5.7,12.84,15.47,13.3,SYNTHETIC_DEMO_CORRELATED_WITH_RAINFALL_REPLACE_WITH_NASA_SMAP_OR_ISRO_BHUVAN
PROD-0001371,2020-12-31,Gumgaon,Maharashtra,Nagpur,21.407941,78.985706,139.43,102.99,0.02,0,1.28,OFFICIAL_ANNUAL_PLAN,OFFICIAL_SAME_PERIOD,SYNTHETIC_DAILY_CALIBRATED_TO_PUBLIC_ANNUAL_REFERENCE,36.44,26.135,1,1.28,2.67,15.19,5.72,13.48,13.87,13.9,SYNTHETIC_DEMO_CORRELATED_WITH_RAINFALL_REPLACE_WITH_NASA_SMAP_OR_ISRO_BHUVAN
PROD-0001372,2021-01-01,Gumgaon,Maharashtra,Nagpur,21.407941,78.985706,139.29,104.35,1.05,0,0.0,OFFICIAL_ANNUAL_PLAN,OFFICIAL_SAME_PERIOD,SYNTHETIC_DAILY_CALIBRATED_TO_PUBLIC_ANNUAL_REFERENCE,34.94,25.084,1,1.28,2.96,15.19,5.46,13.09,13.14,14.56,SYNTHETIC_DEMO_CORRELATED_WITH_RAINFALL_REPLACE_WITH_NASA_SMAP_OR_ISRO_BHUVAN
PROD-0001373,2021-01-02,Gumgaon,Maharashtra,Nagpur,21.407941,78.985706,141.76,106.96,0.0,0,0.0,OFFICIAL_ANNUAL_PLAN,OFFICIAL_SAME_PERIOD,SYNTHETIC_DAILY_CALIBRATED_TO_PUBLIC_ANNUAL_REFERENCE,34.8,24.549,1,1.28,1.07,15.19,5.46,10.78,12.45,14.84,SYNTHETIC_DEMO_CORRELATED_WITH_RAINFALL_REPLACE_WITH_NASA_SMAP_OR_ISRO_BHUVAN
PROD-0001374,2021-01-03,Gumgaon,Maharashtra,Nagpur,21.407941,78.985706,132.35,95.86,0.95,0,0.0,OFFICIAL_ANNUAL_PLAN,OFFICIAL_SAME_PERIOD,SYNTHETIC_DAILY_CALIBRATED_TO_PUBLIC_ANNUAL_REFERENCE,36.49,27.571,1,0.0,2.0,1.28,6.2,9.3,11.06,13.29,SYNTHETIC_DEMO_CORRELATED_WITH_RAINFALL_REPLACE_WITH_NASA_SMAP_OR_ISRO_BHUVAN
PROD-0001375,2021-01-04,Gumgaon,Maharashtra,Nagpur,21.407941,78.985706,150.49,114.3,0.0,0,0.0,OFFICIAL_ANNUAL_PLAN,OFFICIAL_SAME_PERIOD,SYNTHETIC_DAILY_CALIBRATED_TO_PUBLIC_ANNUAL_REFERENCE,36.19,24.048,1,0.0,0.95,1.28,4.67,7.97,9.35,11.82,SYNTHETIC_DEMO_CORRELATED_WITH_RAINFALL_REPLACE_WITH_NASA_SMAP_OR_ISRO_BHUVAN
PROD-0001376,2021-01-05,Gumgaon,Maharashtra,Nagpur,21.407941,78.985706,161.78,125.5,0.79,0,0.0,OFFICIAL_ANNUAL_PLAN,OFFICIAL_SAME_PERIOD,SYNTHETIC_DAILY_CALIBRATED_TO_PUBLIC_ANNUAL_REFERENCE,36.28,22.426,1,0.0,1.74,1.28,4.7,5.48,7.58,10.42,SYNTHETIC_DEMO_CORRELATED_WITH_RAINFALL_REPLACE_WITH_NASA_SMAP_OR_ISRO_BHUVAN
PROD-0001377,2021-01-06,Gumgaon,Maharashtra,Nagpur,21.407941,78.985706,149.7,112.39,0.48,0,0.0,OFFICIAL_ANNUAL_PLAN,OFFICIAL_SAME_PERIOD,SYNTHETIC_DAILY_CALIBRATED_TO_PUBLIC_ANNUAL_REFERENCE,37.31,24.923,1,0.0,1.27,1.28,3.29,4.23,5.89,9.19,SYNTHETIC_DEMO_CORRELATED_WITH_RAINFALL_REPLACE_WITH_NASA_SMAP_OR_ISRO_BHUVAN
PROD-0001378,2021-01-07,Gumgaon,Maharashtra,Nagpur,21.407941,78.985706,151.37,111.73,0.0,0,0.0,OFFICIAL_ANNUAL_PLAN,OFFICIAL_SAME_PERIOD,SYNTHETIC_DAILY_CALIBRATED_TO_PUBLIC_ANNUAL_REFERENCE,39.64,26.187,1,0.0,1.27,0.0,3.27,3.97,4.56,7.83,SYNTHETIC_DEMO_CORRELATED_WITH_RAINFALL_REPLACE_WITH_NASA_SMAP_OR_ISRO_BHUVAN
PROD-0001379,2021-01-08,Gumgaon,Maharashtra,Nagpur,21.407941,78.985706,131.99,92.07,3.0,0,0.0,OFFICIAL_ANNUAL_PLAN,OFFICIAL_SAME_PERIOD,SYNTHETIC_DAILY_CALIBRATED_TO_PUBLIC_ANNUAL_REFERENCE,39.92,30.245,1,0.0,3.48,0.0,5.22,3.5,3.9,6.46,SYNTHETIC_DEMO_CORRELATED_WITH_RAINFALL_REPLACE_WITH_NASA_SMAP_OR_ISRO_BHUVAN
PROD-0001380,2021-01-09,Gumgaon,Maharashtra,Nagpur,21.407941,78.985706,149.32,108.47,3.19,0,0.0,OFFICIAL_ANNUAL_PLAN,OFFICIAL_SAME_PERIOD,SYNTHETIC_DAILY_CALIBRATED_TO_PUBLIC_ANNUAL_REFERENCE,40.85,27.357,1,0.0,6.19,0.0,8.41,4.82,4.1,5.61,SYNTHETIC_DEMO_CORRELATED_WITH_RAINFALL_REPLACE_WITH_NASA_SMAP_OR_ISRO_BHUVAN
PROD-0001381,2021-01-10,Gumgaon,Maharashtra,Nagpur,21.407941,78.985706,154.22,109.47,3.34,45,0.0,OFFICIAL_ANNUAL_PLAN,OFFICIAL_SAME_PERIOD,SYNTHETIC_DAILY_CALIBRATED_TO_PUBLIC_ANNUAL_REFERENCE,44.75,29.017,1,0.0,9.53,0.0,10.8,3.0,3.77,4.71,SYNTHETIC_DEMO_CORRELATED_WITH_RAINFALL_REPLACE_WITH_NASA_SMAP_OR_ISRO_BHUVAN
PROD-0001382,2021-01-11,Gumgaon,Maharashtra,Nagpur,21.407941,78.985706,150.7,111.93,0.0,0,0.0,OFFICIAL_ANNUAL_PLAN,OFFICIAL_SAME_PERIOD,SYNTHETIC_DAILY_CALIBRATED_TO_PUBLIC_ANNUAL_REFERENCE,38.77,25.727,1,0.0,6.53,0.0,10.8,3.96,3.93,4.14,SYNTHETIC_DEMO_CORRELATED_WITH_RAINFALL_REPLACE_WITH_NASA_SMAP_OR_ISRO_BHUVAN
PROD-0001383,2021-01-12,Gumgaon,Maharashtra,Nagpur,21.407941,78.985706,158.62,121.87,0.07,0,4.57,OFFICIAL_ANNUAL_PLAN,OFFICIAL_SAME_PERIOD,SYNTHETIC_DAILY_CALIBRATED_TO_PUBLIC_ANNUAL_REFERENCE,36.75,23.169,1,4.57,3.41,4.57,10.08,7.47,4.81,4.42,SYNTHETIC_DEMO_CORRELATED_WITH_RAINFALL_REPLACE_WITH_NASA_SMAP_OR_ISRO_BHUVAN
PROD-0001384,2021-01-13,Gumgaon,Maharashtra,Nagpur,21.407941,78.985706,148.88,108.74,1.17,60,0.0,OFFICIAL_ANNUAL_PLAN,OFFICIAL_SAME_PERIOD,SYNTHETIC_DAILY_CALIBRATED_TO_PUBLIC_ANNUAL_REFERENCE,40.14,26.961,1,4.57,1.24,4.57,10.77,6.56,6.0,4.75,SYNTHETIC_DEMO_CORRELATED_WITH_RAINFALL_REPLACE_WITH_NASA_SMAP_OR_ISRO_BHUVAN
PROD-0001385,2021-01-14,Gumgaon,Maharashtra,Nagpur,21.407941,78.985706,145.22,109.74,1.06,15,0.0,OFFICIAL_ANNUAL_PLAN,OFFICIAL_SAME_PERIOD,SYNTHETIC_DAILY_CALIBRATED_TO_PUBLIC_ANNUAL_REFERENCE,35.48,24.432,1,4.57,2.3,4.57,11.83,5.88,6.64,5.03,SYNTHETIC_DEMO_CORRELATED_WITH_RAINFALL_REPLACE_WITH_NASA_SMAP_OR_ISRO_BHUVAN
PROD-0001386,2021-01-15,Gumgaon,Maharashtra,Nagpur,21.407941,78.985706,143.53,105.18,3.3,0,0.0,OFFICIAL_ANNUAL_PLAN,OFFICIAL_SAME_PERIOD,SYNTHETIC_DAILY_CALIBRATED_TO_PUBLIC_ANNUAL_REFERENCE,38.35,26.719,1,0.0,5.53,4.57,12.13,6.96,6.47,5.52,SYNTHETIC_DEMO_CORRELATED_WITH_RAINFALL_REPLACE_WITH_NASA_SMAP_OR_ISRO_BHUVAN
PROD-0001387,2021-01-16,Gumgaon,Maharashtra,Nagpur,21.407941,78.985706,144.93,109.24,0.0,0,0.0,OFFICIAL_ANNUAL_PLAN,OFFICIAL_SAME_PERIOD,SYNTHETIC_DAILY_CALIBRATED_TO_PUBLIC_ANNUAL_REFERENCE,35.69,24.626,1,0.0,4.36,4.57,8.94,6.86,6.57,5.81,SYNTHETIC_DEMO_CORRELATED_WITH_RAINFALL_REPLACE_WITH_NASA_SMAP_OR_ISRO_BHUVAN
PROD-0001388,2021-01-17,Gumgaon,Maharashtra,Nagpur,21.407941,78.985706,142.72,106.17,2.27,0,0.0,OFFICIAL_ANNUAL_PLAN,OFFICIAL_SAME_PERIOD,SYNTHETIC_DAILY_CALIBRATED_TO_PUBLIC_ANNUAL_REFERENCE,36.55,25.61,1,0.0,5.57,4.57,7.87,7.89,7.24,6.51,SYNTHETIC_DEMO_CORRELATED_WITH_RAINFALL_REPLACE_WITH_NASA_SMAP_OR_ISRO_BHUVAN
PROD-0001389,2021-01-18,Gumgaon,Maharashtra,Nagpur,21.407941,78.985706,163.17,116.36,2.03,0,0.0,OFFICIAL_ANNUAL_PLAN,OFFICIAL_SAME_PERIOD,SYNTHETIC_DAILY_CALIBRATED_TO_PUBLIC_ANNUAL_REFERENCE,46.81,28.688,1,0.0,4.3,4.57,9.9,6.95,7.23,6.94,SYNTHETIC_DEMO_CORRELATED_WITH_RAINFALL_REPLACE_WITH_NASA_SMAP_OR_ISRO_BHUVAN
PROD-0001390,2021-01-19,Gumgaon,Maharashtra,Nagpur,21.407941,78.985706,135.62,104.82,0.0,0,0.0,OFFICIAL_ANNUAL_PLAN,OFFICIAL_SAME_PERIOD,SYNTHETIC_DAILY_CALIBRATED_TO_PUBLIC_ANNUAL_REFERENCE,30.8,22.711,1,0.0,4.3,0.0,9.83,5.75,6.86,6.69,SYNTHETIC_DEMO_CORRELATED_WITH_RAINFALL_REPLACE_WITH_NASA_SMAP_OR_ISRO_BHUVAN
PROD-0001391,2021-01-20,Gumgaon,Maharashtra,Nagpur,21.407941,78.985706,142.08,99.28,2.19,0,0.0,OFFICIAL_ANNUAL_PLAN,OFFICIAL_SAME_PERIOD,SYNTHETIC_DAILY_CALIBRATED_TO_PUBLIC_ANNUAL_REFERENCE,42.8,30.124,1,0.0,4.22,0.0,10.85,5.04,5.91,6.48,SYNTHETIC_DEMO_CORRELATED_WITH_RAINFALL_REPLACE_WITH_NASA_SMAP_OR_ISRO_BHUVAN
PROD-0001392,2021-01-21,Gumgaon,Maharashtra,Nagpur,21.407941,78.985706,131.14,95.34,0.0,0,0.0,OFFICIAL_ANNUAL_PLAN,OFFICIAL_SAME_PERIOD,SYNTHETIC_DAILY_CALIBRATED_TO_PUBLIC_ANNUAL_REFERENCE,35.8,27.299,1,0.0,2.19,0.0,9.79,4.44,5.08,6.27,SYNTHETIC_DEMO_CORRELATED_WITH_RAINFALL_REPLACE_WITH_NASA_SMAP_OR_ISRO_BHUVAN
PROD-0001393,2021-01-22,Gumgaon,Maharashtra,Nagpur,21.407941,78.985706,154.36,117.9,0.0,42,0.0,OFFICIAL_ANNUAL_PLAN,OFFICIAL_SAME_PERIOD,SYNTHETIC_DAILY_CALIBRATED_TO_PUBLIC_ANNUAL_REFERENCE,36.46,23.62,1,0.0,2.19,0.0,6.49,4.06,4.51,5.86,SYNTHETIC_DEMO_CORRELATED_WITH_RAINFALL_REPLACE_WITH_NASA_SMAP_OR_ISRO_BHUVAN
PROD-0001394,2021-01-23,Gumgaon,Maharashtra,Nagpur,21.407941,78.985706,142.68,110.35,0.0,28,0.0,OFFICIAL_ANNUAL_PLAN,OFFICIAL_SAME_PERIOD,SYNTHETIC_DAILY_CALIBRATED_TO_PUBLIC_ANNUAL_REFERENCE,32.33,22.659,1,0.0,0.0,0.0,6.49,3.0,3.83,5.3,SYNTHETIC_DEMO_CORRELATED_WITH_RAINFALL_REPLACE_WITH_NASA_SMAP_OR_ISRO_BHUVAN
PROD-0001395,2021-01-24,Gumgaon,Maharashtra,Nagpur,21.407941,78.985706,127.66,94.23,1.82,11,0.0,OFFICIAL_ANNUAL_PLAN,OFFICIAL_SAME_PERIOD,SYNTHETIC_DAILY_CALIBRATED_TO_PUBLIC_ANNUAL_REFERENCE,33.43,26.187,1,0.0,1.82,0.0,6.04,3.03,3.36,4.61,SYNTHETIC_DEMO_CORRELATED_WITH_RAINFALL_REPLACE_WITH_NASA_SMAP_OR_ISRO_BHUVAN
PROD-0001396,2021-01-25,Gumgaon,Maharashtra,Nagpur,21.407941,78.985706,144.33,110.25,0.15,0,0.0,OFFICIAL_ANNUAL_PLAN,OFFICIAL_SAME_PERIOD,SYNTHETIC_DAILY_CALIBRATED_TO_PUBLIC_ANNUAL_REFERENCE,34.08,23.613,1,0.0,1.97,0.0,4.16,3.89,3.31,4.17,SYNTHETIC_DEMO_CORRELATED_WITH_RAINFALL_REPLACE_WITH_NASA_SMAP_OR_ISRO_BHUVAN
PROD-0001397,2021-01-26,Gumgaon,Maharashtra,Nagpur,21.407941,78.985706,130.37,93.52,2.28,0,0.0,OFFICIAL_ANNUAL_PLAN,OFFICIAL_SAME_PERIOD,SYNTHETIC_DAILY_CALIBRATED_TO_PUBLIC_ANNUAL_REFERENCE,36.85,28.266,1,0.0,4.25,0.0,6.44,3.21,3.38,3.81,SYNTHETIC_DEMO_CORRELATED_WITH_RAINFALL_REPLACE_WITH_NASA_SMAP_OR_ISRO_BHUVAN
PROD-0001398,2021-01-27,Gumgaon,Maharashtra,Nagpur,21.407941,78.985706,159.99,119.12,1.37,0,0.0,OFFICIAL_ANNUAL_PLAN,OFFICIAL_SAME_PERIOD,SYNTHETIC_DAILY_CALIBRATED_TO_PUBLIC_ANNUAL_REFERENCE,40.87,25.545,1,0.0,3.8,0.0,5.62,5.13,4.08,3.82,SYNTHETIC_DEMO_CORRELATED_WITH_RAINFALL_REPLACE_WITH_NASA_SMAP_OR_ISRO_BHUVAN
PROD-0001399,2021-01-28,Gumgaon,Maharashtra,Nagpur,21.407941,78.985706,149.64,114.23,0.0,0,0.0,OFFICIAL_ANNUAL_PLAN,OFFICIAL_SAME_PERIOD,SYNTHETIC_DAILY_CALIBRATED_TO_PUBLIC_ANNUAL_REFERENCE,35.41,23.663,1,0.0,3.65,0.0,5.62,4.51,4.28,3.83,SYNTHETIC_DEMO_CORRELATED_WITH_RAINFALL_REPLACE_WITH_NASA_SMAP_OR_ISRO_BHUVAN
PROD-0001400,2021-01-29,Gumgaon,Maharashtra,Nagpur,21.407941,78.985706,167.93,125.48,3.34,0,0.0,OFFICIAL_ANNUAL_PLAN,OFFICIAL_SAME_PERIOD,SYNTHETIC_DAILY_CALIBRATED_TO_PUBLIC_ANNUAL_REFERENCE,42.45,25.278,1,0.0,4.71,0.0,8.96,3.83,4.49,3.8,SYNTHETIC_DEMO_CORRELATED_WITH_RAINFALL_REPLACE_WITH_NASA_SMAP_OR_ISRO_BHUVAN
PROD-0001401,2021-01-30,Gumgaon,Maharashtra,Nagpur,21.407941,78.985706,142.67,101.94,4.99,0,0.0,OFFICIAL_ANNUAL_PLAN,OFFICIAL_SAME_PERIOD,SYNTHETIC_DAILY_CALIBRATED_TO_PUBLIC_ANNUAL_REFERENCE,40.73,28.548,1,0.0,8.33,0.0,13.95,3.3,3.88,3.84,SYNTHETIC_DEMO_CORRELATED_WITH_RAINFALL_REPLACE_WITH_NASA_SMAP_OR_ISRO_BHUVAN
PROD-0001402,2021-01-31,Gumgaon,Maharashtra,Nagpur,21.407941,78.985706,151.86,114.03,0.49,102,0.0,OFFICIAL_ANNUAL_PLAN,OFFICIAL_SAME_PERIOD,SYNTHETIC_DAILY_CALIBRATED_TO_PUBLIC_ANNUAL_REFERENCE,37.83,24.911,1,0.0,8.82,0.0,12.62,3.0,3.38,3.84,SYNTHETIC_DEMO_CORRELATED_WITH_RAINFALL_REPLACE_WITH_NASA_SMAP_OR_ISRO_BHUVAN
PROD-0001403,2021-02-01,Gumgaon,Maharashtra,Nagpur,21.407941,78.985706,156.1,118.43,1.66,0,0.0,OFFICIAL_ANNUAL_PLAN,OFFICIAL_SAME_PERIOD,SYNTHETIC_DAILY_CALIBRATED_TO_PUBLIC_ANNUAL_REFERENCE,37.67,24.132,1,0.0,7.14,0.0,14.13,4.82,3.71,3.97,SYNTHETIC_DEMO_CORRELATED_WITH_RAINFALL_REPLACE_WITH_NASA_SMAP_OR_ISRO_BHUVAN
PROD-0001404,2021-02-02,Gumgaon,Maharashtra,Nagpur,21.407941,78.985706,141.32,98.71,5.45,0,0.0,OFFICIAL_ANNUAL_PLAN,OFFICIAL_SAME_PERIOD,SYNTHETIC_DAILY_CALIBRATED_TO_PUBLIC_ANNUAL_REFERENCE,42.61,30.151,1,0.0,7.6,0.0,17.3,3.0,3.61,3.94,SYNTHETIC_DEMO_CORRELATED_WITH_RAINFALL_REPLACE_WITH_NASA_SMAP_OR_ISRO_BHUVAN
PROD-0001405,2021-02-03,Gumgaon,Maharashtra,Nagpur,21.407941,78.985706,135.5,90.31,5.06,0,0.0,OFFICIAL_ANNUAL_PLAN,OFFICIAL_SAME_PERIOD,SYNTHETIC_DAILY_CALIBRATED_TO_PUBLIC_ANNUAL_REFERENCE,45.19,33.351,1,0.0,12.17,0.0,20.99,3.0,3.61,3.64,SYNTHETIC_DEMO_CORRELATED_WITH_RAINFALL_REPLACE_WITH_NASA_SMAP_OR_ISRO_BHUVAN
PROD-0001406,2021-02-04,Gumgaon,Maharashtra,Nagpur,21.407941,78.985706,151.31,116.68,1.7,0,0.0,OFFICIAL_ANNUAL_PLAN,OFFICIAL_SAME_PERIOD,SYNTHETIC_DAILY_CALIBRATED_TO_PUBLIC_ANNUAL_REFERENCE,34.63,22.887,1,0.0,12.21,0.0,22.69,3.0,3.0,3.42,SYNTHETIC_DEMO_CORRELATED_WITH_RAINFALL_REPLACE_WITH_NASA_SMAP_OR_ISRO_BHUVAN
PROD-0001407,2021-02-05,Gumgaon,Maharashtra,Nagpur,21.407941,78.985706,139.86,106.02,1.38,11,0.0,OFFICIAL_ANNUAL_PLAN,OFFICIAL_SAME_PERIOD,SYNTHETIC_DAILY_CALIBRATED_TO_PUBLIC_ANNUAL_REFERENCE,33.84,24.196,1,0.0,8.14,0.0,20.73,3.0,3.0,3.3,SYNTHETIC_DEMO_CORRELATED_WITH_RAINFALL_REPLACE_WITH_NASA_SMAP_OR_ISRO_BHUVAN
PROD-0001408,2021-02-06,Gumgaon,Maharashtra,Nagpur,21.407941,78.985706,139.54,101.17,1.76,0,0.0,OFFICIAL_ANNUAL_PLAN,OFFICIAL_SAME_PERIOD,SYNTHETIC_DAILY_CALIBRATED_TO_PUBLIC_ANNUAL_REFERENCE,38.37,27.497,1,0.0,4.84,0.0,17.5,3.0,3.0,3.26,SYNTHETIC_DEMO_CORRELATED_WITH_RAINFALL_REPLACE_WITH_NASA_SMAP_OR_ISRO_BHUVAN
PROD-0001409,2021-02-07,Gumgaon,Maharashtra,Nagpur,21.407941,78.985706,144.25,104.93,3.25,0,0.0,OFFICIAL_ANNUAL_PLAN,OFFICIAL_SAME_PERIOD,SYNTHETIC_DAILY_CALIBRATED_TO_PUBLIC_ANNUAL_REFERENCE,39.32,27.258,1,0.0,6.39,0.0,20.26,3.0,3.0,3.26,SYNTHETIC_DEMO_CORRELATED_WITH_RAINFALL_REPLACE_WITH_NASA_SMAP_OR_ISRO_BHUVAN
PROD-0001410,2021-02-08,Gumgaon,Maharashtra,Nagpur,21.407941,78.985706,171.25,114.52,7.6,0,2.76,OFFICIAL_ANNUAL_PLAN,OFFICIAL_SAME_PERIOD,SYNTHETIC_DAILY_CALIBRATED_TO_PUBLIC_ANNUAL_REFERENCE,56.73,33.127,1,2.76,12.61,2.76,26.2,5.35,3.78,3.34,SYNTHETIC_DEMO_CORRELATED_WITH_RAINFALL_REPLACE_WITH_NASA_SMAP_OR_ISRO_BHUVAN
PROD-0001411,2021-02-09,Gumgaon,Maharashtra,Nagpur,21.407941,78.985706,149.29,110.14,0.1,0,6.8,OFFICIAL_ANNUAL_PLAN,OFFICIAL_SAME_PERIOD,SYNTHETIC_DAILY_CALIBRATED_TO_PUBLIC_ANNUAL_REFERENCE,39.15,26.224,1,9.56,10.95,9.56,20.85,11.81,6.72,4.59,SYNTHETIC_DEMO_CORRELATED_WITH_RAINFALL_REPLACE_WITH_NASA_SMAP_OR_ISRO_BHUVAN
PROD-0001412,2021-02-10,Gumgaon,Maharashtra,Nagpur,21.407941,78.985706,150.36,113.8,0.46,0,0.0,OFFICIAL_ANNUAL_PLAN,OFFICIAL_SAME_PERIOD,SYNTHETIC_DAILY_CALIBRATED_TO_PUBLIC_ANNUAL_REFERENCE,36.56,24.315,1,9.56,8.16,9.56,16.25,10.85,9.34,5.72,SYNTHETIC_DEMO_CORRELATED_WITH_RAINFALL_REPLACE_WITH_NASA_SMAP_OR_ISRO_BHUVAN
PROD-0001413,2021-02-11,Gumgaon,Maharashtra,Nagpur,21.407941,78.985706,151.43,108.31,4.34,0,0.0,OFFICIAL_ANNUAL_PLAN,OFFICIAL_SAME_PERIOD,SYNTHETIC_DAILY_CALIBRATED_TO_PUBLIC_ANNUAL_REFERENCE,43.12,28.475,1,6.8,4.9,9.56,18.89,11.85,11.5,6.98,SYNTHETIC_DEMO_CORRELATED_WITH_RAINFALL_REPLACE_WITH_NASA_SMAP_OR_ISRO_BHUVAN
PROD-0001414,2021-02-12,Gumgaon,Maharashtra,Nagpur,21.407941,78.985706,156.31,114.29,3.05,0,0.0,OFFICIAL_ANNUAL_PLAN,OFFICIAL_SAME_PERIOD,SYNTHETIC_DAILY_CALIBRATED_TO_PUBLIC_ANNUAL_REFERENCE,42.02,26.882,1,0.0,7.85,9.56,20.56,12.34,11.68,8.31,SYNTHETIC_DEMO_CORRELATED_WITH_RAINFALL_REPLACE_WITH_NASA_SMAP_OR_ISRO_BHUVAN
PROD-0001415,2021-02-13,Gumgaon,Maharashtra,Nagpur,21.407941,78.985706,149.32,109.96,0.0,0,0.0,OFFICIAL_ANNUAL_PLAN,OFFICIAL_SAME_PERIOD,SYNTHETIC_DAILY_CALIBRATED_TO_PUBLIC_ANNUAL_REFERENCE,39.36,26.359,1,0.0,7.39,9.56,18.8,11.69,11.96,9.56,SYNTHETIC_DEMO_CORRELATED_WITH_RAINFALL_REPLACE_WITH_NASA_SMAP_OR_ISRO_BHUVAN
PROD-0001416,2021-02-14,Gumgaon,Maharashtra,Nagpur,21.407941,78.985706,143.4,101.14,4.24,34,0.0,OFFICIAL_ANNUAL_PLAN,OFFICIAL_SAME_PERIOD,SYNTHETIC_DAILY_CALIBRATED_TO_PUBLIC_ANNUAL_REFERENCE,42.26,29.47,1,0.0,7.29,9.56,19.79,10.64,11.56,10.65,SYNTHETIC_DEMO_CORRELATED_WITH_RAINFALL_REPLACE_WITH_NASA_SMAP_OR_ISRO_BHUVAN
PROD-0001417,2021-02-15,Gumgaon,Maharashtra,Nagpur,21.407941,78.985706,145.3,104.72,4.91,0,0.0,OFFICIAL_ANNUAL_PLAN,OFFICIAL_SAME_PERIOD,SYNTHETIC_DAILY_CALIBRATED_TO_PUBLIC_ANNUAL_REFERENCE,40.58,27.928,1,0.0,9.15,6.8,17.1,9.66,10.66,11.26,SYNTHETIC_DEMO_CORRELATED_WITH_RAINFALL_REPLACE_WITH_NASA_SMAP_OR_ISRO_BHUVAN
PROD-0001418,2021-02-16,Gumgaon,Maharashtra,Nagpur,21.407941,78.985706,149.13,106.28,3.73,51,0.0,OFFICIAL_ANNUAL_PLAN,OFFICIAL_SAME_PERIOD,SYNTHETIC_DAILY_CALIBRATED_TO_PUBLIC_ANNUAL_REFERENCE,42.85,28.733,1,0.0,12.88,0.0,20.73,8.71,9.67,10.82,SYNTHETIC_DEMO_CORRELATED_WITH_RAINFALL_REPLACE_WITH_NASA_SMAP_OR_ISRO_BHUVAN
PROD-0001419,2021-02-17,Gumgaon,Maharashtra,Nagpur,21.407941,78.985706,133.42,97.63,1.95,43,0.0,OFFICIAL_ANNUAL_PLAN,OFFICIAL_SAME_PERIOD,SYNTHETIC_DAILY_CALIBRATED_TO_PUBLIC_ANNUAL_REFERENCE,35.79,26.825,1,0.0,10.59,0.0,22.22,8.68,9.02,10.51,SYNTHETIC_DEMO_CORRELATED_WITH_RAINFALL_REPLACE_WITH_NASA_SMAP_OR_ISRO_BHUVAN
PROD-0001420,2021-02-18,Gumgaon,Maharashtra,Nagpur,21.407941,78.985706,136.07,103.04,1.5,0,4.01,OFFICIAL_ANNUAL_PLAN,OFFICIAL_SAME_PERIOD,SYNTHETIC_DAILY_CALIBRATED_TO_PUBLIC_ANNUAL_REFERENCE,33.03,24.274,1,4.01,7.18,4.01,19.38,12.52,9.97,10.61,SYNTHETIC_DEMO_CORRELATED_WITH_RAINFALL_REPLACE_WITH_NASA_SMAP_OR_ISRO_BHUVAN
PROD-0001421,2021-02-19,Gumgaon,Maharashtra,Nagpur,21.407941,78.985706,155.63,111.14,3.46,0,27.35,OFFICIAL_ANNUAL_PLAN,OFFICIAL_SAME_PERIOD,SYNTHETIC_DAILY_CALIBRATED_TO_PUBLIC_ANNUAL_REFERENCE,44.49,28.587,1,31.36,6.91,31.36,19.79,36.87,19.36,14.11,SYNTHETIC_DEMO_CORRELATED_WITH_RAINFALL_REPLACE_WITH_NASA_SMAP_OR_ISRO_BHUVAN
PROD-0001422,2021-02-20,Gumgaon,Maharashtra,Nagpur,21.407941,78.985706,137.35,104.3,0.0,0,0.0,OFFICIAL_ANNUAL_PLAN,OFFICIAL_SAME_PERIOD,SYNTHETIC_DAILY_CALIBRATED_TO_PUBLIC_ANNUAL_REFERENCE,33.05,24.063,1,31.36,4.96,31.36,19.79,35.33,28.24,17.49,SYNTHETIC_DEMO_CORRELATED_WITH_RAINFALL_REPLACE_WITH_NASA_SMAP_OR_ISRO_BHUVAN
PROD-0001423,2021-02-21,Gumgaon,Maharashtra,Nagpur,21.407941,78.985706,139.59,100.75,1.75,71,0.0,OFFICIAL_ANNUAL_PLAN,OFFICIAL_SAME_PERIOD,SYNTHETIC_DAILY_CALIBRATED_TO_PUBLIC_ANNUAL_REFERENCE,38.84,27.824,1,27.35,5.21,31.36,17.3,29.14,33.78,20.13,SYNTHETIC_DEMO_CORRELATED_WITH_RAINFALL_REPLACE_WITH_NASA_SMAP_OR_ISRO_BHUVAN
PROD-0001424,2021-02-22,Gumgaon,Maharashtra,Nagpur,21.407941,78.985706,153.64,113.36,2.18,0,0.0,OFFICIAL_ANNUAL_PLAN,OFFICIAL_SAME_PERIOD,SYNTHETIC_DAILY_CALIBRATED_TO_PUBLIC_ANNUAL_REFERENCE,40.28,26.217,1,0.0,3.93,31.36,14.57,26.69,30.39,22.56,SYNTHETIC_DEMO_CORRELATED_WITH_RAINFALL_REPLACE_WITH_NASA_SMAP_OR_ISRO_BHUVAN
PROD-0001425,2021-02-23,Gumgaon,Maharashtra,Nagpur,21.407941,78.985706,116.95,86.01,0.0,0,0.0,OFFICIAL_ANNUAL_PLAN,OFFICIAL_SAME_PERIOD,SYNTHETIC_DAILY_CALIBRATED_TO_PUBLIC_ANNUAL_REFERENCE,30.94,26.456,1,0.0,3.93,31.36,10.84,25.23,27.02,24.92,SYNTHETIC_DEMO_CORRELATED_WITH_RAINFALL_REPLACE_WITH_NASA_SMAP_OR_ISRO_BHUVAN
PROD-0001426,2021-02-24,Gumgaon,Maharashtra,Nagpur,21.407941,78.985706,156.38,114.6,3.82,0,0.0,OFFICIAL_ANNUAL_PLAN,OFFICIAL_SAME_PERIOD,SYNTHETIC_DAILY_CALIBRATED_TO_PUBLIC_ANNUAL_REFERENCE,41.78,26.717,1,0.0,6.0,31.36,12.71,21.55,24.49,26.76,SYNTHETIC_DEMO_CORRELATED_WITH_RAINFALL_REPLACE_WITH_NASA_SMAP_OR_ISRO_BHUVAN
PROD-0001427,2021-02-25,Gumgaon,Maharashtra,Nagpur,21.407941,78.985706,139.67,97.24,1.01,0,0.0,OFFICIAL_ANNUAL_PLAN,OFFICIAL_SAME_PERIOD,SYNTHETIC_DAILY_CALIBRATED_TO_PUBLIC_ANNUAL_REFERENCE,42.43,30.379,1,0.0,4.83,27.35,12.22,20.4,22.39,27.89,SYNTHETIC_DEMO_CORRELATED_WITH_RAINFALL_REPLACE_WITH_NASA_SMAP_OR_ISRO_BHUVAN
PROD-0001428,2021-02-26,Gumgaon,Maharashtra,Nagpur,21.407941,78.985706,148.48,111.2,0.0,0,0.0,OFFICIAL_ANNUAL_PLAN,OFFICIAL_SAME_PERIOD,SYNTHETIC_DAILY_CALIBRATED_TO_PUBLIC_ANNUAL_REFERENCE,37.28,25.108,1,0.0,4.83,0.0,8.76,21.42,21.12,25.68,SYNTHETIC_DEMO_CORRELATED_WITH_RAINFALL_REPLACE_WITH_NASA_SMAP_OR_ISRO_BHUVAN
PROD-0001429,2021-02-27,Gumgaon,Maharashtra,Nagpur,21.407941,78.985706,138.8,104.28,0.0,0,0.0,OFFICIAL_ANNUAL_PLAN,OFFICIAL_SAME_PERIOD,SYNTHETIC_DAILY_CALIBRATED_TO_PUBLIC_ANNUAL_REFERENCE,34.52,24.87,1,0.0,1.01,0.0,8.76,21.47,21.1,23.7,SYNTHETIC_DEMO_CORRELATED_WITH_RAINFALL_REPLACE_WITH_NASA_SMAP_OR_ISRO_BHUVAN
PROD-0001430,2021-02-28,Gumgaon,Maharashtra,Nagpur,21.407941,78.985706,144.8,108.36,0.0,0,0.0,OFFICIAL_ANNUAL_PLAN,OFFICIAL_SAME_PERIOD,SYNTHETIC_DAILY_CALIBRATED_TO_PUBLIC_ANNUAL_REFERENCE,36.44,25.166,1,0.0,0.0,0.0,7.01,21.94,21.61,22.67,SYNTHETIC_DEMO_CORRELATED_WITH_RAINFALL_REPLACE_WITH_NASA_SMAP_OR_ISRO_BHUVAN
PROD-0001431,2021-03-01,Gumgaon,Maharashtra,Nagpur,21.407941,78.985706,148.08,111.77,0.34,0,0.0,OFFICIAL_ANNUAL_PLAN,OFFICIAL_SAME_PERIOD,SYNTHETIC_DAILY_CALIBRATED_TO_PUBLIC_ANNUAL_REFERENCE,36.31,24.521,1,0.0,0.34,0.0,5.17,19.31,20.91,21.62,SYNTHETIC_DEMO_CORRELATED_WITH_RAINFALL_REPLACE_WITH_NASA_SMAP_OR_ISRO_BHUVAN
PROD-0001432,2021-03-02,Gumgaon,Maharashtra,Nagpur,21.407941,78.985706,140.12,103.88,1.53,0,0.0,OFFICIAL_ANNUAL_PLAN,OFFICIAL_SAME_PERIOD,SYNTHETIC_DAILY_CALIBRATED_TO_PUBLIC_ANNUAL_REFERENCE,36.24,25.864,1,0.0,1.87,0.0,6.7,17.27,19.51,20.48,SYNTHETIC_DEMO_CORRELATED_WITH_RAINFALL_REPLACE_WITH_NASA_SMAP_OR_ISRO_BHUVAN
PROD-0001433,2021-03-03,Gumgaon,Maharashtra,Nagpur,21.407941,78.985706,150.24,114.55,0.51,0,0.0,OFFICIAL_ANNUAL_PLAN,OFFICIAL_SAME_PERIOD,SYNTHETIC_DAILY_CALIBRATED_TO_PUBLIC_ANNUAL_REFERENCE,35.69,23.755,1,0.0,2.38,0.0,3.39,16.87,17.82,19.81,SYNTHETIC_DEMO_CORRELATED_WITH_RAINFALL_REPLACE_WITH_NASA_SMAP_OR_ISRO_BHUVAN
PROD-0001434,2021-03-04,Gumgaon,Maharashtra,Nagpur,21.407941,78.985706,139.16,108.51,0.0,0,0.0,OFFICIAL_ANNUAL_PLAN,OFFICIAL_SAME_PERIOD,SYNTHETIC_DAILY_CALIBRATED_TO_PUBLIC_ANNUAL_REFERENCE,30.65,22.025,1,0.0,2.04,0.0,2.38,15.83,16.66,19.16,SYNTHETIC_DEMO_CORRELATED_WITH_RAINFALL_REPLACE_WITH_NASA_SMAP_OR_ISRO_BHUVAN
PROD-0001435,2021-03-05,Gumgaon,Maharashtra,Nagpur,21.407941,78.985706,154.9,114.83,0.0,0,0.0,OFFICIAL_ANNUAL_PLAN,OFFICIAL_SAME_PERIOD,SYNTHETIC_DAILY_CALIBRATED_TO_PUBLIC_ANNUAL_REFERENCE,40.07,25.868,1,0.0,0.51,0.0,2.38,16.13,16.28,18.4,SYNTHETIC_DEMO_CORRELATED_WITH_RAINFALL_REPLACE_WITH_NASA_SMAP_OR_ISRO_BHUVAN
PROD-0001436,2021-03-06,Gumgaon,Maharashtra,Nagpur,21.407941,78.985706,115.38,86.38,1.87,0,0.0,OFFICIAL_ANNUAL_PLAN,OFFICIAL_SAME_PERIOD,SYNTHETIC_DAILY_CALIBRATED_TO_PUBLIC_ANNUAL_REFERENCE,29.0,25.134,1,0.0,1.87,0.0,4.25,15.86,15.94,17.6,SYNTHETIC_DEMO_CORRELATED_WITH_RAINFALL_REPLACE_WITH_NASA_SMAP_OR_ISRO_BHUVAN
PROD-0001437,2021-03-07,Gumgaon,Maharashtra,Nagpur,21.407941,78.985706,148.58,109.46,0.04,0,2.51,OFFICIAL_ANNUAL_PLAN,OFFICIAL_SAME_PERIOD,SYNTHETIC_DAILY_CALIBRATED_TO_PUBLIC_ANNUAL_REFERENCE,39.12,26.329,1,2.51,1.91,2.51,4.29,15.83,15.94,16.73,SYNTHETIC_DEMO_CORRELATED_WITH_RAINFALL_REPLACE_WITH_NASA_SMAP_OR_ISRO_BHUVAN
PROD-0001438,2021-03-08,Gumgaon,Maharashtra,Nagpur,21.407941,78.985706,146.35,108.03,0.0,0,0.0,OFFICIAL_ANNUAL_PLAN,OFFICIAL_SAME_PERIOD,SYNTHETIC_DAILY_CALIBRATED_TO_PUBLIC_ANNUAL_REFERENCE,38.32,26.184,1,2.51,1.91,2.51,3.95,17.44,16.38,16.46,SYNTHETIC_DEMO_CORRELATED_WITH_RAINFALL_REPLACE_WITH_NASA_SMAP_OR_ISRO_BHUVAN
PROD-0001439,2021-03-09,Gumgaon,Maharashtra,Nagpur,21.407941,78.985706,145.38,105.94,2.86,0,9.22,OFFICIAL_ANNUAL_PLAN,OFFICIAL_SAME_PERIOD,SYNTHETIC_DAILY_CALIBRATED_TO_PUBLIC_ANNUAL_REFERENCE,39.44,27.129,1,11.73,2.9,11.73,5.28,23.82,19.03,17.4,SYNTHETIC_DEMO_CORRELATED_WITH_RAINFALL_REPLACE_WITH_NASA_SMAP_OR_ISRO_BHUVAN
PROD-0001440,2021-03-10,Gumgaon,Maharashtra,Nagpur,21.407941,78.985706,145.49,107.48,0.32,0,21.51,OFFICIAL_ANNUAL_PLAN,OFFICIAL_SAME_PERIOD,SYNTHETIC_DAILY_CALIBRATED_TO_PUBLIC_ANNUAL_REFERENCE,38.01,26.126,1,30.73,3.18,33.24,5.09,39.48,26.91,20.63,SYNTHETIC_DEMO_CORRELATED_WITH_RAINFALL_REPLACE_WITH_NASA_SMAP_OR_ISRO_BHUVAN
PROD-0001441,2021-03-11,Gumgaon,Maharashtra,Nagpur,21.407941,78.985706,149.69,111.96,1.07,0,5.58,OFFICIAL_ANNUAL_PLAN,OFFICIAL_SAME_PERIOD,SYNTHETIC_DAILY_CALIBRATED_TO_PUBLIC_ANNUAL_REFERENCE,37.73,25.205,1,36.31,4.25,38.82,6.16,43.35,35.55,24.56,SYNTHETIC_DEMO_CORRELATED_WITH_RAINFALL_REPLACE_WITH_NASA_SMAP_OR_ISRO_BHUVAN
PROD-0001442,2021-03-12,Gumgaon,Maharashtra,Nagpur,21.407941,78.985706,126.64,93.7,3.04,14,0.0,OFFICIAL_ANNUAL_PLAN,OFFICIAL_SAME_PERIOD,SYNTHETIC_DAILY_CALIBRATED_TO_PUBLIC_ANNUAL_REFERENCE,32.94,26.011,1,27.09,4.43,38.82,9.2,41.2,41.34,28.14,SYNTHETIC_DEMO_CORRELATED_WITH_RAINFALL_REPLACE_WITH_NASA_SMAP_OR_ISRO_BHUVAN
PROD-0001443,2021-03-13,Gumgaon,Maharashtra,Nagpur,21.407941,78.985706,128.13,101.28,0.0,0,0.0,OFFICIAL_ANNUAL_PLAN,OFFICIAL_SAME_PERIOD,SYNTHETIC_DAILY_CALIBRATED_TO_PUBLIC_ANNUAL_REFERENCE,26.85,20.955,1,5.58,4.11,38.82,7.33,39.12,41.22,31.46,SYNTHETIC_DEMO_CORRELATED_WITH_RAINFALL_REPLACE_WITH_NASA_SMAP_OR_ISRO_BHUVAN
PROD-0001444,2021-03-14,Gumgaon,Maharashtra,Nagpur,21.407941,78.985706,152.94,111.56,4.48,0,13.61,OFFICIAL_ANNUAL_PLAN,OFFICIAL_SAME_PERIOD,SYNTHETIC_DAILY_CALIBRATED_TO_PUBLIC_ANNUAL_REFERENCE,41.38,27.056,1,13.61,7.52,49.92,11.77,49.14,43.15,36.22,SYNTHETIC_DEMO_CORRELATED_WITH_RAINFALL_REPLACE_WITH_NASA_SMAP_OR_ISRO_BHUVAN
PROD-0001445,2021-03-15,Gumgaon,Maharashtra,Nagpur,21.407941,78.985706,140.43,104.81,1.45,0,0.0,OFFICIAL_ANNUAL_PLAN,OFFICIAL_SAME_PERIOD,SYNTHETIC_DAILY_CALIBRATED_TO_PUBLIC_ANNUAL_REFERENCE,35.62,25.365,1,13.61,5.93,49.92,13.22,42.87,43.71,39.85,SYNTHETIC_DEMO_CORRELATED_WITH_RAINFALL_REPLACE_WITH_NASA_SMAP_OR_ISRO_BHUVAN
PROD-0001446,2021-03-16,Gumgaon,Maharashtra,Nagpur,21.407941,78.985706,137.49,104.31,0.0,0,0.0,OFFICIAL_ANNUAL_PLAN,OFFICIAL_SAME_PERIOD,SYNTHETIC_DAILY_CALIBRATED_TO_PUBLIC_ANNUAL_REFERENCE,33.18,24.133,1,13.61,5.93,40.7,10.36,39.54,43.85,42.1,SYNTHETIC_DEMO_CORRELATED_WITH_RAINFALL_REPLACE_WITH_NASA_SMAP_OR_ISRO_BHUVAN
PROD-0001447,2021-03-17,Gumgaon,Maharashtra,Nagpur,21.407941,78.985706,159.97,115.84,2.51,0,0.0,OFFICIAL_ANNUAL_PLAN,OFFICIAL_SAME_PERIOD,SYNTHETIC_DAILY_CALIBRATED_TO_PUBLIC_ANNUAL_REFERENCE,44.13,27.586,1,0.0,3.96,19.19,12.55,38.11,40.17,41.9,SYNTHETIC_DEMO_CORRELATED_WITH_RAINFALL_REPLACE_WITH_NASA_SMAP_OR_ISRO_BHUVAN
PROD-0001448,2021-03-18,Gumgaon,Maharashtra,Nagpur,21.407941,78.985706,137.53,104.83,0.0,0,0.0,OFFICIAL_ANNUAL_PLAN,OFFICIAL_SAME_PERIOD,SYNTHETIC_DAILY_CALIBRATED_TO_PUBLIC_ANNUAL_REFERENCE,32.7,23.777,1,0.0,2.51,13.61,11.48,36.89,38.18,40.98,SYNTHETIC_DEMO_CORRELATED_WITH_RAINFALL_REPLACE_WITH_NASA_SMAP_OR_ISRO_BHUVAN
PROD-0001449,2021-03-19,Gumgaon,Maharashtra,Nagpur,21.407941,78.985706,136.83,101.07,0.82,0,0.0,OFFICIAL_ANNUAL_PLAN,OFFICIAL_SAME_PERIOD,SYNTHETIC_DAILY_CALIBRATED_TO_PUBLIC_ANNUAL_REFERENCE,35.76,26.135,1,0.0,3.33,13.61,9.26,34.38,36.46,40.01,SYNTHETIC_DEMO_CORRELATED_WITH_RAINFALL_REPLACE_WITH_NASA_SMAP_OR_ISRO_BHUVAN
PROD-0001450,2021-03-20,Gumgaon,Maharashtra,Nagpur,21.407941,78.985706,164.52,120.91,0.0,0,0.0,OFFICIAL_ANNUAL_PLAN,OFFICIAL_SAME_PERIOD,SYNTHETIC_DAILY_CALIBRATED_TO_PUBLIC_ANNUAL_REFERENCE,43.61,26.507,1,0.0,0.82,13.61,9.26,31.81,34.36,38.96,SYNTHETIC_DEMO_CORRELATED_WITH_RAINFALL_REPLACE_WITH_NASA_SMAP_OR_ISRO_BHUVAN
PROD-0001451,2021-03-21,Gumgaon,Maharashtra,Nagpur,21.407941,78.985706,139.08,102.5,2.0,62,0.0,OFFICIAL_ANNUAL_PLAN,OFFICIAL_SAME_PERIOD,SYNTHETIC_DAILY_CALIBRATED_TO_PUBLIC_ANNUAL_REFERENCE,36.58,26.301,1,0.0,2.82,0.0,6.78,28.92,31.7,36.07,SYNTHETIC_DEMO_CORRELATED_WITH_RAINFALL_REPLACE_WITH_NASA_SMAP_OR_ISRO_BHUVAN
PROD-0001452,2021-03-22,Gumgaon,Maharashtra,Nagpur,21.407941,78.985706,137.88,104.17,0.26,0,0.0,OFFICIAL_ANNUAL_PLAN,OFFICIAL_SAME_PERIOD,SYNTHETIC_DAILY_CALIBRATED_TO_PUBLIC_ANNUAL_REFERENCE,33.71,24.449,1,0.0,2.26,0.0,5.59,27.17,29.3,33.83,SYNTHETIC_DEMO_CORRELATED_WITH_RAINFALL_REPLACE_WITH_NASA_SMAP_OR_ISRO_BHUVAN
PROD-0001453,2021-03-23,Gumgaon,Maharashtra,Nagpur,21.407941,78.985706,132.3,98.26,2.11,0,0.0,OFFICIAL_ANNUAL_PLAN,OFFICIAL_SAME_PERIOD,SYNTHETIC_DAILY_CALIBRATED_TO_PUBLIC_ANNUAL_REFERENCE,34.04,25.729,1,0.0,4.37,0.0,7.7,27.52,27.87,32.11,SYNTHETIC_DEMO_CORRELATED_WITH_RAINFALL_REPLACE_WITH_NASA_SMAP_OR_ISRO_BHUVAN
PROD-0001454,2021-03-24,Gumgaon,Maharashtra,Nagpur,21.407941,78.985706,165.17,121.82,0.0,0,0.0,OFFICIAL_ANNUAL_PLAN,OFFICIAL_SAME_PERIOD,SYNTHETIC_DAILY_CALIBRATED_TO_PUBLIC_ANNUAL_REFERENCE,43.35,26.246,1,0.0,2.37,0.0,5.19,24.92,26.54,30.23,SYNTHETIC_DEMO_CORRELATED_WITH_RAINFALL_REPLACE_WITH_NASA_SMAP_OR_ISRO_BHUVAN
PROD-0001455,2021-03-25,Gumgaon,Maharashtra,Nagpur,21.407941,78.985706,153.79,115.07,0.89,0,0.0,OFFICIAL_ANNUAL_PLAN,OFFICIAL_SAME_PERIOD,SYNTHETIC_DAILY_CALIBRATED_TO_PUBLIC_ANNUAL_REFERENCE,38.72,25.177,1,0.0,3.0,0.0,6.08,24.08,25.51,28.4,SYNTHETIC_DEMO_CORRELATED_WITH_RAINFALL_REPLACE_WITH_NASA_SMAP_OR_ISRO_BHUVAN
PROD-0001456,2021-03-26,Gumgaon,Maharashtra,Nagpur,21.407941,78.985706,141.02,103.2,2.55,0,4.69,OFFICIAL_ANNUAL_PLAN,OFFICIAL_SAME_PERIOD,SYNTHETIC_DAILY_CALIBRATED_TO_PUBLIC_ANNUAL_REFERENCE,37.82,26.819,1,4.69,3.44,4.69,7.81,26.69,25.23,27.3,SYNTHETIC_DEMO_CORRELATED_WITH_RAINFALL_REPLACE_WITH_NASA_SMAP_OR_ISRO_BHUVAN
PROD-0001457,2021-03-27,Gumgaon,Maharashtra,Nagpur,21.407941,78.985706,139.94,103.91,2.33,0,0.0,OFFICIAL_ANNUAL_PLAN,OFFICIAL_SAME_PERIOD,SYNTHETIC_DAILY_CALIBRATED_TO_PUBLIC_ANNUAL_REFERENCE,36.03,25.747,1,4.69,5.77,4.69,10.14,23.47,24.75,26.11,SYNTHETIC_DEMO_CORRELATED_WITH_RAINFALL_REPLACE_WITH_NASA_SMAP_OR_ISRO_BHUVAN
PROD-0001458,2021-03-28,Gumgaon,Maharashtra,Nagpur,21.407941,78.985706,145.27,104.39,0.17,0,11.43,OFFICIAL_ANNUAL_PLAN,OFFICIAL_SAME_PERIOD,SYNTHETIC_DAILY_CALIBRATED_TO_PUBLIC_ANNUAL_REFERENCE,40.88,28.141,1,16.12,5.05,16.12,8.31,31.92,27.36,26.54,SYNTHETIC_DEMO_CORRELATED_WITH_RAINFALL_REPLACE_WITH_NASA_SMAP_OR_ISRO_BHUVAN
PROD-0001459,2021-03-29,Gumgaon,Maharashtra,Nagpur,21.407941,78.985706,139.1,101.37,1.0,0,0.0,OFFICIAL_ANNUAL_PLAN,OFFICIAL_SAME_PERIOD,SYNTHETIC_DAILY_CALIBRATED_TO_PUBLIC_ANNUAL_REFERENCE,37.73,27.124,1,11.43,3.5,16.12,9.05,30.78,28.72,27.05,SYNTHETIC_DEMO_CORRELATED_WITH_RAINFALL_REPLACE_WITH_NASA_SMAP_OR_ISRO_BHUVAN
PROD-0001460,2021-03-30,Gumgaon,Maharashtra,Nagpur,21.407941,78.985706,167.88,124.46,0.0,0,0.0,OFFICIAL_ANNUAL_PLAN,OFFICIAL_SAME_PERIOD,SYNTHETIC_DAILY_CALIBRATED_TO_PUBLIC_ANNUAL_REFERENCE,43.42,25.864,1,11.43,1.17,16.12,6.94,28.17,30.29,27.15,SYNTHETIC_DEMO_CORRELATED_WITH_RAINFALL_REPLACE_WITH_NASA_SMAP_OR_ISRO_BHUVAN
PROD-0001461,2021-03-31,Gumgaon,Maharashtra,Nagpur,21.407941,78.985706,118.7,89.86,0.43,0,28.72,OFFICIAL_ANNUAL_PLAN,OFFICIAL_SAME_PERIOD,SYNTHETIC_DAILY_CALIBRATED_TO_PUBLIC_ANNUAL_REFERENCE,28.84,24.297,1,28.72,1.43,44.84,7.37,51.4,36.78,30.93,SYNTHETIC_DEMO_CORRELATED_WITH_RAINFALL_REPLACE_WITH_NASA_SMAP_OR_ISRO_BHUVAN
PROD-0001462,2020-04-01,Kandri,Maharashtra,Nagpur,21.4125,79.266667,163.62,134.16,0.0,0,0.0,OFFICIAL_ANNUAL_PLAN,OFFICIAL_SAME_PERIOD,SYNTHETIC_DAILY_CALIBRATED_TO_PUBLIC_ANNUAL_REFERENCE,29.46,18.005,1,0.0,0.0,0.0,0.0,25.0,25.0,25.0,SYNTHETIC_DEMO_CORRELATED_WITH_RAINFALL_REPLACE_WITH_NASA_SMAP_OR_ISRO_BHUVAN
PROD-0001463,2020-04-02,Kandri,Maharashtra,Nagpur,21.4125,79.266667,172.27,147.13,1.72,0,0.0,OFFICIAL_ANNUAL_PLAN,OFFICIAL_SAME_PERIOD,SYNTHETIC_DAILY_CALIBRATED_TO_PUBLIC_ANNUAL_REFERENCE,25.14,14.593,1,0.0,1.72,0.0,1.72,21.61,23.3,23.3,SYNTHETIC_DEMO_CORRELATED_WITH_RAINFALL_REPLACE_WITH_NASA_SMAP_OR_ISRO_BHUVAN
PROD-0001464,2020-04-03,Kandri,Maharashtra,Nagpur,21.4125,79.266667,150.47,123.38,2.74,0,0.0,OFFICIAL_ANNUAL_PLAN,OFFICIAL_SAME_PERIOD,SYNTHETIC_DAILY_CALIBRATED_TO_PUBLIC_ANNUAL_REFERENCE,27.09,18.004,1,0.0,4.46,0.0,4.46,16.49,21.03,21.03,SYNTHETIC_DEMO_CORRELATED_WITH_RAINFALL_REPLACE_WITH_NASA_SMAP_OR_ISRO_BHUVAN
PROD-0001465,2020-04-04,Kandri,Maharashtra,Nagpur,21.4125,79.266667,166.13,143.74,1.9,0,0.0,OFFICIAL_ANNUAL_PLAN,OFFICIAL_SAME_PERIOD,SYNTHETIC_DAILY_CALIBRATED_TO_PUBLIC_ANNUAL_REFERENCE,22.39,13.477,1,0.0,6.36,0.0,6.36,15.22,17.77,19.58,SYNTHETIC_DEMO_CORRELATED_WITH_RAINFALL_REPLACE_WITH_NASA_SMAP_OR_ISRO_BHUVAN
PROD-0001466,2020-04-05,Kandri,Maharashtra,Nagpur,21.4125,79.266667,197.26,168.97,0.0,48,0.0,OFFICIAL_ANNUAL_PLAN,OFFICIAL_SAME_PERIOD,SYNTHETIC_DAILY_CALIBRATED_TO_PUBLIC_ANNUAL_REFERENCE,28.29,14.341,1,0.0,4.64,0.0,6.36,14.04,15.25,18.47,SYNTHETIC_DEMO_CORRELATED_WITH_RAINFALL_REPLACE_WITH_NASA_SMAP_OR_ISRO_BHUVAN
PROD-0001467,2020-04-06,Kandri,Maharashtra,Nagpur,21.4125,79.266667,203.14,164.33,4.21,0,0.0,OFFICIAL_ANNUAL_PLAN,OFFICIAL_SAME_PERIOD,SYNTHETIC_DAILY_CALIBRATED_TO_PUBLIC_ANNUAL_REFERENCE,38.81,19.105,1,0.0,6.11,0.0,10.57,13.64,14.3,17.67,SYNTHETIC_DEMO_CORRELATED_WITH_RAINFALL_REPLACE_WITH_NASA_SMAP_OR_ISRO_BHUVAN
PROD-0001468,2020-04-07,Kandri,Maharashtra,Nagpur,21.4125,79.266667,169.17,136.76,4.21,31,0.0,OFFICIAL_ANNUAL_PLAN,OFFICIAL_SAME_PERIOD,SYNTHETIC_DAILY_CALIBRATED_TO_PUBLIC_ANNUAL_REFERENCE,32.41,19.158,1,0.0,8.42,0.0,14.78,13.58,13.75,17.08,SYNTHETIC_DEMO_CORRELATED_WITH_RAINFALL_REPLACE_WITH_NASA_SMAP_OR_ISRO_BHUVAN
PROD-0001469,2020-04-08,Kandri,Maharashtra,Nagpur,21.4125,79.266667,151.64,128.68,2.02,0,0.0,OFFICIAL_ANNUAL_PLAN,OFFICIAL_SAME_PERIOD,SYNTHETIC_DAILY_CALIBRATED_TO_PUBLIC_ANNUAL_REFERENCE,22.96,15.141,1,0.0,10.44,0.0,16.8,12.9,13.37,15.35,SYNTHETIC_DEMO_CORRELATED_WITH_RAINFALL_REPLACE_WITH_NASA_SMAP_OR_ISRO_BHUVAN
PROD-0001470,2020-04-09,Kandri,Maharashtra,Nagpur,21.4125,79.266667,187.29,153.53,1.48,0,0.0,OFFICIAL_ANNUAL_PLAN,OFFICIAL_SAME_PERIOD,SYNTHETIC_DAILY_CALIBRATED_TO_PUBLIC_ANNUAL_REFERENCE,33.76,18.026,1,0.0,7.71,0.0,16.56,11.46,12.65,13.9,SYNTHETIC_DEMO_CORRELATED_WITH_RAINFALL_REPLACE_WITH_NASA_SMAP_OR_ISRO_BHUVAN
PROD-0001471,2020-04-10,Kandri,Maharashtra,Nagpur,21.4125,79.266667,171.16,145.85,0.0,0,0.0,OFFICIAL_ANNUAL_PLAN,OFFICIAL_SAME_PERIOD,SYNTHETIC_DAILY_CALIBRATED_TO_PUBLIC_ANNUAL_REFERENCE,25.31,14.787,1,0.0,3.5,0.0,13.82,10.33,11.56,13.02,SYNTHETIC_DEMO_CORRELATED_WITH_RAINFALL_REPLACE_WITH_NASA_SMAP_OR_ISRO_BHUVAN
PROD-0001472,2020-04-11,Kandri,Maharashtra,Nagpur,21.4125,79.266667,151.88,120.78,4.06,0,0.0,OFFICIAL_ANNUAL_PLAN,OFFICIAL_SAME_PERIOD,SYNTHETIC_DAILY_CALIBRATED_TO_PUBLIC_ANNUAL_REFERENCE,31.1,20.477,1,0.0,5.54,0.0,15.98,9.59,10.46,12.22,SYNTHETIC_DEMO_CORRELATED_WITH_RAINFALL_REPLACE_WITH_NASA_SMAP_OR_ISRO_BHUVAN
PROD-0001473,2020-04-12,Kandri,Maharashtra,Nagpur,21.4125,79.266667,175.07,142.73,3.41,0,0.0,OFFICIAL_ANNUAL_PLAN,OFFICIAL_SAME_PERIOD,SYNTHETIC_DAILY_CALIBRATED_TO_PUBLIC_ANNUAL_REFERENCE,32.34,18.473,1,0.0,7.47,0.0,19.39,9.87,9.93,11.62,SYNTHETIC_DEMO_CORRELATED_WITH_RAINFALL_REPLACE_WITH_NASA_SMAP_OR_ISRO_BHUVAN
PROD-0001474,2020-04-13,Kandri,Maharashtra,Nagpur,21.4125,79.266667,172.23,147.23,0.0,0,0.0,OFFICIAL_ANNUAL_PLAN,OFFICIAL_SAME_PERIOD,SYNTHETIC_DAILY_CALIBRATED_TO_PUBLIC_ANNUAL_REFERENCE,25.0,14.515,1,0.0,7.47,0.0,15.18,10.34,9.93,11.15,SYNTHETIC_DEMO_CORRELATED_WITH_RAINFALL_REPLACE_WITH_NASA_SMAP_OR_ISRO_BHUVAN
PROD-0001475,2020-04-14,Kandri,Maharashtra,Nagpur,21.4125,79.266667,156.84,131.28,0.31,0,7.29,OFFICIAL_ANNUAL_PLAN,OFFICIAL_SAME_PERIOD,SYNTHETIC_DAILY_CALIBRATED_TO_PUBLIC_ANNUAL_REFERENCE,25.56,16.297,1,7.29,3.72,7.29,11.28,14.75,11.65,11.32,SYNTHETIC_DEMO_CORRELATED_WITH_RAINFALL_REPLACE_WITH_NASA_SMAP_OR_ISRO_BHUVAN
PROD-0001476,2020-04-15,Kandri,Maharashtra,Nagpur,21.4125,79.266667,179.24,154.15,0.0,0,0.0,OFFICIAL_ANNUAL_PLAN,OFFICIAL_SAME_PERIOD,SYNTHETIC_DAILY_CALIBRATED_TO_PUBLIC_ANNUAL_REFERENCE,25.09,13.998,1,7.29,0.31,7.29,9.26,14.27,13.12,11.52,SYNTHETIC_DEMO_CORRELATED_WITH_RAINFALL_REPLACE_WITH_NASA_SMAP_OR_ISRO_BHUVAN
PROD-0001477,2020-04-16,Kandri,Maharashtra,Nagpur,21.4125,79.266667,155.13,134.58,0.55,0,0.0,OFFICIAL_ANNUAL_PLAN,OFFICIAL_SAME_PERIOD,SYNTHETIC_DAILY_CALIBRATED_TO_PUBLIC_ANNUAL_REFERENCE,20.55,13.247,1,7.29,0.86,7.29,8.33,11.74,13.59,11.56,SYNTHETIC_DEMO_CORRELATED_WITH_RAINFALL_REPLACE_WITH_NASA_SMAP_OR_ISRO_BHUVAN
PROD-0001478,2020-04-17,Kandri,Maharashtra,Nagpur,21.4125,79.266667,174.32,151.02,0.0,0,0.0,OFFICIAL_ANNUAL_PLAN,OFFICIAL_SAME_PERIOD,SYNTHETIC_DAILY_CALIBRATED_TO_PUBLIC_ANNUAL_REFERENCE,23.3,13.366,1,0.0,0.55,7.29,8.33,10.95,12.32,11.64,SYNTHETIC_DEMO_CORRELATED_WITH_RAINFALL_REPLACE_WITH_NASA_SMAP_OR_ISRO_BHUVAN
PROD-0001479,2020-04-18,Kandri,Maharashtra,Nagpur,21.4125,79.266667,181.34,151.53,0.0,0,0.0,OFFICIAL_ANNUAL_PLAN,OFFICIAL_SAME_PERIOD,SYNTHETIC_DAILY_CALIBRATED_TO_PUBLIC_ANNUAL_REFERENCE,29.81,16.439,1,0.0,0.55,7.29,4.27,9.16,10.62,11.58,SYNTHETIC_DEMO_CORRELATED_WITH_RAINFALL_REPLACE_WITH_NASA_SMAP_OR_ISRO_BHUVAN
PROD-0001480,2020-04-19,Kandri,Maharashtra,Nagpur,21.4125,79.266667,164.18,145.16,0.0,0,0.0,OFFICIAL_ANNUAL_PLAN,OFFICIAL_SAME_PERIOD,SYNTHETIC_DAILY_CALIBRATED_TO_PUBLIC_ANNUAL_REFERENCE,19.02,11.585,1,0.0,0.0,7.29,0.86,7.95,9.35,11.31,SYNTHETIC_DEMO_CORRELATED_WITH_RAINFALL_REPLACE_WITH_NASA_SMAP_OR_ISRO_BHUVAN
PROD-0001481,2020-04-20,Kandri,Maharashtra,Nagpur,21.4125,79.266667,183.41,157.09,0.0,20,0.0,OFFICIAL_ANNUAL_PLAN,OFFICIAL_SAME_PERIOD,SYNTHETIC_DAILY_CALIBRATED_TO_PUBLIC_ANNUAL_REFERENCE,26.32,14.35,1,0.0,0.0,7.29,0.86,7.86,8.32,10.95,SYNTHETIC_DEMO_CORRELATED_WITH_RAINFALL_REPLACE_WITH_NASA_SMAP_OR_ISRO_BHUVAN
PROD-0001482,2020-04-21,Kandri,Maharashtra,Nagpur,21.4125,79.266667,186.1,151.82,1.16,53,0.0,OFFICIAL_ANNUAL_PLAN,OFFICIAL_SAME_PERIOD,SYNTHETIC_DAILY_CALIBRATED_TO_PUBLIC_ANNUAL_REFERENCE,34.28,18.42,1,0.0,1.16,0.0,1.71,7.57,7.79,9.93,SYNTHETIC_DEMO_CORRELATED_WITH_RAINFALL_REPLACE_WITH_NASA_SMAP_OR_ISRO_BHUVAN
PROD-0001483,2020-04-22,Kandri,Maharashtra,Nagpur,21.4125,79.266667,185.88,155.07,0.0,57,0.0,OFFICIAL_ANNUAL_PLAN,OFFICIAL_SAME_PERIOD,SYNTHETIC_DAILY_CALIBRATED_TO_PUBLIC_ANNUAL_REFERENCE,30.81,16.575,1,0.0,1.16,0.0,1.71,4.4,6.61,8.52,SYNTHETIC_DEMO_CORRELATED_WITH_RAINFALL_REPLACE_WITH_NASA_SMAP_OR_ISRO_BHUVAN
PROD-0001484,2020-04-23,Kandri,Maharashtra,Nagpur,21.4125,79.266667,170.85,143.91,1.3,0,0.0,OFFICIAL_ANNUAL_PLAN,OFFICIAL_SAME_PERIOD,SYNTHETIC_DAILY_CALIBRATED_TO_PUBLIC_ANNUAL_REFERENCE,26.94,15.768,1,0.0,2.46,0.0,2.46,3.19,5.05,7.3,SYNTHETIC_DEMO_CORRELATED_WITH_RAINFALL_REPLACE_WITH_NASA_SMAP_OR_ISRO_BHUVAN
PROD-0001485,2020-04-24,Kandri,Maharashtra,Nagpur,21.4125,79.266667,180.95,140.95,4.54,131,0.0,OFFICIAL_ANNUAL_PLAN,OFFICIAL_SAME_PERIOD,SYNTHETIC_DAILY_CALIBRATED_TO_PUBLIC_ANNUAL_REFERENCE,40.0,22.106,1,0.0,5.84,0.0,7.0,3.19,3.59,6.19,SYNTHETIC_DEMO_CORRELATED_WITH_RAINFALL_REPLACE_WITH_NASA_SMAP_OR_ISRO_BHUVAN
PROD-0001486,2020-04-25,Kandri,Maharashtra,Nagpur,21.4125,79.266667,175.04,142.71,0.0,0,0.0,OFFICIAL_ANNUAL_PLAN,OFFICIAL_SAME_PERIOD,SYNTHETIC_DAILY_CALIBRATED_TO_PUBLIC_ANNUAL_REFERENCE,32.33,18.47,1,0.0,5.84,0.0,7.0,3.0,3.13,5.31,SYNTHETIC_DEMO_CORRELATED_WITH_RAINFALL_REPLACE_WITH_NASA_SMAP_OR_ISRO_BHUVAN
PROD-0001487,2020-04-26,Kandri,Maharashtra,Nagpur,21.4125,79.266667,155.63,128.51,0.6,0,19.04,OFFICIAL_ANNUAL_PLAN,OFFICIAL_SAME_PERIOD,SYNTHETIC_DAILY_CALIBRATED_TO_PUBLIC_ANNUAL_REFERENCE,27.12,17.426,1,19.04,5.14,19.04,7.6,19.84,8.68,7.01,SYNTHETIC_DEMO_CORRELATED_WITH_RAINFALL_REPLACE_WITH_NASA_SMAP_OR_ISRO_BHUVAN
PROD-0001488,2020-04-27,Kandri,Maharashtra,Nagpur,21.4125,79.266667,179.48,144.58,1.47,0,0.0,OFFICIAL_ANNUAL_PLAN,OFFICIAL_SAME_PERIOD,SYNTHETIC_DAILY_CALIBRATED_TO_PUBLIC_ANNUAL_REFERENCE,34.9,19.445,1,19.04,2.07,19.04,9.07,19.57,14.14,8.68,SYNTHETIC_DEMO_CORRELATED_WITH_RAINFALL_REPLACE_WITH_NASA_SMAP_OR_ISRO_BHUVAN
PROD-0001489,2020-04-28,Kandri,Maharashtra,Nagpur,21.4125,79.266667,151.14,125.37,0.19,0,12.53,OFFICIAL_ANNUAL_PLAN,OFFICIAL_SAME_PERIOD,SYNTHETIC_DAILY_CALIBRATED_TO_PUBLIC_ANNUAL_REFERENCE,25.77,17.05,1,31.57,2.26,31.57,8.1,29.96,23.12,11.88,SYNTHETIC_DEMO_CORRELATED_WITH_RAINFALL_REPLACE_WITH_NASA_SMAP_OR_ISRO_BHUVAN
PROD-0001490,2020-04-29,Kandri,Maharashtra,Nagpur,21.4125,79.266667,161.71,137.03,0.63,0,14.91,OFFICIAL_ANNUAL_PLAN,OFFICIAL_SAME_PERIOD,SYNTHETIC_DAILY_CALIBRATED_TO_PUBLIC_ANNUAL_REFERENCE,24.68,15.262,1,27.44,2.29,46.48,8.73,40.32,29.95,17.01,SYNTHETIC_DEMO_CORRELATED_WITH_RAINFALL_REPLACE_WITH_NASA_SMAP_OR_ISRO_BHUVAN
PROD-0001491,2020-04-30,Kandri,Maharashtra,Nagpur,21.4125,79.266667,180.77,151.39,0.89,47,0.0,OFFICIAL_ANNUAL_PLAN,OFFICIAL_SAME_PERIOD,SYNTHETIC_DAILY_CALIBRATED_TO_PUBLIC_ANNUAL_REFERENCE,29.38,16.253,1,27.44,1.71,46.48,8.32,36.78,35.69,21.81,SYNTHETIC_DEMO_CORRELATED_WITH_RAINFALL_REPLACE_WITH_NASA_SMAP_OR_ISRO_BHUVAN
PROD-0001492,2020-05-01,Kandri,Maharashtra,Nagpur,21.4125,79.266667,149.98,126.46,1.71,0,0.0,OFFICIAL_ANNUAL_PLAN,OFFICIAL_SAME_PERIOD,SYNTHETIC_DAILY_CALIBRATED_TO_PUBLIC_ANNUAL_REFERENCE,23.52,15.682,1,14.91,3.23,46.48,5.49,35.92,37.67,26.48,SYNTHETIC_DEMO_CORRELATED_WITH_RAINFALL_REPLACE_WITH_NASA_SMAP_OR_ISRO_BHUVAN
PROD-0001493,2020-05-02,Kandri,Maharashtra,Nagpur,21.4125,79.266667,158.09,130.97,1.46,0,0.0,OFFICIAL_ANNUAL_PLAN,OFFICIAL_SAME_PERIOD,SYNTHETIC_DAILY_CALIBRATED_TO_PUBLIC_ANNUAL_REFERENCE,27.12,17.155,1,0.0,4.06,46.48,6.95,34.32,35.67,30.96,SYNTHETIC_DEMO_CORRELATED_WITH_RAINFALL_REPLACE_WITH_NASA_SMAP_OR_ISRO_BHUVAN
PROD-0001494,2020-05-03,Kandri,Maharashtra,Nagpur,21.4125,79.266667,185.97,162.0,0.0,0,0.0,OFFICIAL_ANNUAL_PLAN,OFFICIAL_SAME_PERIOD,SYNTHETIC_DAILY_CALIBRATED_TO_PUBLIC_ANNUAL_REFERENCE,23.97,12.889,1,0.0,3.17,27.44,6.35,31.35,33.86,32.6,SYNTHETIC_DEMO_CORRELATED_WITH_RAINFALL_REPLACE_WITH_NASA_SMAP_OR_ISRO_BHUVAN
PROD-0001495,2020-05-04,Kandri,Maharashtra,Nagpur,21.4125,79.266667,173.1,154.81,0.0,0,0.0,OFFICIAL_ANNUAL_PLAN,OFFICIAL_SAME_PERIOD,SYNTHETIC_DAILY_CALIBRATED_TO_PUBLIC_ANNUAL_REFERENCE,18.29,10.566,1,0.0,1.46,27.44,4.88,27.7,31.12,33.76,SYNTHETIC_DEMO_CORRELATED_WITH_RAINFALL_REPLACE_WITH_NASA_SMAP_OR_ISRO_BHUVAN
PROD-0001496,2020-05-05,Kandri,Maharashtra,Nagpur,21.4125,79.266667,157.2,136.46,0.86,0,0.0,OFFICIAL_ANNUAL_PLAN,OFFICIAL_SAME_PERIOD,SYNTHETIC_DAILY_CALIBRATED_TO_PUBLIC_ANNUAL_REFERENCE,20.74,13.193,1,0.0,0.86,14.91,5.55,26.68,28.58,33.3,SYNTHETIC_DEMO_CORRELATED_WITH_RAINFALL_REPLACE_WITH_NASA_SMAP_OR_ISRO_BHUVAN
PROD-0001497,2020-05-06,Kandri,Maharashtra,Nagpur,21.4125,79.266667,188.63,160.59,0.0,0,0.0,OFFICIAL_ANNUAL_PLAN,OFFICIAL_SAME_PERIOD,SYNTHETIC_DAILY_CALIBRATED_TO_PUBLIC_ANNUAL_REFERENCE,28.04,14.865,1,0.0,0.86,0.0,4.92,25.49,26.62,31.18,SYNTHETIC_DEMO_CORRELATED_WITH_RAINFALL_REPLACE_WITH_NASA_SMAP_OR_ISRO_BHUVAN
PROD-0001498,2020-05-07,Kandri,Maharashtra,Nagpur,21.4125,79.266667,170.45,148.99,0.55,0,0.0,OFFICIAL_ANNUAL_PLAN,OFFICIAL_SAME_PERIOD,SYNTHETIC_DAILY_CALIBRATED_TO_PUBLIC_ANNUAL_REFERENCE,21.46,12.59,1,0.0,1.41,0.0,4.58,23.55,25.24,29.29,SYNTHETIC_DEMO_CORRELATED_WITH_RAINFALL_REPLACE_WITH_NASA_SMAP_OR_ISRO_BHUVAN
PROD-0001499,2020-05-08,Kandri,Maharashtra,Nagpur,21.4125,79.266667,173.48,152.29,0.0,0,0.0,OFFICIAL_ANNUAL_PLAN,OFFICIAL_SAME_PERIOD,SYNTHETIC_DAILY_CALIBRATED_TO_PUBLIC_ANNUAL_REFERENCE,21.19,12.215,1,0.0,0.55,0.0,2.87,24.33,24.46,27.63,SYNTHETIC_DEMO_CORRELATED_WITH_RAINFALL_REPLACE_WITH_NASA_SMAP_OR_ISRO_BHUVAN
PROD-0001500,2020-05-09,Kandri,Maharashtra,Nagpur,21.4125,79.266667,172.06,154.29,0.0,0,0.0,OFFICIAL_ANNUAL_PLAN,OFFICIAL_SAME_PERIOD,SYNTHETIC_DAILY_CALIBRATED_TO_PUBLIC_ANNUAL_REFERENCE,17.77,10.328,1,0.0,0.55,0.0,1.41,21.74,23.21,25.83,SYNTHETIC_DEMO_CORRELATED_WITH_RAINFALL_REPLACE_WITH_NASA_SMAP_OR_ISRO_BHUVAN
PROD-0001501,2020-05-10,Kandri,Maharashtra,Nagpur,21.4125,79.266667,163.17,128.91,2.8,27,0.0,OFFICIAL_ANNUAL_PLAN,OFFICIAL_SAME_PERIOD,SYNTHETIC_DAILY_CALIBRATED_TO_PUBLIC_ANNUAL_REFERENCE,34.26,20.997,1,0.0,2.8,0.0,4.21,18.4,21.49,23.98,SYNTHETIC_DEMO_CORRELATED_WITH_RAINFALL_REPLACE_WITH_NASA_SMAP_OR_ISRO_BHUVAN
PROD-0001502,2020-05-11,Kandri,Maharashtra,Nagpur,21.4125,79.266667,172.32,148.28,0.04,0,0.0,OFFICIAL_ANNUAL_PLAN,OFFICIAL_SAME_PERIOD,SYNTHETIC_DAILY_CALIBRATED_TO_PUBLIC_ANNUAL_REFERENCE,24.04,13.951,1,0.0,2.84,0.0,4.25,15.82,18.65,22.29,SYNTHETIC_DEMO_CORRELATED_WITH_RAINFALL_REPLACE_WITH_NASA_SMAP_OR_ISRO_BHUVAN
PROD-0001503,2020-05-12,Kandri,Maharashtra,Nagpur,21.4125,79.266667,170.38,137.39,5.82,0,0.0,OFFICIAL_ANNUAL_PLAN,OFFICIAL_SAME_PERIOD,SYNTHETIC_DAILY_CALIBRATED_TO_PUBLIC_ANNUAL_REFERENCE,32.99,19.363,1,0.0,8.66,0.0,9.21,14.85,16.36,20.6,SYNTHETIC_DEMO_CORRELATED_WITH_RAINFALL_REPLACE_WITH_NASA_SMAP_OR_ISRO_BHUVAN
PROD-0001504,2020-05-13,Kandri,Maharashtra,Nagpur,21.4125,79.266667,171.28,142.16,5.06,0,0.0,OFFICIAL_ANNUAL_PLAN,OFFICIAL_SAME_PERIOD,SYNTHETIC_DAILY_CALIBRATED_TO_PUBLIC_ANNUAL_REFERENCE,29.12,17.001,1,0.0,10.92,0.0,14.27,12.6,14.42,18.76,SYNTHETIC_DEMO_CORRELATED_WITH_RAINFALL_REPLACE_WITH_NASA_SMAP_OR_ISRO_BHUVAN
PROD-0001505,2020-05-14,Kandri,Maharashtra,Nagpur,21.4125,79.266667,171.3,141.46,0.0,0,0.0,OFFICIAL_ANNUAL_PLAN,OFFICIAL_SAME_PERIOD,SYNTHETIC_DAILY_CALIBRATED_TO_PUBLIC_ANNUAL_REFERENCE,29.84,17.42,1,0.0,10.88,0.0,13.72,13.22,13.56,17.28,SYNTHETIC_DEMO_CORRELATED_WITH_RAINFALL_REPLACE_WITH_NASA_SMAP_OR_ISRO_BHUVAN
PROD-0001506,2020-05-15,Kandri,Maharashtra,Nagpur,21.4125,79.266667,171.0,143.81,1.63,0,0.0,OFFICIAL_ANNUAL_PLAN,OFFICIAL_SAME_PERIOD,SYNTHETIC_DAILY_CALIBRATED_TO_PUBLIC_ANNUAL_REFERENCE,27.19,15.901,1,0.0,6.69,0.0,15.35,13.95,13.26,15.8,SYNTHETIC_DEMO_CORRELATED_WITH_RAINFALL_REPLACE_WITH_NASA_SMAP_OR_ISRO_BHUVAN
PROD-0001507,2020-05-16,Kandri,Maharashtra,Nagpur,21.4125,79.266667,163.22,134.12,2.26,39,29.48,OFFICIAL_ANNUAL_PLAN,OFFICIAL_SAME_PERIOD,SYNTHETIC_DAILY_CALIBRATED_TO_PUBLIC_ANNUAL_REFERENCE,29.1,17.829,1,29.48,3.89,29.48,17.61,38.21,21.79,18.15,SYNTHETIC_DEMO_CORRELATED_WITH_RAINFALL_REPLACE_WITH_NASA_SMAP_OR_ISRO_BHUVAN
PROD-0001508,2020-05-17,Kandri,Maharashtra,Nagpur,21.4125,79.266667,172.77,149.6,1.15,0,0.0,OFFICIAL_ANNUAL_PLAN,OFFICIAL_SAME_PERIOD,SYNTHETIC_DAILY_CALIBRATED_TO_PUBLIC_ANNUAL_REFERENCE,23.17,13.411,1,29.48,5.04,29.48,15.96,37.54,29.9,20.88,SYNTHETIC_DEMO_CORRELATED_WITH_RAINFALL_REPLACE_WITH_NASA_SMAP_OR_ISRO_BHUVAN
PROD-0001509,2020-05-18,Kandri,Maharashtra,Nagpur,21.4125,79.266667,175.08,144.63,4.67,0,0.0,OFFICIAL_ANNUAL_PLAN,OFFICIAL_SAME_PERIOD,SYNTHETIC_DAILY_CALIBRATED_TO_PUBLIC_ANNUAL_REFERENCE,30.45,17.392,1,29.48,8.08,29.48,20.59,35.68,37.14,23.72,SYNTHETIC_DEMO_CORRELATED_WITH_RAINFALL_REPLACE_WITH_NASA_SMAP_OR_ISRO_BHUVAN
PROD-0001510,2020-05-19,Kandri,Maharashtra,Nagpur,21.4125,79.266667,179.44,150.07,0.31,0,0.0,OFFICIAL_ANNUAL_PLAN,OFFICIAL_SAME_PERIOD,SYNTHETIC_DAILY_CALIBRATED_TO_PUBLIC_ANNUAL_REFERENCE,29.37,16.368,1,0.0,6.13,29.48,15.08,35.72,36.31,26.7,SYNTHETIC_DEMO_CORRELATED_WITH_RAINFALL_REPLACE_WITH_NASA_SMAP_OR_ISRO_BHUVAN
PROD-0001511,2020-05-20,Kandri,Maharashtra,Nagpur,21.4125,79.266667,172.1,149.57,0.0,0,0.0,OFFICIAL_ANNUAL_PLAN,OFFICIAL_SAME_PERIOD,SYNTHETIC_DAILY_CALIBRATED_TO_PUBLIC_ANNUAL_REFERENCE,22.53,13.091,1,0.0,4.98,29.48,10.02,32.64,34.68,29.57,SYNTHETIC_DEMO_CORRELATED_WITH_RAINFALL_REPLACE_WITH_NASA_SMAP_OR_ISRO_BHUVAN
PROD-0001512,2020-05-21,Kandri,Maharashtra,Nagpur,21.4125,79.266667,177.08,156.0,0.0,0,0.0,OFFICIAL_ANNUAL_PLAN,OFFICIAL_SAME_PERIOD,SYNTHETIC_DAILY_CALIBRATED_TO_PUBLIC_ANNUAL_REFERENCE,21.08,11.904,1,0.0,0.31,29.48,10.02,30.45,32.94,32.03,SYNTHETIC_DEMO_CORRELATED_WITH_RAINFALL_REPLACE_WITH_NASA_SMAP_OR_ISRO_BHUVAN
PROD-0001513,2020-05-22,Kandri,Maharashtra,Nagpur,21.4125,79.266667,168.07,138.82,1.69,0,1.99,OFFICIAL_ANNUAL_PLAN,OFFICIAL_SAME_PERIOD,SYNTHETIC_DAILY_CALIBRATED_TO_PUBLIC_ANNUAL_REFERENCE,29.25,17.403,1,1.99,1.69,31.47,10.08,30.37,31.15,34.37,SYNTHETIC_DEMO_CORRELATED_WITH_RAINFALL_REPLACE_WITH_NASA_SMAP_OR_ISRO_BHUVAN
PROD-0001514,2020-05-23,Kandri,Maharashtra,Nagpur,21.4125,79.266667,184.28,155.89,0.64,0,0.0,OFFICIAL_ANNUAL_PLAN,OFFICIAL_SAME_PERIOD,SYNTHETIC_DAILY_CALIBRATED_TO_PUBLIC_ANNUAL_REFERENCE,28.39,15.406,1,1.99,2.33,1.99,8.46,29.73,30.18,33.16,SYNTHETIC_DEMO_CORRELATED_WITH_RAINFALL_REPLACE_WITH_NASA_SMAP_OR_ISRO_BHUVAN
PROD-0001515,2020-05-24,Kandri,Maharashtra,Nagpur,21.4125,79.266667,167.61,139.01,0.7,0,0.0,OFFICIAL_ANNUAL_PLAN,OFFICIAL_SAME_PERIOD,SYNTHETIC_DAILY_CALIBRATED_TO_PUBLIC_ANNUAL_REFERENCE,28.6,17.063,1,1.99,3.03,1.99,8.01,26.8,28.97,31.63,SYNTHETIC_DEMO_CORRELATED_WITH_RAINFALL_REPLACE_WITH_NASA_SMAP_OR_ISRO_BHUVAN
PROD-0001516,2020-05-25,Kandri,Maharashtra,Nagpur,21.4125,79.266667,156.52,129.78,0.27,26,17.84,OFFICIAL_ANNUAL_PLAN,OFFICIAL_SAME_PERIOD,SYNTHETIC_DAILY_CALIBRATED_TO_PUBLIC_ANNUAL_REFERENCE,26.74,17.084,1,17.84,1.61,19.83,3.61,41.01,32.51,32.39,SYNTHETIC_DEMO_CORRELATED_WITH_RAINFALL_REPLACE_WITH_NASA_SMAP_OR_ISRO_BHUVAN
PROD-0001517,2020-05-26,Kandri,Maharashtra,Nagpur,21.4125,79.266667,163.17,135.16,0.84,0,0.0,OFFICIAL_ANNUAL_PLAN,OFFICIAL_SAME_PERIOD,SYNTHETIC_DAILY_CALIBRATED_TO_PUBLIC_ANNUAL_REFERENCE,28.01,17.166,1,17.84,1.81,19.83,4.14,39.53,35.78,32.93,SYNTHETIC_DEMO_CORRELATED_WITH_RAINFALL_REPLACE_WITH_NASA_SMAP_OR_ISRO_BHUVAN
PROD-0001518,2020-05-27,Kandri,Maharashtra,Nagpur,21.4125,79.266667,167.46,136.05,1.71,0,0.0,OFFICIAL_ANNUAL_PLAN,OFFICIAL_SAME_PERIOD,SYNTHETIC_DAILY_CALIBRATED_TO_PUBLIC_ANNUAL_REFERENCE,31.41,18.757,1,17.84,2.82,19.83,5.85,37.58,39.37,33.64,SYNTHETIC_DEMO_CORRELATED_WITH_RAINFALL_REPLACE_WITH_NASA_SMAP_OR_ISRO_BHUVAN
PROD-0001519,2020-05-28,Kandri,Maharashtra,Nagpur,21.4125,79.266667,170.95,147.37,0.0,0,0.0,OFFICIAL_ANNUAL_PLAN,OFFICIAL_SAME_PERIOD,SYNTHETIC_DAILY_CALIBRATED_TO_PUBLIC_ANNUAL_REFERENCE,23.58,13.794,1,0.0,2.55,19.83,5.85,36.33,37.81,34.48,SYNTHETIC_DEMO_CORRELATED_WITH_RAINFALL_REPLACE_WITH_NASA_SMAP_OR_ISRO_BHUVAN
PROD-0001520,2020-05-29,Kandri,Maharashtra,Nagpur,21.4125,79.266667,159.43,138.35,1.62,0,0.0,OFFICIAL_ANNUAL_PLAN,OFFICIAL_SAME_PERIOD,SYNTHETIC_DAILY_CALIBRATED_TO_PUBLIC_ANNUAL_REFERENCE,21.08,13.222,1,0.0,3.33,17.84,5.78,36.3,36.74,35.33,SYNTHETIC_DEMO_CORRELATED_WITH_RAINFALL_REPLACE_WITH_NASA_SMAP_OR_ISRO_BHUVAN
PROD-0001521,2020-05-30,Kandri,Maharashtra,Nagpur,21.4125,79.266667,167.83,145.84,1.07,0,15.04,OFFICIAL_ANNUAL_PLAN,OFFICIAL_SAME_PERIOD,SYNTHETIC_DAILY_CALIBRATED_TO_PUBLIC_ANNUAL_REFERENCE,21.99,13.103,1,15.04,2.69,32.88,6.21,46.04,39.56,37.66,SYNTHETIC_DEMO_CORRELATED_WITH_RAINFALL_REPLACE_WITH_NASA_SMAP_OR_ISRO_BHUVAN
PROD-0001522,2020-05-31,Kandri,Maharashtra,Nagpur,21.4125,79.266667,173.96,151.38,0.0,0,0.0,OFFICIAL_ANNUAL_PLAN,OFFICIAL_SAME_PERIOD,SYNTHETIC_DAILY_CALIBRATED_TO_PUBLIC_ANNUAL_REFERENCE,22.58,12.98,1,15.04,2.69,32.88,5.51,45.7,42.68,40.36,SYNTHETIC_DEMO_CORRELATED_WITH_RAINFALL_REPLACE_WITH_NASA_SMAP_OR_ISRO_BHUVAN
PROD-0001523,2020-06-01,Kandri,Maharashtra,Nagpur,21.4125,79.266667,180.51,156.61,0.0,0,0.0,OFFICIAL_ANNUAL_PLAN,OFFICIAL_SAME_PERIOD,SYNTHETIC_DAILY_CALIBRATED_TO_PUBLIC_ANNUAL_REFERENCE,23.9,13.24,1,15.04,1.07,15.04,5.24,43.16,44.97,40.66,SYNTHETIC_DEMO_CORRELATED_WITH_RAINFALL_REPLACE_WITH_NASA_SMAP_OR_ISRO_BHUVAN
PROD-0001524,2020-06-02,Kandri,Maharashtra,Nagpur,21.4125,79.266667,158.0,125.26,3.33,0,0.0,OFFICIAL_ANNUAL_PLAN,OFFICIAL_SAME_PERIOD,SYNTHETIC_DAILY_CALIBRATED_TO_PUBLIC_ANNUAL_REFERENCE,32.74,20.722,1,0.0,3.33,15.04,7.73,40.53,43.13,40.81,SYNTHETIC_DEMO_CORRELATED_WITH_RAINFALL_REPLACE_WITH_NASA_SMAP_OR_ISRO_BHUVAN
PROD-0001525,2020-06-03,Kandri,Maharashtra,Nagpur,21.4125,79.266667,175.71,157.2,0.07,0,4.66,OFFICIAL_ANNUAL_PLAN,OFFICIAL_SAME_PERIOD,SYNTHETIC_DAILY_CALIBRATED_TO_PUBLIC_ANNUAL_REFERENCE,18.51,10.534,1,4.66,3.4,19.7,6.09,41.85,41.85,41.42,SYNTHETIC_DEMO_CORRELATED_WITH_RAINFALL_REPLACE_WITH_NASA_SMAP_OR_ISRO_BHUVAN
PROD-0001526,2020-06-04,Kandri,Maharashtra,Nagpur,21.4125,79.266667,164.81,131.0,1.4,0,35.99,OFFICIAL_ANNUAL_PLAN,OFFICIAL_SAME_PERIOD,SYNTHETIC_DAILY_CALIBRATED_TO_PUBLIC_ANNUAL_REFERENCE,33.81,20.515,1,40.65,4.8,55.69,7.49,60.0,47.46,44.8,SYNTHETIC_DEMO_CORRELATED_WITH_RAINFALL_REPLACE_WITH_NASA_SMAP_OR_ISRO_BHUVAN
PROD-0001527,2020-06-05,Kandri,Maharashtra,Nagpur,21.4125,79.266667,169.09,140.92,3.05,0,7.39,OFFICIAL_ANNUAL_PLAN,OFFICIAL_SAME_PERIOD,SYNTHETIC_DAILY_CALIBRATED_TO_PUBLIC_ANNUAL_REFERENCE,28.17,16.66,1,48.04,4.52,63.08,8.92,60.0,53.95,48.18,SYNTHETIC_DEMO_CORRELATED_WITH_RAINFALL_REPLACE_WITH_NASA_SMAP_OR_ISRO_BHUVAN
PROD-0001528,2020-06-06,Kandri,Maharashtra,Nagpur,21.4125,79.266667,161.92,144.04,0.26,0,17.5,OFFICIAL_ANNUAL_PLAN,OFFICIAL_SAME_PERIOD,SYNTHETIC_DAILY_CALIBRATED_TO_PUBLIC_ANNUAL_REFERENCE,17.88,11.042,1,60.88,4.71,65.54,8.11,60.0,60.0,50.18,SYNTHETIC_DEMO_CORRELATED_WITH_RAINFALL_REPLACE_WITH_NASA_SMAP_OR_ISRO_BHUVAN
PROD-0001529,2020-06-07,Kandri,Maharashtra,Nagpur,21.4125,79.266667,164.51,136.39,1.83,0,21.6,OFFICIAL_ANNUAL_PLAN,OFFICIAL_SAME_PERIOD,SYNTHETIC_DAILY_CALIBRATED_TO_PUBLIC_ANNUAL_REFERENCE,28.12,17.093,1,46.49,5.14,87.14,9.94,60.0,60.0,52.22,SYNTHETIC_DEMO_CORRELATED_WITH_RAINFALL_REPLACE_WITH_NASA_SMAP_OR_ISRO_BHUVAN
PROD-0001530,2020-06-08,Kandri,Maharashtra,Nagpur,21.4125,79.266667,170.77,145.31,1.3,0,14.23,OFFICIAL_ANNUAL_PLAN,OFFICIAL_SAME_PERIOD,SYNTHETIC_DAILY_CALIBRATED_TO_PUBLIC_ANNUAL_REFERENCE,25.46,14.909,1,53.33,3.39,101.37,11.24,60.0,60.0,54.63,SYNTHETIC_DEMO_CORRELATED_WITH_RAINFALL_REPLACE_WITH_NASA_SMAP_OR_ISRO_BHUVAN
PROD-0001531,2020-06-09,Kandri,Maharashtra,Nagpur,21.4125,79.266667,172.72,130.18,8.48,0,1.65,OFFICIAL_ANNUAL_PLAN,OFFICIAL_SAME_PERIOD,SYNTHETIC_DAILY_CALIBRATED_TO_PUBLIC_ANNUAL_REFERENCE,42.54,24.629,1,37.48,11.61,103.02,16.39,58.1,59.37,57.14,SYNTHETIC_DEMO_CORRELATED_WITH_RAINFALL_REPLACE_WITH_NASA_SMAP_OR_ISRO_BHUVAN
PROD-0001532,2020-06-10,Kandri,Maharashtra,Nagpur,21.4125,79.266667,179.26,146.14,1.64,0,0.0,OFFICIAL_ANNUAL_PLAN,OFFICIAL_SAME_PERIOD,SYNTHETIC_DAILY_CALIBRATED_TO_PUBLIC_ANNUAL_REFERENCE,33.12,18.476,1,15.88,11.42,98.36,17.96,55.53,57.88,59.09,SYNTHETIC_DEMO_CORRELATED_WITH_RAINFALL_REPLACE_WITH_NASA_SMAP_OR_ISRO_BHUVAN
PROD-0001533,2020-06-11,Kandri,Maharashtra,Nagpur,21.4125,79.266667,181.91,140.35,4.94,0,38.4,OFFICIAL_ANNUAL_PLAN,OFFICIAL_SAME_PERIOD,SYNTHETIC_DAILY_CALIBRATED_TO_PUBLIC_ANNUAL_REFERENCE,41.56,22.846,1,40.05,15.06,100.77,21.5,60.0,57.88,59.09,SYNTHETIC_DEMO_CORRELATED_WITH_RAINFALL_REPLACE_WITH_NASA_SMAP_OR_ISRO_BHUVAN
PROD-0001534,2020-06-12,Kandri,Maharashtra,Nagpur,21.4125,79.266667,170.37,139.11,1.39,0,28.81,OFFICIAL_ANNUAL_PLAN,OFFICIAL_SAME_PERIOD,SYNTHETIC_DAILY_CALIBRATED_TO_PUBLIC_ANNUAL_REFERENCE,31.26,18.348,1,67.21,7.97,122.19,19.84,60.0,58.51,59.09,SYNTHETIC_DEMO_CORRELATED_WITH_RAINFALL_REPLACE_WITH_NASA_SMAP_OR_ISRO_BHUVAN
PROD-0001535,2020-06-13,Kandri,Maharashtra,Nagpur,21.4125,79.266667,172.31,140.53,1.67,21,58.26,OFFICIAL_ANNUAL_PLAN,OFFICIAL_SAME_PERIOD,SYNTHETIC_DAILY_CALIBRATED_TO_PUBLIC_ANNUAL_REFERENCE,31.78,18.444,1,125.47,8.0,162.95,21.25,60.0,60.0,59.09,SYNTHETIC_DEMO_CORRELATED_WITH_RAINFALL_REPLACE_WITH_NASA_SMAP_OR_ISRO_BHUVAN
PROD-0001536,2020-06-14,Kandri,Maharashtra,Nagpur,21.4125,79.266667,180.81,146.21,2.01,83,4.46,OFFICIAL_ANNUAL_PLAN,OFFICIAL_SAME_PERIOD,SYNTHETIC_DAILY_CALIBRATED_TO_PUBLIC_ANNUAL_REFERENCE,34.6,19.136,1,91.53,5.07,145.81,21.43,60.0,60.0,59.09,SYNTHETIC_DEMO_CORRELATED_WITH_RAINFALL_REPLACE_WITH_NASA_SMAP_OR_ISRO_BHUVAN
PROD-0001537,2020-06-15,Kandri,Maharashtra,Nagpur,21.4125,79.266667,181.35,154.1,0.15,0,10.18,OFFICIAL_ANNUAL_PLAN,OFFICIAL_SAME_PERIOD,SYNTHETIC_DAILY_CALIBRATED_TO_PUBLIC_ANNUAL_REFERENCE,27.25,15.026,1,72.9,3.83,141.76,20.28,60.0,60.0,59.09,SYNTHETIC_DEMO_CORRELATED_WITH_RAINFALL_REPLACE_WITH_NASA_SMAP_OR_ISRO_BHUVAN
PROD-0001538,2020-06-16,Kandri,Maharashtra,Nagpur,21.4125,79.266667,162.58,129.6,4.96,0,25.31,OFFICIAL_ANNUAL_PLAN,OFFICIAL_SAME_PERIOD,SYNTHETIC_DAILY_CALIBRATED_TO_PUBLIC_ANNUAL_REFERENCE,32.98,20.285,1,39.95,7.12,165.42,16.76,60.0,60.0,59.36,SYNTHETIC_DEMO_CORRELATED_WITH_RAINFALL_REPLACE_WITH_NASA_SMAP_OR_ISRO_BHUVAN
PROD-0001539,2020-06-17,Kandri,Maharashtra,Nagpur,21.4125,79.266667,188.6,155.83,3.26,0,0.0,OFFICIAL_ANNUAL_PLAN,OFFICIAL_SAME_PERIOD,SYNTHETIC_DAILY_CALIBRATED_TO_PUBLIC_ANNUAL_REFERENCE,32.77,17.375,1,35.49,8.37,165.42,18.38,57.7,59.23,59.67,SYNTHETIC_DEMO_CORRELATED_WITH_RAINFALL_REPLACE_WITH_NASA_SMAP_OR_ISRO_BHUVAN
PROD-0001540,2020-06-18,Kandri,Maharashtra,Nagpur,21.4125,79.266667,165.9,135.83,2.17,0,0.0,OFFICIAL_ANNUAL_PLAN,OFFICIAL_SAME_PERIOD,SYNTHETIC_DAILY_CALIBRATED_TO_PUBLIC_ANNUAL_REFERENCE,30.07,18.125,1,25.31,10.39,127.02,15.61,54.8,57.5,58.93,SYNTHETIC_DEMO_CORRELATED_WITH_RAINFALL_REPLACE_WITH_NASA_SMAP_OR_ISRO_BHUVAN
PROD-0001541,2020-06-19,Kandri,Maharashtra,Nagpur,21.4125,79.266667,179.84,151.02,0.38,0,25.17,OFFICIAL_ANNUAL_PLAN,OFFICIAL_SAME_PERIOD,SYNTHETIC_DAILY_CALIBRATED_TO_PUBLIC_ANNUAL_REFERENCE,28.82,16.025,1,25.17,5.81,123.38,14.6,60.0,57.5,58.93,SYNTHETIC_DEMO_CORRELATED_WITH_RAINFALL_REPLACE_WITH_NASA_SMAP_OR_ISRO_BHUVAN
PROD-0001542,2020-06-20,Kandri,Maharashtra,Nagpur,21.4125,79.266667,160.25,139.22,2.94,0,0.0,OFFICIAL_ANNUAL_PLAN,OFFICIAL_SAME_PERIOD,SYNTHETIC_DAILY_CALIBRATED_TO_PUBLIC_ANNUAL_REFERENCE,21.03,13.123,1,25.17,5.49,65.12,15.87,56.06,56.95,58.37,SYNTHETIC_DEMO_CORRELATED_WITH_RAINFALL_REPLACE_WITH_NASA_SMAP_OR_ISRO_BHUVAN
PROD-0001543,2020-06-21,Kandri,Maharashtra,Nagpur,21.4125,79.266667,170.78,140.6,0.59,37,39.08,OFFICIAL_ANNUAL_PLAN,OFFICIAL_SAME_PERIOD,SYNTHETIC_DAILY_CALIBRATED_TO_PUBLIC_ANNUAL_REFERENCE,30.18,17.672,1,64.25,3.91,99.74,14.45,60.0,58.69,58.37,SYNTHETIC_DEMO_CORRELATED_WITH_RAINFALL_REPLACE_WITH_NASA_SMAP_OR_ISRO_BHUVAN
PROD-0001544,2020-06-22,Kandri,Maharashtra,Nagpur,21.4125,79.266667,165.16,130.18,6.87,73,25.68,OFFICIAL_ANNUAL_PLAN,OFFICIAL_SAME_PERIOD,SYNTHETIC_DAILY_CALIBRATED_TO_PUBLIC_ANNUAL_REFERENCE,34.98,21.179,1,64.76,10.4,115.24,21.17,60.0,58.69,58.37,SYNTHETIC_DEMO_CORRELATED_WITH_RAINFALL_REPLACE_WITH_NASA_SMAP_OR_ISRO_BHUVAN
PROD-0001545,2020-06-23,Kandri,Maharashtra,Nagpur,21.4125,79.266667,184.25,151.42,0.37,19,24.75,OFFICIAL_ANNUAL_PLAN,OFFICIAL_SAME_PERIOD,SYNTHETIC_DAILY_CALIBRATED_TO_PUBLIC_ANNUAL_REFERENCE,32.83,17.818,1,89.51,7.83,114.68,16.58,60.0,60.0,58.37,SYNTHETIC_DEMO_CORRELATED_WITH_RAINFALL_REPLACE_WITH_NASA_SMAP_OR_ISRO_BHUVAN
PROD-0001546,2020-06-24,Kandri,Maharashtra,Nagpur,21.4125,79.266667,175.79,156.58,0.05,0,3.1,OFFICIAL_ANNUAL_PLAN,OFFICIAL_SAME_PERIOD,SYNTHETIC_DAILY_CALIBRATED_TO_PUBLIC_ANNUAL_REFERENCE,19.21,10.928,1,53.53,7.29,117.78,13.37,57.44,59.15,58.33,SYNTHETIC_DEMO_CORRELATED_WITH_RAINFALL_REPLACE_WITH_NASA_SMAP_OR_ISRO_BHUVAN
PROD-0001547,2020-06-25,Kandri,Maharashtra,Nagpur,21.4125,79.266667,142.01,122.74,0.09,0,6.03,OFFICIAL_ANNUAL_PLAN,OFFICIAL_SAME_PERIOD,SYNTHETIC_DAILY_CALIBRATED_TO_PUBLIC_ANNUAL_REFERENCE,19.27,13.569,1,33.88,0.51,123.81,11.29,58.8,58.75,58.9,SYNTHETIC_DEMO_CORRELATED_WITH_RAINFALL_REPLACE_WITH_NASA_SMAP_OR_ISRO_BHUVAN
PROD-0001548,2020-06-26,Kandri,Maharashtra,Nagpur,21.4125,79.266667,170.95,130.41,2.69,0,0.0,OFFICIAL_ANNUAL_PLAN,OFFICIAL_SAME_PERIOD,SYNTHETIC_DAILY_CALIBRATED_TO_PUBLIC_ANNUAL_REFERENCE,40.54,23.715,1,9.13,2.83,98.64,13.6,53.53,56.59,57.98,SYNTHETIC_DEMO_CORRELATED_WITH_RAINFALL_REPLACE_WITH_NASA_SMAP_OR_ISRO_BHUVAN
PROD-0001549,2020-06-27,Kandri,Maharashtra,Nagpur,21.4125,79.266667,171.97,148.61,1.61,0,4.12,OFFICIAL_ANNUAL_PLAN,OFFICIAL_SAME_PERIOD,SYNTHETIC_DAILY_CALIBRATED_TO_PUBLIC_ANNUAL_REFERENCE,23.36,13.584,1,10.15,4.39,102.76,12.27,53.1,55.14,57.55,SYNTHETIC_DEMO_CORRELATED_WITH_RAINFALL_REPLACE_WITH_NASA_SMAP_OR_ISRO_BHUVAN
PROD-0001550,2020-06-28,Kandri,Maharashtra,Nagpur,21.4125,79.266667,173.93,141.35,1.43,78,0.0,OFFICIAL_ANNUAL_PLAN,OFFICIAL_SAME_PERIOD,SYNTHETIC_DAILY_CALIBRATED_TO_PUBLIC_ANNUAL_REFERENCE,32.58,18.732,1,4.12,5.73,63.68,13.11,49.64,52.09,56.07,SYNTHETIC_DEMO_CORRELATED_WITH_RAINFALL_REPLACE_WITH_NASA_SMAP_OR_ISRO_BHUVAN
PROD-0001551,2020-06-29,Kandri,Maharashtra,Nagpur,21.4125,79.266667,155.77,136.84,1.15,0,17.42,OFFICIAL_ANNUAL_PLAN,OFFICIAL_SAME_PERIOD,SYNTHETIC_DAILY_CALIBRATED_TO_PUBLIC_ANNUAL_REFERENCE,18.93,12.153,1,21.54,4.19,55.42,7.39,60.0,54.25,56.07,SYNTHETIC_DEMO_CORRELATED_WITH_RAINFALL_REPLACE_WITH_NASA_SMAP_OR_ISRO_BHUVAN
PROD-0001552,2020-06-30,Kandri,Maharashtra,Nagpur,21.4125,79.266667,175.57,148.48,0.35,0,0.0,OFFICIAL_ANNUAL_PLAN,OFFICIAL_SAME_PERIOD,SYNTHETIC_DAILY_CALIBRATED_TO_PUBLIC_ANNUAL_REFERENCE,27.09,15.43,1,17.42,2.93,30.67,7.37,59.15,56.26,55.95,SYNTHETIC_DEMO_CORRELATED_WITH_RAINFALL_REPLACE_WITH_NASA_SMAP_OR_ISRO_BHUVAN
PROD-0001553,2020-07-01,Kandri,Maharashtra,Nagpur,21.4125,79.266667,182.8,152.86,1.39,32,24.86,OFFICIAL_ANNUAL_PLAN,OFFICIAL_SAME_PERIOD,SYNTHETIC_DAILY_CALIBRATED_TO_PUBLIC_ANNUAL_REFERENCE,29.94,16.379,1,42.28,2.89,52.43,8.71,60.0,59.72,56.32,SYNTHETIC_DEMO_CORRELATED_WITH_RAINFALL_REPLACE_WITH_NASA_SMAP_OR_ISRO_BHUVAN
PROD-0001554,2020-07-02,Kandri,Maharashtra,Nagpur,21.4125,79.266667,163.52,137.06,0.32,0,21.4,OFFICIAL_ANNUAL_PLAN,OFFICIAL_SAME_PERIOD,SYNTHETIC_DAILY_CALIBRATED_TO_PUBLIC_ANNUAL_REFERENCE,26.46,16.182,1,46.26,2.06,67.8,8.94,60.0,59.72,56.49,SYNTHETIC_DEMO_CORRELATED_WITH_RAINFALL_REPLACE_WITH_NASA_SMAP_OR_ISRO_BHUVAN
PROD-0001555,2020-07-03,Kandri,Maharashtra,Nagpur,21.4125,79.266667,184.91,152.91,2.1,0,8.16,OFFICIAL_ANNUAL_PLAN,OFFICIAL_SAME_PERIOD,SYNTHETIC_DAILY_CALIBRATED_TO_PUBLIC_ANNUAL_REFERENCE,32.0,17.306,1,54.42,3.81,75.96,8.35,60.0,60.0,57.41,SYNTHETIC_DEMO_CORRELATED_WITH_RAINFALL_REPLACE_WITH_NASA_SMAP_OR_ISRO_BHUVAN
PROD-0001556,2020-07-04,Kandri,Maharashtra,Nagpur,21.4125,79.266667,166.29,136.65,2.18,0,23.6,OFFICIAL_ANNUAL_PLAN,OFFICIAL_SAME_PERIOD,SYNTHETIC_DAILY_CALIBRATED_TO_PUBLIC_ANNUAL_REFERENCE,29.64,17.824,1,53.16,4.6,95.44,8.92,60.0,60.0,58.4,SYNTHETIC_DEMO_CORRELATED_WITH_RAINFALL_REPLACE_WITH_NASA_SMAP_OR_ISRO_BHUVAN
PROD-0001557,2020-07-05,Kandri,Maharashtra,Nagpur,21.4125,79.266667,174.04,148.97,0.79,0,52.95,OFFICIAL_ANNUAL_PLAN,OFFICIAL_SAME_PERIOD,SYNTHETIC_DAILY_CALIBRATED_TO_PUBLIC_ANNUAL_REFERENCE,25.07,14.405,1,84.71,5.07,148.39,8.28,60.0,60.0,59.88,SYNTHETIC_DEMO_CORRELATED_WITH_RAINFALL_REPLACE_WITH_NASA_SMAP_OR_ISRO_BHUVAN
PROD-0001558,2020-07-06,Kandri,Maharashtra,Nagpur,21.4125,79.266667,175.53,150.64,0.25,0,4.36,OFFICIAL_ANNUAL_PLAN,OFFICIAL_SAME_PERIOD,SYNTHETIC_DAILY_CALIBRATED_TO_PUBLIC_ANNUAL_REFERENCE,24.89,14.18,1,80.91,3.22,135.33,7.38,60.0,60.0,59.88,SYNTHETIC_DEMO_CORRELATED_WITH_RAINFALL_REPLACE_WITH_NASA_SMAP_OR_ISRO_BHUVAN
PROD-0001559,2020-07-07,Kandri,Maharashtra,Nagpur,21.4125,79.266667,174.74,143.75,0.19,83,12.71,OFFICIAL_ANNUAL_PLAN,OFFICIAL_SAME_PERIOD,SYNTHETIC_DAILY_CALIBRATED_TO_PUBLIC_ANNUAL_REFERENCE,30.99,17.735,1,70.02,1.23,148.04,7.22,60.0,60.0,60.0,SYNTHETIC_DEMO_CORRELATED_WITH_RAINFALL_REPLACE_WITH_NASA_SMAP_OR_ISRO_BHUVAN
PROD-0001560,2020-07-08,Kandri,Maharashtra,Nagpur,21.4125,79.266667,186.48,148.62,2.1,0,53.1,OFFICIAL_ANNUAL_PLAN,OFFICIAL_SAME_PERIOD,SYNTHETIC_DAILY_CALIBRATED_TO_PUBLIC_ANNUAL_REFERENCE,37.86,20.302,1,70.17,2.54,176.28,7.93,60.0,60.0,60.0,SYNTHETIC_DEMO_CORRELATED_WITH_RAINFALL_REPLACE_WITH_NASA_SMAP_OR_ISRO_BHUVAN
PROD-0001561,2020-07-09,Kandri,Maharashtra,Nagpur,21.4125,79.266667,181.7,153.85,1.11,0,0.0,OFFICIAL_ANNUAL_PLAN,OFFICIAL_SAME_PERIOD,SYNTHETIC_DAILY_CALIBRATED_TO_PUBLIC_ANNUAL_REFERENCE,27.85,15.327,1,65.81,3.4,154.88,8.72,59.21,59.74,59.89,SYNTHETIC_DEMO_CORRELATED_WITH_RAINFALL_REPLACE_WITH_NASA_SMAP_OR_ISRO_BHUVAN
PROD-0001562,2020-07-10,Kandri,Maharashtra,Nagpur,21.4125,79.266667,161.25,142.48,0.44,0,29.46,OFFICIAL_ANNUAL_PLAN,OFFICIAL_SAME_PERIOD,SYNTHETIC_DAILY_CALIBRATED_TO_PUBLIC_ANNUAL_REFERENCE,18.77,11.64,1,82.56,3.65,176.18,7.06,60.0,59.74,59.89,SYNTHETIC_DEMO_CORRELATED_WITH_RAINFALL_REPLACE_WITH_NASA_SMAP_OR_ISRO_BHUVAN
PROD-0001563,2020-07-11,Kandri,Maharashtra,Nagpur,21.4125,79.266667,204.32,169.32,0.11,0,7.42,OFFICIAL_ANNUAL_PLAN,OFFICIAL_SAME_PERIOD,SYNTHETIC_DAILY_CALIBRATED_TO_PUBLIC_ANNUAL_REFERENCE,35.0,17.13,1,36.88,1.66,160.0,4.99,60.0,59.74,59.89,SYNTHETIC_DEMO_CORRELATED_WITH_RAINFALL_REPLACE_WITH_NASA_SMAP_OR_ISRO_BHUVAN
PROD-0001564,2020-07-12,Kandri,Maharashtra,Nagpur,21.4125,79.266667,179.24,150.65,1.15,0,1.85,OFFICIAL_ANNUAL_PLAN,OFFICIAL_SAME_PERIOD,SYNTHETIC_DAILY_CALIBRATED_TO_PUBLIC_ANNUAL_REFERENCE,28.59,15.951,1,38.73,1.7,108.9,5.35,57.23,59.08,59.49,SYNTHETIC_DEMO_CORRELATED_WITH_RAINFALL_REPLACE_WITH_NASA_SMAP_OR_ISRO_BHUVAN
PROD-0001565,2020-07-13,Kandri,Maharashtra,Nagpur,21.4125,79.266667,178.58,144.6,1.95,0,27.42,OFFICIAL_ANNUAL_PLAN,OFFICIAL_SAME_PERIOD,SYNTHETIC_DAILY_CALIBRATED_TO_PUBLIC_ANNUAL_REFERENCE,33.98,19.028,1,36.69,3.21,131.96,7.05,60.0,59.08,59.49,SYNTHETIC_DEMO_CORRELATED_WITH_RAINFALL_REPLACE_WITH_NASA_SMAP_OR_ISRO_BHUVAN
PROD-0001566,2020-07-14,Kandri,Maharashtra,Nagpur,21.4125,79.266667,173.88,140.25,2.56,42,6.11,OFFICIAL_ANNUAL_PLAN,OFFICIAL_SAME_PERIOD,SYNTHETIC_DAILY_CALIBRATED_TO_PUBLIC_ANNUAL_REFERENCE,33.63,19.341,1,35.38,5.66,125.36,9.42,60.0,59.08,59.49,SYNTHETIC_DEMO_CORRELATED_WITH_RAINFALL_REPLACE_WITH_NASA_SMAP_OR_ISRO_BHUVAN
PROD-0001567,2020-07-15,Kandri,Maharashtra,Nagpur,21.4125,79.266667,182.07,153.92,1.74,0,0.0,OFFICIAL_ANNUAL_PLAN,OFFICIAL_SAME_PERIOD,SYNTHETIC_DAILY_CALIBRATED_TO_PUBLIC_ANNUAL_REFERENCE,28.15,15.461,1,33.53,6.25,72.26,9.06,58.6,59.53,59.29,SYNTHETIC_DEMO_CORRELATED_WITH_RAINFALL_REPLACE_WITH_NASA_SMAP_OR_ISRO_BHUVAN
PROD-0001568,2020-07-16,Kandri,Maharashtra,Nagpur,21.4125,79.266667,170.96,143.45,1.12,0,36.66,OFFICIAL_ANNUAL_PLAN,OFFICIAL_SAME_PERIOD,SYNTHETIC_DAILY_CALIBRATED_TO_PUBLIC_ANNUAL_REFERENCE,27.51,16.091,1,42.77,5.42,108.92,9.07,60.0,59.53,59.4,SYNTHETIC_DEMO_CORRELATED_WITH_RAINFALL_REPLACE_WITH_NASA_SMAP_OR_ISRO_BHUVAN
PROD-0001569,2020-07-17,Kandri,Maharashtra,Nagpur,21.4125,79.266667,148.13,126.67,0.35,67,23.41,OFFICIAL_ANNUAL_PLAN,OFFICIAL_SAME_PERIOD,SYNTHETIC_DAILY_CALIBRATED_TO_PUBLIC_ANNUAL_REFERENCE,21.46,14.487,1,60.07,3.21,102.87,8.98,60.0,59.53,59.4,SYNTHETIC_DEMO_CORRELATED_WITH_RAINFALL_REPLACE_WITH_NASA_SMAP_OR_ISRO_BHUVAN
PROD-0001570,2020-07-18,Kandri,Maharashtra,Nagpur,21.4125,79.266667,175.61,141.37,1.1,32,73.34,OFFICIAL_ANNUAL_PLAN,OFFICIAL_SAME_PERIOD,SYNTHETIC_DAILY_CALIBRATED_TO_PUBLIC_ANNUAL_REFERENCE,34.24,19.498,1,133.41,2.57,168.79,9.97,60.0,60.0,59.4,SYNTHETIC_DEMO_CORRELATED_WITH_RAINFALL_REPLACE_WITH_NASA_SMAP_OR_ISRO_BHUVAN
PROD-0001571,2020-07-19,Kandri,Maharashtra,Nagpur,21.4125,79.266667,169.51,140.9,0.0,0,0.0,OFFICIAL_ANNUAL_PLAN,OFFICIAL_SAME_PERIOD,SYNTHETIC_DAILY_CALIBRATED_TO_PUBLIC_ANNUAL_REFERENCE,28.61,16.878,1,96.75,1.45,166.94,8.82,56.19,58.73,59.26,SYNTHETIC_DEMO_CORRELATED_WITH_RAINFALL_REPLACE_WITH_NASA_SMAP_OR_ISRO_BHUVAN
PROD-0001572,2020-07-20,Kandri,Maharashtra,Nagpur,21.4125,79.266667,202.96,171.56,0.12,0,7.71,OFFICIAL_ANNUAL_PLAN,OFFICIAL_SAME_PERIOD,SYNTHETIC_DAILY_CALIBRATED_TO_PUBLIC_ANNUAL_REFERENCE,31.4,15.471,1,81.05,1.22,147.23,6.99,60.0,58.73,59.26,SYNTHETIC_DEMO_CORRELATED_WITH_RAINFALL_REPLACE_WITH_NASA_SMAP_OR_ISRO_BHUVAN
PROD-0001573,2020-07-21,Kandri,Maharashtra,Nagpur,21.4125,79.266667,168.64,145.51,0.0,0,0.0,OFFICIAL_ANNUAL_PLAN,OFFICIAL_SAME_PERIOD,SYNTHETIC_DAILY_CALIBRATED_TO_PUBLIC_ANNUAL_REFERENCE,23.13,13.716,1,7.71,0.12,141.12,4.43,56.96,57.72,58.82,SYNTHETIC_DEMO_CORRELATED_WITH_RAINFALL_REPLACE_WITH_NASA_SMAP_OR_ISRO_BHUVAN
PROD-0001574,2020-07-22,Kandri,Maharashtra,Nagpur,21.4125,79.266667,173.5,146.73,0.0,0,0.0,OFFICIAL_ANNUAL_PLAN,OFFICIAL_SAME_PERIOD,SYNTHETIC_DAILY_CALIBRATED_TO_PUBLIC_ANNUAL_REFERENCE,26.77,15.429,1,7.71,0.12,141.12,2.69,53.05,56.67,58.03,SYNTHETIC_DEMO_CORRELATED_WITH_RAINFALL_REPLACE_WITH_NASA_SMAP_OR_ISRO_BHUVAN
PROD-0001575,2020-07-23,Kandri,Maharashtra,Nagpur,21.4125,79.266667,166.96,137.97,2.79,0,0.0,OFFICIAL_ANNUAL_PLAN,OFFICIAL_SAME_PERIOD,SYNTHETIC_DAILY_CALIBRATED_TO_PUBLIC_ANNUAL_REFERENCE,28.99,17.363,1,0.0,2.79,104.46,4.36,50.61,53.54,56.69,SYNTHETIC_DEMO_CORRELATED_WITH_RAINFALL_REPLACE_WITH_NASA_SMAP_OR_ISRO_BHUVAN
PROD-0001576,2020-07-24,Kandri,Maharashtra,Nagpur,21.4125,79.266667,163.04,138.17,0.15,0,10.08,OFFICIAL_ANNUAL_PLAN,OFFICIAL_SAME_PERIOD,SYNTHETIC_DAILY_CALIBRATED_TO_PUBLIC_ANNUAL_REFERENCE,24.87,15.254,1,10.08,2.94,91.13,4.16,54.56,52.74,55.91,SYNTHETIC_DEMO_CORRELATED_WITH_RAINFALL_REPLACE_WITH_NASA_SMAP_OR_ISRO_BHUVAN
PROD-0001577,2020-07-25,Kandri,Maharashtra,Nagpur,21.4125,79.266667,173.58,158.35,0.26,0,0.0,OFFICIAL_ANNUAL_PLAN,OFFICIAL_SAME_PERIOD,SYNTHETIC_DAILY_CALIBRATED_TO_PUBLIC_ANNUAL_REFERENCE,15.23,8.774,1,10.08,3.2,17.79,3.32,50.99,52.05,54.62,SYNTHETIC_DEMO_CORRELATED_WITH_RAINFALL_REPLACE_WITH_NASA_SMAP_OR_ISRO_BHUVAN
PROD-0001578,2020-07-26,Kandri,Maharashtra,Nagpur,21.4125,79.266667,193.61,162.45,0.0,0,0.0,OFFICIAL_ANNUAL_PLAN,OFFICIAL_SAME_PERIOD,SYNTHETIC_DAILY_CALIBRATED_TO_PUBLIC_ANNUAL_REFERENCE,31.16,16.094,1,10.08,0.41,17.79,3.32,47.83,51.13,53.43,SYNTHETIC_DEMO_CORRELATED_WITH_RAINFALL_REPLACE_WITH_NASA_SMAP_OR_ISRO_BHUVAN
PROD-0001579,2020-07-27,Kandri,Maharashtra,Nagpur,21.4125,79.266667,171.19,144.1,0.71,98,0.0,OFFICIAL_ANNUAL_PLAN,OFFICIAL_SAME_PERIOD,SYNTHETIC_DAILY_CALIBRATED_TO_PUBLIC_ANNUAL_REFERENCE,27.09,15.825,1,0.0,0.97,10.08,3.91,44.24,47.69,51.18,SYNTHETIC_DEMO_CORRELATED_WITH_RAINFALL_REPLACE_WITH_NASA_SMAP_OR_ISRO_BHUVAN
PROD-0001580,2020-07-28,Kandri,Maharashtra,Nagpur,21.4125,79.266667,181.03,143.8,2.96,0,0.0,OFFICIAL_ANNUAL_PLAN,OFFICIAL_SAME_PERIOD,SYNTHETIC_DAILY_CALIBRATED_TO_PUBLIC_ANNUAL_REFERENCE,37.23,20.566,1,0.0,3.67,10.08,6.87,42.4,44.82,49.1,SYNTHETIC_DEMO_CORRELATED_WITH_RAINFALL_REPLACE_WITH_NASA_SMAP_OR_ISRO_BHUVAN
PROD-0001581,2020-07-29,Kandri,Maharashtra,Nagpur,21.4125,79.266667,207.6,165.16,3.42,0,11.47,OFFICIAL_ANNUAL_PLAN,OFFICIAL_SAME_PERIOD,SYNTHETIC_DAILY_CALIBRATED_TO_PUBLIC_ANNUAL_REFERENCE,42.44,20.443,1,11.47,7.09,21.55,10.29,49.92,45.52,48.65,SYNTHETIC_DEMO_CORRELATED_WITH_RAINFALL_REPLACE_WITH_NASA_SMAP_OR_ISRO_BHUVAN
PROD-0001582,2020-07-30,Kandri,Maharashtra,Nagpur,21.4125,79.266667,174.56,144.13,0.38,52,25.18,OFFICIAL_ANNUAL_PLAN,OFFICIAL_SAME_PERIOD,SYNTHETIC_DAILY_CALIBRATED_TO_PUBLIC_ANNUAL_REFERENCE,30.43,17.432,1,36.65,6.76,46.73,7.88,60.0,50.77,49.99,SYNTHETIC_DEMO_CORRELATED_WITH_RAINFALL_REPLACE_WITH_NASA_SMAP_OR_ISRO_BHUVAN
PROD-0001583,2020-07-31,Kandri,Maharashtra,Nagpur,21.4125,79.266667,176.29,144.07,0.85,0,0.0,OFFICIAL_ANNUAL_PLAN,OFFICIAL_SAME_PERIOD,SYNTHETIC_DAILY_CALIBRATED_TO_PUBLIC_ANNUAL_REFERENCE,32.22,18.277,1,36.65,4.65,36.65,8.58,57.65,55.86,50.43,SYNTHETIC_DEMO_CORRELATED_WITH_RAINFALL_REPLACE_WITH_NASA_SMAP_OR_ISRO_BHUVAN
PROD-0001584,2020-08-01,Kandri,Maharashtra,Nagpur,21.4125,79.266667,161.41,140.23,2.27,0,0.0,OFFICIAL_ANNUAL_PLAN,OFFICIAL_SAME_PERIOD,SYNTHETIC_DAILY_CALIBRATED_TO_PUBLIC_ANNUAL_REFERENCE,21.18,13.122,1,25.18,3.5,36.65,10.59,55.14,57.6,51.03,SYNTHETIC_DEMO_CORRELATED_WITH_RAINFALL_REPLACE_WITH_NASA_SMAP_OR_ISRO_BHUVAN
PROD-0001585,2020-08-02,Kandri,Maharashtra,Nagpur,21.4125,79.266667,153.73,115.86,10.23,0,33.68,OFFICIAL_ANNUAL_PLAN,OFFICIAL_SAME_PERIOD,SYNTHETIC_DAILY_CALIBRATED_TO_PUBLIC_ANNUAL_REFERENCE,37.87,24.634,1,33.68,13.35,70.33,20.82,60.0,57.6,52.76,SYNTHETIC_DEMO_CORRELATED_WITH_RAINFALL_REPLACE_WITH_NASA_SMAP_OR_ISRO_BHUVAN
PROD-0001586,2020-08-03,Kandri,Maharashtra,Nagpur,21.4125,79.266667,168.39,142.9,1.03,0,12.32,OFFICIAL_ANNUAL_PLAN,OFFICIAL_SAME_PERIOD,SYNTHETIC_DAILY_CALIBRATED_TO_PUBLIC_ANNUAL_REFERENCE,25.49,15.137,1,46.0,13.53,82.65,21.14,60.0,58.38,55.02,SYNTHETIC_DEMO_CORRELATED_WITH_RAINFALL_REPLACE_WITH_NASA_SMAP_OR_ISRO_BHUVAN
PROD-0001587,2020-08-04,Kandri,Maharashtra,Nagpur,21.4125,79.266667,183.98,145.8,3.43,81,46.37,OFFICIAL_ANNUAL_PLAN,OFFICIAL_SAME_PERIOD,SYNTHETIC_DAILY_CALIBRATED_TO_PUBLIC_ANNUAL_REFERENCE,38.18,20.752,1,92.37,14.69,129.02,21.61,60.0,60.0,57.53,SYNTHETIC_DEMO_CORRELATED_WITH_RAINFALL_REPLACE_WITH_NASA_SMAP_OR_ISRO_BHUVAN
PROD-0001588,2020-08-05,Kandri,Maharashtra,Nagpur,21.4125,79.266667,165.48,137.43,0.0,0,0.0,OFFICIAL_ANNUAL_PLAN,OFFICIAL_SAME_PERIOD,SYNTHETIC_DAILY_CALIBRATED_TO_PUBLIC_ANNUAL_REFERENCE,28.05,16.951,1,58.69,4.46,117.55,18.19,55.54,58.51,58.33,SYNTHETIC_DEMO_CORRELATED_WITH_RAINFALL_REPLACE_WITH_NASA_SMAP_OR_ISRO_BHUVAN
PROD-0001589,2020-08-06,Kandri,Maharashtra,Nagpur,21.4125,79.266667,184.45,151.25,1.8,11,5.02,OFFICIAL_ANNUAL_PLAN,OFFICIAL_SAME_PERIOD,SYNTHETIC_DAILY_CALIBRATED_TO_PUBLIC_ANNUAL_REFERENCE,33.2,17.999,1,51.39,5.23,97.39,19.61,58.05,57.86,58.05,SYNTHETIC_DEMO_CORRELATED_WITH_RAINFALL_REPLACE_WITH_NASA_SMAP_OR_ISRO_BHUVAN
PROD-0001590,2020-08-07,Kandri,Maharashtra,Nagpur,21.4125,79.266667,172.62,142.63,1.61,0,16.45,OFFICIAL_ANNUAL_PLAN,OFFICIAL_SAME_PERIOD,SYNTHETIC_DAILY_CALIBRATED_TO_PUBLIC_ANNUAL_REFERENCE,29.99,17.373,1,21.47,3.41,113.84,20.37,60.0,57.86,58.39,SYNTHETIC_DEMO_CORRELATED_WITH_RAINFALL_REPLACE_WITH_NASA_SMAP_OR_ISRO_BHUVAN
PROD-0001591,2020-08-08,Kandri,Maharashtra,Nagpur,21.4125,79.266667,170.9,145.27,0.0,0,0.0,OFFICIAL_ANNUAL_PLAN,OFFICIAL_SAME_PERIOD,SYNTHETIC_DAILY_CALIBRATED_TO_PUBLIC_ANNUAL_REFERENCE,25.63,14.997,1,21.47,3.41,113.84,18.1,58.21,58.75,58.83,SYNTHETIC_DEMO_CORRELATED_WITH_RAINFALL_REPLACE_WITH_NASA_SMAP_OR_ISRO_BHUVAN
PROD-0001592,2020-08-09,Kandri,Maharashtra,Nagpur,21.4125,79.266667,175.99,150.2,3.18,14,8.61,OFFICIAL_ANNUAL_PLAN,OFFICIAL_SAME_PERIOD,SYNTHETIC_DAILY_CALIBRATED_TO_PUBLIC_ANNUAL_REFERENCE,25.79,14.654,1,25.06,4.79,88.77,11.05,60.0,59.4,58.83,SYNTHETIC_DEMO_CORRELATED_WITH_RAINFALL_REPLACE_WITH_NASA_SMAP_OR_ISRO_BHUVAN
PROD-0001593,2020-08-10,Kandri,Maharashtra,Nagpur,21.4125,79.266667,178.67,131.8,8.41,0,23.26,OFFICIAL_ANNUAL_PLAN,OFFICIAL_SAME_PERIOD,SYNTHETIC_DAILY_CALIBRATED_TO_PUBLIC_ANNUAL_REFERENCE,46.87,26.233,1,31.87,11.59,99.71,18.43,60.0,59.4,58.83,SYNTHETIC_DEMO_CORRELATED_WITH_RAINFALL_REPLACE_WITH_NASA_SMAP_OR_ISRO_BHUVAN
PROD-0001594,2020-08-11,Kandri,Maharashtra,Nagpur,21.4125,79.266667,165.91,138.48,1.21,0,11.01,OFFICIAL_ANNUAL_PLAN,OFFICIAL_SAME_PERIOD,SYNTHETIC_DAILY_CALIBRATED_TO_PUBLIC_ANNUAL_REFERENCE,27.43,16.533,1,42.88,12.8,64.35,16.21,60.0,60.0,58.83,SYNTHETIC_DEMO_CORRELATED_WITH_RAINFALL_REPLACE_WITH_NASA_SMAP_OR_ISRO_BHUVAN
PROD-0001595,2020-08-12,Kandri,Maharashtra,Nagpur,21.4125,79.266667,152.59,118.99,6.6,0,31.61,OFFICIAL_ANNUAL_PLAN,OFFICIAL_SAME_PERIOD,SYNTHETIC_DAILY_CALIBRATED_TO_PUBLIC_ANNUAL_REFERENCE,33.6,22.02,1,65.88,16.22,95.96,22.81,60.0,60.0,59.47,SYNTHETIC_DEMO_CORRELATED_WITH_RAINFALL_REPLACE_WITH_NASA_SMAP_OR_ISRO_BHUVAN
PROD-0001596,2020-08-13,Kandri,Maharashtra,Nagpur,21.4125,79.266667,166.47,140.44,1.99,0,47.23,OFFICIAL_ANNUAL_PLAN,OFFICIAL_SAME_PERIOD,SYNTHETIC_DAILY_CALIBRATED_TO_PUBLIC_ANNUAL_REFERENCE,26.03,15.636,1,89.85,9.8,138.17,23.0,60.0,60.0,59.74,SYNTHETIC_DEMO_CORRELATED_WITH_RAINFALL_REPLACE_WITH_NASA_SMAP_OR_ISRO_BHUVAN
PROD-0001597,2020-08-14,Kandri,Maharashtra,Nagpur,21.4125,79.266667,155.84,127.98,2.11,72,0.0,OFFICIAL_ANNUAL_PLAN,OFFICIAL_SAME_PERIOD,SYNTHETIC_DAILY_CALIBRATED_TO_PUBLIC_ANNUAL_REFERENCE,27.86,17.877,1,78.84,10.7,121.72,23.5,57.06,59.02,59.32,SYNTHETIC_DEMO_CORRELATED_WITH_RAINFALL_REPLACE_WITH_NASA_SMAP_OR_ISRO_BHUVAN
PROD-0001598,2020-08-15,Kandri,Maharashtra,Nagpur,21.4125,79.266667,190.51,157.99,0.24,0,15.93,OFFICIAL_ANNUAL_PLAN,OFFICIAL_SAME_PERIOD,SYNTHETIC_DAILY_CALIBRATED_TO_PUBLIC_ANNUAL_REFERENCE,32.52,17.07,1,63.16,4.34,137.65,23.74,60.0,59.02,59.58,SYNTHETIC_DEMO_CORRELATED_WITH_RAINFALL_REPLACE_WITH_NASA_SMAP_OR_ISRO_BHUVAN
PROD-0001599,2020-08-16,Kandri,Maharashtra,Nagpur,21.4125,79.266667,174.33,148.32,0.17,0,11.29,OFFICIAL_ANNUAL_PLAN,OFFICIAL_SAME_PERIOD,SYNTHETIC_DAILY_CALIBRATED_TO_PUBLIC_ANNUAL_REFERENCE,26.01,14.92,1,27.22,2.52,140.33,20.73,60.0,59.02,59.58,SYNTHETIC_DEMO_CORRELATED_WITH_RAINFALL_REPLACE_WITH_NASA_SMAP_OR_ISRO_BHUVAN
PROD-0001600,2020-08-17,Kandri,Maharashtra,Nagpur,21.4125,79.266667,163.13,139.46,0.29,0,19.26,OFFICIAL_ANNUAL_PLAN,OFFICIAL_SAME_PERIOD,SYNTHETIC_DAILY_CALIBRATED_TO_PUBLIC_ANNUAL_REFERENCE,23.67,14.51,1,46.48,0.7,136.33,12.61,60.0,60.0,59.58,SYNTHETIC_DEMO_CORRELATED_WITH_RAINFALL_REPLACE_WITH_NASA_SMAP_OR_ISRO_BHUVAN
PROD-0001601,2020-08-18,Kandri,Maharashtra,Nagpur,21.4125,79.266667,183.59,147.11,2.13,0,17.6,OFFICIAL_ANNUAL_PLAN,OFFICIAL_SAME_PERIOD,SYNTHETIC_DAILY_CALIBRATED_TO_PUBLIC_ANNUAL_REFERENCE,36.48,19.87,1,48.15,2.59,142.92,13.53,60.0,60.0,59.58,SYNTHETIC_DEMO_CORRELATED_WITH_RAINFALL_REPLACE_WITH_NASA_SMAP_OR_ISRO_BHUVAN
PROD-0001602,2020-08-19,Kandri,Maharashtra,Nagpur,21.4125,79.266667,170.9,139.72,2.75,0,11.78,OFFICIAL_ANNUAL_PLAN,OFFICIAL_SAME_PERIOD,SYNTHETIC_DAILY_CALIBRATED_TO_PUBLIC_ANNUAL_REFERENCE,31.18,18.245,1,48.64,5.17,123.09,9.68,60.0,60.0,59.58,SYNTHETIC_DEMO_CORRELATED_WITH_RAINFALL_REPLACE_WITH_NASA_SMAP_OR_ISRO_BHUVAN
PROD-0001603,2020-08-20,Kandri,Maharashtra,Nagpur,21.4125,79.266667,185.51,157.59,0.11,0,7.33,OFFICIAL_ANNUAL_PLAN,OFFICIAL_SAME_PERIOD,SYNTHETIC_DAILY_CALIBRATED_TO_PUBLIC_ANNUAL_REFERENCE,27.92,15.05,1,36.71,4.99,83.19,7.8,60.0,60.0,59.58,SYNTHETIC_DEMO_CORRELATED_WITH_RAINFALL_REPLACE_WITH_NASA_SMAP_OR_ISRO_BHUVAN
PROD-0001604,2020-08-21,Kandri,Maharashtra,Nagpur,21.4125,79.266667,167.16,134.57,3.34,71,11.34,OFFICIAL_ANNUAL_PLAN,OFFICIAL_SAME_PERIOD,SYNTHETIC_DAILY_CALIBRATED_TO_PUBLIC_ANNUAL_REFERENCE,32.59,19.496,1,30.45,6.2,94.53,9.03,60.0,60.0,60.0,SYNTHETIC_DEMO_CORRELATED_WITH_RAINFALL_REPLACE_WITH_NASA_SMAP_OR_ISRO_BHUVAN
PROD-0001605,2020-08-22,Kandri,Maharashtra,Nagpur,21.4125,79.266667,186.47,153.13,2.48,0,41.04,OFFICIAL_ANNUAL_PLAN,OFFICIAL_SAME_PERIOD,SYNTHETIC_DAILY_CALIBRATED_TO_PUBLIC_ANNUAL_REFERENCE,33.34,17.88,1,59.71,5.93,119.64,11.27,60.0,60.0,60.0,SYNTHETIC_DEMO_CORRELATED_WITH_RAINFALL_REPLACE_WITH_NASA_SMAP_OR_ISRO_BHUVAN
PROD-0001606,2020-08-23,Kandri,Maharashtra,Nagpur,21.4125,79.266667,185.14,158.17,1.27,0,9.02,OFFICIAL_ANNUAL_PLAN,OFFICIAL_SAME_PERIOD,SYNTHETIC_DAILY_CALIBRATED_TO_PUBLIC_ANNUAL_REFERENCE,26.97,14.567,1,61.4,7.09,117.37,12.37,60.0,60.0,60.0,SYNTHETIC_DEMO_CORRELATED_WITH_RAINFALL_REPLACE_WITH_NASA_SMAP_OR_ISRO_BHUVAN
PROD-0001607,2020-08-24,Kandri,Maharashtra,Nagpur,21.4125,79.266667,184.16,152.09,1.65,0,3.17,OFFICIAL_ANNUAL_PLAN,OFFICIAL_SAME_PERIOD,SYNTHETIC_DAILY_CALIBRATED_TO_PUBLIC_ANNUAL_REFERENCE,32.07,17.414,1,53.23,5.4,101.28,13.73,59.93,59.98,59.99,SYNTHETIC_DEMO_CORRELATED_WITH_RAINFALL_REPLACE_WITH_NASA_SMAP_OR_ISRO_BHUVAN
PROD-0001608,2020-08-25,Kandri,Maharashtra,Nagpur,21.4125,79.266667,154.18,113.18,12.0,0,9.49,OFFICIAL_ANNUAL_PLAN,OFFICIAL_SAME_PERIOD,SYNTHETIC_DAILY_CALIBRATED_TO_PUBLIC_ANNUAL_REFERENCE,41.0,26.592,1,21.68,14.92,93.17,23.6,60.0,59.98,59.99,SYNTHETIC_DEMO_CORRELATED_WITH_RAINFALL_REPLACE_WITH_NASA_SMAP_OR_ISRO_BHUVAN
PROD-0001609,2020-08-26,Kandri,Maharashtra,Nagpur,21.4125,79.266667,171.55,137.88,2.71,0,14.32,OFFICIAL_ANNUAL_PLAN,OFFICIAL_SAME_PERIOD,SYNTHETIC_DAILY_CALIBRATED_TO_PUBLIC_ANNUAL_REFERENCE,33.67,19.627,1,26.98,16.36,95.71,23.56,60.0,59.98,59.99,SYNTHETIC_DEMO_CORRELATED_WITH_RAINFALL_REPLACE_WITH_NASA_SMAP_OR_ISRO_BHUVAN
PROD-0001610,2020-08-27,Kandri,Maharashtra,Nagpur,21.4125,79.266667,165.71,132.37,2.42,42,15.52,OFFICIAL_ANNUAL_PLAN,OFFICIAL_SAME_PERIOD,SYNTHETIC_DAILY_CALIBRATED_TO_PUBLIC_ANNUAL_REFERENCE,33.34,20.119,1,39.33,17.13,103.9,25.87,60.0,60.0,59.99,SYNTHETIC_DEMO_CORRELATED_WITH_RAINFALL_REPLACE_WITH_NASA_SMAP_OR_ISRO_BHUVAN
PROD-0001611,2020-08-28,Kandri,Maharashtra,Nagpur,21.4125,79.266667,159.24,132.64,3.41,31,0.0,OFFICIAL_ANNUAL_PLAN,OFFICIAL_SAME_PERIOD,SYNTHETIC_DAILY_CALIBRATED_TO_PUBLIC_ANNUAL_REFERENCE,26.6,16.704,1,29.84,8.54,92.56,25.94,56.0,58.67,59.42,SYNTHETIC_DEMO_CORRELATED_WITH_RAINFALL_REPLACE_WITH_NASA_SMAP_OR_ISRO_BHUVAN
PROD-0001612,2020-08-29,Kandri,Maharashtra,Nagpur,21.4125,79.266667,162.21,139.66,0.4,0,26.9,OFFICIAL_ANNUAL_PLAN,OFFICIAL_SAME_PERIOD,SYNTHETIC_DAILY_CALIBRATED_TO_PUBLIC_ANNUAL_REFERENCE,22.55,13.902,1,42.42,6.23,78.42,23.86,60.0,58.67,59.42,SYNTHETIC_DEMO_CORRELATED_WITH_RAINFALL_REPLACE_WITH_NASA_SMAP_OR_ISRO_BHUVAN
PROD-0001613,2020-08-30,Kandri,Maharashtra,Nagpur,21.4125,79.266667,186.72,152.23,6.1,0,0.0,OFFICIAL_ANNUAL_PLAN,OFFICIAL_SAME_PERIOD,SYNTHETIC_DAILY_CALIBRATED_TO_PUBLIC_ANNUAL_REFERENCE,34.49,18.472,1,26.9,9.91,69.4,28.69,57.1,57.7,59.0,SYNTHETIC_DEMO_CORRELATED_WITH_RAINFALL_REPLACE_WITH_NASA_SMAP_OR_ISRO_BHUVAN
PROD-0001614,2020-08-31,Kandri,Maharashtra,Nagpur,21.4125,79.266667,180.23,148.77,0.31,43,20.92,OFFICIAL_ANNUAL_PLAN,OFFICIAL_SAME_PERIOD,SYNTHETIC_DAILY_CALIBRATED_TO_PUBLIC_ANNUAL_REFERENCE,31.46,17.455,1,47.82,6.81,87.15,27.35,60.0,59.03,59.01,SYNTHETIC_DEMO_CORRELATED_WITH_RAINFALL_REPLACE_WITH_NASA_SMAP_OR_ISRO_BHUVAN
PROD-0001615,2020-09-01,Kandri,Maharashtra,Nagpur,21.4125,79.266667,186.43,155.35,0.46,0,30.7,OFFICIAL_ANNUAL_PLAN,OFFICIAL_SAME_PERIOD,SYNTHETIC_DAILY_CALIBRATED_TO_PUBLIC_ANNUAL_REFERENCE,31.08,16.671,1,51.62,6.87,108.36,15.81,60.0,59.03,59.01,SYNTHETIC_DEMO_CORRELATED_WITH_RAINFALL_REPLACE_WITH_NASA_SMAP_OR_ISRO_BHUVAN
PROD-0001616,2020-09-02,Kandri,Maharashtra,Nagpur,21.4125,79.266667,186.9,151.27,0.69,18,46.08,OFFICIAL_ANNUAL_PLAN,OFFICIAL_SAME_PERIOD,SYNTHETIC_DAILY_CALIBRATED_TO_PUBLIC_ANNUAL_REFERENCE,35.63,19.064,1,97.7,1.46,140.12,13.79,60.0,60.0,59.01,SYNTHETIC_DEMO_CORRELATED_WITH_RAINFALL_REPLACE_WITH_NASA_SMAP_OR_ISRO_BHUVAN
PROD-0001617,2020-09-03,Kandri,Maharashtra,Nagpur,21.4125,79.266667,182.82,154.92,0.27,0,18.29,OFFICIAL_ANNUAL_PLAN,OFFICIAL_SAME_PERIOD,SYNTHETIC_DAILY_CALIBRATED_TO_PUBLIC_ANNUAL_REFERENCE,27.9,15.261,1,95.07,1.42,142.89,11.64,60.0,60.0,59.01,SYNTHETIC_DEMO_CORRELATED_WITH_RAINFALL_REPLACE_WITH_NASA_SMAP_OR_ISRO_BHUVAN
PROD-0001618,2020-09-04,Kandri,Maharashtra,Nagpur,21.4125,79.266667,172.83,143.85,1.31,0,0.0,OFFICIAL_ANNUAL_PLAN,OFFICIAL_SAME_PERIOD,SYNTHETIC_DAILY_CALIBRATED_TO_PUBLIC_ANNUAL_REFERENCE,28.98,16.768,1,64.37,2.27,142.89,9.54,57.75,59.25,59.26,SYNTHETIC_DEMO_CORRELATED_WITH_RAINFALL_REPLACE_WITH_NASA_SMAP_OR_ISRO_BHUVAN
PROD-0001619,2020-09-05,Kandri,Maharashtra,Nagpur,21.4125,79.266667,165.4,133.92,0.35,77,23.22,OFFICIAL_ANNUAL_PLAN,OFFICIAL_SAME_PERIOD,SYNTHETIC_DAILY_CALIBRATED_TO_PUBLIC_ANNUAL_REFERENCE,31.48,19.033,1,41.51,1.93,139.21,9.49,60.0,59.25,59.26,SYNTHETIC_DEMO_CORRELATED_WITH_RAINFALL_REPLACE_WITH_NASA_SMAP_OR_ISRO_BHUVAN
PROD-0001620,2020-09-06,Kandri,Maharashtra,Nagpur,21.4125,79.266667,172.24,143.31,0.99,0,10.7,OFFICIAL_ANNUAL_PLAN,OFFICIAL_SAME_PERIOD,SYNTHETIC_DAILY_CALIBRATED_TO_PUBLIC_ANNUAL_REFERENCE,28.93,16.796,1,33.92,2.65,149.91,4.38,60.0,59.25,59.68,SYNTHETIC_DEMO_CORRELATED_WITH_RAINFALL_REPLACE_WITH_NASA_SMAP_OR_ISRO_BHUVAN
PROD-0001621,2020-09-07,Kandri,Maharashtra,Nagpur,21.4125,79.266667,152.26,132.55,0.0,0,0.0,OFFICIAL_ANNUAL_PLAN,OFFICIAL_SAME_PERIOD,SYNTHETIC_DAILY_CALIBRATED_TO_PUBLIC_ANNUAL_REFERENCE,19.71,12.945,1,33.92,1.34,128.99,4.07,57.8,59.27,59.36,SYNTHETIC_DEMO_CORRELATED_WITH_RAINFALL_REPLACE_WITH_NASA_SMAP_OR_ISRO_BHUVAN
PROD-0001622,2020-09-08,Kandri,Maharashtra,Nagpur,21.4125,79.266667,158.26,130.79,0.0,0,0.0,OFFICIAL_ANNUAL_PLAN,OFFICIAL_SAME_PERIOD,SYNTHETIC_DAILY_CALIBRATED_TO_PUBLIC_ANNUAL_REFERENCE,27.47,17.358,1,10.7,0.99,98.29,3.61,53.72,57.17,58.47,SYNTHETIC_DEMO_CORRELATED_WITH_RAINFALL_REPLACE_WITH_NASA_SMAP_OR_ISRO_BHUVAN
PROD-0001623,2020-09-09,Kandri,Maharashtra,Nagpur,21.4125,79.266667,178.26,141.48,6.25,0,0.0,OFFICIAL_ANNUAL_PLAN,OFFICIAL_SAME_PERIOD,SYNTHETIC_DAILY_CALIBRATED_TO_PUBLIC_ANNUAL_REFERENCE,36.78,20.633,1,0.0,6.25,52.21,9.17,50.06,53.86,57.05,SYNTHETIC_DEMO_CORRELATED_WITH_RAINFALL_REPLACE_WITH_NASA_SMAP_OR_ISRO_BHUVAN
PROD-0001624,2020-09-10,Kandri,Maharashtra,Nagpur,21.4125,79.266667,153.22,124.18,3.73,0,0.0,OFFICIAL_ANNUAL_PLAN,OFFICIAL_SAME_PERIOD,SYNTHETIC_DAILY_CALIBRATED_TO_PUBLIC_ANNUAL_REFERENCE,29.04,18.953,1,0.0,9.98,33.92,12.63,46.85,50.21,55.17,SYNTHETIC_DEMO_CORRELATED_WITH_RAINFALL_REPLACE_WITH_NASA_SMAP_OR_ISRO_BHUVAN
PROD-0001625,2020-09-11,Kandri,Maharashtra,Nagpur,21.4125,79.266667,160.27,133.66,1.07,0,13.05,OFFICIAL_ANNUAL_PLAN,OFFICIAL_SAME_PERIOD,SYNTHETIC_DAILY_CALIBRATED_TO_PUBLIC_ANNUAL_REFERENCE,26.61,16.603,1,13.05,11.05,46.97,12.39,55.04,50.65,54.78,SYNTHETIC_DEMO_CORRELATED_WITH_RAINFALL_REPLACE_WITH_NASA_SMAP_OR_ISRO_BHUVAN
PROD-0001626,2020-09-12,Kandri,Maharashtra,Nagpur,21.4125,79.266667,180.13,145.76,1.62,68,32.94,OFFICIAL_ANNUAL_PLAN,OFFICIAL_SAME_PERIOD,SYNTHETIC_DAILY_CALIBRATED_TO_PUBLIC_ANNUAL_REFERENCE,34.37,19.081,1,45.99,6.42,56.69,13.66,60.0,53.96,54.78,SYNTHETIC_DEMO_CORRELATED_WITH_RAINFALL_REPLACE_WITH_NASA_SMAP_OR_ISRO_BHUVAN
PROD-0001627,2020-09-13,Kandri,Maharashtra,Nagpur,21.4125,79.266667,201.5,171.5,2.55,0,0.0,OFFICIAL_ANNUAL_PLAN,OFFICIAL_SAME_PERIOD,SYNTHETIC_DAILY_CALIBRATED_TO_PUBLIC_ANNUAL_REFERENCE,30.0,14.888,1,45.99,5.24,45.99,15.22,58.79,57.94,54.61,SYNTHETIC_DEMO_CORRELATED_WITH_RAINFALL_REPLACE_WITH_NASA_SMAP_OR_ISRO_BHUVAN
PROD-0001628,2020-09-14,Kandri,Maharashtra,Nagpur,21.4125,79.266667,187.73,153.56,1.95,41,17.9,OFFICIAL_ANNUAL_PLAN,OFFICIAL_SAME_PERIOD,SYNTHETIC_DAILY_CALIBRATED_TO_PUBLIC_ANNUAL_REFERENCE,34.17,18.202,1,50.84,6.12,63.89,17.17,60.0,59.6,54.92,SYNTHETIC_DEMO_CORRELATED_WITH_RAINFALL_REPLACE_WITH_NASA_SMAP_OR_ISRO_BHUVAN
PROD-0001629,2020-09-15,Kandri,Maharashtra,Nagpur,21.4125,79.266667,177.05,146.72,0.0,0,0.0,OFFICIAL_ANNUAL_PLAN,OFFICIAL_SAME_PERIOD,SYNTHETIC_DAILY_CALIBRATED_TO_PUBLIC_ANNUAL_REFERENCE,30.33,17.131,1,17.9,4.5,63.89,17.17,56.52,58.44,55.32,SYNTHETIC_DEMO_CORRELATED_WITH_RAINFALL_REPLACE_WITH_NASA_SMAP_OR_ISRO_BHUVAN
PROD-0001630,2020-09-16,Kandri,Maharashtra,Nagpur,21.4125,79.266667,183.55,156.52,0.55,0,36.34,OFFICIAL_ANNUAL_PLAN,OFFICIAL_SAME_PERIOD,SYNTHETIC_DAILY_CALIBRATED_TO_PUBLIC_ANNUAL_REFERENCE,27.03,14.726,1,54.24,2.5,100.23,11.47,60.0,58.84,56.74,SYNTHETIC_DEMO_CORRELATED_WITH_RAINFALL_REPLACE_WITH_NASA_SMAP_OR_ISRO_BHUVAN
PROD-0001631,2020-09-17,Kandri,Maharashtra,Nagpur,21.4125,79.266667,158.18,135.4,0.63,0,0.0,OFFICIAL_ANNUAL_PLAN,OFFICIAL_SAME_PERIOD,SYNTHETIC_DAILY_CALIBRATED_TO_PUBLIC_ANNUAL_REFERENCE,22.78,14.401,1,36.34,1.18,100.23,8.37,55.61,57.38,57.99,SYNTHETIC_DEMO_CORRELATED_WITH_RAINFALL_REPLACE_WITH_NASA_SMAP_OR_ISRO_BHUVAN
PROD-0001632,2020-09-18,Kandri,Maharashtra,Nagpur,21.4125,79.266667,174.26,145.82,1.27,0,0.0,OFFICIAL_ANNUAL_PLAN,OFFICIAL_SAME_PERIOD,SYNTHETIC_DAILY_CALIBRATED_TO_PUBLIC_ANNUAL_REFERENCE,28.44,16.32,1,36.34,2.45,87.18,8.57,52.34,55.98,57.61,SYNTHETIC_DEMO_CORRELATED_WITH_RAINFALL_REPLACE_WITH_NASA_SMAP_OR_ISRO_BHUVAN
PROD-0001633,2020-09-19,Kandri,Maharashtra,Nagpur,21.4125,79.266667,165.56,141.63,0.13,0,8.91,OFFICIAL_ANNUAL_PLAN,OFFICIAL_SAME_PERIOD,SYNTHETIC_DAILY_CALIBRATED_TO_PUBLIC_ANNUAL_REFERENCE,23.93,14.454,1,8.91,2.03,63.15,7.08,57.77,55.24,57.29,SYNTHETIC_DEMO_CORRELATED_WITH_RAINFALL_REPLACE_WITH_NASA_SMAP_OR_ISRO_BHUVAN
PROD-0001634,2020-09-20,Kandri,Maharashtra,Nagpur,21.4125,79.266667,178.01,149.08,0.2,0,13.61,OFFICIAL_ANNUAL_PLAN,OFFICIAL_SAME_PERIOD,SYNTHETIC_DAILY_CALIBRATED_TO_PUBLIC_ANNUAL_REFERENCE,28.93,16.252,1,22.52,1.6,76.76,4.73,60.0,56.7,57.46,SYNTHETIC_DEMO_CORRELATED_WITH_RAINFALL_REPLACE_WITH_NASA_SMAP_OR_ISRO_BHUVAN
PROD-0001635,2020-09-21,Kandri,Maharashtra,Nagpur,21.4125,79.266667,173.02,154.18,0.0,0,0.0,OFFICIAL_ANNUAL_PLAN,OFFICIAL_SAME_PERIOD,SYNTHETIC_DAILY_CALIBRATED_TO_PUBLIC_ANNUAL_REFERENCE,18.84,10.889,1,22.52,0.33,58.86,2.78,56.93,58.23,57.02,SYNTHETIC_DEMO_CORRELATED_WITH_RAINFALL_REPLACE_WITH_NASA_SMAP_OR_ISRO_BHUVAN
PROD-0001636,2020-09-22,Kandri,Maharashtra,Nagpur,21.4125,79.266667,172.4,148.49,0.0,0,0.0,OFFICIAL_ANNUAL_PLAN,OFFICIAL_SAME_PERIOD,SYNTHETIC_DAILY_CALIBRATED_TO_PUBLIC_ANNUAL_REFERENCE,23.91,13.869,1,13.61,0.2,58.86,2.78,53.03,56.65,56.53,SYNTHETIC_DEMO_CORRELATED_WITH_RAINFALL_REPLACE_WITH_NASA_SMAP_OR_ISRO_BHUVAN
PROD-0001637,2020-09-23,Kandri,Maharashtra,Nagpur,21.4125,79.266667,172.38,143.98,1.66,0,54.07,OFFICIAL_ANNUAL_PLAN,OFFICIAL_SAME_PERIOD,SYNTHETIC_DAILY_CALIBRATED_TO_PUBLIC_ANNUAL_REFERENCE,28.4,16.475,1,54.07,1.66,76.59,3.89,60.0,56.65,56.53,SYNTHETIC_DEMO_CORRELATED_WITH_RAINFALL_REPLACE_WITH_NASA_SMAP_OR_ISRO_BHUVAN
PROD-0001638,2020-09-24,Kandri,Maharashtra,Nagpur,21.4125,79.266667,169.12,138.67,1.62,0,23.07,OFFICIAL_ANNUAL_PLAN,OFFICIAL_SAME_PERIOD,SYNTHETIC_DAILY_CALIBRATED_TO_PUBLIC_ANNUAL_REFERENCE,30.45,18.005,1,77.14,3.28,99.66,4.88,60.0,57.68,57.15,SYNTHETIC_DEMO_CORRELATED_WITH_RAINFALL_REPLACE_WITH_NASA_SMAP_OR_ISRO_BHUVAN
PROD-0001639,2020-09-25,Kandri,Maharashtra,Nagpur,21.4125,79.266667,180.5,140.3,5.85,0,23.4,OFFICIAL_ANNUAL_PLAN,OFFICIAL_SAME_PERIOD,SYNTHETIC_DAILY_CALIBRATED_TO_PUBLIC_ANNUAL_REFERENCE,40.2,22.271,1,100.54,9.13,123.06,9.46,60.0,60.0,58.25,SYNTHETIC_DEMO_CORRELATED_WITH_RAINFALL_REPLACE_WITH_NASA_SMAP_OR_ISRO_BHUVAN
PROD-0001640,2020-09-26,Kandri,Maharashtra,Nagpur,21.4125,79.266667,177.22,146.54,2.18,0,10.46,OFFICIAL_ANNUAL_PLAN,OFFICIAL_SAME_PERIOD,SYNTHETIC_DAILY_CALIBRATED_TO_PUBLIC_ANNUAL_REFERENCE,30.68,17.312,1,56.93,9.65,124.61,11.51,60.0,60.0,58.57,SYNTHETIC_DEMO_CORRELATED_WITH_RAINFALL_REPLACE_WITH_NASA_SMAP_OR_ISRO_BHUVAN
PROD-0001641,2020-09-27,Kandri,Maharashtra,Nagpur,21.4125,79.266667,172.73,151.13,0.0,0,0.0,OFFICIAL_ANNUAL_PLAN,OFFICIAL_SAME_PERIOD,SYNTHETIC_DAILY_CALIBRATED_TO_PUBLIC_ANNUAL_REFERENCE,21.6,12.505,1,33.86,8.03,111.0,11.31,58.41,59.47,58.34,SYNTHETIC_DEMO_CORRELATED_WITH_RAINFALL_REPLACE_WITH_NASA_SMAP_OR_ISRO_BHUVAN
PROD-0001642,2020-09-28,Kandri,Maharashtra,Nagpur,21.4125,79.266667,192.15,163.54,0.0,0,0.0,OFFICIAL_ANNUAL_PLAN,OFFICIAL_SAME_PERIOD,SYNTHETIC_DAILY_CALIBRATED_TO_PUBLIC_ANNUAL_REFERENCE,28.61,14.889,1,10.46,2.18,111.0,11.31,53.53,57.31,57.85,SYNTHETIC_DEMO_CORRELATED_WITH_RAINFALL_REPLACE_WITH_NASA_SMAP_OR_ISRO_BHUVAN
PROD-0001643,2020-09-29,Kandri,Maharashtra,Nagpur,21.4125,79.266667,165.77,141.7,1.77,0,0.0,OFFICIAL_ANNUAL_PLAN,OFFICIAL_SAME_PERIOD,SYNTHETIC_DAILY_CALIBRATED_TO_PUBLIC_ANNUAL_REFERENCE,24.07,14.52,1,0.0,1.77,111.0,13.08,52.39,54.78,57.76,SYNTHETIC_DEMO_CORRELATED_WITH_RAINFALL_REPLACE_WITH_NASA_SMAP_OR_ISRO_BHUVAN
PROD-0001644,2020-09-30,Kandri,Maharashtra,Nagpur,21.4125,79.266667,177.67,146.29,1.52,0,7.85,OFFICIAL_ANNUAL_PLAN,OFFICIAL_SAME_PERIOD,SYNTHETIC_DAILY_CALIBRATED_TO_PUBLIC_ANNUAL_REFERENCE,31.38,17.662,1,7.85,3.29,64.78,12.94,54.46,53.46,56.97,SYNTHETIC_DEMO_CORRELATED_WITH_RAINFALL_REPLACE_WITH_NASA_SMAP_OR_ISRO_BHUVAN
PROD-0001645,2020-10-01,Kandri,Maharashtra,Nagpur,21.4125,79.266667,163.72,135.27,0.0,0,0.0,OFFICIAL_ANNUAL_PLAN,OFFICIAL_SAME_PERIOD,SYNTHETIC_DAILY_CALIBRATED_TO_PUBLIC_ANNUAL_REFERENCE,28.45,17.377,1,7.85,3.29,41.71,11.32,51.63,52.83,55.77,SYNTHETIC_DEMO_CORRELATED_WITH_RAINFALL_REPLACE_WITH_NASA_SMAP_OR_ISRO_BHUVAN
PROD-0001646,2020-10-02,Kandri,Maharashtra,Nagpur,21.4125,79.266667,176.97,142.02,4.34,0,9.04,OFFICIAL_ANNUAL_PLAN,OFFICIAL_SAME_PERIOD,SYNTHETIC_DAILY_CALIBRATED_TO_PUBLIC_ANNUAL_REFERENCE,34.95,19.749,1,16.89,5.86,27.35,9.81,56.77,54.29,55.31,SYNTHETIC_DEMO_CORRELATED_WITH_RAINFALL_REPLACE_WITH_NASA_SMAP_OR_ISRO_BHUVAN
PROD-0001647,2020-10-03,Kandri,Maharashtra,Nagpur,21.4125,79.266667,186.21,160.01,0.0,39,0.0,OFFICIAL_ANNUAL_PLAN,OFFICIAL_SAME_PERIOD,SYNTHETIC_DAILY_CALIBRATED_TO_PUBLIC_ANNUAL_REFERENCE,26.2,14.07,1,9.04,4.34,16.89,7.63,52.1,53.5,54.18,SYNTHETIC_DEMO_CORRELATED_WITH_RAINFALL_REPLACE_WITH_NASA_SMAP_OR_ISRO_BHUVAN
PROD-0001648,2020-10-04,Kandri,Maharashtra,Nagpur,21.4125,79.266667,179.95,151.37,2.58,0,4.59,OFFICIAL_ANNUAL_PLAN,OFFICIAL_SAME_PERIOD,SYNTHETIC_DAILY_CALIBRATED_TO_PUBLIC_ANNUAL_REFERENCE,28.58,15.882,1,13.63,6.92,21.48,10.21,52.74,53.87,53.37,SYNTHETIC_DEMO_CORRELATED_WITH_RAINFALL_REPLACE_WITH_NASA_SMAP_OR_ISRO_BHUVAN
PROD-0001649,2020-10-05,Kandri,Maharashtra,Nagpur,21.4125,79.266667,171.82,151.4,2.1,0,8.91,OFFICIAL_ANNUAL_PLAN,OFFICIAL_SAME_PERIOD,SYNTHETIC_DAILY_CALIBRATED_TO_PUBLIC_ANNUAL_REFERENCE,20.42,11.885,1,13.5,4.68,30.39,12.31,57.28,54.04,53.91,SYNTHETIC_DEMO_CORRELATED_WITH_RAINFALL_REPLACE_WITH_NASA_SMAP_OR_ISRO_BHUVAN
PROD-0001650,2020-10-06,Kandri,Maharashtra,Nagpur,21.4125,79.266667,159.73,142.37,0.0,0,0.0,OFFICIAL_ANNUAL_PLAN,OFFICIAL_SAME_PERIOD,SYNTHETIC_DAILY_CALIBRATED_TO_PUBLIC_ANNUAL_REFERENCE,17.36,10.868,1,13.5,4.68,30.39,10.54,53.78,54.6,54.11,SYNTHETIC_DEMO_CORRELATED_WITH_RAINFALL_REPLACE_WITH_NASA_SMAP_OR_ISRO_BHUVAN
PROD-0001651,2020-10-07,Kandri,Maharashtra,Nagpur,21.4125,79.266667,182.35,147.03,1.72,33,0.0,OFFICIAL_ANNUAL_PLAN,OFFICIAL_SAME_PERIOD,SYNTHETIC_DAILY_CALIBRATED_TO_PUBLIC_ANNUAL_REFERENCE,35.32,19.369,1,8.91,3.82,22.54,10.74,52.79,54.62,53.87,SYNTHETIC_DEMO_CORRELATED_WITH_RAINFALL_REPLACE_WITH_NASA_SMAP_OR_ISRO_BHUVAN
PROD-0001652,2020-10-08,Kandri,Maharashtra,Nagpur,21.4125,79.266667,182.83,152.2,2.77,0,7.12,OFFICIAL_ANNUAL_PLAN,OFFICIAL_SAME_PERIOD,SYNTHETIC_DAILY_CALIBRATED_TO_PUBLIC_ANNUAL_REFERENCE,30.63,16.753,1,7.12,4.49,29.66,13.51,55.37,53.98,54.4,SYNTHETIC_DEMO_CORRELATED_WITH_RAINFALL_REPLACE_WITH_NASA_SMAP_OR_ISRO_BHUVAN
PROD-0001653,2020-10-09,Kandri,Maharashtra,Nagpur,21.4125,79.266667,178.91,145.14,3.09,49,0.0,OFFICIAL_ANNUAL_PLAN,OFFICIAL_SAME_PERIOD,SYNTHETIC_DAILY_CALIBRATED_TO_PUBLIC_ANNUAL_REFERENCE,33.77,18.875,1,7.12,7.58,20.62,12.26,50.26,52.81,53.47,SYNTHETIC_DEMO_CORRELATED_WITH_RAINFALL_REPLACE_WITH_NASA_SMAP_OR_ISRO_BHUVAN
PROD-0001654,2020-10-10,Kandri,Maharashtra,Nagpur,21.4125,79.266667,146.49,119.46,1.84,0,6.45,OFFICIAL_ANNUAL_PLAN,OFFICIAL_SAME_PERIOD,SYNTHETIC_DAILY_CALIBRATED_TO_PUBLIC_ANNUAL_REFERENCE,27.03,18.452,1,13.57,7.7,27.07,14.1,55.9,53.84,54.02,SYNTHETIC_DEMO_CORRELATED_WITH_RAINFALL_REPLACE_WITH_NASA_SMAP_OR_ISRO_BHUVAN
PROD-0001655,2020-10-11,Kandri,Maharashtra,Nagpur,21.4125,79.266667,163.29,137.91,1.31,0,0.0,OFFICIAL_ANNUAL_PLAN,OFFICIAL_SAME_PERIOD,SYNTHETIC_DAILY_CALIBRATED_TO_PUBLIC_ANNUAL_REFERENCE,25.38,15.543,1,6.45,6.24,22.48,12.83,51.09,52.42,53.78,SYNTHETIC_DEMO_CORRELATED_WITH_RAINFALL_REPLACE_WITH_NASA_SMAP_OR_ISRO_BHUVAN
PROD-0001656,2020-10-12,Kandri,Maharashtra,Nagpur,21.4125,79.266667,181.5,158.74,2.36,7,0.0,OFFICIAL_ANNUAL_PLAN,OFFICIAL_SAME_PERIOD,SYNTHETIC_DAILY_CALIBRATED_TO_PUBLIC_ANNUAL_REFERENCE,22.76,12.54,1,6.45,5.51,13.57,13.09,48.71,51.9,52.56,SYNTHETIC_DEMO_CORRELATED_WITH_RAINFALL_REPLACE_WITH_NASA_SMAP_OR_ISRO_BHUVAN
PROD-0001657,2020-10-13,Kandri,Maharashtra,Nagpur,21.4125,79.266667,173.44,147.16,0.0,0,0.0,OFFICIAL_ANNUAL_PLAN,OFFICIAL_SAME_PERIOD,SYNTHETIC_DAILY_CALIBRATED_TO_PUBLIC_ANNUAL_REFERENCE,26.28,15.152,1,0.0,3.67,13.57,13.09,45.85,48.55,51.42,SYNTHETIC_DEMO_CORRELATED_WITH_RAINFALL_REPLACE_WITH_NASA_SMAP_OR_ISRO_BHUVAN
PROD-0001658,2020-10-14,Kandri,Maharashtra,Nagpur,21.4125,79.266667,160.7,136.0,2.72,0,0.0,OFFICIAL_ANNUAL_PLAN,OFFICIAL_SAME_PERIOD,SYNTHETIC_DAILY_CALIBRATED_TO_PUBLIC_ANNUAL_REFERENCE,24.7,15.37,1,0.0,5.08,13.57,14.09,43.94,46.17,50.16,SYNTHETIC_DEMO_CORRELATED_WITH_RAINFALL_REPLACE_WITH_NASA_SMAP_OR_ISRO_BHUVAN
PROD-0001659,2020-10-15,Kandri,Maharashtra,Nagpur,21.4125,79.266667,153.48,131.3,0.0,0,0.0,OFFICIAL_ANNUAL_PLAN,OFFICIAL_SAME_PERIOD,SYNTHETIC_DAILY_CALIBRATED_TO_PUBLIC_ANNUAL_REFERENCE,22.18,14.451,1,0.0,2.72,6.45,11.32,42.12,43.97,48.27,SYNTHETIC_DEMO_CORRELATED_WITH_RAINFALL_REPLACE_WITH_NASA_SMAP_OR_ISRO_BHUVAN
PROD-0001660,2020-10-16,Kandri,Maharashtra,Nagpur,21.4125,79.266667,176.69,145.76,0.0,0,0.0,OFFICIAL_ANNUAL_PLAN,OFFICIAL_SAME_PERIOD,SYNTHETIC_DAILY_CALIBRATED_TO_PUBLIC_ANNUAL_REFERENCE,30.93,17.505,1,0.0,2.72,6.45,8.23,38.46,41.51,46.58,SYNTHETIC_DEMO_CORRELATED_WITH_RAINFALL_REPLACE_WITH_NASA_SMAP_OR_ISRO_BHUVAN
PROD-0001661,2020-10-17,Kandri,Maharashtra,Nagpur,21.4125,79.266667,198.21,167.4,0.43,0,0.0,OFFICIAL_ANNUAL_PLAN,OFFICIAL_SAME_PERIOD,SYNTHETIC_DAILY_CALIBRATED_TO_PUBLIC_ANNUAL_REFERENCE,30.81,15.544,1,0.0,0.43,0.0,6.82,36.84,39.14,43.86,SYNTHETIC_DEMO_CORRELATED_WITH_RAINFALL_REPLACE_WITH_NASA_SMAP_OR_ISRO_BHUVAN
PROD-0001662,2020-10-18,Kandri,Maharashtra,Nagpur,21.4125,79.266667,174.71,150.05,0.0,0,0.0,OFFICIAL_ANNUAL_PLAN,OFFICIAL_SAME_PERIOD,SYNTHETIC_DAILY_CALIBRATED_TO_PUBLIC_ANNUAL_REFERENCE,24.66,14.115,1,0.0,0.43,0.0,5.51,34.66,36.65,41.51,SYNTHETIC_DEMO_CORRELATED_WITH_RAINFALL_REPLACE_WITH_NASA_SMAP_OR_ISRO_BHUVAN
PROD-0001663,2020-10-19,Kandri,Maharashtra,Nagpur,21.4125,79.266667,160.13,134.26,1.89,0,0.0,OFFICIAL_ANNUAL_PLAN,OFFICIAL_SAME_PERIOD,SYNTHETIC_DAILY_CALIBRATED_TO_PUBLIC_ANNUAL_REFERENCE,25.87,16.156,1,0.0,2.32,0.0,5.04,32.49,34.66,39.19,SYNTHETIC_DEMO_CORRELATED_WITH_RAINFALL_REPLACE_WITH_NASA_SMAP_OR_ISRO_BHUVAN
PROD-0001664,2020-10-20,Kandri,Maharashtra,Nagpur,21.4125,79.266667,145.95,125.57,0.96,0,0.0,OFFICIAL_ANNUAL_PLAN,OFFICIAL_SAME_PERIOD,SYNTHETIC_DAILY_CALIBRATED_TO_PUBLIC_ANNUAL_REFERENCE,20.38,13.964,1,0.0,2.85,0.0,6.0,31.71,32.95,37.17,SYNTHETIC_DEMO_CORRELATED_WITH_RAINFALL_REPLACE_WITH_NASA_SMAP_OR_ISRO_BHUVAN
PROD-0001665,2020-10-21,Kandri,Maharashtra,Nagpur,21.4125,79.266667,167.57,130.35,5.01,70,0.0,OFFICIAL_ANNUAL_PLAN,OFFICIAL_SAME_PERIOD,SYNTHETIC_DAILY_CALIBRATED_TO_PUBLIC_ANNUAL_REFERENCE,37.22,22.212,1,0.0,7.86,0.0,8.29,30.77,31.66,35.29,SYNTHETIC_DEMO_CORRELATED_WITH_RAINFALL_REPLACE_WITH_NASA_SMAP_OR_ISRO_BHUVAN
PROD-0001666,2020-10-22,Kandri,Maharashtra,Nagpur,21.4125,79.266667,165.32,141.8,0.0,0,0.0,OFFICIAL_ANNUAL_PLAN,OFFICIAL_SAME_PERIOD,SYNTHETIC_DAILY_CALIBRATED_TO_PUBLIC_ANNUAL_REFERENCE,23.52,14.227,1,0.0,5.97,0.0,8.29,29.01,30.5,33.42,SYNTHETIC_DEMO_CORRELATED_WITH_RAINFALL_REPLACE_WITH_NASA_SMAP_OR_ISRO_BHUVAN
PROD-0001667,2020-10-23,Kandri,Maharashtra,Nagpur,21.4125,79.266667,166.12,146.2,0.0,0,0.0,OFFICIAL_ANNUAL_PLAN,OFFICIAL_SAME_PERIOD,SYNTHETIC_DAILY_CALIBRATED_TO_PUBLIC_ANNUAL_REFERENCE,19.92,11.991,1,0.0,5.01,0.0,8.29,27.43,29.07,31.84,SYNTHETIC_DEMO_CORRELATED_WITH_RAINFALL_REPLACE_WITH_NASA_SMAP_OR_ISRO_BHUVAN
PROD-0001668,2020-10-24,Kandri,Maharashtra,Nagpur,21.4125,79.266667,186.22,157.01,0.03,0,2.13,OFFICIAL_ANNUAL_PLAN,OFFICIAL_SAME_PERIOD,SYNTHETIC_DAILY_CALIBRATED_TO_PUBLIC_ANNUAL_REFERENCE,29.21,15.686,1,2.13,0.03,2.13,7.89,28.74,28.39,30.69,SYNTHETIC_DEMO_CORRELATED_WITH_RAINFALL_REPLACE_WITH_NASA_SMAP_OR_ISRO_BHUVAN
PROD-0001669,2020-10-25,Kandri,Maharashtra,Nagpur,21.4125,79.266667,166.49,137.59,2.38,0,22.23,OFFICIAL_ANNUAL_PLAN,OFFICIAL_SAME_PERIOD,SYNTHETIC_DAILY_CALIBRATED_TO_PUBLIC_ANNUAL_REFERENCE,28.9,17.358,1,24.36,2.41,24.36,10.27,47.97,34.71,32.59,SYNTHETIC_DEMO_CORRELATED_WITH_RAINFALL_REPLACE_WITH_NASA_SMAP_OR_ISRO_BHUVAN
PROD-0001670,2020-10-26,Kandri,Maharashtra,Nagpur,21.4125,79.266667,171.96,138.88,1.28,30,14.82,OFFICIAL_ANNUAL_PLAN,OFFICIAL_SAME_PERIOD,SYNTHETIC_DAILY_CALIBRATED_TO_PUBLIC_ANNUAL_REFERENCE,33.08,19.237,1,39.18,3.69,39.18,9.66,58.75,45.15,36.34,SYNTHETIC_DEMO_CORRELATED_WITH_RAINFALL_REPLACE_WITH_NASA_SMAP_OR_ISRO_BHUVAN
PROD-0001671,2020-10-27,Kandri,Maharashtra,Nagpur,21.4125,79.266667,174.72,145.12,1.43,0,0.0,OFFICIAL_ANNUAL_PLAN,OFFICIAL_SAME_PERIOD,SYNTHETIC_DAILY_CALIBRATED_TO_PUBLIC_ANNUAL_REFERENCE,29.6,16.941,1,37.05,5.09,39.18,10.13,55.13,53.95,39.69,SYNTHETIC_DEMO_CORRELATED_WITH_RAINFALL_REPLACE_WITH_NASA_SMAP_OR_ISRO_BHUVAN
PROD-0001672,2020-10-28,Kandri,Maharashtra,Nagpur,21.4125,79.266667,160.42,129.12,0.0,0,0.0,OFFICIAL_ANNUAL_PLAN,OFFICIAL_SAME_PERIOD,SYNTHETIC_DAILY_CALIBRATED_TO_PUBLIC_ANNUAL_REFERENCE,31.3,19.511,1,14.82,2.71,39.18,5.12,51.07,54.98,42.59,SYNTHETIC_DEMO_CORRELATED_WITH_RAINFALL_REPLACE_WITH_NASA_SMAP_OR_ISRO_BHUVAN
PROD-0001673,2020-10-29,Kandri,Maharashtra,Nagpur,21.4125,79.266667,178.09,153.71,0.34,0,0.0,OFFICIAL_ANNUAL_PLAN,OFFICIAL_SAME_PERIOD,SYNTHETIC_DAILY_CALIBRATED_TO_PUBLIC_ANNUAL_REFERENCE,24.38,13.69,1,0.0,1.77,39.18,5.46,46.85,51.02,45.13,SYNTHETIC_DEMO_CORRELATED_WITH_RAINFALL_REPLACE_WITH_NASA_SMAP_OR_ISRO_BHUVAN
PROD-0001674,2020-10-30,Kandri,Maharashtra,Nagpur,21.4125,79.266667,189.81,159.55,0.0,0,0.0,OFFICIAL_ANNUAL_PLAN,OFFICIAL_SAME_PERIOD,SYNTHETIC_DAILY_CALIBRATED_TO_PUBLIC_ANNUAL_REFERENCE,30.26,15.942,1,0.0,0.34,39.18,5.46,46.97,48.3,47.93,SYNTHETIC_DEMO_CORRELATED_WITH_RAINFALL_REPLACE_WITH_NASA_SMAP_OR_ISRO_BHUVAN
PROD-0001675,2020-10-31,Kandri,Maharashtra,Nagpur,21.4125,79.266667,171.7,145.23,0.0,0,0.0,OFFICIAL_ANNUAL_PLAN,OFFICIAL_SAME_PERIOD,SYNTHETIC_DAILY_CALIBRATED_TO_PUBLIC_ANNUAL_REFERENCE,26.47,15.416,1,0.0,0.34,37.05,5.43,46.66,46.83,50.49,SYNTHETIC_DEMO_CORRELATED_WITH_RAINFALL_REPLACE_WITH_NASA_SMAP_OR_ISRO_BHUVAN
PROD-0001676,2020-11-01,Kandri,Maharashtra,Nagpur,21.4125,79.266667,195.35,167.6,1.42,0,0.0,OFFICIAL_ANNUAL_PLAN,OFFICIAL_SAME_PERIOD,SYNTHETIC_DAILY_CALIBRATED_TO_PUBLIC_ANNUAL_REFERENCE,27.75,14.205,1,0.0,1.42,14.82,4.47,44.07,45.9,49.93,SYNTHETIC_DEMO_CORRELATED_WITH_RAINFALL_REPLACE_WITH_NASA_SMAP_OR_ISRO_BHUVAN
PROD-0001677,2020-11-02,Kandri,Maharashtra,Nagpur,21.4125,79.266667,186.65,159.52,0.0,12,0.0,OFFICIAL_ANNUAL_PLAN,OFFICIAL_SAME_PERIOD,SYNTHETIC_DAILY_CALIBRATED_TO_PUBLIC_ANNUAL_REFERENCE,27.13,14.535,1,0.0,1.42,0.0,3.19,42.55,44.43,47.61,SYNTHETIC_DEMO_CORRELATED_WITH_RAINFALL_REPLACE_WITH_NASA_SMAP_OR_ISRO_BHUVAN
PROD-0001678,2020-11-03,Kandri,Maharashtra,Nagpur,21.4125,79.266667,177.22,146.28,3.95,0,0.0,OFFICIAL_ANNUAL_PLAN,OFFICIAL_SAME_PERIOD,SYNTHETIC_DAILY_CALIBRATED_TO_PUBLIC_ANNUAL_REFERENCE,30.94,17.459,1,0.0,5.37,0.0,5.71,38.54,41.72,45.24,SYNTHETIC_DEMO_CORRELATED_WITH_RAINFALL_REPLACE_WITH_NASA_SMAP_OR_ISRO_BHUVAN
PROD-0001679,2020-11-04,Kandri,Maharashtra,Nagpur,21.4125,79.266667,171.95,145.66,1.48,0,0.0,OFFICIAL_ANNUAL_PLAN,OFFICIAL_SAME_PERIOD,SYNTHETIC_DAILY_CALIBRATED_TO_PUBLIC_ANNUAL_REFERENCE,26.29,15.289,1,0.0,5.43,0.0,7.19,37.07,39.39,43.24,SYNTHETIC_DEMO_CORRELATED_WITH_RAINFALL_REPLACE_WITH_NASA_SMAP_OR_ISRO_BHUVAN
PROD-0001680,2020-11-05,Kandri,Maharashtra,Nagpur,21.4125,79.266667,190.7,146.85,3.48,89,0.0,OFFICIAL_ANNUAL_PLAN,OFFICIAL_SAME_PERIOD,SYNTHETIC_DAILY_CALIBRATED_TO_PUBLIC_ANNUAL_REFERENCE,43.85,22.994,1,0.0,8.91,0.0,10.33,32.88,36.16,41.25,SYNTHETIC_DEMO_CORRELATED_WITH_RAINFALL_REPLACE_WITH_NASA_SMAP_OR_ISRO_BHUVAN
PROD-0001681,2020-11-06,Kandri,Maharashtra,Nagpur,21.4125,79.266667,138.62,112.23,1.99,0,0.0,OFFICIAL_ANNUAL_PLAN,OFFICIAL_SAME_PERIOD,SYNTHETIC_DAILY_CALIBRATED_TO_PUBLIC_ANNUAL_REFERENCE,26.39,19.038,1,0.0,6.95,0.0,12.32,31.66,33.87,39.06,SYNTHETIC_DEMO_CORRELATED_WITH_RAINFALL_REPLACE_WITH_NASA_SMAP_OR_ISRO_BHUVAN
PROD-0001682,2020-11-07,Kandri,Maharashtra,Nagpur,21.4125,79.266667,169.21,139.09,2.12,0,0.0,OFFICIAL_ANNUAL_PLAN,OFFICIAL_SAME_PERIOD,SYNTHETIC_DAILY_CALIBRATED_TO_PUBLIC_ANNUAL_REFERENCE,30.12,17.8,1,0.0,7.59,0.0,14.44,29.85,31.46,36.66,SYNTHETIC_DEMO_CORRELATED_WITH_RAINFALL_REPLACE_WITH_NASA_SMAP_OR_ISRO_BHUVAN
PROD-0001683,2020-11-08,Kandri,Maharashtra,Nagpur,21.4125,79.266667,168.36,146.38,0.63,0,0.0,OFFICIAL_ANNUAL_PLAN,OFFICIAL_SAME_PERIOD,SYNTHETIC_DAILY_CALIBRATED_TO_PUBLIC_ANNUAL_REFERENCE,21.98,13.055,1,0.0,4.74,0.0,13.65,26.84,29.45,34.2,SYNTHETIC_DEMO_CORRELATED_WITH_RAINFALL_REPLACE_WITH_NASA_SMAP_OR_ISRO_BHUVAN
PROD-0001684,2020-11-09,Kandri,Maharashtra,Nagpur,21.4125,79.266667,171.75,154.49,1.19,0,0.0,OFFICIAL_ANNUAL_PLAN,OFFICIAL_SAME_PERIOD,SYNTHETIC_DAILY_CALIBRATED_TO_PUBLIC_ANNUAL_REFERENCE,17.26,10.049,1,0.0,3.94,0.0,14.84,26.03,27.57,31.84,SYNTHETIC_DEMO_CORRELATED_WITH_RAINFALL_REPLACE_WITH_NASA_SMAP_OR_ISRO_BHUVAN
PROD-0001685,2020-11-10,Kandri,Maharashtra,Nagpur,21.4125,79.266667,180.47,155.27,0.16,26,10.94,OFFICIAL_ANNUAL_PLAN,OFFICIAL_SAME_PERIOD,SYNTHETIC_DAILY_CALIBRATED_TO_PUBLIC_ANNUAL_REFERENCE,25.2,13.964,1,10.94,1.98,10.94,11.05,34.56,29.14,31.27,SYNTHETIC_DEMO_CORRELATED_WITH_RAINFALL_REPLACE_WITH_NASA_SMAP_OR_ISRO_BHUVAN
PROD-0001686,2020-11-11,Kandri,Maharashtra,Nagpur,21.4125,79.266667,186.01,151.38,1.25,30,0.0,OFFICIAL_ANNUAL_PLAN,OFFICIAL_SAME_PERIOD,SYNTHETIC_DAILY_CALIBRATED_TO_PUBLIC_ANNUAL_REFERENCE,34.63,18.617,1,10.94,2.6,10.94,10.82,32.39,30.99,30.6,SYNTHETIC_DEMO_CORRELATED_WITH_RAINFALL_REPLACE_WITH_NASA_SMAP_OR_ISRO_BHUVAN
PROD-0001687,2020-11-12,Kandri,Maharashtra,Nagpur,21.4125,79.266667,171.52,139.73,1.33,0,0.0,OFFICIAL_ANNUAL_PLAN,OFFICIAL_SAME_PERIOD,SYNTHETIC_DAILY_CALIBRATED_TO_PUBLIC_ANNUAL_REFERENCE,31.79,18.534,1,10.94,2.74,10.94,8.67,29.65,32.2,30.14,SYNTHETIC_DEMO_CORRELATED_WITH_RAINFALL_REPLACE_WITH_NASA_SMAP_OR_ISRO_BHUVAN
PROD-0001688,2020-11-13,Kandri,Maharashtra,Nagpur,21.4125,79.266667,189.16,153.29,2.91,0,6.4,OFFICIAL_ANNUAL_PLAN,OFFICIAL_SAME_PERIOD,SYNTHETIC_DAILY_CALIBRATED_TO_PUBLIC_ANNUAL_REFERENCE,35.87,18.963,1,6.4,5.49,17.34,9.59,35.45,32.5,30.68,SYNTHETIC_DEMO_CORRELATED_WITH_RAINFALL_REPLACE_WITH_NASA_SMAP_OR_ISRO_BHUVAN
PROD-0001689,2020-11-14,Kandri,Maharashtra,Nagpur,21.4125,79.266667,187.31,161.03,0.0,0,0.0,OFFICIAL_ANNUAL_PLAN,OFFICIAL_SAME_PERIOD,SYNTHETIC_DAILY_CALIBRATED_TO_PUBLIC_ANNUAL_REFERENCE,26.28,14.03,1,6.4,4.24,17.34,7.47,31.56,32.22,30.93,SYNTHETIC_DEMO_CORRELATED_WITH_RAINFALL_REPLACE_WITH_NASA_SMAP_OR_ISRO_BHUVAN
PROD-0001690,2020-11-15,Kandri,Maharashtra,Nagpur,21.4125,79.266667,178.9,146.36,0.4,13,0.0,OFFICIAL_ANNUAL_PLAN,OFFICIAL_SAME_PERIOD,SYNTHETIC_DAILY_CALIBRATED_TO_PUBLIC_ANNUAL_REFERENCE,32.54,18.189,1,6.4,3.31,17.34,7.24,29.42,32.14,31.29,SYNTHETIC_DEMO_CORRELATED_WITH_RAINFALL_REPLACE_WITH_NASA_SMAP_OR_ISRO_BHUVAN
PROD-0001691,2020-11-16,Kandri,Maharashtra,Nagpur,21.4125,79.266667,182.06,154.37,4.5,0,0.0,OFFICIAL_ANNUAL_PLAN,OFFICIAL_SAME_PERIOD,SYNTHETIC_DAILY_CALIBRATED_TO_PUBLIC_ANNUAL_REFERENCE,27.69,15.209,1,0.0,4.9,17.34,10.55,28.68,29.89,31.67,SYNTHETIC_DEMO_CORRELATED_WITH_RAINFALL_REPLACE_WITH_NASA_SMAP_OR_ISRO_BHUVAN
PROD-0001692,2020-11-17,Kandri,Maharashtra,Nagpur,21.4125,79.266667,171.56,145.77,0.0,0,0.0,OFFICIAL_ANNUAL_PLAN,OFFICIAL_SAME_PERIOD,SYNTHETIC_DAILY_CALIBRATED_TO_PUBLIC_ANNUAL_REFERENCE,25.79,15.033,1,0.0,4.9,6.4,10.39,28.86,28.99,30.86,SYNTHETIC_DEMO_CORRELATED_WITH_RAINFALL_REPLACE_WITH_NASA_SMAP_OR_ISRO_BHUVAN
PROD-0001693,2020-11-18,Kandri,Maharashtra,Nagpur,21.4125,79.266667,179.13,141.98,5.6,0,26.37,OFFICIAL_ANNUAL_PLAN,OFFICIAL_SAME_PERIOD,SYNTHETIC_DAILY_CALIBRATED_TO_PUBLIC_ANNUAL_REFERENCE,37.15,20.739,1,26.37,10.1,32.77,14.74,50.68,36.07,33.47,SYNTHETIC_DEMO_CORRELATED_WITH_RAINFALL_REPLACE_WITH_NASA_SMAP_OR_ISRO_BHUVAN
PROD-0001694,2020-11-19,Kandri,Maharashtra,Nagpur,21.4125,79.266667,172.8,138.31,3.32,0,0.0,OFFICIAL_ANNUAL_PLAN,OFFICIAL_SAME_PERIOD,SYNTHETIC_DAILY_CALIBRATED_TO_PUBLIC_ANNUAL_REFERENCE,34.49,19.959,1,26.37,8.92,32.77,16.73,47.46,42.33,36.02,SYNTHETIC_DEMO_CORRELATED_WITH_RAINFALL_REPLACE_WITH_NASA_SMAP_OR_ISRO_BHUVAN
PROD-0001695,2020-11-20,Kandri,Maharashtra,Nagpur,21.4125,79.266667,189.53,164.93,0.0,0,0.0,OFFICIAL_ANNUAL_PLAN,OFFICIAL_SAME_PERIOD,SYNTHETIC_DAILY_CALIBRATED_TO_PUBLIC_ANNUAL_REFERENCE,24.6,12.979,1,26.37,8.92,26.37,13.82,44.1,47.41,37.25,SYNTHETIC_DEMO_CORRELATED_WITH_RAINFALL_REPLACE_WITH_NASA_SMAP_OR_ISRO_BHUVAN
PROD-0001696,2020-11-21,Kandri,Maharashtra,Nagpur,21.4125,79.266667,175.41,140.36,2.47,0,0.0,OFFICIAL_ANNUAL_PLAN,OFFICIAL_SAME_PERIOD,SYNTHETIC_DAILY_CALIBRATED_TO_PUBLIC_ANNUAL_REFERENCE,35.05,19.982,1,0.0,5.79,26.37,16.29,42.11,44.56,38.76,SYNTHETIC_DEMO_CORRELATED_WITH_RAINFALL_REPLACE_WITH_NASA_SMAP_OR_ISRO_BHUVAN
PROD-0001697,2020-11-22,Kandri,Maharashtra,Nagpur,21.4125,79.266667,172.41,153.93,0.66,0,0.0,OFFICIAL_ANNUAL_PLAN,OFFICIAL_SAME_PERIOD,SYNTHETIC_DAILY_CALIBRATED_TO_PUBLIC_ANNUAL_REFERENCE,18.48,10.719,1,0.0,3.13,26.37,16.55,39.76,41.99,40.24,SYNTHETIC_DEMO_CORRELATED_WITH_RAINFALL_REPLACE_WITH_NASA_SMAP_OR_ISRO_BHUVAN
PROD-0001698,2020-11-23,Kandri,Maharashtra,Nagpur,21.4125,79.266667,160.6,137.92,1.52,0,0.0,OFFICIAL_ANNUAL_PLAN,OFFICIAL_SAME_PERIOD,SYNTHETIC_DAILY_CALIBRATED_TO_PUBLIC_ANNUAL_REFERENCE,22.68,14.122,1,0.0,4.65,26.37,13.57,36.48,39.45,41.35,SYNTHETIC_DEMO_CORRELATED_WITH_RAINFALL_REPLACE_WITH_NASA_SMAP_OR_ISRO_BHUVAN
PROD-0001699,2020-11-24,Kandri,Maharashtra,Nagpur,21.4125,79.266667,182.21,156.75,0.0,0,0.0,OFFICIAL_ANNUAL_PLAN,OFFICIAL_SAME_PERIOD,SYNTHETIC_DAILY_CALIBRATED_TO_PUBLIC_ANNUAL_REFERENCE,25.46,13.973,1,0.0,2.18,26.37,13.57,33.63,36.62,42.03,SYNTHETIC_DEMO_CORRELATED_WITH_RAINFALL_REPLACE_WITH_NASA_SMAP_OR_ISRO_BHUVAN
PROD-0001700,2020-11-25,Kandri,Maharashtra,Nagpur,21.4125,79.266667,164.2,145.39,0.0,0,0.0,OFFICIAL_ANNUAL_PLAN,OFFICIAL_SAME_PERIOD,SYNTHETIC_DAILY_CALIBRATED_TO_PUBLIC_ANNUAL_REFERENCE,18.81,11.456,1,0.0,1.52,0.0,7.97,31.47,33.86,39.29,SYNTHETIC_DEMO_CORRELATED_WITH_RAINFALL_REPLACE_WITH_NASA_SMAP_OR_ISRO_BHUVAN
PROD-0001701,2020-11-26,Kandri,Maharashtra,Nagpur,21.4125,79.266667,163.91,136.62,3.58,0,0.0,OFFICIAL_ANNUAL_PLAN,OFFICIAL_SAME_PERIOD,SYNTHETIC_DAILY_CALIBRATED_TO_PUBLIC_ANNUAL_REFERENCE,27.29,16.649,1,0.0,3.58,0.0,8.23,28.3,31.13,36.55,SYNTHETIC_DEMO_CORRELATED_WITH_RAINFALL_REPLACE_WITH_NASA_SMAP_OR_ISRO_BHUVAN
PROD-0001702,2020-11-27,Kandri,Maharashtra,Nagpur,21.4125,79.266667,164.61,126.65,2.69,86,0.0,OFFICIAL_ANNUAL_PLAN,OFFICIAL_SAME_PERIOD,SYNTHETIC_DAILY_CALIBRATED_TO_PUBLIC_ANNUAL_REFERENCE,37.96,23.061,1,0.0,6.27,0.0,10.92,27.03,28.93,34.11,SYNTHETIC_DEMO_CORRELATED_WITH_RAINFALL_REPLACE_WITH_NASA_SMAP_OR_ISRO_BHUVAN
PROD-0001703,2020-11-28,Kandri,Maharashtra,Nagpur,21.4125,79.266667,152.97,131.04,0.0,0,0.0,OFFICIAL_ANNUAL_PLAN,OFFICIAL_SAME_PERIOD,SYNTHETIC_DAILY_CALIBRATED_TO_PUBLIC_ANNUAL_REFERENCE,21.93,14.336,1,0.0,6.27,0.0,8.45,25.07,26.8,31.68,SYNTHETIC_DEMO_CORRELATED_WITH_RAINFALL_REPLACE_WITH_NASA_SMAP_OR_ISRO_BHUVAN
PROD-0001704,2020-11-29,Kandri,Maharashtra,Nagpur,21.4125,79.266667,170.78,139.85,3.08,0,5.93,OFFICIAL_ANNUAL_PLAN,OFFICIAL_SAME_PERIOD,SYNTHETIC_DAILY_CALIBRATED_TO_PUBLIC_ANNUAL_REFERENCE,30.93,18.111,1,5.93,5.77,5.93,10.87,27.8,26.63,29.97,SYNTHETIC_DEMO_CORRELATED_WITH_RAINFALL_REPLACE_WITH_NASA_SMAP_OR_ISRO_BHUVAN
PROD-0001705,2020-11-30,Kandri,Maharashtra,Nagpur,21.4125,79.266667,176.73,151.66,0.73,0,0.0,OFFICIAL_ANNUAL_PLAN,OFFICIAL_SAME_PERIOD,SYNTHETIC_DAILY_CALIBRATED_TO_PUBLIC_ANNUAL_REFERENCE,25.07,14.185,1,5.93,3.81,5.93,10.08,24.31,25.73,28.23,SYNTHETIC_DEMO_CORRELATED_WITH_RAINFALL_REPLACE_WITH_NASA_SMAP_OR_ISRO_BHUVAN
PROD-0001706,2020-12-01,Kandri,Maharashtra,Nagpur,21.4125,79.266667,175.45,146.83,0.81,0,0.0,OFFICIAL_ANNUAL_PLAN,OFFICIAL_SAME_PERIOD,SYNTHETIC_DAILY_CALIBRATED_TO_PUBLIC_ANNUAL_REFERENCE,28.62,16.312,1,5.93,4.62,5.93,10.89,22.13,24.75,26.59,SYNTHETIC_DEMO_CORRELATED_WITH_RAINFALL_REPLACE_WITH_NASA_SMAP_OR_ISRO_BHUVAN
PROD-0001707,2020-12-02,Kandri,Maharashtra,Nagpur,21.4125,79.266667,181.77,153.9,1.41,0,0.0,OFFICIAL_ANNUAL_PLAN,OFFICIAL_SAME_PERIOD,SYNTHETIC_DAILY_CALIBRATED_TO_PUBLIC_ANNUAL_REFERENCE,27.87,15.333,1,0.0,2.95,5.93,12.3,20.29,22.24,24.99,SYNTHETIC_DEMO_CORRELATED_WITH_RAINFALL_REPLACE_WITH_NASA_SMAP_OR_ISRO_BHUVAN
PROD-0001708,2020-12-03,Kandri,Maharashtra,Nagpur,21.4125,79.266667,167.01,143.03,0.46,22,0.0,OFFICIAL_ANNUAL_PLAN,OFFICIAL_SAME_PERIOD,SYNTHETIC_DAILY_CALIBRATED_TO_PUBLIC_ANNUAL_REFERENCE,23.98,14.358,1,0.0,2.68,5.93,9.18,19.99,20.8,23.8,SYNTHETIC_DEMO_CORRELATED_WITH_RAINFALL_REPLACE_WITH_NASA_SMAP_OR_ISRO_BHUVAN
PROD-0001709,2020-12-04,Kandri,Maharashtra,Nagpur,21.4125,79.266667,169.59,141.29,0.6,0,2.08,OFFICIAL_ANNUAL_PLAN,OFFICIAL_SAME_PERIOD,SYNTHETIC_DAILY_CALIBRATED_TO_PUBLIC_ANNUAL_REFERENCE,28.3,16.687,1,2.08,2.47,8.01,7.09,19.9,20.06,22.78,SYNTHETIC_DEMO_CORRELATED_WITH_RAINFALL_REPLACE_WITH_NASA_SMAP_OR_ISRO_BHUVAN
PROD-0001710,2020-12-05,Kandri,Maharashtra,Nagpur,21.4125,79.266667,162.0,122.43,12.0,0,0.0,OFFICIAL_ANNUAL_PLAN,OFFICIAL_SAME_PERIOD,SYNTHETIC_DAILY_CALIBRATED_TO_PUBLIC_ANNUAL_REFERENCE,39.57,24.426,1,2.08,13.06,8.01,19.09,19.09,19.66,21.93,SYNTHETIC_DEMO_CORRELATED_WITH_RAINFALL_REPLACE_WITH_NASA_SMAP_OR_ISRO_BHUVAN
PROD-0001711,2020-12-06,Kandri,Maharashtra,Nagpur,21.4125,79.266667,181.07,161.21,0.05,0,3.14,OFFICIAL_ANNUAL_PLAN,OFFICIAL_SAME_PERIOD,SYNTHETIC_DAILY_CALIBRATED_TO_PUBLIC_ANNUAL_REFERENCE,19.86,10.968,1,5.22,12.65,5.22,16.06,20.74,19.91,20.92,SYNTHETIC_DEMO_CORRELATED_WITH_RAINFALL_REPLACE_WITH_NASA_SMAP_OR_ISRO_BHUVAN
PROD-0001712,2020-12-07,Kandri,Maharashtra,Nagpur,21.4125,79.266667,170.41,144.87,0.0,0,0.0,OFFICIAL_ANNUAL_PLAN,OFFICIAL_SAME_PERIOD,SYNTHETIC_DAILY_CALIBRATED_TO_PUBLIC_ANNUAL_REFERENCE,25.54,14.987,1,3.14,12.05,5.22,15.33,19.84,19.89,20.28,SYNTHETIC_DEMO_CORRELATED_WITH_RAINFALL_REPLACE_WITH_NASA_SMAP_OR_ISRO_BHUVAN
PROD-0001713,2020-12-08,Kandri,Maharashtra,Nagpur,21.4125,79.266667,183.93,151.64,1.82,0,0.0,OFFICIAL_ANNUAL_PLAN,OFFICIAL_SAME_PERIOD,SYNTHETIC_DAILY_CALIBRATED_TO_PUBLIC_ANNUAL_REFERENCE,32.29,17.556,1,3.14,1.87,5.22,16.34,19.91,20.16,19.97,SYNTHETIC_DEMO_CORRELATED_WITH_RAINFALL_REPLACE_WITH_NASA_SMAP_OR_ISRO_BHUVAN
PROD-0001714,2020-12-09,Kandri,Maharashtra,Nagpur,21.4125,79.266667,180.39,154.19,0.0,0,0.0,OFFICIAL_ANNUAL_PLAN,OFFICIAL_SAME_PERIOD,SYNTHETIC_DAILY_CALIBRATED_TO_PUBLIC_ANNUAL_REFERENCE,26.2,14.524,1,0.0,1.82,5.22,14.93,18.72,19.49,19.74,SYNTHETIC_DEMO_CORRELATED_WITH_RAINFALL_REPLACE_WITH_NASA_SMAP_OR_ISRO_BHUVAN
PROD-0001715,2020-12-10,Kandri,Maharashtra,Nagpur,21.4125,79.266667,199.36,165.92,0.0,41,0.0,OFFICIAL_ANNUAL_PLAN,OFFICIAL_SAME_PERIOD,SYNTHETIC_DAILY_CALIBRATED_TO_PUBLIC_ANNUAL_REFERENCE,33.44,16.774,1,0.0,1.82,5.22,14.47,18.88,19.17,19.58,SYNTHETIC_DEMO_CORRELATED_WITH_RAINFALL_REPLACE_WITH_NASA_SMAP_OR_ISRO_BHUVAN
PROD-0001716,2020-12-11,Kandri,Maharashtra,Nagpur,21.4125,79.266667,165.18,136.65,3.18,35,0.0,OFFICIAL_ANNUAL_PLAN,OFFICIAL_SAME_PERIOD,SYNTHETIC_DAILY_CALIBRATED_TO_PUBLIC_ANNUAL_REFERENCE,28.53,17.272,1,0.0,3.18,3.14,17.05,17.51,18.37,19.24,SYNTHETIC_DEMO_CORRELATED_WITH_RAINFALL_REPLACE_WITH_NASA_SMAP_OR_ISRO_BHUVAN
PROD-0001717,2020-12-12,Kandri,Maharashtra,Nagpur,21.4125,79.266667,190.48,159.41,2.58,0,0.0,OFFICIAL_ANNUAL_PLAN,OFFICIAL_SAME_PERIOD,SYNTHETIC_DAILY_CALIBRATED_TO_PUBLIC_ANNUAL_REFERENCE,31.07,16.311,1,0.0,5.76,3.14,7.63,16.28,17.56,18.84,SYNTHETIC_DEMO_CORRELATED_WITH_RAINFALL_REPLACE_WITH_NASA_SMAP_OR_ISRO_BHUVAN
PROD-0001718,2020-12-13,Kandri,Maharashtra,Nagpur,21.4125,79.266667,148.92,130.38,0.0,0,0.0,OFFICIAL_ANNUAL_PLAN,OFFICIAL_SAME_PERIOD,SYNTHETIC_DAILY_CALIBRATED_TO_PUBLIC_ANNUAL_REFERENCE,18.54,12.45,1,0.0,5.76,0.0,7.58,17.87,17.22,18.43,SYNTHETIC_DEMO_CORRELATED_WITH_RAINFALL_REPLACE_WITH_NASA_SMAP_OR_ISRO_BHUVAN
PROD-0001719,2020-12-14,Kandri,Maharashtra,Nagpur,21.4125,79.266667,170.19,142.87,0.0,0,0.0,OFFICIAL_ANNUAL_PLAN,OFFICIAL_SAME_PERIOD,SYNTHETIC_DAILY_CALIBRATED_TO_PUBLIC_ANNUAL_REFERENCE,27.32,16.053,1,0.0,2.58,0.0,7.58,16.71,16.95,17.98,SYNTHETIC_DEMO_CORRELATED_WITH_RAINFALL_REPLACE_WITH_NASA_SMAP_OR_ISRO_BHUVAN
PROD-0001720,2020-12-15,Kandri,Maharashtra,Nagpur,21.4125,79.266667,166.06,141.43,0.0,0,0.0,OFFICIAL_ANNUAL_PLAN,OFFICIAL_SAME_PERIOD,SYNTHETIC_DAILY_CALIBRATED_TO_PUBLIC_ANNUAL_REFERENCE,24.63,14.832,1,0.0,0.0,0.0,5.76,13.78,16.12,17.11,SYNTHETIC_DEMO_CORRELATED_WITH_RAINFALL_REPLACE_WITH_NASA_SMAP_OR_ISRO_BHUVAN
PROD-0001721,2020-12-16,Kandri,Maharashtra,Nagpur,21.4125,79.266667,138.62,119.04,0.08,0,5.05,OFFICIAL_ANNUAL_PLAN,OFFICIAL_SAME_PERIOD,SYNTHETIC_DAILY_CALIBRATED_TO_PUBLIC_ANNUAL_REFERENCE,19.58,14.125,1,5.05,0.08,5.05,5.84,18.47,16.32,17.07,SYNTHETIC_DEMO_CORRELATED_WITH_RAINFALL_REPLACE_WITH_NASA_SMAP_OR_ISRO_BHUVAN
PROD-0001722,2020-12-17,Kandri,Maharashtra,Nagpur,21.4125,79.266667,169.77,141.18,2.8,124,0.0,OFFICIAL_ANNUAL_PLAN,OFFICIAL_SAME_PERIOD,SYNTHETIC_DAILY_CALIBRATED_TO_PUBLIC_ANNUAL_REFERENCE,28.59,16.84,1,5.05,2.88,5.05,8.64,19.14,17.13,17.11,SYNTHETIC_DEMO_CORRELATED_WITH_RAINFALL_REPLACE_WITH_NASA_SMAP_OR_ISRO_BHUVAN
PROD-0001723,2020-12-18,Kandri,Maharashtra,Nagpur,21.4125,79.266667,170.74,143.99,1.14,0,0.0,OFFICIAL_ANNUAL_PLAN,OFFICIAL_SAME_PERIOD,SYNTHETIC_DAILY_CALIBRATED_TO_PUBLIC_ANNUAL_REFERENCE,26.75,15.667,1,5.05,4.02,5.05,6.6,18.66,18.76,17.27,SYNTHETIC_DEMO_CORRELATED_WITH_RAINFALL_REPLACE_WITH_NASA_SMAP_OR_ISRO_BHUVAN
PROD-0001724,2020-12-19,Kandri,Maharashtra,Nagpur,21.4125,79.266667,187.95,159.58,0.0,0,0.0,OFFICIAL_ANNUAL_PLAN,OFFICIAL_SAME_PERIOD,SYNTHETIC_DAILY_CALIBRATED_TO_PUBLIC_ANNUAL_REFERENCE,28.37,15.094,1,0.0,3.94,5.05,4.02,15.89,17.9,17.22,SYNTHETIC_DEMO_CORRELATED_WITH_RAINFALL_REPLACE_WITH_NASA_SMAP_OR_ISRO_BHUVAN
PROD-0001725,2020-12-20,Kandri,Maharashtra,Nagpur,21.4125,79.266667,167.29,143.52,1.42,0,0.0,OFFICIAL_ANNUAL_PLAN,OFFICIAL_SAME_PERIOD,SYNTHETIC_DAILY_CALIBRATED_TO_PUBLIC_ANNUAL_REFERENCE,23.77,14.209,1,0.0,2.56,5.05,5.44,14.34,16.3,16.71,SYNTHETIC_DEMO_CORRELATED_WITH_RAINFALL_REPLACE_WITH_NASA_SMAP_OR_ISRO_BHUVAN
PROD-0001726,2020-12-21,Kandri,Maharashtra,Nagpur,21.4125,79.266667,161.68,137.96,0.0,0,0.0,OFFICIAL_ANNUAL_PLAN,OFFICIAL_SAME_PERIOD,SYNTHETIC_DAILY_CALIBRATED_TO_PUBLIC_ANNUAL_REFERENCE,23.72,14.671,1,0.0,1.42,5.05,5.44,13.34,14.52,16.23,SYNTHETIC_DEMO_CORRELATED_WITH_RAINFALL_REPLACE_WITH_NASA_SMAP_OR_ISRO_BHUVAN
PROD-0001727,2020-12-22,Kandri,Maharashtra,Nagpur,21.4125,79.266667,149.83,118.92,1.43,26,0.0,OFFICIAL_ANNUAL_PLAN,OFFICIAL_SAME_PERIOD,SYNTHETIC_DAILY_CALIBRATED_TO_PUBLIC_ANNUAL_REFERENCE,30.91,20.63,1,0.0,2.85,5.05,6.87,11.19,12.96,15.86,SYNTHETIC_DEMO_CORRELATED_WITH_RAINFALL_REPLACE_WITH_NASA_SMAP_OR_ISRO_BHUVAN
PROD-0001728,2020-12-23,Kandri,Maharashtra,Nagpur,21.4125,79.266667,178.03,148.76,0.0,0,0.0,OFFICIAL_ANNUAL_PLAN,OFFICIAL_SAME_PERIOD,SYNTHETIC_DAILY_CALIBRATED_TO_PUBLIC_ANNUAL_REFERENCE,29.27,16.441,1,0.0,1.43,0.0,6.79,11.39,11.97,14.85,SYNTHETIC_DEMO_CORRELATED_WITH_RAINFALL_REPLACE_WITH_NASA_SMAP_OR_ISRO_BHUVAN
PROD-0001729,2020-12-24,Kandri,Maharashtra,Nagpur,21.4125,79.266667,183.11,162.08,0.0,0,0.0,OFFICIAL_ANNUAL_PLAN,OFFICIAL_SAME_PERIOD,SYNTHETIC_DAILY_CALIBRATED_TO_PUBLIC_ANNUAL_REFERENCE,21.03,11.485,1,0.0,1.43,0.0,3.99,10.81,11.13,13.66,SYNTHETIC_DEMO_CORRELATED_WITH_RAINFALL_REPLACE_WITH_NASA_SMAP_OR_ISRO_BHUVAN
PROD-0001730,2020-12-25,Kandri,Maharashtra,Nagpur,21.4125,79.266667,180.22,152.62,0.42,0,0.0,OFFICIAL_ANNUAL_PLAN,OFFICIAL_SAME_PERIOD,SYNTHETIC_DAILY_CALIBRATED_TO_PUBLIC_ANNUAL_REFERENCE,27.6,15.315,1,0.0,0.42,0.0,3.27,9.34,10.51,12.33,SYNTHETIC_DEMO_CORRELATED_WITH_RAINFALL_REPLACE_WITH_NASA_SMAP_OR_ISRO_BHUVAN
PROD-0001731,2020-12-26,Kandri,Maharashtra,Nagpur,21.4125,79.266667,159.75,123.3,3.4,0,0.0,OFFICIAL_ANNUAL_PLAN,OFFICIAL_SAME_PERIOD,SYNTHETIC_DAILY_CALIBRATED_TO_PUBLIC_ANNUAL_REFERENCE,36.45,22.817,1,0.0,3.82,0.0,6.67,8.01,9.39,11.2,SYNTHETIC_DEMO_CORRELATED_WITH_RAINFALL_REPLACE_WITH_NASA_SMAP_OR_ISRO_BHUVAN
PROD-0001732,2020-12-27,Kandri,Maharashtra,Nagpur,21.4125,79.266667,138.62,108.07,4.01,5,0.0,OFFICIAL_ANNUAL_PLAN,OFFICIAL_SAME_PERIOD,SYNTHETIC_DAILY_CALIBRATED_TO_PUBLIC_ANNUAL_REFERENCE,30.55,22.039,1,0.0,7.83,0.0,9.26,8.92,8.76,10.43,SYNTHETIC_DEMO_CORRELATED_WITH_RAINFALL_REPLACE_WITH_NASA_SMAP_OR_ISRO_BHUVAN
PROD-0001733,2020-12-28,Kandri,Maharashtra,Nagpur,21.4125,79.266667,171.4,146.88,0.54,0,0.0,OFFICIAL_ANNUAL_PLAN,OFFICIAL_SAME_PERIOD,SYNTHETIC_DAILY_CALIBRATED_TO_PUBLIC_ANNUAL_REFERENCE,24.52,14.306,1,0.0,7.95,0.0,9.8,9.45,8.79,9.87,SYNTHETIC_DEMO_CORRELATED_WITH_RAINFALL_REPLACE_WITH_NASA_SMAP_OR_ISRO_BHUVAN
PROD-0001734,2020-12-29,Kandri,Maharashtra,Nagpur,21.4125,79.266667,173.53,143.68,2.81,0,0.0,OFFICIAL_ANNUAL_PLAN,OFFICIAL_SAME_PERIOD,SYNTHETIC_DAILY_CALIBRATED_TO_PUBLIC_ANNUAL_REFERENCE,29.85,17.202,1,0.0,7.36,0.0,11.18,9.1,9.16,9.57,SYNTHETIC_DEMO_CORRELATED_WITH_RAINFALL_REPLACE_WITH_NASA_SMAP_OR_ISRO_BHUVAN
PROD-0001735,2020-12-30,Kandri,Maharashtra,Nagpur,21.4125,79.266667,163.14,137.81,0.0,0,0.0,OFFICIAL_ANNUAL_PLAN,OFFICIAL_SAME_PERIOD,SYNTHETIC_DAILY_CALIBRATED_TO_PUBLIC_ANNUAL_REFERENCE,25.33,15.527,1,0.0,3.35,0.0,11.18,9.54,9.36,9.31,SYNTHETIC_DEMO_CORRELATED_WITH_RAINFALL_REPLACE_WITH_NASA_SMAP_OR_ISRO_BHUVAN
PROD-0001736,2020-12-31,Kandri,Maharashtra,Nagpur,21.4125,79.266667,160.28,134.41,2.56,0,0.0,OFFICIAL_ANNUAL_PLAN,OFFICIAL_SAME_PERIOD,SYNTHETIC_DAILY_CALIBRATED_TO_PUBLIC_ANNUAL_REFERENCE,25.87,16.141,1,0.0,5.37,0.0,13.74,8.79,9.14,9.02,SYNTHETIC_DEMO_CORRELATED_WITH_RAINFALL_REPLACE_WITH_NASA_SMAP_OR_ISRO_BHUVAN
PROD-0001737,2021-01-01,Kandri,Maharashtra,Nagpur,21.4125,79.266667,192.13,167.04,0.35,0,0.0,OFFICIAL_ANNUAL_PLAN,OFFICIAL_SAME_PERIOD,SYNTHETIC_DAILY_CALIBRATED_TO_PUBLIC_ANNUAL_REFERENCE,25.09,13.059,1,0.0,2.91,0.0,13.67,8.48,8.94,8.9,SYNTHETIC_DEMO_CORRELATED_WITH_RAINFALL_REPLACE_WITH_NASA_SMAP_OR_ISRO_BHUVAN
PROD-0001738,2021-01-02,Kandri,Maharashtra,Nagpur,21.4125,79.266667,164.48,138.39,4.78,0,0.0,OFFICIAL_ANNUAL_PLAN,OFFICIAL_SAME_PERIOD,SYNTHETIC_DAILY_CALIBRATED_TO_PUBLIC_ANNUAL_REFERENCE,26.09,15.862,1,0.0,7.69,0.0,15.05,6.75,8.01,8.72,SYNTHETIC_DEMO_CORRELATED_WITH_RAINFALL_REPLACE_WITH_NASA_SMAP_OR_ISRO_BHUVAN
PROD-0001739,2021-01-03,Kandri,Maharashtra,Nagpur,21.4125,79.266667,178.45,151.23,2.28,0,0.0,OFFICIAL_ANNUAL_PLAN,OFFICIAL_SAME_PERIOD,SYNTHETIC_DAILY_CALIBRATED_TO_PUBLIC_ANNUAL_REFERENCE,27.22,15.254,1,0.0,7.41,0.0,13.32,5.59,6.94,8.24,SYNTHETIC_DEMO_CORRELATED_WITH_RAINFALL_REPLACE_WITH_NASA_SMAP_OR_ISRO_BHUVAN
PROD-0001740,2021-01-04,Kandri,Maharashtra,Nagpur,21.4125,79.266667,170.78,135.26,4.56,0,0.0,OFFICIAL_ANNUAL_PLAN,OFFICIAL_SAME_PERIOD,SYNTHETIC_DAILY_CALIBRATED_TO_PUBLIC_ANNUAL_REFERENCE,35.52,20.799,1,0.0,11.62,0.0,17.34,4.38,5.57,7.52,SYNTHETIC_DEMO_CORRELATED_WITH_RAINFALL_REPLACE_WITH_NASA_SMAP_OR_ISRO_BHUVAN
PROD-0001741,2021-01-05,Kandri,Maharashtra,Nagpur,21.4125,79.266667,170.9,142.06,0.34,0,0.0,OFFICIAL_ANNUAL_PLAN,OFFICIAL_SAME_PERIOD,SYNTHETIC_DAILY_CALIBRATED_TO_PUBLIC_ANNUAL_REFERENCE,28.84,16.875,1,0.0,7.18,0.0,14.87,3.31,4.43,6.69,SYNTHETIC_DEMO_CORRELATED_WITH_RAINFALL_REPLACE_WITH_NASA_SMAP_OR_ISRO_BHUVAN
PROD-0001742,2021-01-06,Kandri,Maharashtra,Nagpur,21.4125,79.266667,153.58,126.49,0.0,37,0.0,OFFICIAL_ANNUAL_PLAN,OFFICIAL_SAME_PERIOD,SYNTHETIC_DAILY_CALIBRATED_TO_PUBLIC_ANNUAL_REFERENCE,27.09,17.639,1,0.0,4.9,0.0,14.87,3.9,3.86,5.89,SYNTHETIC_DEMO_CORRELATED_WITH_RAINFALL_REPLACE_WITH_NASA_SMAP_OR_ISRO_BHUVAN
PROD-0001743,2021-01-07,Kandri,Maharashtra,Nagpur,21.4125,79.266667,176.43,151.14,0.6,22,0.22,OFFICIAL_ANNUAL_PLAN,OFFICIAL_SAME_PERIOD,SYNTHETIC_DAILY_CALIBRATED_TO_PUBLIC_ANNUAL_REFERENCE,25.29,14.334,1,0.22,0.94,0.22,12.91,3.76,3.66,5.17,SYNTHETIC_DEMO_CORRELATED_WITH_RAINFALL_REPLACE_WITH_NASA_SMAP_OR_ISRO_BHUVAN
PROD-0001744,2021-01-08,Kandri,Maharashtra,Nagpur,21.4125,79.266667,192.9,171.89,0.0,0,0.0,OFFICIAL_ANNUAL_PLAN,OFFICIAL_SAME_PERIOD,SYNTHETIC_DAILY_CALIBRATED_TO_PUBLIC_ANNUAL_REFERENCE,21.01,10.892,1,0.22,0.6,0.22,12.56,3.0,3.55,4.38,SYNTHETIC_DEMO_CORRELATED_WITH_RAINFALL_REPLACE_WITH_NASA_SMAP_OR_ISRO_BHUVAN
PROD-0001745,2021-01-09,Kandri,Maharashtra,Nagpur,21.4125,79.266667,168.71,143.29,0.0,0,0.0,OFFICIAL_ANNUAL_PLAN,OFFICIAL_SAME_PERIOD,SYNTHETIC_DAILY_CALIBRATED_TO_PUBLIC_ANNUAL_REFERENCE,25.42,15.067,1,0.22,0.6,0.22,7.78,3.0,3.25,3.85,SYNTHETIC_DEMO_CORRELATED_WITH_RAINFALL_REPLACE_WITH_NASA_SMAP_OR_ISRO_BHUVAN
PROD-0001746,2021-01-10,Kandri,Maharashtra,Nagpur,21.4125,79.266667,161.29,143.48,0.0,0,0.0,OFFICIAL_ANNUAL_PLAN,OFFICIAL_SAME_PERIOD,SYNTHETIC_DAILY_CALIBRATED_TO_PUBLIC_ANNUAL_REFERENCE,17.81,11.042,1,0.0,0.0,0.22,5.5,3.44,3.15,3.54,SYNTHETIC_DEMO_CORRELATED_WITH_RAINFALL_REPLACE_WITH_NASA_SMAP_OR_ISRO_BHUVAN
PROD-0001747,2021-01-11,Kandri,Maharashtra,Nagpur,21.4125,79.266667,174.23,145.56,0.29,0,0.0,OFFICIAL_ANNUAL_PLAN,OFFICIAL_SAME_PERIOD,SYNTHETIC_DAILY_CALIBRATED_TO_PUBLIC_ANNUAL_REFERENCE,28.67,16.455,1,0.0,0.29,0.22,1.23,3.4,3.28,3.4,SYNTHETIC_DEMO_CORRELATED_WITH_RAINFALL_REPLACE_WITH_NASA_SMAP_OR_ISRO_BHUVAN
PROD-0001748,2021-01-12,Kandri,Maharashtra,Nagpur,21.4125,79.266667,193.58,169.93,1.02,0,0.0,OFFICIAL_ANNUAL_PLAN,OFFICIAL_SAME_PERIOD,SYNTHETIC_DAILY_CALIBRATED_TO_PUBLIC_ANNUAL_REFERENCE,23.65,12.217,1,0.0,1.31,0.22,1.91,3.82,3.55,3.47,SYNTHETIC_DEMO_CORRELATED_WITH_RAINFALL_REPLACE_WITH_NASA_SMAP_OR_ISRO_BHUVAN
PROD-0001749,2021-01-13,Kandri,Maharashtra,Nagpur,21.4125,79.266667,182.65,148.24,6.38,0,0.0,OFFICIAL_ANNUAL_PLAN,OFFICIAL_SAME_PERIOD,SYNTHETIC_DAILY_CALIBRATED_TO_PUBLIC_ANNUAL_REFERENCE,34.41,18.839,1,0.0,7.69,0.22,8.29,3.0,3.41,3.35,SYNTHETIC_DEMO_CORRELATED_WITH_RAINFALL_REPLACE_WITH_NASA_SMAP_OR_ISRO_BHUVAN
PROD-0001750,2021-01-14,Kandri,Maharashtra,Nagpur,21.4125,79.266667,178.57,148.59,1.45,0,0.0,OFFICIAL_ANNUAL_PLAN,OFFICIAL_SAME_PERIOD,SYNTHETIC_DAILY_CALIBRATED_TO_PUBLIC_ANNUAL_REFERENCE,29.98,16.789,1,0.0,8.85,0.0,9.14,4.02,3.61,3.38,SYNTHETIC_DEMO_CORRELATED_WITH_RAINFALL_REPLACE_WITH_NASA_SMAP_OR_ISRO_BHUVAN
PROD-0001751,2021-01-15,Kandri,Maharashtra,Nagpur,21.4125,79.266667,170.66,149.56,0.0,0,0.0,OFFICIAL_ANNUAL_PLAN,OFFICIAL_SAME_PERIOD,SYNTHETIC_DAILY_CALIBRATED_TO_PUBLIC_ANNUAL_REFERENCE,21.1,12.364,1,0.0,7.83,0.0,9.14,3.0,3.34,3.38,SYNTHETIC_DEMO_CORRELATED_WITH_RAINFALL_REPLACE_WITH_NASA_SMAP_OR_ISRO_BHUVAN
PROD-0001752,2021-01-16,Kandri,Maharashtra,Nagpur,21.4125,79.266667,168.84,142.91,1.63,0,0.0,OFFICIAL_ANNUAL_PLAN,OFFICIAL_SAME_PERIOD,SYNTHETIC_DAILY_CALIBRATED_TO_PUBLIC_ANNUAL_REFERENCE,25.93,15.358,1,0.0,3.08,0.0,10.77,5.51,4.18,3.74,SYNTHETIC_DEMO_CORRELATED_WITH_RAINFALL_REPLACE_WITH_NASA_SMAP_OR_ISRO_BHUVAN
PROD-0001753,2021-01-17,Kandri,Maharashtra,Nagpur,21.4125,79.266667,183.22,151.75,2.02,0,0.0,OFFICIAL_ANNUAL_PLAN,OFFICIAL_SAME_PERIOD,SYNTHETIC_DAILY_CALIBRATED_TO_PUBLIC_ANNUAL_REFERENCE,31.47,17.176,1,0.0,3.65,0.0,12.79,3.57,4.03,3.76,SYNTHETIC_DEMO_CORRELATED_WITH_RAINFALL_REPLACE_WITH_NASA_SMAP_OR_ISRO_BHUVAN
PROD-0001754,2021-01-18,Kandri,Maharashtra,Nagpur,21.4125,79.266667,174.81,142.32,4.55,0,0.0,OFFICIAL_ANNUAL_PLAN,OFFICIAL_SAME_PERIOD,SYNTHETIC_DAILY_CALIBRATED_TO_PUBLIC_ANNUAL_REFERENCE,32.49,18.586,1,0.0,8.2,0.0,17.05,4.74,4.61,3.95,SYNTHETIC_DEMO_CORRELATED_WITH_RAINFALL_REPLACE_WITH_NASA_SMAP_OR_ISRO_BHUVAN
PROD-0001755,2021-01-19,Kandri,Maharashtra,Nagpur,21.4125,79.266667,168.47,141.36,0.0,0,0.0,OFFICIAL_ANNUAL_PLAN,OFFICIAL_SAME_PERIOD,SYNTHETIC_DAILY_CALIBRATED_TO_PUBLIC_ANNUAL_REFERENCE,27.11,16.092,1,0.0,6.57,0.0,16.03,3.69,4.0,3.93,SYNTHETIC_DEMO_CORRELATED_WITH_RAINFALL_REPLACE_WITH_NASA_SMAP_OR_ISRO_BHUVAN
PROD-0001756,2021-01-20,Kandri,Maharashtra,Nagpur,21.4125,79.266667,197.26,173.96,0.14,0,0.0,OFFICIAL_ANNUAL_PLAN,OFFICIAL_SAME_PERIOD,SYNTHETIC_DAILY_CALIBRATED_TO_PUBLIC_ANNUAL_REFERENCE,23.3,11.812,1,0.0,4.69,0.0,9.79,4.49,4.31,4.15,SYNTHETIC_DEMO_CORRELATED_WITH_RAINFALL_REPLACE_WITH_NASA_SMAP_OR_ISRO_BHUVAN
PROD-0001757,2021-01-21,Kandri,Maharashtra,Nagpur,21.4125,79.266667,201.24,172.14,0.0,0,0.0,OFFICIAL_ANNUAL_PLAN,OFFICIAL_SAME_PERIOD,SYNTHETIC_DAILY_CALIBRATED_TO_PUBLIC_ANNUAL_REFERENCE,29.1,14.46,1,0.0,0.14,0.0,8.34,3.93,4.04,4.13,SYNTHETIC_DEMO_CORRELATED_WITH_RAINFALL_REPLACE_WITH_NASA_SMAP_OR_ISRO_BHUVAN
PROD-0001758,2021-01-22,Kandri,Maharashtra,Nagpur,21.4125,79.266667,187.0,155.83,1.16,69,0.0,OFFICIAL_ANNUAL_PLAN,OFFICIAL_SAME_PERIOD,SYNTHETIC_DAILY_CALIBRATED_TO_PUBLIC_ANNUAL_REFERENCE,31.17,16.668,1,0.0,1.3,0.0,9.5,3.57,4.0,4.21,SYNTHETIC_DEMO_CORRELATED_WITH_RAINFALL_REPLACE_WITH_NASA_SMAP_OR_ISRO_BHUVAN
PROD-0001759,2021-01-23,Kandri,Maharashtra,Nagpur,21.4125,79.266667,166.64,140.78,1.26,26,0.0,OFFICIAL_ANNUAL_PLAN,OFFICIAL_SAME_PERIOD,SYNTHETIC_DAILY_CALIBRATED_TO_PUBLIC_ANNUAL_REFERENCE,25.86,15.518,1,0.0,2.42,0.0,9.13,3.0,3.5,3.86,SYNTHETIC_DEMO_CORRELATED_WITH_RAINFALL_REPLACE_WITH_NASA_SMAP_OR_ISRO_BHUVAN
PROD-0001760,2021-01-24,Kandri,Maharashtra,Nagpur,21.4125,79.266667,154.6,134.72,0.32,0,0.0,OFFICIAL_ANNUAL_PLAN,OFFICIAL_SAME_PERIOD,SYNTHETIC_DAILY_CALIBRATED_TO_PUBLIC_ANNUAL_REFERENCE,19.88,12.859,1,0.0,2.74,0.0,7.43,3.0,3.19,3.77,SYNTHETIC_DEMO_CORRELATED_WITH_RAINFALL_REPLACE_WITH_NASA_SMAP_OR_ISRO_BHUVAN
PROD-0001761,2021-01-25,Kandri,Maharashtra,Nagpur,21.4125,79.266667,179.01,146.03,4.53,0,0.0,OFFICIAL_ANNUAL_PLAN,OFFICIAL_SAME_PERIOD,SYNTHETIC_DAILY_CALIBRATED_TO_PUBLIC_ANNUAL_REFERENCE,32.98,18.424,1,0.0,6.11,0.0,7.41,3.59,3.2,3.61,SYNTHETIC_DEMO_CORRELATED_WITH_RAINFALL_REPLACE_WITH_NASA_SMAP_OR_ISRO_BHUVAN
PROD-0001762,2021-01-26,Kandri,Maharashtra,Nagpur,21.4125,79.266667,168.39,143.52,0.74,0,0.0,OFFICIAL_ANNUAL_PLAN,OFFICIAL_SAME_PERIOD,SYNTHETIC_DAILY_CALIBRATED_TO_PUBLIC_ANNUAL_REFERENCE,24.87,14.769,1,0.0,5.59,0.0,8.15,6.22,4.27,3.97,SYNTHETIC_DEMO_CORRELATED_WITH_RAINFALL_REPLACE_WITH_NASA_SMAP_OR_ISRO_BHUVAN
PROD-0001763,2021-01-27,Kandri,Maharashtra,Nagpur,21.4125,79.266667,191.35,160.72,3.39,0,0.0,OFFICIAL_ANNUAL_PLAN,OFFICIAL_SAME_PERIOD,SYNTHETIC_DAILY_CALIBRATED_TO_PUBLIC_ANNUAL_REFERENCE,30.63,16.007,1,0.0,8.66,0.0,11.4,4.72,4.84,4.0,SYNTHETIC_DEMO_CORRELATED_WITH_RAINFALL_REPLACE_WITH_NASA_SMAP_OR_ISRO_BHUVAN
PROD-0001764,2021-01-28,Kandri,Maharashtra,Nagpur,21.4125,79.266667,170.95,139.49,2.19,0,0.0,OFFICIAL_ANNUAL_PLAN,OFFICIAL_SAME_PERIOD,SYNTHETIC_DAILY_CALIBRATED_TO_PUBLIC_ANNUAL_REFERENCE,31.46,18.403,1,0.0,6.32,0.0,13.59,4.99,5.31,4.16,SYNTHETIC_DEMO_CORRELATED_WITH_RAINFALL_REPLACE_WITH_NASA_SMAP_OR_ISRO_BHUVAN
PROD-0001765,2021-01-29,Kandri,Maharashtra,Nagpur,21.4125,79.266667,194.12,164.11,0.0,0,0.0,OFFICIAL_ANNUAL_PLAN,OFFICIAL_SAME_PERIOD,SYNTHETIC_DAILY_CALIBRATED_TO_PUBLIC_ANNUAL_REFERENCE,30.01,15.46,1,0.0,5.58,0.0,12.43,5.95,5.22,4.5,SYNTHETIC_DEMO_CORRELATED_WITH_RAINFALL_REPLACE_WITH_NASA_SMAP_OR_ISRO_BHUVAN
PROD-0001766,2021-01-30,Kandri,Maharashtra,Nagpur,21.4125,79.266667,146.18,119.74,0.0,0,0.0,OFFICIAL_ANNUAL_PLAN,OFFICIAL_SAME_PERIOD,SYNTHETIC_DAILY_CALIBRATED_TO_PUBLIC_ANNUAL_REFERENCE,26.44,18.087,1,0.0,2.19,0.0,11.17,6.48,5.81,4.99,SYNTHETIC_DEMO_CORRELATED_WITH_RAINFALL_REPLACE_WITH_NASA_SMAP_OR_ISRO_BHUVAN
PROD-0001767,2021-01-31,Kandri,Maharashtra,Nagpur,21.4125,79.266667,179.01,150.25,0.51,0,0.0,OFFICIAL_ANNUAL_PLAN,OFFICIAL_SAME_PERIOD,SYNTHETIC_DAILY_CALIBRATED_TO_PUBLIC_ANNUAL_REFERENCE,28.76,16.066,1,0.0,0.51,0.0,11.36,6.66,6.36,5.52,SYNTHETIC_DEMO_CORRELATED_WITH_RAINFALL_REPLACE_WITH_NASA_SMAP_OR_ISRO_BHUVAN
PROD-0001768,2021-02-01,Kandri,Maharashtra,Nagpur,21.4125,79.266667,178.89,153.61,1.68,0,0.0,OFFICIAL_ANNUAL_PLAN,OFFICIAL_SAME_PERIOD,SYNTHETIC_DAILY_CALIBRATED_TO_PUBLIC_ANNUAL_REFERENCE,25.28,14.132,1,0.0,2.19,0.0,8.51,5.28,6.14,5.76,SYNTHETIC_DEMO_CORRELATED_WITH_RAINFALL_REPLACE_WITH_NASA_SMAP_OR_ISRO_BHUVAN
PROD-0001769,2021-02-02,Kandri,Maharashtra,Nagpur,21.4125,79.266667,161.63,138.03,0.61,0,0.0,OFFICIAL_ANNUAL_PLAN,OFFICIAL_SAME_PERIOD,SYNTHETIC_DAILY_CALIBRATED_TO_PUBLIC_ANNUAL_REFERENCE,23.6,14.601,1,0.0,2.8,0.0,8.38,5.45,5.8,5.65,SYNTHETIC_DEMO_CORRELATED_WITH_RAINFALL_REPLACE_WITH_NASA_SMAP_OR_ISRO_BHUVAN
PROD-0001770,2021-02-03,Kandri,Maharashtra,Nagpur,21.4125,79.266667,158.47,128.14,7.82,0,0.0,OFFICIAL_ANNUAL_PLAN,OFFICIAL_SAME_PERIOD,SYNTHETIC_DAILY_CALIBRATED_TO_PUBLIC_ANNUAL_REFERENCE,30.33,19.139,1,0.0,10.11,0.0,12.81,7.32,6.02,6.02,SYNTHETIC_DEMO_CORRELATED_WITH_RAINFALL_REPLACE_WITH_NASA_SMAP_OR_ISRO_BHUVAN
PROD-0001771,2021-02-04,Kandri,Maharashtra,Nagpur,21.4125,79.266667,191.22,148.58,1.03,0,0.0,OFFICIAL_ANNUAL_PLAN,OFFICIAL_SAME_PERIOD,SYNTHETIC_DAILY_CALIBRATED_TO_PUBLIC_ANNUAL_REFERENCE,42.64,22.299,1,0.0,9.46,0.0,11.65,6.11,6.29,6.18,SYNTHETIC_DEMO_CORRELATED_WITH_RAINFALL_REPLACE_WITH_NASA_SMAP_OR_ISRO_BHUVAN
PROD-0001772,2021-02-05,Kandri,Maharashtra,Nagpur,21.4125,79.266667,178.84,151.78,1.82,0,0.0,OFFICIAL_ANNUAL_PLAN,OFFICIAL_SAME_PERIOD,SYNTHETIC_DAILY_CALIBRATED_TO_PUBLIC_ANNUAL_REFERENCE,27.06,15.131,1,0.0,10.67,0.0,13.47,6.48,6.64,6.25,SYNTHETIC_DEMO_CORRELATED_WITH_RAINFALL_REPLACE_WITH_NASA_SMAP_OR_ISRO_BHUVAN
PROD-0001773,2021-02-06,Kandri,Maharashtra,Nagpur,21.4125,79.266667,186.49,152.29,1.55,0,0.0,OFFICIAL_ANNUAL_PLAN,OFFICIAL_SAME_PERIOD,SYNTHETIC_DAILY_CALIBRATED_TO_PUBLIC_ANNUAL_REFERENCE,34.2,18.339,1,0.0,4.4,0.0,15.02,5.11,5.9,6.06,SYNTHETIC_DEMO_CORRELATED_WITH_RAINFALL_REPLACE_WITH_NASA_SMAP_OR_ISRO_BHUVAN
PROD-0001774,2021-02-07,Kandri,Maharashtra,Nagpur,21.4125,79.266667,183.81,150.57,2.23,21,0.0,OFFICIAL_ANNUAL_PLAN,OFFICIAL_SAME_PERIOD,SYNTHETIC_DAILY_CALIBRATED_TO_PUBLIC_ANNUAL_REFERENCE,33.24,18.084,1,0.0,5.6,0.0,16.74,3.78,5.12,5.65,SYNTHETIC_DEMO_CORRELATED_WITH_RAINFALL_REPLACE_WITH_NASA_SMAP_OR_ISRO_BHUVAN
PROD-0001775,2021-02-08,Kandri,Maharashtra,Nagpur,21.4125,79.266667,175.89,151.38,1.37,0,0.0,OFFICIAL_ANNUAL_PLAN,OFFICIAL_SAME_PERIOD,SYNTHETIC_DAILY_CALIBRATED_TO_PUBLIC_ANNUAL_REFERENCE,24.51,13.935,1,0.0,5.15,0.0,16.43,4.29,4.39,5.51,SYNTHETIC_DEMO_CORRELATED_WITH_RAINFALL_REPLACE_WITH_NASA_SMAP_OR_ISRO_BHUVAN
PROD-0001776,2021-02-09,Kandri,Maharashtra,Nagpur,21.4125,79.266667,195.33,154.2,4.3,74,0.0,OFFICIAL_ANNUAL_PLAN,OFFICIAL_SAME_PERIOD,SYNTHETIC_DAILY_CALIBRATED_TO_PUBLIC_ANNUAL_REFERENCE,41.13,21.057,1,0.0,7.9,0.0,20.12,3.0,3.69,5.16,SYNTHETIC_DEMO_CORRELATED_WITH_RAINFALL_REPLACE_WITH_NASA_SMAP_OR_ISRO_BHUVAN
PROD-0001777,2021-02-10,Kandri,Maharashtra,Nagpur,21.4125,79.266667,155.54,131.16,1.15,0,0.0,OFFICIAL_ANNUAL_PLAN,OFFICIAL_SAME_PERIOD,SYNTHETIC_DAILY_CALIBRATED_TO_PUBLIC_ANNUAL_REFERENCE,24.38,15.674,1,0.0,6.82,0.0,13.45,5.17,4.15,4.85,SYNTHETIC_DEMO_CORRELATED_WITH_RAINFALL_REPLACE_WITH_NASA_SMAP_OR_ISRO_BHUVAN
PROD-0001778,2021-02-11,Kandri,Maharashtra,Nagpur,21.4125,79.266667,174.75,150.6,1.95,0,0.0,OFFICIAL_ANNUAL_PLAN,OFFICIAL_SAME_PERIOD,SYNTHETIC_DAILY_CALIBRATED_TO_PUBLIC_ANNUAL_REFERENCE,24.15,13.82,1,0.0,7.4,0.0,14.37,4.7,4.29,4.65,SYNTHETIC_DEMO_CORRELATED_WITH_RAINFALL_REPLACE_WITH_NASA_SMAP_OR_ISRO_BHUVAN
PROD-0001779,2021-02-12,Kandri,Maharashtra,Nagpur,21.4125,79.266667,170.85,135.61,3.47,0,0.0,OFFICIAL_ANNUAL_PLAN,OFFICIAL_SAME_PERIOD,SYNTHETIC_DAILY_CALIBRATED_TO_PUBLIC_ANNUAL_REFERENCE,35.24,20.626,1,0.0,6.57,0.0,16.02,3.99,4.62,4.29,SYNTHETIC_DEMO_CORRELATED_WITH_RAINFALL_REPLACE_WITH_NASA_SMAP_OR_ISRO_BHUVAN
PROD-0001780,2021-02-13,Kandri,Maharashtra,Nagpur,21.4125,79.266667,165.21,140.57,0.0,0,0.0,OFFICIAL_ANNUAL_PLAN,OFFICIAL_SAME_PERIOD,SYNTHETIC_DAILY_CALIBRATED_TO_PUBLIC_ANNUAL_REFERENCE,24.64,14.914,1,0.0,5.42,0.0,14.47,3.26,3.98,4.03,SYNTHETIC_DEMO_CORRELATED_WITH_RAINFALL_REPLACE_WITH_NASA_SMAP_OR_ISRO_BHUVAN
PROD-0001781,2021-02-14,Kandri,Maharashtra,Nagpur,21.4125,79.266667,163.47,138.11,2.33,0,0.0,OFFICIAL_ANNUAL_PLAN,OFFICIAL_SAME_PERIOD,SYNTHETIC_DAILY_CALIBRATED_TO_PUBLIC_ANNUAL_REFERENCE,25.36,15.514,1,0.0,5.8,0.0,14.57,3.0,3.42,3.92,SYNTHETIC_DEMO_CORRELATED_WITH_RAINFALL_REPLACE_WITH_NASA_SMAP_OR_ISRO_BHUVAN
PROD-0001782,2021-02-15,Kandri,Maharashtra,Nagpur,21.4125,79.266667,169.6,142.21,0.54,0,0.0,OFFICIAL_ANNUAL_PLAN,OFFICIAL_SAME_PERIOD,SYNTHETIC_DAILY_CALIBRATED_TO_PUBLIC_ANNUAL_REFERENCE,27.39,16.15,1,0.0,2.87,0.0,13.74,3.0,3.09,3.73,SYNTHETIC_DEMO_CORRELATED_WITH_RAINFALL_REPLACE_WITH_NASA_SMAP_OR_ISRO_BHUVAN
PROD-0001783,2021-02-16,Kandri,Maharashtra,Nagpur,21.4125,79.266667,191.91,151.08,3.85,0,0.0,OFFICIAL_ANNUAL_PLAN,OFFICIAL_SAME_PERIOD,SYNTHETIC_DAILY_CALIBRATED_TO_PUBLIC_ANNUAL_REFERENCE,40.83,21.276,1,0.0,6.72,0.0,13.29,3.83,3.28,3.85,SYNTHETIC_DEMO_CORRELATED_WITH_RAINFALL_REPLACE_WITH_NASA_SMAP_OR_ISRO_BHUVAN
PROD-0001784,2021-02-17,Kandri,Maharashtra,Nagpur,21.4125,79.266667,166.48,138.37,2.1,0,0.0,OFFICIAL_ANNUAL_PLAN,OFFICIAL_SAME_PERIOD,SYNTHETIC_DAILY_CALIBRATED_TO_PUBLIC_ANNUAL_REFERENCE,28.11,16.885,1,0.0,6.49,0.0,14.24,3.0,3.28,3.54,SYNTHETIC_DEMO_CORRELATED_WITH_RAINFALL_REPLACE_WITH_NASA_SMAP_OR_ISRO_BHUVAN
PROD-0001785,2021-02-18,Kandri,Maharashtra,Nagpur,21.4125,79.266667,177.89,148.43,0.0,0,0.0,OFFICIAL_ANNUAL_PLAN,OFFICIAL_SAME_PERIOD,SYNTHETIC_DAILY_CALIBRATED_TO_PUBLIC_ANNUAL_REFERENCE,29.46,16.561,1,0.0,5.95,0.0,12.29,3.0,3.28,3.3,SYNTHETIC_DEMO_CORRELATED_WITH_RAINFALL_REPLACE_WITH_NASA_SMAP_OR_ISRO_BHUVAN
PROD-0001786,2021-02-19,Kandri,Maharashtra,Nagpur,21.4125,79.266667,186.17,151.33,3.57,20,0.0,OFFICIAL_ANNUAL_PLAN,OFFICIAL_SAME_PERIOD,SYNTHETIC_DAILY_CALIBRATED_TO_PUBLIC_ANNUAL_REFERENCE,34.84,18.714,1,0.0,5.67,0.0,12.39,3.95,3.32,3.29,SYNTHETIC_DEMO_CORRELATED_WITH_RAINFALL_REPLACE_WITH_NASA_SMAP_OR_ISRO_BHUVAN
PROD-0001787,2021-02-20,Kandri,Maharashtra,Nagpur,21.4125,79.266667,173.3,148.73,0.38,0,0.0,OFFICIAL_ANNUAL_PLAN,OFFICIAL_SAME_PERIOD,SYNTHETIC_DAILY_CALIBRATED_TO_PUBLIC_ANNUAL_REFERENCE,24.57,14.178,1,0.0,3.95,0.0,12.77,5.09,4.01,3.55,SYNTHETIC_DEMO_CORRELATED_WITH_RAINFALL_REPLACE_WITH_NASA_SMAP_OR_ISRO_BHUVAN
PROD-0001788,2021-02-21,Kandri,Maharashtra,Nagpur,21.4125,79.266667,169.31,140.35,4.68,0,4.56,OFFICIAL_ANNUAL_PLAN,OFFICIAL_SAME_PERIOD,SYNTHETIC_DAILY_CALIBRATED_TO_PUBLIC_ANNUAL_REFERENCE,28.96,17.105,1,4.56,8.63,4.56,15.12,6.59,5.21,4.07,SYNTHETIC_DEMO_CORRELATED_WITH_RAINFALL_REPLACE_WITH_NASA_SMAP_OR_ISRO_BHUVAN
PROD-0001789,2021-02-22,Kandri,Maharashtra,Nagpur,21.4125,79.266667,165.98,136.91,1.39,0,0.0,OFFICIAL_ANNUAL_PLAN,OFFICIAL_SAME_PERIOD,SYNTHETIC_DAILY_CALIBRATED_TO_PUBLIC_ANNUAL_REFERENCE,29.07,17.514,1,4.56,6.45,4.56,15.97,5.08,5.59,4.36,SYNTHETIC_DEMO_CORRELATED_WITH_RAINFALL_REPLACE_WITH_NASA_SMAP_OR_ISRO_BHUVAN
PROD-0001790,2021-02-23,Kandri,Maharashtra,Nagpur,21.4125,79.266667,189.06,153.29,0.96,70,0.0,OFFICIAL_ANNUAL_PLAN,OFFICIAL_SAME_PERIOD,SYNTHETIC_DAILY_CALIBRATED_TO_PUBLIC_ANNUAL_REFERENCE,35.77,18.92,1,4.56,7.03,4.56,13.08,5.64,5.77,4.62,SYNTHETIC_DEMO_CORRELATED_WITH_RAINFALL_REPLACE_WITH_NASA_SMAP_OR_ISRO_BHUVAN
PROD-0001791,2021-02-24,Kandri,Maharashtra,Nagpur,21.4125,79.266667,173.02,150.76,0.55,0,0.0,OFFICIAL_ANNUAL_PLAN,OFFICIAL_SAME_PERIOD,SYNTHETIC_DAILY_CALIBRATED_TO_PUBLIC_ANNUAL_REFERENCE,22.26,12.866,1,0.0,2.9,4.56,11.53,6.15,5.62,5.07,SYNTHETIC_DEMO_CORRELATED_WITH_RAINFALL_REPLACE_WITH_NASA_SMAP_OR_ISRO_BHUVAN
PROD-0001792,2021-02-25,Kandri,Maharashtra,Nagpur,21.4125,79.266667,176.65,157.5,0.0,0,0.0,OFFICIAL_ANNUAL_PLAN,OFFICIAL_SAME_PERIOD,SYNTHETIC_DAILY_CALIBRATED_TO_PUBLIC_ANNUAL_REFERENCE,19.15,10.841,1,0.0,1.51,4.56,11.53,4.44,5.41,5.28,SYNTHETIC_DEMO_CORRELATED_WITH_RAINFALL_REPLACE_WITH_NASA_SMAP_OR_ISRO_BHUVAN
PROD-0001793,2021-02-26,Kandri,Maharashtra,Nagpur,21.4125,79.266667,180.28,149.8,1.28,0,0.0,OFFICIAL_ANNUAL_PLAN,OFFICIAL_SAME_PERIOD,SYNTHETIC_DAILY_CALIBRATED_TO_PUBLIC_ANNUAL_REFERENCE,30.48,16.907,1,0.0,1.83,4.56,9.24,6.58,5.72,5.65,SYNTHETIC_DEMO_CORRELATED_WITH_RAINFALL_REPLACE_WITH_NASA_SMAP_OR_ISRO_BHUVAN
PROD-0001794,2021-02-27,Kandri,Maharashtra,Nagpur,21.4125,79.266667,149.56,123.15,1.63,0,0.0,OFFICIAL_ANNUAL_PLAN,OFFICIAL_SAME_PERIOD,SYNTHETIC_DAILY_CALIBRATED_TO_PUBLIC_ANNUAL_REFERENCE,26.41,17.658,1,0.0,2.91,4.56,10.49,5.7,5.57,5.74,SYNTHETIC_DEMO_CORRELATED_WITH_RAINFALL_REPLACE_WITH_NASA_SMAP_OR_ISRO_BHUVAN
PROD-0001795,2021-02-28,Kandri,Maharashtra,Nagpur,21.4125,79.266667,157.45,124.72,3.36,0,0.0,OFFICIAL_ANNUAL_PLAN,OFFICIAL_SAME_PERIOD,SYNTHETIC_DAILY_CALIBRATED_TO_PUBLIC_ANNUAL_REFERENCE,32.73,20.788,1,0.0,6.27,0.0,9.17,5.71,6.0,5.61,SYNTHETIC_DEMO_CORRELATED_WITH_RAINFALL_REPLACE_WITH_NASA_SMAP_OR_ISRO_BHUVAN
PROD-0001796,2021-03-01,Kandri,Maharashtra,Nagpur,21.4125,79.266667,181.0,155.21,0.0,0,0.0,OFFICIAL_ANNUAL_PLAN,OFFICIAL_SAME_PERIOD,SYNTHETIC_DAILY_CALIBRATED_TO_PUBLIC_ANNUAL_REFERENCE,25.79,14.249,1,0.0,4.99,0.0,7.78,6.26,5.89,5.78,SYNTHETIC_DEMO_CORRELATED_WITH_RAINFALL_REPLACE_WITH_NASA_SMAP_OR_ISRO_BHUVAN
PROD-0001797,2021-03-02,Kandri,Maharashtra,Nagpur,21.4125,79.266667,178.42,153.75,0.0,0,0.0,OFFICIAL_ANNUAL_PLAN,OFFICIAL_SAME_PERIOD,SYNTHETIC_DAILY_CALIBRATED_TO_PUBLIC_ANNUAL_REFERENCE,24.67,13.827,1,0.0,3.36,0.0,6.82,6.98,6.32,5.97,SYNTHETIC_DEMO_CORRELATED_WITH_RAINFALL_REPLACE_WITH_NASA_SMAP_OR_ISRO_BHUVAN
PROD-0001798,2021-03-03,Kandri,Maharashtra,Nagpur,21.4125,79.266667,153.87,133.61,0.0,0,0.0,OFFICIAL_ANNUAL_PLAN,OFFICIAL_SAME_PERIOD,SYNTHETIC_DAILY_CALIBRATED_TO_PUBLIC_ANNUAL_REFERENCE,20.26,13.167,1,0.0,0.0,0.0,6.27,4.56,5.93,5.75,SYNTHETIC_DEMO_CORRELATED_WITH_RAINFALL_REPLACE_WITH_NASA_SMAP_OR_ISRO_BHUVAN
PROD-0001799,2021-03-04,Kandri,Maharashtra,Nagpur,21.4125,79.266667,167.27,139.95,0.0,31,0.0,OFFICIAL_ANNUAL_PLAN,OFFICIAL_SAME_PERIOD,SYNTHETIC_DAILY_CALIBRATED_TO_PUBLIC_ANNUAL_REFERENCE,27.32,16.333,1,0.0,0.0,0.0,6.27,6.19,5.91,6.0,SYNTHETIC_DEMO_CORRELATED_WITH_RAINFALL_REPLACE_WITH_NASA_SMAP_OR_ISRO_BHUVAN
PROD-0001800,2021-03-05,Kandri,Maharashtra,Nagpur,21.4125,79.266667,180.77,152.99,1.8,37,4.05,OFFICIAL_ANNUAL_PLAN,OFFICIAL_SAME_PERIOD,SYNTHETIC_DAILY_CALIBRATED_TO_PUBLIC_ANNUAL_REFERENCE,27.78,15.368,1,4.05,1.8,4.05,6.79,10.83,7.19,6.6,SYNTHETIC_DEMO_CORRELATED_WITH_RAINFALL_REPLACE_WITH_NASA_SMAP_OR_ISRO_BHUVAN
PROD-0001801,2021-03-06,Kandri,Maharashtra,Nagpur,21.4125,79.266667,165.65,140.72,0.0,0,0.0,OFFICIAL_ANNUAL_PLAN,OFFICIAL_SAME_PERIOD,SYNTHETIC_DAILY_CALIBRATED_TO_PUBLIC_ANNUAL_REFERENCE,24.93,15.05,1,4.05,1.8,4.05,5.16,9.43,8.82,7.14,SYNTHETIC_DEMO_CORRELATED_WITH_RAINFALL_REPLACE_WITH_NASA_SMAP_OR_ISRO_BHUVAN
PROD-0001802,2021-03-07,Kandri,Maharashtra,Nagpur,21.4125,79.266667,149.59,128.43,1.95,0,0.0,OFFICIAL_ANNUAL_PLAN,OFFICIAL_SAME_PERIOD,SYNTHETIC_DAILY_CALIBRATED_TO_PUBLIC_ANNUAL_REFERENCE,21.16,14.145,1,4.05,3.75,4.05,3.75,9.61,9.96,7.69,SYNTHETIC_DEMO_CORRELATED_WITH_RAINFALL_REPLACE_WITH_NASA_SMAP_OR_ISRO_BHUVAN
PROD-0001803,2021-03-08,Kandri,Maharashtra,Nagpur,21.4125,79.266667,167.25,142.81,2.03,51,0.0,OFFICIAL_ANNUAL_PLAN,OFFICIAL_SAME_PERIOD,SYNTHETIC_DAILY_CALIBRATED_TO_PUBLIC_ANNUAL_REFERENCE,24.44,14.613,1,0.0,3.98,4.05,5.78,8.24,9.09,7.98,SYNTHETIC_DEMO_CORRELATED_WITH_RAINFALL_REPLACE_WITH_NASA_SMAP_OR_ISRO_BHUVAN
PROD-0001804,2021-03-09,Kandri,Maharashtra,Nagpur,21.4125,79.266667,157.25,132.25,0.0,0,0.0,OFFICIAL_ANNUAL_PLAN,OFFICIAL_SAME_PERIOD,SYNTHETIC_DAILY_CALIBRATED_TO_PUBLIC_ANNUAL_REFERENCE,25.0,15.898,1,0.0,3.98,4.05,5.78,8.28,8.71,8.16,SYNTHETIC_DEMO_CORRELATED_WITH_RAINFALL_REPLACE_WITH_NASA_SMAP_OR_ISRO_BHUVAN
PROD-0001805,2021-03-10,Kandri,Maharashtra,Nagpur,21.4125,79.266667,180.86,148.65,0.99,0,0.0,OFFICIAL_ANNUAL_PLAN,OFFICIAL_SAME_PERIOD,SYNTHETIC_DAILY_CALIBRATED_TO_PUBLIC_ANNUAL_REFERENCE,32.21,17.809,1,0.0,3.02,4.05,6.77,8.26,8.26,8.69,SYNTHETIC_DEMO_CORRELATED_WITH_RAINFALL_REPLACE_WITH_NASA_SMAP_OR_ISRO_BHUVAN
PROD-0001806,2021-03-11,Kandri,Maharashtra,Nagpur,21.4125,79.266667,193.01,164.22,0.33,34,0.0,OFFICIAL_ANNUAL_PLAN,OFFICIAL_SAME_PERIOD,SYNTHETIC_DAILY_CALIBRATED_TO_PUBLIC_ANNUAL_REFERENCE,28.79,14.916,1,0.0,1.32,4.05,7.1,7.81,8.12,8.92,SYNTHETIC_DEMO_CORRELATED_WITH_RAINFALL_REPLACE_WITH_NASA_SMAP_OR_ISRO_BHUVAN
PROD-0001807,2021-03-12,Kandri,Maharashtra,Nagpur,21.4125,79.266667,149.37,130.68,0.1,0,6.63,OFFICIAL_ANNUAL_PLAN,OFFICIAL_SAME_PERIOD,SYNTHETIC_DAILY_CALIBRATED_TO_PUBLIC_ANNUAL_REFERENCE,18.69,12.513,1,6.63,1.42,6.63,5.4,13.5,9.86,9.3,SYNTHETIC_DEMO_CORRELATED_WITH_RAINFALL_REPLACE_WITH_NASA_SMAP_OR_ISRO_BHUVAN
PROD-0001808,2021-03-13,Kandri,Maharashtra,Nagpur,21.4125,79.266667,151.51,129.3,0.0,0,0.0,OFFICIAL_ANNUAL_PLAN,OFFICIAL_SAME_PERIOD,SYNTHETIC_DAILY_CALIBRATED_TO_PUBLIC_ANNUAL_REFERENCE,22.21,14.659,1,6.63,0.43,6.63,5.4,10.78,10.7,9.5,SYNTHETIC_DEMO_CORRELATED_WITH_RAINFALL_REPLACE_WITH_NASA_SMAP_OR_ISRO_BHUVAN
PROD-0001809,2021-03-14,Kandri,Maharashtra,Nagpur,21.4125,79.266667,173.01,149.83,0.0,30,0.0,OFFICIAL_ANNUAL_PLAN,OFFICIAL_SAME_PERIOD,SYNTHETIC_DAILY_CALIBRATED_TO_PUBLIC_ANNUAL_REFERENCE,23.18,13.398,1,6.63,0.1,6.63,3.45,12.5,12.26,9.91,SYNTHETIC_DEMO_CORRELATED_WITH_RAINFALL_REPLACE_WITH_NASA_SMAP_OR_ISRO_BHUVAN
PROD-0001810,2021-03-15,Kandri,Maharashtra,Nagpur,21.4125,79.266667,176.76,151.16,0.21,59,0.0,OFFICIAL_ANNUAL_PLAN,OFFICIAL_SAME_PERIOD,SYNTHETIC_DAILY_CALIBRATED_TO_PUBLIC_ANNUAL_REFERENCE,25.6,14.483,1,0.0,0.21,6.63,1.63,11.93,11.74,10.44,SYNTHETIC_DEMO_CORRELATED_WITH_RAINFALL_REPLACE_WITH_NASA_SMAP_OR_ISRO_BHUVAN
PROD-0001811,2021-03-16,Kandri,Maharashtra,Nagpur,21.4125,79.266667,174.17,143.54,0.0,16,0.0,OFFICIAL_ANNUAL_PLAN,OFFICIAL_SAME_PERIOD,SYNTHETIC_DAILY_CALIBRATED_TO_PUBLIC_ANNUAL_REFERENCE,30.63,17.586,1,0.0,0.21,6.63,1.63,7.86,10.76,10.38,SYNTHETIC_DEMO_CORRELATED_WITH_RAINFALL_REPLACE_WITH_NASA_SMAP_OR_ISRO_BHUVAN
PROD-0001812,2021-03-17,Kandri,Maharashtra,Nagpur,21.4125,79.266667,152.06,120.55,2.22,33,3.25,OFFICIAL_ANNUAL_PLAN,OFFICIAL_SAME_PERIOD,SYNTHETIC_DAILY_CALIBRATED_TO_PUBLIC_ANNUAL_REFERENCE,31.51,20.722,1,3.25,2.43,9.88,2.86,12.36,10.72,10.96,SYNTHETIC_DEMO_CORRELATED_WITH_RAINFALL_REPLACE_WITH_NASA_SMAP_OR_ISRO_BHUVAN
PROD-0001813,2021-03-18,Kandri,Maharashtra,Nagpur,21.4125,79.266667,162.56,139.31,2.35,0,0.0,OFFICIAL_ANNUAL_PLAN,OFFICIAL_SAME_PERIOD,SYNTHETIC_DAILY_CALIBRATED_TO_PUBLIC_ANNUAL_REFERENCE,23.25,14.302,1,3.25,4.57,9.88,4.88,11.19,10.47,11.45,SYNTHETIC_DEMO_CORRELATED_WITH_RAINFALL_REPLACE_WITH_NASA_SMAP_OR_ISRO_BHUVAN
PROD-0001814,2021-03-19,Kandri,Maharashtra,Nagpur,21.4125,79.266667,164.97,139.39,3.52,0,0.0,OFFICIAL_ANNUAL_PLAN,OFFICIAL_SAME_PERIOD,SYNTHETIC_DAILY_CALIBRATED_TO_PUBLIC_ANNUAL_REFERENCE,25.58,15.506,1,3.25,8.09,3.25,8.3,10.88,11.48,11.07,SYNTHETIC_DEMO_CORRELATED_WITH_RAINFALL_REPLACE_WITH_NASA_SMAP_OR_ISRO_BHUVAN
PROD-0001815,2021-03-20,Kandri,Maharashtra,Nagpur,21.4125,79.266667,184.99,150.92,0.0,0,0.0,OFFICIAL_ANNUAL_PLAN,OFFICIAL_SAME_PERIOD,SYNTHETIC_DAILY_CALIBRATED_TO_PUBLIC_ANNUAL_REFERENCE,34.07,18.417,1,0.0,5.87,3.25,8.3,9.11,10.39,10.83,SYNTHETIC_DEMO_CORRELATED_WITH_RAINFALL_REPLACE_WITH_NASA_SMAP_OR_ISRO_BHUVAN
PROD-0001816,2021-03-21,Kandri,Maharashtra,Nagpur,21.4125,79.266667,180.29,151.2,2.47,16,8.22,OFFICIAL_ANNUAL_PLAN,OFFICIAL_SAME_PERIOD,SYNTHETIC_DAILY_CALIBRATED_TO_PUBLIC_ANNUAL_REFERENCE,29.09,16.135,1,8.22,5.99,11.47,10.77,18.11,12.7,11.63,SYNTHETIC_DEMO_CORRELATED_WITH_RAINFALL_REPLACE_WITH_NASA_SMAP_OR_ISRO_BHUVAN
PROD-0001817,2021-03-22,Kandri,Maharashtra,Nagpur,21.4125,79.266667,161.32,131.9,2.09,0,0.0,OFFICIAL_ANNUAL_PLAN,OFFICIAL_SAME_PERIOD,SYNTHETIC_DAILY_CALIBRATED_TO_PUBLIC_ANNUAL_REFERENCE,29.42,18.237,1,8.22,4.56,11.47,12.65,17.47,14.9,12.43,SYNTHETIC_DEMO_CORRELATED_WITH_RAINFALL_REPLACE_WITH_NASA_SMAP_OR_ISRO_BHUVAN
PROD-0001818,2021-03-23,Kandri,Maharashtra,Nagpur,21.4125,79.266667,161.31,129.16,3.62,0,0.0,OFFICIAL_ANNUAL_PLAN,OFFICIAL_SAME_PERIOD,SYNTHETIC_DAILY_CALIBRATED_TO_PUBLIC_ANNUAL_REFERENCE,32.15,19.931,1,8.22,8.18,11.47,16.27,17.73,17.77,13.84,SYNTHETIC_DEMO_CORRELATED_WITH_RAINFALL_REPLACE_WITH_NASA_SMAP_OR_ISRO_BHUVAN
PROD-0001819,2021-03-24,Kandri,Maharashtra,Nagpur,21.4125,79.266667,181.14,153.62,1.08,0,0.0,OFFICIAL_ANNUAL_PLAN,OFFICIAL_SAME_PERIOD,SYNTHETIC_DAILY_CALIBRATED_TO_PUBLIC_ANNUAL_REFERENCE,27.52,15.193,1,0.0,6.79,8.22,15.13,17.05,17.42,14.51,SYNTHETIC_DEMO_CORRELATED_WITH_RAINFALL_REPLACE_WITH_NASA_SMAP_OR_ISRO_BHUVAN
PROD-0001820,2021-03-25,Kandri,Maharashtra,Nagpur,21.4125,79.266667,170.88,145.65,0.0,0,0.0,OFFICIAL_ANNUAL_PLAN,OFFICIAL_SAME_PERIOD,SYNTHETIC_DAILY_CALIBRATED_TO_PUBLIC_ANNUAL_REFERENCE,25.23,14.765,1,0.0,4.7,8.22,12.78,15.62,16.8,15.14,SYNTHETIC_DEMO_CORRELATED_WITH_RAINFALL_REPLACE_WITH_NASA_SMAP_OR_ISRO_BHUVAN
PROD-0001821,2021-03-26,Kandri,Maharashtra,Nagpur,21.4125,79.266667,203.83,168.6,0.0,0,0.0,OFFICIAL_ANNUAL_PLAN,OFFICIAL_SAME_PERIOD,SYNTHETIC_DAILY_CALIBRATED_TO_PUBLIC_ANNUAL_REFERENCE,35.23,17.284,1,0.0,1.08,8.22,9.26,14.27,15.65,15.62,SYNTHETIC_DEMO_CORRELATED_WITH_RAINFALL_REPLACE_WITH_NASA_SMAP_OR_ISRO_BHUVAN
PROD-0001822,2021-03-27,Kandri,Maharashtra,Nagpur,21.4125,79.266667,165.88,145.9,0.0,0,0.0,OFFICIAL_ANNUAL_PLAN,OFFICIAL_SAME_PERIOD,SYNTHETIC_DAILY_CALIBRATED_TO_PUBLIC_ANNUAL_REFERENCE,19.98,12.045,1,0.0,0.0,8.22,9.26,11.73,13.87,16.0,SYNTHETIC_DEMO_CORRELATED_WITH_RAINFALL_REPLACE_WITH_NASA_SMAP_OR_ISRO_BHUVAN
PROD-0001823,2021-03-28,Kandri,Maharashtra,Nagpur,21.4125,79.266667,176.42,148.64,3.17,0,0.0,OFFICIAL_ANNUAL_PLAN,OFFICIAL_SAME_PERIOD,SYNTHETIC_DAILY_CALIBRATED_TO_PUBLIC_ANNUAL_REFERENCE,27.78,15.747,1,0.0,3.17,0.0,9.96,13.2,13.07,15.3,SYNTHETIC_DEMO_CORRELATED_WITH_RAINFALL_REPLACE_WITH_NASA_SMAP_OR_ISRO_BHUVAN
PROD-0001824,2021-03-29,Kandri,Maharashtra,Nagpur,21.4125,79.266667,161.28,132.99,0.0,0,0.0,OFFICIAL_ANNUAL_PLAN,OFFICIAL_SAME_PERIOD,SYNTHETIC_DAILY_CALIBRATED_TO_PUBLIC_ANNUAL_REFERENCE,28.29,17.541,1,0.0,3.17,0.0,7.87,14.04,12.99,14.81,SYNTHETIC_DEMO_CORRELATED_WITH_RAINFALL_REPLACE_WITH_NASA_SMAP_OR_ISRO_BHUVAN
PROD-0001825,2021-03-30,Kandri,Maharashtra,Nagpur,21.4125,79.266667,175.77,154.77,1.99,0,0.0,OFFICIAL_ANNUAL_PLAN,OFFICIAL_SAME_PERIOD,SYNTHETIC_DAILY_CALIBRATED_TO_PUBLIC_ANNUAL_REFERENCE,21.0,11.947,1,0.0,5.16,0.0,6.24,12.95,13.4,14.12,SYNTHETIC_DEMO_CORRELATED_WITH_RAINFALL_REPLACE_WITH_NASA_SMAP_OR_ISRO_BHUVAN
PROD-0001826,2021-03-31,Kandri,Maharashtra,Nagpur,21.4125,79.266667,157.07,132.6,0.0,0,0.0,OFFICIAL_ANNUAL_PLAN,OFFICIAL_SAME_PERIOD,SYNTHETIC_DAILY_CALIBRATED_TO_PUBLIC_ANNUAL_REFERENCE,24.47,15.579,1,0.0,1.99,0.0,5.16,11.86,12.95,13.38,SYNTHETIC_DEMO_CORRELATED_WITH_RAINFALL_REPLACE_WITH_NASA_SMAP_OR_ISRO_BHUVAN
PROD-0000732,2022-04-01,Tirodi,Madhya Pradesh,Balaghat,21.685556,79.719167,298.84,306.2,2.06,0,2.38,OFFICIAL_ANNUAL_PLAN,OFFICIAL_SAME_PERIOD,SYNTHETIC_DAILY_CALIBRATED_TO_PUBLIC_ANNUAL_REFERENCE,0.0,0.0,0,2.38,2.06,2.38,2.06,26.9,26.9,26.9,SYNTHETIC_DEMO_CORRELATED_WITH_RAINFALL_REPLACE_WITH_NASA_SMAP_OR_ISRO_BHUVAN
PROD-0000733,2022-04-02,Tirodi,Madhya Pradesh,Balaghat,21.685556,79.719167,317.25,310.2,0.0,0,0.0,OFFICIAL_ANNUAL_PLAN,OFFICIAL_SAME_PERIOD,SYNTHETIC_DAILY_CALIBRATED_TO_PUBLIC_ANNUAL_REFERENCE,7.05,2.222,1,2.38,2.06,2.38,2.06,25.35,26.12,26.12,SYNTHETIC_DEMO_CORRELATED_WITH_RAINFALL_REPLACE_WITH_NASA_SMAP_OR_ISRO_BHUVAN
PROD-0000734,2022-04-03,Tirodi,Madhya Pradesh,Balaghat,21.685556,79.719167,308.48,322.41,0.0,0,0.0,OFFICIAL_ANNUAL_PLAN,OFFICIAL_SAME_PERIOD,SYNTHETIC_DAILY_CALIBRATED_TO_PUBLIC_ANNUAL_REFERENCE,0.0,0.0,0,2.38,2.06,2.38,2.06,24.05,25.43,25.43,SYNTHETIC_DEMO_CORRELATED_WITH_RAINFALL_REPLACE_WITH_NASA_SMAP_OR_ISRO_BHUVAN
PROD-0000735,2022-04-04,Tirodi,Madhya Pradesh,Balaghat,21.685556,79.719167,315.55,335.85,0.0,0,0.0,OFFICIAL_ANNUAL_PLAN,OFFICIAL_SAME_PERIOD,SYNTHETIC_DAILY_CALIBRATED_TO_PUBLIC_ANNUAL_REFERENCE,0.0,0.0,0,0.0,0.0,2.38,2.06,25.28,24.89,25.4,SYNTHETIC_DEMO_CORRELATED_WITH_RAINFALL_REPLACE_WITH_NASA_SMAP_OR_ISRO_BHUVAN
PROD-0000736,2022-04-05,Tirodi,Madhya Pradesh,Balaghat,21.685556,79.719167,306.17,311.25,2.59,0,0.0,OFFICIAL_ANNUAL_PLAN,OFFICIAL_SAME_PERIOD,SYNTHETIC_DAILY_CALIBRATED_TO_PUBLIC_ANNUAL_REFERENCE,0.0,0.0,0,0.0,2.59,2.38,4.65,23.53,24.29,25.02,SYNTHETIC_DEMO_CORRELATED_WITH_RAINFALL_REPLACE_WITH_NASA_SMAP_OR_ISRO_BHUVAN
PROD-0000737,2022-04-06,Tirodi,Madhya Pradesh,Balaghat,21.685556,79.719167,306.83,296.86,1.05,0,0.0,OFFICIAL_ANNUAL_PLAN,OFFICIAL_SAME_PERIOD,SYNTHETIC_DAILY_CALIBRATED_TO_PUBLIC_ANNUAL_REFERENCE,9.97,3.249,1,0.0,3.64,2.38,5.7,23.06,23.96,24.7,SYNTHETIC_DEMO_CORRELATED_WITH_RAINFALL_REPLACE_WITH_NASA_SMAP_OR_ISRO_BHUVAN
PROD-0000738,2022-04-07,Tirodi,Madhya Pradesh,Balaghat,21.685556,79.719167,306.88,310.52,1.25,0,0.0,OFFICIAL_ANNUAL_PLAN,OFFICIAL_SAME_PERIOD,SYNTHETIC_DAILY_CALIBRATED_TO_PUBLIC_ANNUAL_REFERENCE,0.0,0.0,0,0.0,4.89,2.38,6.95,21.92,22.84,24.3,SYNTHETIC_DEMO_CORRELATED_WITH_RAINFALL_REPLACE_WITH_NASA_SMAP_OR_ISRO_BHUVAN
PROD-0000739,2022-04-08,Tirodi,Madhya Pradesh,Balaghat,21.685556,79.719167,324.61,316.78,4.2,27,0.0,OFFICIAL_ANNUAL_PLAN,OFFICIAL_SAME_PERIOD,SYNTHETIC_DAILY_CALIBRATED_TO_PUBLIC_ANNUAL_REFERENCE,7.83,2.412,1,0.0,6.5,0.0,9.09,21.9,22.29,23.58,SYNTHETIC_DEMO_CORRELATED_WITH_RAINFALL_REPLACE_WITH_NASA_SMAP_OR_ISRO_BHUVAN
PROD-0000740,2022-04-09,Tirodi,Madhya Pradesh,Balaghat,21.685556,79.719167,305.09,303.77,4.99,0,0.0,OFFICIAL_ANNUAL_PLAN,OFFICIAL_SAME_PERIOD,SYNTHETIC_DAILY_CALIBRATED_TO_PUBLIC_ANNUAL_REFERENCE,1.32,0.433,1,0.0,10.44,0.0,14.08,21.35,21.72,23.01,SYNTHETIC_DEMO_CORRELATED_WITH_RAINFALL_REPLACE_WITH_NASA_SMAP_OR_ISRO_BHUVAN
PROD-0000741,2022-04-10,Tirodi,Madhya Pradesh,Balaghat,21.685556,79.719167,328.39,336.36,0.0,0,0.0,OFFICIAL_ANNUAL_PLAN,OFFICIAL_SAME_PERIOD,SYNTHETIC_DAILY_CALIBRATED_TO_PUBLIC_ANNUAL_REFERENCE,0.0,0.0,0,0.0,9.19,0.0,14.08,21.07,21.44,22.59,SYNTHETIC_DEMO_CORRELATED_WITH_RAINFALL_REPLACE_WITH_NASA_SMAP_OR_ISRO_BHUVAN
PROD-0000742,2022-04-11,Tirodi,Madhya Pradesh,Balaghat,21.685556,79.719167,304.52,313.97,0.0,0,0.0,OFFICIAL_ANNUAL_PLAN,OFFICIAL_SAME_PERIOD,SYNTHETIC_DAILY_CALIBRATED_TO_PUBLIC_ANNUAL_REFERENCE,0.0,0.0,0,0.0,4.99,0.0,14.08,20.28,20.9,21.87,SYNTHETIC_DEMO_CORRELATED_WITH_RAINFALL_REPLACE_WITH_NASA_SMAP_OR_ISRO_BHUVAN
PROD-0000743,2022-04-12,Tirodi,Madhya Pradesh,Balaghat,21.685556,79.719167,263.16,266.55,0.0,0,0.0,OFFICIAL_ANNUAL_PLAN,OFFICIAL_SAME_PERIOD,SYNTHETIC_DAILY_CALIBRATED_TO_PUBLIC_ANNUAL_REFERENCE,0.0,0.0,0,0.0,0.0,0.0,11.49,18.15,19.83,21.1,SYNTHETIC_DEMO_CORRELATED_WITH_RAINFALL_REPLACE_WITH_NASA_SMAP_OR_ISRO_BHUVAN
PROD-0000744,2022-04-13,Tirodi,Madhya Pradesh,Balaghat,21.685556,79.719167,328.82,319.87,4.55,0,0.0,OFFICIAL_ANNUAL_PLAN,OFFICIAL_SAME_PERIOD,SYNTHETIC_DAILY_CALIBRATED_TO_PUBLIC_ANNUAL_REFERENCE,8.95,2.722,1,0.0,4.55,0.0,14.99,16.09,18.17,20.11,SYNTHETIC_DEMO_CORRELATED_WITH_RAINFALL_REPLACE_WITH_NASA_SMAP_OR_ISRO_BHUVAN
PROD-0000745,2022-04-14,Tirodi,Madhya Pradesh,Balaghat,21.685556,79.719167,305.69,312.86,0.0,0,0.0,OFFICIAL_ANNUAL_PLAN,OFFICIAL_SAME_PERIOD,SYNTHETIC_DAILY_CALIBRATED_TO_PUBLIC_ANNUAL_REFERENCE,0.0,0.0,0,0.0,4.55,0.0,13.74,12.15,15.46,18.71,SYNTHETIC_DEMO_CORRELATED_WITH_RAINFALL_REPLACE_WITH_NASA_SMAP_OR_ISRO_BHUVAN
PROD-0000746,2022-04-15,Tirodi,Madhya Pradesh,Balaghat,21.685556,79.719167,316.72,316.83,0.65,0,0.75,OFFICIAL_ANNUAL_PLAN,OFFICIAL_SAME_PERIOD,SYNTHETIC_DAILY_CALIBRATED_TO_PUBLIC_ANNUAL_REFERENCE,0.0,0.0,0,0.75,5.2,0.75,10.19,11.78,13.34,17.27,SYNTHETIC_DEMO_CORRELATED_WITH_RAINFALL_REPLACE_WITH_NASA_SMAP_OR_ISRO_BHUVAN
PROD-0000747,2022-04-16,Tirodi,Madhya Pradesh,Balaghat,21.685556,79.719167,320.03,321.2,0.09,0,6.24,OFFICIAL_ANNUAL_PLAN,OFFICIAL_SAME_PERIOD,SYNTHETIC_DAILY_CALIBRATED_TO_PUBLIC_ANNUAL_REFERENCE,0.0,0.0,0,6.99,0.74,6.99,5.29,15.81,13.25,16.48,SYNTHETIC_DEMO_CORRELATED_WITH_RAINFALL_REPLACE_WITH_NASA_SMAP_OR_ISRO_BHUVAN
PROD-0000748,2022-04-17,Tirodi,Madhya Pradesh,Balaghat,21.685556,79.719167,332.08,346.72,0.17,59,0.0,OFFICIAL_ANNUAL_PLAN,OFFICIAL_SAME_PERIOD,SYNTHETIC_DAILY_CALIBRATED_TO_PUBLIC_ANNUAL_REFERENCE,0.0,0.0,0,6.99,0.91,6.99,5.46,13.04,13.54,15.33,SYNTHETIC_DEMO_CORRELATED_WITH_RAINFALL_REPLACE_WITH_NASA_SMAP_OR_ISRO_BHUVAN
PROD-0000749,2022-04-18,Tirodi,Madhya Pradesh,Balaghat,21.685556,79.719167,335.23,343.4,0.0,0,0.0,OFFICIAL_ANNUAL_PLAN,OFFICIAL_SAME_PERIOD,SYNTHETIC_DAILY_CALIBRATED_TO_PUBLIC_ANNUAL_REFERENCE,0.0,0.0,0,6.24,0.26,6.99,5.46,11.79,13.55,14.12,SYNTHETIC_DEMO_CORRELATED_WITH_RAINFALL_REPLACE_WITH_NASA_SMAP_OR_ISRO_BHUVAN
PROD-0000750,2022-04-19,Tirodi,Madhya Pradesh,Balaghat,21.685556,79.719167,309.54,288.84,7.65,0,0.0,OFFICIAL_ANNUAL_PLAN,OFFICIAL_SAME_PERIOD,SYNTHETIC_DAILY_CALIBRATED_TO_PUBLIC_ANNUAL_REFERENCE,20.7,6.687,1,0.0,7.82,6.99,13.11,11.14,11.99,13.11,SYNTHETIC_DEMO_CORRELATED_WITH_RAINFALL_REPLACE_WITH_NASA_SMAP_OR_ISRO_BHUVAN
PROD-0000751,2022-04-20,Tirodi,Madhya Pradesh,Balaghat,21.685556,79.719167,289.22,272.52,5.55,0,0.0,OFFICIAL_ANNUAL_PLAN,OFFICIAL_SAME_PERIOD,SYNTHETIC_DAILY_CALIBRATED_TO_PUBLIC_ANNUAL_REFERENCE,16.7,5.774,1,0.0,13.2,6.99,14.11,10.49,11.14,12.31,SYNTHETIC_DEMO_CORRELATED_WITH_RAINFALL_REPLACE_WITH_NASA_SMAP_OR_ISRO_BHUVAN
PROD-0000752,2022-04-21,Tirodi,Madhya Pradesh,Balaghat,21.685556,79.719167,290.96,277.87,3.28,0,13.45,OFFICIAL_ANNUAL_PLAN,OFFICIAL_SAME_PERIOD,SYNTHETIC_DAILY_CALIBRATED_TO_PUBLIC_ANNUAL_REFERENCE,13.09,4.499,1,13.45,16.48,20.44,17.39,21.65,14.43,13.67,SYNTHETIC_DEMO_CORRELATED_WITH_RAINFALL_REPLACE_WITH_NASA_SMAP_OR_ISRO_BHUVAN
PROD-0000753,2022-04-22,Tirodi,Madhya Pradesh,Balaghat,21.685556,79.719167,294.7,296.52,1.86,0,2.8,OFFICIAL_ANNUAL_PLAN,OFFICIAL_SAME_PERIOD,SYNTHETIC_DAILY_CALIBRATED_TO_PUBLIC_ANNUAL_REFERENCE,0.0,0.0,0,16.25,10.69,22.49,18.6,24.07,18.74,15.43,SYNTHETIC_DEMO_CORRELATED_WITH_RAINFALL_REPLACE_WITH_NASA_SMAP_OR_ISRO_BHUVAN
PROD-0000754,2022-04-23,Tirodi,Madhya Pradesh,Balaghat,21.685556,79.719167,342.42,328.08,0.92,48,0.0,OFFICIAL_ANNUAL_PLAN,OFFICIAL_SAME_PERIOD,SYNTHETIC_DAILY_CALIBRATED_TO_PUBLIC_ANNUAL_REFERENCE,14.34,4.188,1,16.25,6.06,16.25,19.43,21.91,22.54,16.3,SYNTHETIC_DEMO_CORRELATED_WITH_RAINFALL_REPLACE_WITH_NASA_SMAP_OR_ISRO_BHUVAN
PROD-0000755,2022-04-24,Tirodi,Madhya Pradesh,Balaghat,21.685556,79.719167,238.8,240.2,0.0,0,0.09,OFFICIAL_ANNUAL_PLAN,OFFICIAL_SAME_PERIOD,SYNTHETIC_DAILY_CALIBRATED_TO_PUBLIC_ANNUAL_REFERENCE,0.0,0.0,0,2.89,2.78,16.34,19.26,20.68,22.22,17.39,SYNTHETIC_DEMO_CORRELATED_WITH_RAINFALL_REPLACE_WITH_NASA_SMAP_OR_ISRO_BHUVAN
PROD-0000756,2022-04-25,Tirodi,Madhya Pradesh,Balaghat,21.685556,79.719167,265.37,270.85,0.0,0,0.0,OFFICIAL_ANNUAL_PLAN,OFFICIAL_SAME_PERIOD,SYNTHETIC_DAILY_CALIBRATED_TO_PUBLIC_ANNUAL_REFERENCE,0.0,0.0,0,0.09,0.92,16.34,19.26,20.14,20.91,18.58,SYNTHETIC_DEMO_CORRELATED_WITH_RAINFALL_REPLACE_WITH_NASA_SMAP_OR_ISRO_BHUVAN
PROD-0000757,2022-04-26,Tirodi,Madhya Pradesh,Balaghat,21.685556,79.719167,312.47,330.42,0.0,0,0.0,OFFICIAL_ANNUAL_PLAN,OFFICIAL_SAME_PERIOD,SYNTHETIC_DAILY_CALIBRATED_TO_PUBLIC_ANNUAL_REFERENCE,0.0,0.0,0,0.09,0.0,16.34,11.61,17.0,19.27,19.42,SYNTHETIC_DEMO_CORRELATED_WITH_RAINFALL_REPLACE_WITH_NASA_SMAP_OR_ISRO_BHUVAN
PROD-0000758,2022-04-27,Tirodi,Madhya Pradesh,Balaghat,21.685556,79.719167,342.84,324.7,2.46,0,0.0,OFFICIAL_ANNUAL_PLAN,OFFICIAL_SAME_PERIOD,SYNTHETIC_DAILY_CALIBRATED_TO_PUBLIC_ANNUAL_REFERENCE,18.14,5.291,1,0.0,2.46,16.34,8.52,15.29,17.48,20.11,SYNTHETIC_DEMO_CORRELATED_WITH_RAINFALL_REPLACE_WITH_NASA_SMAP_OR_ISRO_BHUVAN
PROD-0000759,2022-04-28,Tirodi,Madhya Pradesh,Balaghat,21.685556,79.719167,286.03,287.61,1.36,0,0.0,OFFICIAL_ANNUAL_PLAN,OFFICIAL_SAME_PERIOD,SYNTHETIC_DAILY_CALIBRATED_TO_PUBLIC_ANNUAL_REFERENCE,0.0,0.0,0,0.0,3.82,2.89,6.6,10.9,14.4,18.57,SYNTHETIC_DEMO_CORRELATED_WITH_RAINFALL_REPLACE_WITH_NASA_SMAP_OR_ISRO_BHUVAN
PROD-0000760,2022-04-29,Tirodi,Madhya Pradesh,Balaghat,21.685556,79.719167,270.38,272.1,1.99,0,6.45,OFFICIAL_ANNUAL_PLAN,OFFICIAL_SAME_PERIOD,SYNTHETIC_DAILY_CALIBRATED_TO_PUBLIC_ANNUAL_REFERENCE,0.0,0.0,0,6.45,5.81,6.54,6.73,16.43,14.21,17.48,SYNTHETIC_DEMO_CORRELATED_WITH_RAINFALL_REPLACE_WITH_NASA_SMAP_OR_ISRO_BHUVAN
PROD-0000761,2022-04-30,Tirodi,Madhya Pradesh,Balaghat,21.685556,79.719167,303.24,306.02,0.31,0,0.0,OFFICIAL_ANNUAL_PLAN,OFFICIAL_SAME_PERIOD,SYNTHETIC_DAILY_CALIBRATED_TO_PUBLIC_ANNUAL_REFERENCE,0.0,0.0,0,6.45,3.66,6.54,6.12,15.15,14.16,16.51,SYNTHETIC_DEMO_CORRELATED_WITH_RAINFALL_REPLACE_WITH_NASA_SMAP_OR_ISRO_BHUVAN
PROD-0000762,2022-05-01,Tirodi,Madhya Pradesh,Balaghat,21.685556,79.719167,297.24,287.55,1.69,38,0.0,OFFICIAL_ANNUAL_PLAN,OFFICIAL_SAME_PERIOD,SYNTHETIC_DAILY_CALIBRATED_TO_PUBLIC_ANNUAL_REFERENCE,9.69,3.26,1,6.45,3.99,6.45,7.81,15.75,15.78,15.81,SYNTHETIC_DEMO_CORRELATED_WITH_RAINFALL_REPLACE_WITH_NASA_SMAP_OR_ISRO_BHUVAN
PROD-0000763,2022-05-02,Tirodi,Madhya Pradesh,Balaghat,21.685556,79.719167,284.8,288.64,2.13,0,0.0,OFFICIAL_ANNUAL_PLAN,OFFICIAL_SAME_PERIOD,SYNTHETIC_DAILY_CALIBRATED_TO_PUBLIC_ANNUAL_REFERENCE,0.0,0.0,0,0.0,4.13,6.45,9.94,15.83,15.58,15.19,SYNTHETIC_DEMO_CORRELATED_WITH_RAINFALL_REPLACE_WITH_NASA_SMAP_OR_ISRO_BHUVAN
PROD-0000764,2022-05-03,Tirodi,Madhya Pradesh,Balaghat,21.685556,79.719167,278.23,287.58,0.0,19,0.0,OFFICIAL_ANNUAL_PLAN,OFFICIAL_SAME_PERIOD,SYNTHETIC_DAILY_CALIBRATED_TO_PUBLIC_ANNUAL_REFERENCE,0.0,0.0,0,0.0,3.82,6.45,9.94,13.0,14.86,14.62,SYNTHETIC_DEMO_CORRELATED_WITH_RAINFALL_REPLACE_WITH_NASA_SMAP_OR_ISRO_BHUVAN
PROD-0000765,2022-05-04,Tirodi,Madhya Pradesh,Balaghat,21.685556,79.719167,291.47,283.24,2.09,0,5.79,OFFICIAL_ANNUAL_PLAN,OFFICIAL_SAME_PERIOD,SYNTHETIC_DAILY_CALIBRATED_TO_PUBLIC_ANNUAL_REFERENCE,8.23,2.824,1,5.79,4.22,12.24,9.57,17.77,15.53,14.98,SYNTHETIC_DEMO_CORRELATED_WITH_RAINFALL_REPLACE_WITH_NASA_SMAP_OR_ISRO_BHUVAN
PROD-0000766,2022-05-05,Tirodi,Madhya Pradesh,Balaghat,21.685556,79.719167,293.41,298.52,0.0,0,0.0,OFFICIAL_ANNUAL_PLAN,OFFICIAL_SAME_PERIOD,SYNTHETIC_DAILY_CALIBRATED_TO_PUBLIC_ANNUAL_REFERENCE,0.0,0.0,0,5.79,2.09,12.24,8.21,16.56,15.78,15.78,SYNTHETIC_DEMO_CORRELATED_WITH_RAINFALL_REPLACE_WITH_NASA_SMAP_OR_ISRO_BHUVAN
PROD-0000767,2022-05-06,Tirodi,Madhya Pradesh,Balaghat,21.685556,79.719167,266.45,279.77,2.33,0,0.0,OFFICIAL_ANNUAL_PLAN,OFFICIAL_SAME_PERIOD,SYNTHETIC_DAILY_CALIBRATED_TO_PUBLIC_ANNUAL_REFERENCE,0.0,0.0,0,5.79,4.42,5.79,8.55,13.43,15.92,15.36,SYNTHETIC_DEMO_CORRELATED_WITH_RAINFALL_REPLACE_WITH_NASA_SMAP_OR_ISRO_BHUVAN
PROD-0000768,2022-05-07,Tirodi,Madhya Pradesh,Balaghat,21.685556,79.719167,292.46,316.16,0.52,0,0.0,OFFICIAL_ANNUAL_PLAN,OFFICIAL_SAME_PERIOD,SYNTHETIC_DAILY_CALIBRATED_TO_PUBLIC_ANNUAL_REFERENCE,0.0,0.0,0,0.0,2.85,5.79,8.76,13.03,14.34,15.05,SYNTHETIC_DEMO_CORRELATED_WITH_RAINFALL_REPLACE_WITH_NASA_SMAP_OR_ISRO_BHUVAN
PROD-0000769,2022-05-08,Tirodi,Madhya Pradesh,Balaghat,21.685556,79.719167,299.17,294.63,2.7,0,0.0,OFFICIAL_ANNUAL_PLAN,OFFICIAL_SAME_PERIOD,SYNTHETIC_DAILY_CALIBRATED_TO_PUBLIC_ANNUAL_REFERENCE,4.54,1.518,1,0.0,5.55,5.79,9.77,12.81,13.09,14.63,SYNTHETIC_DEMO_CORRELATED_WITH_RAINFALL_REPLACE_WITH_NASA_SMAP_OR_ISRO_BHUVAN
PROD-0000770,2022-05-09,Tirodi,Madhya Pradesh,Balaghat,21.685556,79.719167,288.51,298.94,1.75,0,0.0,OFFICIAL_ANNUAL_PLAN,OFFICIAL_SAME_PERIOD,SYNTHETIC_DAILY_CALIBRATED_TO_PUBLIC_ANNUAL_REFERENCE,0.0,0.0,0,0.0,4.97,5.79,9.39,12.44,12.76,14.15,SYNTHETIC_DEMO_CORRELATED_WITH_RAINFALL_REPLACE_WITH_NASA_SMAP_OR_ISRO_BHUVAN
PROD-0000771,2022-05-10,Tirodi,Madhya Pradesh,Balaghat,21.685556,79.719167,303.54,310.4,0.0,0,0.0,OFFICIAL_ANNUAL_PLAN,OFFICIAL_SAME_PERIOD,SYNTHETIC_DAILY_CALIBRATED_TO_PUBLIC_ANNUAL_REFERENCE,0.0,0.0,0,0.0,4.45,5.79,9.39,11.46,12.24,13.93,SYNTHETIC_DEMO_CORRELATED_WITH_RAINFALL_REPLACE_WITH_NASA_SMAP_OR_ISRO_BHUVAN
PROD-0000772,2022-05-11,Tirodi,Madhya Pradesh,Balaghat,21.685556,79.719167,269.88,270.34,1.75,0,0.0,OFFICIAL_ANNUAL_PLAN,OFFICIAL_SAME_PERIOD,SYNTHETIC_DAILY_CALIBRATED_TO_PUBLIC_ANNUAL_REFERENCE,0.0,0.0,0,0.0,3.5,0.0,9.05,10.03,11.31,12.82,SYNTHETIC_DEMO_CORRELATED_WITH_RAINFALL_REPLACE_WITH_NASA_SMAP_OR_ISRO_BHUVAN
PROD-0000773,2022-05-12,Tirodi,Madhya Pradesh,Balaghat,21.685556,79.719167,308.12,298.52,4.85,0,0.0,OFFICIAL_ANNUAL_PLAN,OFFICIAL_SAME_PERIOD,SYNTHETIC_DAILY_CALIBRATED_TO_PUBLIC_ANNUAL_REFERENCE,9.6,3.116,1,0.0,6.6,0.0,13.9,12.21,11.23,12.2,SYNTHETIC_DEMO_CORRELATED_WITH_RAINFALL_REPLACE_WITH_NASA_SMAP_OR_ISRO_BHUVAN
PROD-0000774,2022-05-13,Tirodi,Madhya Pradesh,Balaghat,21.685556,79.719167,292.57,296.07,0.0,0,0.0,OFFICIAL_ANNUAL_PLAN,OFFICIAL_SAME_PERIOD,SYNTHETIC_DAILY_CALIBRATED_TO_PUBLIC_ANNUAL_REFERENCE,0.0,0.0,0,0.0,6.6,0.0,11.57,9.44,10.56,11.63,SYNTHETIC_DEMO_CORRELATED_WITH_RAINFALL_REPLACE_WITH_NASA_SMAP_OR_ISRO_BHUVAN
PROD-0000775,2022-05-14,Tirodi,Madhya Pradesh,Balaghat,21.685556,79.719167,283.06,278.24,2.67,0,0.0,OFFICIAL_ANNUAL_PLAN,OFFICIAL_SAME_PERIOD,SYNTHETIC_DAILY_CALIBRATED_TO_PUBLIC_ANNUAL_REFERENCE,4.82,1.703,1,0.0,7.52,0.0,13.72,11.01,10.89,11.34,SYNTHETIC_DEMO_CORRELATED_WITH_RAINFALL_REPLACE_WITH_NASA_SMAP_OR_ISRO_BHUVAN
PROD-0000776,2022-05-15,Tirodi,Madhya Pradesh,Balaghat,21.685556,79.719167,285.08,287.43,0.14,0,0.0,OFFICIAL_ANNUAL_PLAN,OFFICIAL_SAME_PERIOD,SYNTHETIC_DAILY_CALIBRATED_TO_PUBLIC_ANNUAL_REFERENCE,0.0,0.0,0,0.0,2.81,0.0,11.16,9.75,10.07,10.91,SYNTHETIC_DEMO_CORRELATED_WITH_RAINFALL_REPLACE_WITH_NASA_SMAP_OR_ISRO_BHUVAN
PROD-0000777,2022-05-16,Tirodi,Madhya Pradesh,Balaghat,21.685556,79.719167,276.57,272.61,4.26,0,0.0,OFFICIAL_ANNUAL_PLAN,OFFICIAL_SAME_PERIOD,SYNTHETIC_DAILY_CALIBRATED_TO_PUBLIC_ANNUAL_REFERENCE,3.96,1.432,1,0.0,7.07,0.0,13.67,9.23,10.0,10.45,SYNTHETIC_DEMO_CORRELATED_WITH_RAINFALL_REPLACE_WITH_NASA_SMAP_OR_ISRO_BHUVAN
PROD-0000778,2022-05-17,Tirodi,Madhya Pradesh,Balaghat,21.685556,79.719167,316.04,310.17,1.86,0,35.44,OFFICIAL_ANNUAL_PLAN,OFFICIAL_SAME_PERIOD,SYNTHETIC_DAILY_CALIBRATED_TO_PUBLIC_ANNUAL_REFERENCE,5.87,1.857,1,35.44,6.26,35.44,15.53,38.03,19.0,14.24,SYNTHETIC_DEMO_CORRELATED_WITH_RAINFALL_REPLACE_WITH_NASA_SMAP_OR_ISRO_BHUVAN
PROD-0000779,2022-05-18,Tirodi,Madhya Pradesh,Balaghat,21.685556,79.719167,293.05,288.0,1.85,0,0.0,OFFICIAL_ANNUAL_PLAN,OFFICIAL_SAME_PERIOD,SYNTHETIC_DAILY_CALIBRATED_TO_PUBLIC_ANNUAL_REFERENCE,5.05,1.723,1,35.44,7.97,35.44,15.63,33.22,26.83,17.56,SYNTHETIC_DEMO_CORRELATED_WITH_RAINFALL_REPLACE_WITH_NASA_SMAP_OR_ISRO_BHUVAN
PROD-0000780,2022-05-19,Tirodi,Madhya Pradesh,Balaghat,21.685556,79.719167,339.79,338.97,0.0,0,0.0,OFFICIAL_ANNUAL_PLAN,OFFICIAL_SAME_PERIOD,SYNTHETIC_DAILY_CALIBRATED_TO_PUBLIC_ANNUAL_REFERENCE,0.82,0.241,1,35.44,3.71,35.44,10.78,27.19,32.81,19.7,SYNTHETIC_DEMO_CORRELATED_WITH_RAINFALL_REPLACE_WITH_NASA_SMAP_OR_ISRO_BHUVAN
PROD-0000781,2022-05-20,Tirodi,Madhya Pradesh,Balaghat,21.685556,79.719167,297.3,299.78,1.29,0,0.0,OFFICIAL_ANNUAL_PLAN,OFFICIAL_SAME_PERIOD,SYNTHETIC_DAILY_CALIBRATED_TO_PUBLIC_ANNUAL_REFERENCE,0.0,0.0,0,0.0,3.14,35.44,12.07,25.23,28.55,21.95,SYNTHETIC_DEMO_CORRELATED_WITH_RAINFALL_REPLACE_WITH_NASA_SMAP_OR_ISRO_BHUVAN
PROD-0000782,2022-05-21,Tirodi,Madhya Pradesh,Balaghat,21.685556,79.719167,287.05,297.91,3.64,0,26.11,OFFICIAL_ANNUAL_PLAN,OFFICIAL_SAME_PERIOD,SYNTHETIC_DAILY_CALIBRATED_TO_PUBLIC_ANNUAL_REFERENCE,0.0,0.0,0,26.11,4.93,61.55,13.04,46.46,32.96,27.02,SYNTHETIC_DEMO_CORRELATED_WITH_RAINFALL_REPLACE_WITH_NASA_SMAP_OR_ISRO_BHUVAN
PROD-0000783,2022-05-22,Tirodi,Madhya Pradesh,Balaghat,21.685556,79.719167,319.44,312.63,1.07,0,0.0,OFFICIAL_ANNUAL_PLAN,OFFICIAL_SAME_PERIOD,SYNTHETIC_DAILY_CALIBRATED_TO_PUBLIC_ANNUAL_REFERENCE,6.81,2.132,1,26.11,6.0,61.55,13.97,44.37,38.69,31.96,SYNTHETIC_DEMO_CORRELATED_WITH_RAINFALL_REPLACE_WITH_NASA_SMAP_OR_ISRO_BHUVAN
PROD-0000784,2022-05-23,Tirodi,Madhya Pradesh,Balaghat,21.685556,79.719167,318.96,308.59,0.96,0,22.87,OFFICIAL_ANNUAL_PLAN,OFFICIAL_SAME_PERIOD,SYNTHETIC_DAILY_CALIBRATED_TO_PUBLIC_ANNUAL_REFERENCE,10.37,3.251,1,48.98,5.67,84.42,10.67,59.64,50.16,39.16,SYNTHETIC_DEMO_CORRELATED_WITH_RAINFALL_REPLACE_WITH_NASA_SMAP_OR_ISRO_BHUVAN
PROD-0000785,2022-05-24,Tirodi,Madhya Pradesh,Balaghat,21.685556,79.719167,303.88,302.53,0.0,0,0.0,OFFICIAL_ANNUAL_PLAN,OFFICIAL_SAME_PERIOD,SYNTHETIC_DAILY_CALIBRATED_TO_PUBLIC_ANNUAL_REFERENCE,1.35,0.444,1,22.87,2.03,48.98,8.81,56.03,53.35,41.73,SYNTHETIC_DEMO_CORRELATED_WITH_RAINFALL_REPLACE_WITH_NASA_SMAP_OR_ISRO_BHUVAN
PROD-0000786,2022-05-25,Tirodi,Madhya Pradesh,Balaghat,21.685556,79.719167,270.97,285.0,0.0,0,0.0,OFFICIAL_ANNUAL_PLAN,OFFICIAL_SAME_PERIOD,SYNTHETIC_DAILY_CALIBRATED_TO_PUBLIC_ANNUAL_REFERENCE,0.0,0.0,0,22.87,0.96,48.98,6.96,52.36,56.01,44.47,SYNTHETIC_DEMO_CORRELATED_WITH_RAINFALL_REPLACE_WITH_NASA_SMAP_OR_ISRO_BHUVAN
PROD-0000787,2022-05-26,Tirodi,Madhya Pradesh,Balaghat,21.685556,79.719167,302.34,302.41,0.23,0,15.52,OFFICIAL_ANNUAL_PLAN,OFFICIAL_SAME_PERIOD,SYNTHETIC_DAILY_CALIBRATED_TO_PUBLIC_ANNUAL_REFERENCE,0.0,0.0,0,15.52,0.23,64.5,7.19,60.0,56.13,49.16,SYNTHETIC_DEMO_CORRELATED_WITH_RAINFALL_REPLACE_WITH_NASA_SMAP_OR_ISRO_BHUVAN
PROD-0000788,2022-05-27,Tirodi,Madhya Pradesh,Balaghat,21.685556,79.719167,299.39,295.89,0.0,0,0.0,OFFICIAL_ANNUAL_PLAN,OFFICIAL_SAME_PERIOD,SYNTHETIC_DAILY_CALIBRATED_TO_PUBLIC_ANNUAL_REFERENCE,3.5,1.169,1,15.52,0.23,64.5,5.9,57.29,56.55,53.74,SYNTHETIC_DEMO_CORRELATED_WITH_RAINFALL_REPLACE_WITH_NASA_SMAP_OR_ISRO_BHUVAN
PROD-0000789,2022-05-28,Tirodi,Madhya Pradesh,Balaghat,21.685556,79.719167,291.33,301.8,0.29,0,0.0,OFFICIAL_ANNUAL_PLAN,OFFICIAL_SAME_PERIOD,SYNTHETIC_DAILY_CALIBRATED_TO_PUBLIC_ANNUAL_REFERENCE,0.0,0.0,0,15.52,0.52,38.39,2.55,56.49,57.93,55.17,SYNTHETIC_DEMO_CORRELATED_WITH_RAINFALL_REPLACE_WITH_NASA_SMAP_OR_ISRO_BHUVAN
PROD-0000790,2022-05-29,Tirodi,Madhya Pradesh,Balaghat,21.685556,79.719167,299.67,290.81,0.0,90,0.0,OFFICIAL_ANNUAL_PLAN,OFFICIAL_SAME_PERIOD,SYNTHETIC_DAILY_CALIBRATED_TO_PUBLIC_ANNUAL_REFERENCE,8.86,2.957,1,0.0,0.29,38.39,1.48,53.3,55.69,56.44,SYNTHETIC_DEMO_CORRELATED_WITH_RAINFALL_REPLACE_WITH_NASA_SMAP_OR_ISRO_BHUVAN
PROD-0000791,2022-05-30,Tirodi,Madhya Pradesh,Balaghat,21.685556,79.719167,276.36,282.85,0.0,0,0.0,OFFICIAL_ANNUAL_PLAN,OFFICIAL_SAME_PERIOD,SYNTHETIC_DAILY_CALIBRATED_TO_PUBLIC_ANNUAL_REFERENCE,0.0,0.0,0,0.0,0.29,15.52,0.52,51.01,53.6,55.21,SYNTHETIC_DEMO_CORRELATED_WITH_RAINFALL_REPLACE_WITH_NASA_SMAP_OR_ISRO_BHUVAN
PROD-0000792,2022-05-31,Tirodi,Madhya Pradesh,Balaghat,21.685556,79.719167,282.66,272.42,2.38,0,16.06,OFFICIAL_ANNUAL_PLAN,OFFICIAL_SAME_PERIOD,SYNTHETIC_DAILY_CALIBRATED_TO_PUBLIC_ANNUAL_REFERENCE,10.24,3.623,1,16.06,2.38,31.58,2.9,60.0,54.77,55.78,SYNTHETIC_DEMO_CORRELATED_WITH_RAINFALL_REPLACE_WITH_NASA_SMAP_OR_ISRO_BHUVAN
PROD-0000793,2022-06-01,Tirodi,Madhya Pradesh,Balaghat,21.685556,79.719167,332.72,329.74,1.56,0,0.0,OFFICIAL_ANNUAL_PLAN,OFFICIAL_SAME_PERIOD,SYNTHETIC_DAILY_CALIBRATED_TO_PUBLIC_ANNUAL_REFERENCE,2.98,0.896,1,16.06,3.94,31.58,4.46,57.63,56.21,56.53,SYNTHETIC_DEMO_CORRELATED_WITH_RAINFALL_REPLACE_WITH_NASA_SMAP_OR_ISRO_BHUVAN
PROD-0000794,2022-06-02,Tirodi,Madhya Pradesh,Balaghat,21.685556,79.719167,331.37,324.59,2.17,0,0.0,OFFICIAL_ANNUAL_PLAN,OFFICIAL_SAME_PERIOD,SYNTHETIC_DAILY_CALIBRATED_TO_PUBLIC_ANNUAL_REFERENCE,6.78,2.046,1,16.06,6.11,16.06,6.4,54.89,57.51,55.8,SYNTHETIC_DEMO_CORRELATED_WITH_RAINFALL_REPLACE_WITH_NASA_SMAP_OR_ISRO_BHUVAN
PROD-0000795,2022-06-03,Tirodi,Madhya Pradesh,Balaghat,21.685556,79.719167,295.55,291.16,3.04,0,23.01,OFFICIAL_ANNUAL_PLAN,OFFICIAL_SAME_PERIOD,SYNTHETIC_DAILY_CALIBRATED_TO_PUBLIC_ANNUAL_REFERENCE,4.39,1.485,1,23.01,6.77,39.07,9.44,60.0,57.51,56.19,SYNTHETIC_DEMO_CORRELATED_WITH_RAINFALL_REPLACE_WITH_NASA_SMAP_OR_ISRO_BHUVAN
PROD-0000796,2022-06-04,Tirodi,Madhya Pradesh,Balaghat,21.685556,79.719167,268.62,265.14,0.13,15,8.88,OFFICIAL_ANNUAL_PLAN,OFFICIAL_SAME_PERIOD,SYNTHETIC_DAILY_CALIBRATED_TO_PUBLIC_ANNUAL_REFERENCE,3.48,1.296,1,31.89,5.34,47.95,9.28,60.0,58.3,56.69,SYNTHETIC_DEMO_CORRELATED_WITH_RAINFALL_REPLACE_WITH_NASA_SMAP_OR_ISRO_BHUVAN
PROD-0000797,2022-06-05,Tirodi,Madhya Pradesh,Balaghat,21.685556,79.719167,300.87,305.71,0.0,0,0.0,OFFICIAL_ANNUAL_PLAN,OFFICIAL_SAME_PERIOD,SYNTHETIC_DAILY_CALIBRATED_TO_PUBLIC_ANNUAL_REFERENCE,0.0,0.0,0,31.89,3.17,47.95,9.28,57.17,59.06,57.24,SYNTHETIC_DEMO_CORRELATED_WITH_RAINFALL_REPLACE_WITH_NASA_SMAP_OR_ISRO_BHUVAN
PROD-0000798,2022-06-06,Tirodi,Madhya Pradesh,Balaghat,21.685556,79.719167,298.4,290.77,1.83,0,12.9,OFFICIAL_ANNUAL_PLAN,OFFICIAL_SAME_PERIOD,SYNTHETIC_DAILY_CALIBRATED_TO_PUBLIC_ANNUAL_REFERENCE,7.63,2.557,1,21.78,1.96,60.85,11.11,60.0,59.06,58.53,SYNTHETIC_DEMO_CORRELATED_WITH_RAINFALL_REPLACE_WITH_NASA_SMAP_OR_ISRO_BHUVAN
PROD-0000799,2022-06-07,Tirodi,Madhya Pradesh,Balaghat,21.685556,79.719167,267.98,253.55,5.48,8,0.0,OFFICIAL_ANNUAL_PLAN,OFFICIAL_SAME_PERIOD,SYNTHETIC_DAILY_CALIBRATED_TO_PUBLIC_ANNUAL_REFERENCE,14.43,5.385,1,12.9,7.31,44.79,14.21,54.93,57.37,57.8,SYNTHETIC_DEMO_CORRELATED_WITH_RAINFALL_REPLACE_WITH_NASA_SMAP_OR_ISRO_BHUVAN
PROD-0000800,2022-06-08,Tirodi,Madhya Pradesh,Balaghat,21.685556,79.719167,322.62,322.64,0.08,48,5.31,OFFICIAL_ANNUAL_PLAN,OFFICIAL_SAME_PERIOD,SYNTHETIC_DAILY_CALIBRATED_TO_PUBLIC_ANNUAL_REFERENCE,0.0,0.0,0,18.21,7.39,50.1,12.73,57.54,57.49,57.79,SYNTHETIC_DEMO_CORRELATED_WITH_RAINFALL_REPLACE_WITH_NASA_SMAP_OR_ISRO_BHUVAN
PROD-0000801,2022-06-09,Tirodi,Madhya Pradesh,Balaghat,21.685556,79.719167,291.97,296.1,3.66,0,10.58,OFFICIAL_ANNUAL_PLAN,OFFICIAL_SAME_PERIOD,SYNTHETIC_DAILY_CALIBRATED_TO_PUBLIC_ANNUAL_REFERENCE,0.0,0.0,0,15.89,9.22,60.68,14.22,60.0,57.49,58.52,SYNTHETIC_DEMO_CORRELATED_WITH_RAINFALL_REPLACE_WITH_NASA_SMAP_OR_ISRO_BHUVAN
PROD-0000802,2022-06-10,Tirodi,Madhya Pradesh,Balaghat,21.685556,79.719167,322.6,321.89,0.4,0,26.8,OFFICIAL_ANNUAL_PLAN,OFFICIAL_SAME_PERIOD,SYNTHETIC_DAILY_CALIBRATED_TO_PUBLIC_ANNUAL_REFERENCE,0.71,0.22,1,42.69,4.14,64.47,11.58,60.0,59.18,58.52,SYNTHETIC_DEMO_CORRELATED_WITH_RAINFALL_REPLACE_WITH_NASA_SMAP_OR_ISRO_BHUVAN
PROD-0000803,2022-06-11,Tirodi,Madhya Pradesh,Balaghat,21.685556,79.719167,278.91,270.16,3.87,0,58.87,OFFICIAL_ANNUAL_PLAN,OFFICIAL_SAME_PERIOD,SYNTHETIC_DAILY_CALIBRATED_TO_PUBLIC_ANNUAL_REFERENCE,8.75,3.137,1,96.25,7.93,114.46,15.32,60.0,60.0,58.52,SYNTHETIC_DEMO_CORRELATED_WITH_RAINFALL_REPLACE_WITH_NASA_SMAP_OR_ISRO_BHUVAN
PROD-0000804,2022-06-12,Tirodi,Madhya Pradesh,Balaghat,21.685556,79.719167,308.96,292.56,0.24,12,15.77,OFFICIAL_ANNUAL_PLAN,OFFICIAL_SAME_PERIOD,SYNTHETIC_DAILY_CALIBRATED_TO_PUBLIC_ANNUAL_REFERENCE,16.4,5.308,1,101.44,4.51,130.23,15.56,60.0,60.0,58.92,SYNTHETIC_DEMO_CORRELATED_WITH_RAINFALL_REPLACE_WITH_NASA_SMAP_OR_ISRO_BHUVAN
PROD-0000805,2022-06-13,Tirodi,Madhya Pradesh,Balaghat,21.685556,79.719167,277.18,258.45,3.71,0,61.27,OFFICIAL_ANNUAL_PLAN,OFFICIAL_SAME_PERIOD,SYNTHETIC_DAILY_CALIBRATED_TO_PUBLIC_ANNUAL_REFERENCE,18.73,6.757,1,135.91,7.82,178.6,17.44,60.0,60.0,58.92,SYNTHETIC_DEMO_CORRELATED_WITH_RAINFALL_REPLACE_WITH_NASA_SMAP_OR_ISRO_BHUVAN
PROD-0000806,2022-06-14,Tirodi,Madhya Pradesh,Balaghat,21.685556,79.719167,282.48,285.15,0.21,0,14.33,OFFICIAL_ANNUAL_PLAN,OFFICIAL_SAME_PERIOD,SYNTHETIC_DAILY_CALIBRATED_TO_PUBLIC_ANNUAL_REFERENCE,0.0,0.0,0,91.37,4.16,192.93,12.17,60.0,60.0,59.65,SYNTHETIC_DEMO_CORRELATED_WITH_RAINFALL_REPLACE_WITH_NASA_SMAP_OR_ISRO_BHUVAN
PROD-0000807,2022-06-15,Tirodi,Madhya Pradesh,Balaghat,21.685556,79.719167,280.92,265.33,4.89,0,25.18,OFFICIAL_ANNUAL_PLAN,OFFICIAL_SAME_PERIOD,SYNTHETIC_DAILY_CALIBRATED_TO_PUBLIC_ANNUAL_REFERENCE,15.59,5.55,1,100.78,8.81,212.8,16.98,60.0,60.0,60.0,SYNTHETIC_DEMO_CORRELATED_WITH_RAINFALL_REPLACE_WITH_NASA_SMAP_OR_ISRO_BHUVAN
PROD-0000808,2022-06-16,Tirodi,Madhya Pradesh,Balaghat,21.685556,79.719167,315.43,316.66,0.18,0,12.27,OFFICIAL_ANNUAL_PLAN,OFFICIAL_SAME_PERIOD,SYNTHETIC_DAILY_CALIBRATED_TO_PUBLIC_ANNUAL_REFERENCE,0.0,0.0,0,51.78,5.28,214.49,13.5,60.0,60.0,60.0,SYNTHETIC_DEMO_CORRELATED_WITH_RAINFALL_REPLACE_WITH_NASA_SMAP_OR_ISRO_BHUVAN
PROD-0000809,2022-06-17,Tirodi,Madhya Pradesh,Balaghat,21.685556,79.719167,305.48,317.92,0.0,0,0.0,OFFICIAL_ANNUAL_PLAN,OFFICIAL_SAME_PERIOD,SYNTHETIC_DAILY_CALIBRATED_TO_PUBLIC_ANNUAL_REFERENCE,0.0,0.0,0,37.45,5.07,187.69,13.1,56.7,58.9,59.53,SYNTHETIC_DEMO_CORRELATED_WITH_RAINFALL_REPLACE_WITH_NASA_SMAP_OR_ISRO_BHUVAN
PROD-0000810,2022-06-18,Tirodi,Madhya Pradesh,Balaghat,21.685556,79.719167,317.17,319.66,0.49,0,0.0,OFFICIAL_ANNUAL_PLAN,OFFICIAL_SAME_PERIOD,SYNTHETIC_DAILY_CALIBRATED_TO_PUBLIC_ANNUAL_REFERENCE,0.0,0.0,0,12.27,0.67,128.82,9.72,51.88,56.19,58.37,SYNTHETIC_DEMO_CORRELATED_WITH_RAINFALL_REPLACE_WITH_NASA_SMAP_OR_ISRO_BHUVAN
PROD-0000811,2022-06-19,Tirodi,Madhya Pradesh,Balaghat,21.685556,79.719167,284.37,297.68,1.34,0,0.0,OFFICIAL_ANNUAL_PLAN,OFFICIAL_SAME_PERIOD,SYNTHETIC_DAILY_CALIBRATED_TO_PUBLIC_ANNUAL_REFERENCE,0.0,0.0,0,0.0,1.83,113.05,10.82,48.48,52.35,56.72,SYNTHETIC_DEMO_CORRELATED_WITH_RAINFALL_REPLACE_WITH_NASA_SMAP_OR_ISRO_BHUVAN
PROD-0000812,2022-06-20,Tirodi,Madhya Pradesh,Balaghat,21.685556,79.719167,285.12,274.57,7.0,27,23.74,OFFICIAL_ANNUAL_PLAN,OFFICIAL_SAME_PERIOD,SYNTHETIC_DAILY_CALIBRATED_TO_PUBLIC_ANNUAL_REFERENCE,10.55,3.7,1,23.74,8.83,75.52,14.11,60.0,53.45,56.72,SYNTHETIC_DEMO_CORRELATED_WITH_RAINFALL_REPLACE_WITH_NASA_SMAP_OR_ISRO_BHUVAN
PROD-0000813,2022-06-21,Tirodi,Madhya Pradesh,Balaghat,21.685556,79.719167,312.94,313.81,2.45,0,0.0,OFFICIAL_ANNUAL_PLAN,OFFICIAL_SAME_PERIOD,SYNTHETIC_DAILY_CALIBRATED_TO_PUBLIC_ANNUAL_REFERENCE,0.0,0.0,0,23.74,10.79,61.19,16.35,57.5,55.33,56.37,SYNTHETIC_DEMO_CORRELATED_WITH_RAINFALL_REPLACE_WITH_NASA_SMAP_OR_ISRO_BHUVAN
PROD-0000814,2022-06-22,Tirodi,Madhya Pradesh,Balaghat,21.685556,79.719167,286.52,291.74,0.97,90,4.83,OFFICIAL_ANNUAL_PLAN,OFFICIAL_SAME_PERIOD,SYNTHETIC_DAILY_CALIBRATED_TO_PUBLIC_ANNUAL_REFERENCE,0.0,0.0,0,28.57,10.42,40.84,12.43,60.0,59.17,56.37,SYNTHETIC_DEMO_CORRELATED_WITH_RAINFALL_REPLACE_WITH_NASA_SMAP_OR_ISRO_BHUVAN
PROD-0000815,2022-06-23,Tirodi,Madhya Pradesh,Balaghat,21.685556,79.719167,315.29,310.43,0.46,0,30.7,OFFICIAL_ANNUAL_PLAN,OFFICIAL_SAME_PERIOD,SYNTHETIC_DAILY_CALIBRATED_TO_PUBLIC_ANNUAL_REFERENCE,4.86,1.541,1,35.53,3.88,59.27,12.71,60.0,59.17,56.37,SYNTHETIC_DEMO_CORRELATED_WITH_RAINFALL_REPLACE_WITH_NASA_SMAP_OR_ISRO_BHUVAN
PROD-0000816,2022-06-24,Tirodi,Madhya Pradesh,Balaghat,21.685556,79.719167,262.49,257.03,3.94,16,0.0,OFFICIAL_ANNUAL_PLAN,OFFICIAL_SAME_PERIOD,SYNTHETIC_DAILY_CALIBRATED_TO_PUBLIC_ANNUAL_REFERENCE,5.46,2.08,1,35.53,5.37,59.27,16.65,54.32,58.11,56.03,SYNTHETIC_DEMO_CORRELATED_WITH_RAINFALL_REPLACE_WITH_NASA_SMAP_OR_ISRO_BHUVAN
PROD-0000817,2022-06-25,Tirodi,Madhya Pradesh,Balaghat,21.685556,79.719167,271.82,259.82,2.24,37,36.76,OFFICIAL_ANNUAL_PLAN,OFFICIAL_SAME_PERIOD,SYNTHETIC_DAILY_CALIBRATED_TO_PUBLIC_ANNUAL_REFERENCE,12.0,4.415,1,67.46,6.64,96.03,18.4,60.0,58.11,57.19,SYNTHETIC_DEMO_CORRELATED_WITH_RAINFALL_REPLACE_WITH_NASA_SMAP_OR_ISRO_BHUVAN
PROD-0000818,2022-06-26,Tirodi,Madhya Pradesh,Balaghat,21.685556,79.719167,288.85,294.41,0.0,0,0.0,OFFICIAL_ANNUAL_PLAN,OFFICIAL_SAME_PERIOD,SYNTHETIC_DAILY_CALIBRATED_TO_PUBLIC_ANNUAL_REFERENCE,0.0,0.0,0,36.76,6.18,96.03,17.06,56.24,56.85,58.29,SYNTHETIC_DEMO_CORRELATED_WITH_RAINFALL_REPLACE_WITH_NASA_SMAP_OR_ISRO_BHUVAN
PROD-0000819,2022-06-27,Tirodi,Madhya Pradesh,Balaghat,21.685556,79.719167,299.25,304.16,0.2,0,6.28,OFFICIAL_ANNUAL_PLAN,OFFICIAL_SAME_PERIOD,SYNTHETIC_DAILY_CALIBRATED_TO_PUBLIC_ANNUAL_REFERENCE,0.0,0.0,0,43.04,2.44,78.57,10.26,56.77,57.67,57.83,SYNTHETIC_DEMO_CORRELATED_WITH_RAINFALL_REPLACE_WITH_NASA_SMAP_OR_ISRO_BHUVAN
PROD-0000820,2022-06-28,Tirodi,Madhya Pradesh,Balaghat,21.685556,79.719167,285.55,290.26,0.62,0,0.0,OFFICIAL_ANNUAL_PLAN,OFFICIAL_SAME_PERIOD,SYNTHETIC_DAILY_CALIBRATED_TO_PUBLIC_ANNUAL_REFERENCE,0.0,0.0,0,6.28,0.82,78.57,8.43,55.1,56.04,57.49,SYNTHETIC_DEMO_CORRELATED_WITH_RAINFALL_REPLACE_WITH_NASA_SMAP_OR_ISRO_BHUVAN
PROD-0000821,2022-06-29,Tirodi,Madhya Pradesh,Balaghat,21.685556,79.719167,298.62,288.42,3.98,0,12.84,OFFICIAL_ANNUAL_PLAN,OFFICIAL_SAME_PERIOD,SYNTHETIC_DAILY_CALIBRATED_TO_PUBLIC_ANNUAL_REFERENCE,10.2,3.416,1,19.12,4.8,86.58,11.44,60.0,57.29,57.49,SYNTHETIC_DEMO_CORRELATED_WITH_RAINFALL_REPLACE_WITH_NASA_SMAP_OR_ISRO_BHUVAN
PROD-0000822,2022-06-30,Tirodi,Madhya Pradesh,Balaghat,21.685556,79.719167,268.89,271.6,1.22,0,0.0,OFFICIAL_ANNUAL_PLAN,OFFICIAL_SAME_PERIOD,SYNTHETIC_DAILY_CALIBRATED_TO_PUBLIC_ANNUAL_REFERENCE,0.0,0.0,0,12.84,5.82,55.88,12.2,54.39,56.5,56.69,SYNTHETIC_DEMO_CORRELATED_WITH_RAINFALL_REPLACE_WITH_NASA_SMAP_OR_ISRO_BHUVAN
PROD-0000823,2022-07-01,Tirodi,Madhya Pradesh,Balaghat,21.685556,79.719167,297.75,304.87,0.69,0,0.0,OFFICIAL_ANNUAL_PLAN,OFFICIAL_SAME_PERIOD,SYNTHETIC_DAILY_CALIBRATED_TO_PUBLIC_ANNUAL_REFERENCE,0.0,0.0,0,12.84,5.89,55.88,8.95,52.29,55.56,56.4,SYNTHETIC_DEMO_CORRELATED_WITH_RAINFALL_REPLACE_WITH_NASA_SMAP_OR_ISRO_BHUVAN
PROD-0000824,2022-07-02,Tirodi,Madhya Pradesh,Balaghat,21.685556,79.719167,305.92,308.47,3.67,0,14.75,OFFICIAL_ANNUAL_PLAN,OFFICIAL_SAME_PERIOD,SYNTHETIC_DAILY_CALIBRATED_TO_PUBLIC_ANNUAL_REFERENCE,0.0,0.0,0,14.75,5.58,33.87,10.38,60.0,55.56,56.4,SYNTHETIC_DEMO_CORRELATED_WITH_RAINFALL_REPLACE_WITH_NASA_SMAP_OR_ISRO_BHUVAN
PROD-0000825,2022-07-03,Tirodi,Madhya Pradesh,Balaghat,21.685556,79.719167,328.05,316.98,3.36,0,14.67,OFFICIAL_ANNUAL_PLAN,OFFICIAL_SAME_PERIOD,SYNTHETIC_DAILY_CALIBRATED_TO_PUBLIC_ANNUAL_REFERENCE,11.07,3.374,1,29.42,7.72,48.54,13.74,60.0,57.43,56.94,SYNTHETIC_DEMO_CORRELATED_WITH_RAINFALL_REPLACE_WITH_NASA_SMAP_OR_ISRO_BHUVAN
PROD-0000826,2022-07-04,Tirodi,Madhya Pradesh,Balaghat,21.685556,79.719167,256.37,258.02,1.02,29,1.02,OFFICIAL_ANNUAL_PLAN,OFFICIAL_SAME_PERIOD,SYNTHETIC_DAILY_CALIBRATED_TO_PUBLIC_ANNUAL_REFERENCE,0.0,0.0,0,30.44,8.05,43.28,14.56,60.0,60.0,57.4,SYNTHETIC_DEMO_CORRELATED_WITH_RAINFALL_REPLACE_WITH_NASA_SMAP_OR_ISRO_BHUVAN
PROD-0000827,2022-07-05,Tirodi,Madhya Pradesh,Balaghat,21.685556,79.719167,293.21,293.46,1.12,0,19.86,OFFICIAL_ANNUAL_PLAN,OFFICIAL_SAME_PERIOD,SYNTHETIC_DAILY_CALIBRATED_TO_PUBLIC_ANNUAL_REFERENCE,0.0,0.0,0,35.55,5.5,63.14,15.06,60.0,60.0,58.1,SYNTHETIC_DEMO_CORRELATED_WITH_RAINFALL_REPLACE_WITH_NASA_SMAP_OR_ISRO_BHUVAN
PROD-0000828,2022-07-06,Tirodi,Madhya Pradesh,Balaghat,21.685556,79.719167,260.0,259.54,1.8,0,18.39,OFFICIAL_ANNUAL_PLAN,OFFICIAL_SAME_PERIOD,SYNTHETIC_DAILY_CALIBRATED_TO_PUBLIC_ANNUAL_REFERENCE,0.46,0.177,1,39.27,3.94,68.69,12.88,60.0,60.0,58.1,SYNTHETIC_DEMO_CORRELATED_WITH_RAINFALL_REPLACE_WITH_NASA_SMAP_OR_ISRO_BHUVAN
PROD-0000829,2022-07-07,Tirodi,Madhya Pradesh,Balaghat,21.685556,79.719167,311.69,296.25,0.9,95,59.78,OFFICIAL_ANNUAL_PLAN,OFFICIAL_SAME_PERIOD,SYNTHETIC_DAILY_CALIBRATED_TO_PUBLIC_ANNUAL_REFERENCE,15.44,4.954,1,98.03,3.82,128.47,12.56,60.0,60.0,58.9,SYNTHETIC_DEMO_CORRELATED_WITH_RAINFALL_REPLACE_WITH_NASA_SMAP_OR_ISRO_BHUVAN
PROD-0000830,2022-07-08,Tirodi,Madhya Pradesh,Balaghat,21.685556,79.719167,301.0,300.96,0.45,13,0.0,OFFICIAL_ANNUAL_PLAN,OFFICIAL_SAME_PERIOD,SYNTHETIC_DAILY_CALIBRATED_TO_PUBLIC_ANNUAL_REFERENCE,0.04,0.013,1,78.17,3.15,128.47,12.32,58.31,59.44,59.76,SYNTHETIC_DEMO_CORRELATED_WITH_RAINFALL_REPLACE_WITH_NASA_SMAP_OR_ISRO_BHUVAN
PROD-0000831,2022-07-09,Tirodi,Madhya Pradesh,Balaghat,21.685556,79.719167,332.9,319.82,0.0,0,0.0,OFFICIAL_ANNUAL_PLAN,OFFICIAL_SAME_PERIOD,SYNTHETIC_DAILY_CALIBRATED_TO_PUBLIC_ANNUAL_REFERENCE,13.08,3.929,1,59.78,1.35,113.72,8.65,53.47,57.26,58.83,SYNTHETIC_DEMO_CORRELATED_WITH_RAINFALL_REPLACE_WITH_NASA_SMAP_OR_ISRO_BHUVAN
PROD-0000832,2022-07-10,Tirodi,Madhya Pradesh,Balaghat,21.685556,79.719167,293.93,299.46,0.75,0,12.46,OFFICIAL_ANNUAL_PLAN,OFFICIAL_SAME_PERIOD,SYNTHETIC_DAILY_CALIBRATED_TO_PUBLIC_ANNUAL_REFERENCE,0.0,0.0,0,12.46,1.2,111.51,6.04,59.57,57.12,58.76,SYNTHETIC_DEMO_CORRELATED_WITH_RAINFALL_REPLACE_WITH_NASA_SMAP_OR_ISRO_BHUVAN
PROD-0000833,2022-07-11,Tirodi,Madhya Pradesh,Balaghat,21.685556,79.719167,303.7,290.59,0.39,0,26.14,OFFICIAL_ANNUAL_PLAN,OFFICIAL_SAME_PERIOD,SYNTHETIC_DAILY_CALIBRATED_TO_PUBLIC_ANNUAL_REFERENCE,13.11,4.317,1,38.6,1.14,136.63,5.41,60.0,57.68,58.76,SYNTHETIC_DEMO_CORRELATED_WITH_RAINFALL_REPLACE_WITH_NASA_SMAP_OR_ISRO_BHUVAN
PROD-0000834,2022-07-12,Tirodi,Madhya Pradesh,Balaghat,21.685556,79.719167,299.91,270.11,2.7,0,23.5,OFFICIAL_ANNUAL_PLAN,OFFICIAL_SAME_PERIOD,SYNTHETIC_DAILY_CALIBRATED_TO_PUBLIC_ANNUAL_REFERENCE,29.8,9.936,1,62.1,3.84,140.27,6.99,60.0,59.86,58.76,SYNTHETIC_DEMO_CORRELATED_WITH_RAINFALL_REPLACE_WITH_NASA_SMAP_OR_ISRO_BHUVAN
PROD-0000835,2022-07-13,Tirodi,Madhya Pradesh,Balaghat,21.685556,79.719167,308.71,303.52,2.48,0,19.38,OFFICIAL_ANNUAL_PLAN,OFFICIAL_SAME_PERIOD,SYNTHETIC_DAILY_CALIBRATED_TO_PUBLIC_ANNUAL_REFERENCE,5.19,1.681,1,69.02,5.57,141.26,7.67,60.0,60.0,58.76,SYNTHETIC_DEMO_CORRELATED_WITH_RAINFALL_REPLACE_WITH_NASA_SMAP_OR_ISRO_BHUVAN
PROD-0000836,2022-07-14,Tirodi,Madhya Pradesh,Balaghat,21.685556,79.719167,270.69,266.56,0.13,0,8.67,OFFICIAL_ANNUAL_PLAN,OFFICIAL_SAME_PERIOD,SYNTHETIC_DAILY_CALIBRATED_TO_PUBLIC_ANNUAL_REFERENCE,4.13,1.526,1,51.55,5.31,90.15,6.9,60.0,60.0,58.76,SYNTHETIC_DEMO_CORRELATED_WITH_RAINFALL_REPLACE_WITH_NASA_SMAP_OR_ISRO_BHUVAN
PROD-0000837,2022-07-15,Tirodi,Madhya Pradesh,Balaghat,21.685556,79.719167,305.69,309.5,1.59,27,28.87,OFFICIAL_ANNUAL_PLAN,OFFICIAL_SAME_PERIOD,SYNTHETIC_DAILY_CALIBRATED_TO_PUBLIC_ANNUAL_REFERENCE,0.0,0.0,0,56.92,4.2,119.02,8.04,60.0,60.0,59.01,SYNTHETIC_DEMO_CORRELATED_WITH_RAINFALL_REPLACE_WITH_NASA_SMAP_OR_ISRO_BHUVAN
PROD-0000838,2022-07-16,Tirodi,Madhya Pradesh,Balaghat,21.685556,79.719167,322.21,326.76,0.78,47,36.86,OFFICIAL_ANNUAL_PLAN,OFFICIAL_SAME_PERIOD,SYNTHETIC_DAILY_CALIBRATED_TO_PUBLIC_ANNUAL_REFERENCE,0.0,0.0,0,74.4,2.5,155.88,8.82,60.0,60.0,59.94,SYNTHETIC_DEMO_CORRELATED_WITH_RAINFALL_REPLACE_WITH_NASA_SMAP_OR_ISRO_BHUVAN
PROD-0000839,2022-07-17,Tirodi,Madhya Pradesh,Balaghat,21.685556,79.719167,318.04,321.56,1.34,0,0.0,OFFICIAL_ANNUAL_PLAN,OFFICIAL_SAME_PERIOD,SYNTHETIC_DAILY_CALIBRATED_TO_PUBLIC_ANNUAL_REFERENCE,0.0,0.0,0,65.73,3.71,143.42,9.41,55.12,58.37,59.3,SYNTHETIC_DEMO_CORRELATED_WITH_RAINFALL_REPLACE_WITH_NASA_SMAP_OR_ISRO_BHUVAN
PROD-0000840,2022-07-18,Tirodi,Madhya Pradesh,Balaghat,21.685556,79.719167,308.99,316.72,0.24,0,16.01,OFFICIAL_ANNUAL_PLAN,OFFICIAL_SAME_PERIOD,SYNTHETIC_DAILY_CALIBRATED_TO_PUBLIC_ANNUAL_REFERENCE,0.0,0.0,0,52.87,2.36,133.29,9.26,60.0,58.37,59.3,SYNTHETIC_DEMO_CORRELATED_WITH_RAINFALL_REPLACE_WITH_NASA_SMAP_OR_ISRO_BHUVAN
PROD-0000841,2022-07-19,Tirodi,Madhya Pradesh,Balaghat,21.685556,79.719167,317.02,310.72,0.19,59,12.45,OFFICIAL_ANNUAL_PLAN,OFFICIAL_SAME_PERIOD,SYNTHETIC_DAILY_CALIBRATED_TO_PUBLIC_ANNUAL_REFERENCE,6.3,1.987,1,28.46,1.77,122.24,6.75,60.0,58.37,59.3,SYNTHETIC_DEMO_CORRELATED_WITH_RAINFALL_REPLACE_WITH_NASA_SMAP_OR_ISRO_BHUVAN
PROD-0000842,2022-07-20,Tirodi,Madhya Pradesh,Balaghat,21.685556,79.719167,321.38,327.27,0.7,0,0.0,OFFICIAL_ANNUAL_PLAN,OFFICIAL_SAME_PERIOD,SYNTHETIC_DAILY_CALIBRATED_TO_PUBLIC_ANNUAL_REFERENCE,0.0,0.0,0,28.46,1.13,102.86,4.97,57.22,59.07,58.91,SYNTHETIC_DEMO_CORRELATED_WITH_RAINFALL_REPLACE_WITH_NASA_SMAP_OR_ISRO_BHUVAN
PROD-0000843,2022-07-21,Tirodi,Madhya Pradesh,Balaghat,21.685556,79.719167,351.65,328.58,6.42,31,9.05,OFFICIAL_ANNUAL_PLAN,OFFICIAL_SAME_PERIOD,SYNTHETIC_DAILY_CALIBRATED_TO_PUBLIC_ANNUAL_REFERENCE,23.07,6.561,1,21.5,7.31,103.24,11.26,60.0,59.07,58.91,SYNTHETIC_DEMO_CORRELATED_WITH_RAINFALL_REPLACE_WITH_NASA_SMAP_OR_ISRO_BHUVAN
PROD-0000844,2022-07-22,Tirodi,Madhya Pradesh,Balaghat,21.685556,79.719167,307.95,309.39,1.52,0,0.0,OFFICIAL_ANNUAL_PLAN,OFFICIAL_SAME_PERIOD,SYNTHETIC_DAILY_CALIBRATED_TO_PUBLIC_ANNUAL_REFERENCE,0.0,0.0,0,9.05,8.64,74.37,11.19,58.47,58.56,58.69,SYNTHETIC_DEMO_CORRELATED_WITH_RAINFALL_REPLACE_WITH_NASA_SMAP_OR_ISRO_BHUVAN
PROD-0000845,2022-07-23,Tirodi,Madhya Pradesh,Balaghat,21.685556,79.719167,296.23,287.57,4.0,0,20.06,OFFICIAL_ANNUAL_PLAN,OFFICIAL_SAME_PERIOD,SYNTHETIC_DAILY_CALIBRATED_TO_PUBLIC_ANNUAL_REFERENCE,8.66,2.923,1,29.11,11.94,57.57,14.41,60.0,59.49,58.69,SYNTHETIC_DEMO_CORRELATED_WITH_RAINFALL_REPLACE_WITH_NASA_SMAP_OR_ISRO_BHUVAN
PROD-0000846,2022-07-24,Tirodi,Madhya Pradesh,Balaghat,21.685556,79.719167,322.47,323.8,0.06,79,4.05,OFFICIAL_ANNUAL_PLAN,OFFICIAL_SAME_PERIOD,SYNTHETIC_DAILY_CALIBRATED_TO_PUBLIC_ANNUAL_REFERENCE,0.0,0.0,0,24.11,5.58,61.62,13.13,57.48,58.65,59.02,SYNTHETIC_DEMO_CORRELATED_WITH_RAINFALL_REPLACE_WITH_NASA_SMAP_OR_ISRO_BHUVAN
PROD-0000847,2022-07-25,Tirodi,Madhya Pradesh,Balaghat,21.685556,79.719167,288.66,299.55,0.56,0,0.0,OFFICIAL_ANNUAL_PLAN,OFFICIAL_SAME_PERIOD,SYNTHETIC_DAILY_CALIBRATED_TO_PUBLIC_ANNUAL_REFERENCE,0.0,0.0,0,24.11,4.62,45.61,13.45,53.11,56.86,58.04,SYNTHETIC_DEMO_CORRELATED_WITH_RAINFALL_REPLACE_WITH_NASA_SMAP_OR_ISRO_BHUVAN
PROD-0000848,2022-07-26,Tirodi,Madhya Pradesh,Balaghat,21.685556,79.719167,276.94,257.11,3.68,0,33.05,OFFICIAL_ANNUAL_PLAN,OFFICIAL_SAME_PERIOD,SYNTHETIC_DAILY_CALIBRATED_TO_PUBLIC_ANNUAL_REFERENCE,19.83,7.16,1,37.1,4.3,66.21,16.94,60.0,56.86,58.04,SYNTHETIC_DEMO_CORRELATED_WITH_RAINFALL_REPLACE_WITH_NASA_SMAP_OR_ISRO_BHUVAN
PROD-0000849,2022-07-27,Tirodi,Madhya Pradesh,Balaghat,21.685556,79.719167,323.05,312.91,3.31,0,0.0,OFFICIAL_ANNUAL_PLAN,OFFICIAL_SAME_PERIOD,SYNTHETIC_DAILY_CALIBRATED_TO_PUBLIC_ANNUAL_REFERENCE,10.14,3.139,1,33.05,7.55,66.21,19.55,55.1,56.07,57.74,SYNTHETIC_DEMO_CORRELATED_WITH_RAINFALL_REPLACE_WITH_NASA_SMAP_OR_ISRO_BHUVAN
PROD-0000850,2022-07-28,Tirodi,Madhya Pradesh,Balaghat,21.685556,79.719167,267.93,259.83,0.29,0,19.41,OFFICIAL_ANNUAL_PLAN,OFFICIAL_SAME_PERIOD,SYNTHETIC_DAILY_CALIBRATED_TO_PUBLIC_ANNUAL_REFERENCE,8.1,3.023,1,52.46,7.28,76.57,13.42,60.0,58.37,57.74,SYNTHETIC_DEMO_CORRELATED_WITH_RAINFALL_REPLACE_WITH_NASA_SMAP_OR_ISRO_BHUVAN
PROD-0000851,2022-07-29,Tirodi,Madhya Pradesh,Balaghat,21.685556,79.719167,312.03,319.75,1.67,0,31.73,OFFICIAL_ANNUAL_PLAN,OFFICIAL_SAME_PERIOD,SYNTHETIC_DAILY_CALIBRATED_TO_PUBLIC_ANNUAL_REFERENCE,0.0,0.0,0,51.14,5.27,108.3,13.57,60.0,58.37,57.96,SYNTHETIC_DEMO_CORRELATED_WITH_RAINFALL_REPLACE_WITH_NASA_SMAP_OR_ISRO_BHUVAN
PROD-0000852,2022-07-30,Tirodi,Madhya Pradesh,Balaghat,21.685556,79.719167,273.61,278.14,0.21,0,13.69,OFFICIAL_ANNUAL_PLAN,OFFICIAL_SAME_PERIOD,SYNTHETIC_DAILY_CALIBRATED_TO_PUBLIC_ANNUAL_REFERENCE,0.0,0.0,0,64.83,2.17,101.93,9.78,60.0,60.0,57.96,SYNTHETIC_DEMO_CORRELATED_WITH_RAINFALL_REPLACE_WITH_NASA_SMAP_OR_ISRO_BHUVAN
PROD-0000853,2022-07-31,Tirodi,Madhya Pradesh,Balaghat,21.685556,79.719167,334.95,334.84,3.12,0,14.41,OFFICIAL_ANNUAL_PLAN,OFFICIAL_SAME_PERIOD,SYNTHETIC_DAILY_CALIBRATED_TO_PUBLIC_ANNUAL_REFERENCE,0.11,0.033,1,59.83,5.0,112.29,12.84,60.0,60.0,58.32,SYNTHETIC_DEMO_CORRELATED_WITH_RAINFALL_REPLACE_WITH_NASA_SMAP_OR_ISRO_BHUVAN
PROD-0000854,2022-08-01,Tirodi,Madhya Pradesh,Balaghat,21.685556,79.719167,281.81,276.5,4.38,0,0.0,OFFICIAL_ANNUAL_PLAN,OFFICIAL_SAME_PERIOD,SYNTHETIC_DAILY_CALIBRATED_TO_PUBLIC_ANNUAL_REFERENCE,5.31,1.884,1,28.1,7.71,112.29,16.66,57.16,59.05,58.89,SYNTHETIC_DEMO_CORRELATED_WITH_RAINFALL_REPLACE_WITH_NASA_SMAP_OR_ISRO_BHUVAN
PROD-0000855,2022-08-02,Tirodi,Madhya Pradesh,Balaghat,21.685556,79.719167,289.77,293.56,0.42,0,7.74,OFFICIAL_ANNUAL_PLAN,OFFICIAL_SAME_PERIOD,SYNTHETIC_DAILY_CALIBRATED_TO_PUBLIC_ANNUAL_REFERENCE,0.0,0.0,0,22.15,7.92,86.98,13.4,59.69,58.95,58.85,SYNTHETIC_DEMO_CORRELATED_WITH_RAINFALL_REPLACE_WITH_NASA_SMAP_OR_ISRO_BHUVAN
PROD-0000856,2022-08-03,Tirodi,Madhya Pradesh,Balaghat,21.685556,79.719167,297.9,312.79,2.16,31,4.36,OFFICIAL_ANNUAL_PLAN,OFFICIAL_SAME_PERIOD,SYNTHETIC_DAILY_CALIBRATED_TO_PUBLIC_ANNUAL_REFERENCE,0.0,0.0,0,12.1,6.96,91.34,12.25,60.0,58.95,59.55,SYNTHETIC_DEMO_CORRELATED_WITH_RAINFALL_REPLACE_WITH_NASA_SMAP_OR_ISRO_BHUVAN
PROD-0000857,2022-08-04,Tirodi,Madhya Pradesh,Balaghat,21.685556,79.719167,287.02,280.72,0.27,0,18.0,OFFICIAL_ANNUAL_PLAN,OFFICIAL_SAME_PERIOD,SYNTHETIC_DAILY_CALIBRATED_TO_PUBLIC_ANNUAL_REFERENCE,6.3,2.195,1,30.1,2.85,89.93,12.23,60.0,59.9,59.55,SYNTHETIC_DEMO_CORRELATED_WITH_RAINFALL_REPLACE_WITH_NASA_SMAP_OR_ISRO_BHUVAN
PROD-0000858,2022-08-05,Tirodi,Madhya Pradesh,Balaghat,21.685556,79.719167,297.05,313.02,0.69,0,0.0,OFFICIAL_ANNUAL_PLAN,OFFICIAL_SAME_PERIOD,SYNTHETIC_DAILY_CALIBRATED_TO_PUBLIC_ANNUAL_REFERENCE,0.0,0.0,0,22.36,3.12,58.2,11.25,56.04,58.68,58.98,SYNTHETIC_DEMO_CORRELATED_WITH_RAINFALL_REPLACE_WITH_NASA_SMAP_OR_ISRO_BHUVAN
PROD-0000859,2022-08-06,Tirodi,Madhya Pradesh,Balaghat,21.685556,79.719167,342.44,329.88,0.28,0,18.68,OFFICIAL_ANNUAL_PLAN,OFFICIAL_SAME_PERIOD,SYNTHETIC_DAILY_CALIBRATED_TO_PUBLIC_ANNUAL_REFERENCE,12.56,3.668,1,36.68,1.24,63.19,11.32,60.0,58.68,58.98,SYNTHETIC_DEMO_CORRELATED_WITH_RAINFALL_REPLACE_WITH_NASA_SMAP_OR_ISRO_BHUVAN
PROD-0000860,2022-08-07,Tirodi,Madhya Pradesh,Balaghat,21.685556,79.719167,304.99,309.33,1.72,0,0.0,OFFICIAL_ANNUAL_PLAN,OFFICIAL_SAME_PERIOD,SYNTHETIC_DAILY_CALIBRATED_TO_PUBLIC_ANNUAL_REFERENCE,0.0,0.0,0,18.68,2.69,48.78,9.92,56.79,57.61,58.53,SYNTHETIC_DEMO_CORRELATED_WITH_RAINFALL_REPLACE_WITH_NASA_SMAP_OR_ISRO_BHUVAN
PROD-0000861,2022-08-08,Tirodi,Madhya Pradesh,Balaghat,21.685556,79.719167,284.17,295.97,0.61,0,40.74,OFFICIAL_ANNUAL_PLAN,OFFICIAL_SAME_PERIOD,SYNTHETIC_DAILY_CALIBRATED_TO_PUBLIC_ANNUAL_REFERENCE,0.0,0.0,0,59.42,2.61,89.52,6.15,60.0,58.93,58.93,SYNTHETIC_DEMO_CORRELATED_WITH_RAINFALL_REPLACE_WITH_NASA_SMAP_OR_ISRO_BHUVAN
PROD-0000862,2022-08-09,Tirodi,Madhya Pradesh,Balaghat,21.685556,79.719167,298.89,285.38,3.5,16,0.0,OFFICIAL_ANNUAL_PLAN,OFFICIAL_SAME_PERIOD,SYNTHETIC_DAILY_CALIBRATED_TO_PUBLIC_ANNUAL_REFERENCE,13.51,4.52,1,40.74,5.83,81.78,9.23,54.8,57.2,58.23,SYNTHETIC_DEMO_CORRELATED_WITH_RAINFALL_REPLACE_WITH_NASA_SMAP_OR_ISRO_BHUVAN
PROD-0000863,2022-08-10,Tirodi,Madhya Pradesh,Balaghat,21.685556,79.719167,313.55,323.99,2.18,0,6.81,OFFICIAL_ANNUAL_PLAN,OFFICIAL_SAME_PERIOD,SYNTHETIC_DAILY_CALIBRATED_TO_PUBLIC_ANNUAL_REFERENCE,0.0,0.0,0,47.55,6.29,84.23,9.25,55.46,56.75,57.58,SYNTHETIC_DEMO_CORRELATED_WITH_RAINFALL_REPLACE_WITH_NASA_SMAP_OR_ISRO_BHUVAN
PROD-0000864,2022-08-11,Tirodi,Madhya Pradesh,Balaghat,21.685556,79.719167,314.33,308.85,1.25,0,28.6,OFFICIAL_ANNUAL_PLAN,OFFICIAL_SAME_PERIOD,SYNTHETIC_DAILY_CALIBRATED_TO_PUBLIC_ANNUAL_REFERENCE,5.48,1.743,1,35.41,6.93,94.83,10.23,60.0,56.75,57.58,SYNTHETIC_DEMO_CORRELATED_WITH_RAINFALL_REPLACE_WITH_NASA_SMAP_OR_ISRO_BHUVAN
PROD-0000865,2022-08-12,Tirodi,Madhya Pradesh,Balaghat,21.685556,79.719167,306.54,283.4,4.83,112,59.62,OFFICIAL_ANNUAL_PLAN,OFFICIAL_SAME_PERIOD,SYNTHETIC_DAILY_CALIBRATED_TO_PUBLIC_ANNUAL_REFERENCE,23.14,7.549,1,95.03,8.26,154.45,14.37,60.0,58.49,58.15,SYNTHETIC_DEMO_CORRELATED_WITH_RAINFALL_REPLACE_WITH_NASA_SMAP_OR_ISRO_BHUVAN
PROD-0000866,2022-08-13,Tirodi,Madhya Pradesh,Balaghat,21.685556,79.719167,257.37,241.71,4.59,0,46.6,OFFICIAL_ANNUAL_PLAN,OFFICIAL_SAME_PERIOD,SYNTHETIC_DAILY_CALIBRATED_TO_PUBLIC_ANNUAL_REFERENCE,15.66,6.085,1,134.82,10.67,182.37,18.68,60.0,60.0,58.15,SYNTHETIC_DEMO_CORRELATED_WITH_RAINFALL_REPLACE_WITH_NASA_SMAP_OR_ISRO_BHUVAN
PROD-0000867,2022-08-14,Tirodi,Madhya Pradesh,Balaghat,21.685556,79.719167,322.76,313.59,2.79,0,16.46,OFFICIAL_ANNUAL_PLAN,OFFICIAL_SAME_PERIOD,SYNTHETIC_DAILY_CALIBRATED_TO_PUBLIC_ANNUAL_REFERENCE,9.17,2.841,1,122.68,12.21,198.83,19.75,60.0,60.0,58.61,SYNTHETIC_DEMO_CORRELATED_WITH_RAINFALL_REPLACE_WITH_NASA_SMAP_OR_ISRO_BHUVAN
PROD-0000868,2022-08-15,Tirodi,Madhya Pradesh,Balaghat,21.685556,79.719167,279.48,284.53,0.0,86,0.0,OFFICIAL_ANNUAL_PLAN,OFFICIAL_SAME_PERIOD,SYNTHETIC_DAILY_CALIBRATED_TO_PUBLIC_ANNUAL_REFERENCE,0.0,0.0,0,63.06,7.38,158.09,19.14,57.17,59.06,58.2,SYNTHETIC_DEMO_CORRELATED_WITH_RAINFALL_REPLACE_WITH_NASA_SMAP_OR_ISRO_BHUVAN
PROD-0000869,2022-08-16,Tirodi,Madhya Pradesh,Balaghat,21.685556,79.719167,316.11,330.83,0.0,32,0.0,OFFICIAL_ANNUAL_PLAN,OFFICIAL_SAME_PERIOD,SYNTHETIC_DAILY_CALIBRATED_TO_PUBLIC_ANNUAL_REFERENCE,0.0,0.0,0,16.46,2.79,158.09,15.64,54.91,57.36,58.22,SYNTHETIC_DEMO_CORRELATED_WITH_RAINFALL_REPLACE_WITH_NASA_SMAP_OR_ISRO_BHUVAN
PROD-0000870,2022-08-17,Tirodi,Madhya Pradesh,Balaghat,21.685556,79.719167,299.92,289.06,3.97,12,27.03,OFFICIAL_ANNUAL_PLAN,OFFICIAL_SAME_PERIOD,SYNTHETIC_DAILY_CALIBRATED_TO_PUBLIC_ANNUAL_REFERENCE,10.86,3.621,1,27.03,3.97,178.31,17.43,60.0,57.36,58.87,SYNTHETIC_DEMO_CORRELATED_WITH_RAINFALL_REPLACE_WITH_NASA_SMAP_OR_ISRO_BHUVAN
PROD-0000871,2022-08-18,Tirodi,Madhya Pradesh,Balaghat,21.685556,79.719167,328.7,319.38,0.52,0,34.65,OFFICIAL_ANNUAL_PLAN,OFFICIAL_SAME_PERIOD,SYNTHETIC_DAILY_CALIBRATED_TO_PUBLIC_ANNUAL_REFERENCE,9.32,2.835,1,61.68,4.49,184.36,16.7,60.0,58.3,58.87,SYNTHETIC_DEMO_CORRELATED_WITH_RAINFALL_REPLACE_WITH_NASA_SMAP_OR_ISRO_BHUVAN
PROD-0000872,2022-08-19,Tirodi,Madhya Pradesh,Balaghat,21.685556,79.719167,269.69,280.7,0.0,0,0.0,OFFICIAL_ANNUAL_PLAN,OFFICIAL_SAME_PERIOD,SYNTHETIC_DAILY_CALIBRATED_TO_PUBLIC_ANNUAL_REFERENCE,0.0,0.0,0,61.68,4.49,124.74,11.87,55.05,58.35,58.16,SYNTHETIC_DEMO_CORRELATED_WITH_RAINFALL_REPLACE_WITH_NASA_SMAP_OR_ISRO_BHUVAN
PROD-0000873,2022-08-20,Tirodi,Madhya Pradesh,Balaghat,21.685556,79.719167,306.18,315.06,0.0,0,0.0,OFFICIAL_ANNUAL_PLAN,OFFICIAL_SAME_PERIOD,SYNTHETIC_DAILY_CALIBRATED_TO_PUBLIC_ANNUAL_REFERENCE,0.0,0.0,0,34.65,0.52,78.14,7.28,50.97,55.34,56.87,SYNTHETIC_DEMO_CORRELATED_WITH_RAINFALL_REPLACE_WITH_NASA_SMAP_OR_ISRO_BHUVAN
PROD-0000874,2022-08-21,Tirodi,Madhya Pradesh,Balaghat,21.685556,79.719167,276.65,266.25,0.14,0,9.05,OFFICIAL_ANNUAL_PLAN,OFFICIAL_SAME_PERIOD,SYNTHETIC_DAILY_CALIBRATED_TO_PUBLIC_ANNUAL_REFERENCE,10.4,3.759,1,9.05,0.14,70.73,4.63,56.64,54.22,56.39,SYNTHETIC_DEMO_CORRELATED_WITH_RAINFALL_REPLACE_WITH_NASA_SMAP_OR_ISRO_BHUVAN
PROD-0000875,2022-08-22,Tirodi,Madhya Pradesh,Balaghat,21.685556,79.719167,330.65,329.79,1.36,0,0.0,OFFICIAL_ANNUAL_PLAN,OFFICIAL_SAME_PERIOD,SYNTHETIC_DAILY_CALIBRATED_TO_PUBLIC_ANNUAL_REFERENCE,0.86,0.26,1,9.05,1.5,70.73,5.99,50.99,52.87,55.51,SYNTHETIC_DEMO_CORRELATED_WITH_RAINFALL_REPLACE_WITH_NASA_SMAP_OR_ISRO_BHUVAN
PROD-0000876,2022-08-23,Tirodi,Madhya Pradesh,Balaghat,21.685556,79.719167,289.68,299.81,0.0,0,0.0,OFFICIAL_ANNUAL_PLAN,OFFICIAL_SAME_PERIOD,SYNTHETIC_DAILY_CALIBRATED_TO_PUBLIC_ANNUAL_REFERENCE,0.0,0.0,0,9.05,1.5,70.73,5.99,48.6,52.08,54.61,SYNTHETIC_DEMO_CORRELATED_WITH_RAINFALL_REPLACE_WITH_NASA_SMAP_OR_ISRO_BHUVAN
PROD-0000877,2022-08-24,Tirodi,Madhya Pradesh,Balaghat,21.685556,79.719167,321.93,307.93,1.12,0,36.48,OFFICIAL_ANNUAL_PLAN,OFFICIAL_SAME_PERIOD,SYNTHETIC_DAILY_CALIBRATED_TO_PUBLIC_ANNUAL_REFERENCE,14.0,4.349,1,36.48,2.48,80.18,3.14,60.0,53.2,54.61,SYNTHETIC_DEMO_CORRELATED_WITH_RAINFALL_REPLACE_WITH_NASA_SMAP_OR_ISRO_BHUVAN
PROD-0000878,2022-08-25,Tirodi,Madhya Pradesh,Balaghat,21.685556,79.719167,312.31,320.7,0.14,0,9.14,OFFICIAL_ANNUAL_PLAN,OFFICIAL_SAME_PERIOD,SYNTHETIC_DAILY_CALIBRATED_TO_PUBLIC_ANNUAL_REFERENCE,0.0,0.0,0,45.62,1.26,54.67,2.76,60.0,56.2,54.61,SYNTHETIC_DEMO_CORRELATED_WITH_RAINFALL_REPLACE_WITH_NASA_SMAP_OR_ISRO_BHUVAN
PROD-0000879,2022-08-26,Tirodi,Madhya Pradesh,Balaghat,21.685556,79.719167,343.62,344.4,0.8,0,0.0,OFFICIAL_ANNUAL_PLAN,OFFICIAL_SAME_PERIOD,SYNTHETIC_DAILY_CALIBRATED_TO_PUBLIC_ANNUAL_REFERENCE,0.0,0.0,0,45.62,2.06,54.67,3.56,55.72,58.57,54.7,SYNTHETIC_DEMO_CORRELATED_WITH_RAINFALL_REPLACE_WITH_NASA_SMAP_OR_ISRO_BHUVAN
PROD-0000880,2022-08-27,Tirodi,Madhya Pradesh,Balaghat,21.685556,79.719167,290.22,301.54,2.42,0,0.0,OFFICIAL_ANNUAL_PLAN,OFFICIAL_SAME_PERIOD,SYNTHETIC_DAILY_CALIBRATED_TO_PUBLIC_ANNUAL_REFERENCE,0.0,0.0,0,9.14,3.36,54.67,5.98,53.27,56.33,55.03,SYNTHETIC_DEMO_CORRELATED_WITH_RAINFALL_REPLACE_WITH_NASA_SMAP_OR_ISRO_BHUVAN
PROD-0000881,2022-08-28,Tirodi,Madhya Pradesh,Balaghat,21.685556,79.719167,312.37,308.98,1.14,43,21.44,OFFICIAL_ANNUAL_PLAN,OFFICIAL_SAME_PERIOD,SYNTHETIC_DAILY_CALIBRATED_TO_PUBLIC_ANNUAL_REFERENCE,3.39,1.085,1,21.44,4.36,67.06,6.98,60.0,56.33,55.51,SYNTHETIC_DEMO_CORRELATED_WITH_RAINFALL_REPLACE_WITH_NASA_SMAP_OR_ISRO_BHUVAN
PROD-0000882,2022-08-29,Tirodi,Madhya Pradesh,Balaghat,21.685556,79.719167,302.43,306.66,1.55,0,0.0,OFFICIAL_ANNUAL_PLAN,OFFICIAL_SAME_PERIOD,SYNTHETIC_DAILY_CALIBRATED_TO_PUBLIC_ANNUAL_REFERENCE,0.0,0.0,0,21.44,5.11,67.06,7.17,56.43,56.57,56.29,SYNTHETIC_DEMO_CORRELATED_WITH_RAINFALL_REPLACE_WITH_NASA_SMAP_OR_ISRO_BHUVAN
PROD-0000883,2022-08-30,Tirodi,Madhya Pradesh,Balaghat,21.685556,79.719167,306.63,296.69,3.18,26,29.04,OFFICIAL_ANNUAL_PLAN,OFFICIAL_SAME_PERIOD,SYNTHETIC_DAILY_CALIBRATED_TO_PUBLIC_ANNUAL_REFERENCE,9.94,3.242,1,50.48,5.87,96.1,10.35,60.0,58.81,57.92,SYNTHETIC_DEMO_CORRELATED_WITH_RAINFALL_REPLACE_WITH_NASA_SMAP_OR_ISRO_BHUVAN
PROD-0000884,2022-08-31,Tirodi,Madhya Pradesh,Balaghat,21.685556,79.719167,330.92,331.74,2.12,0,0.0,OFFICIAL_ANNUAL_PLAN,OFFICIAL_SAME_PERIOD,SYNTHETIC_DAILY_CALIBRATED_TO_PUBLIC_ANNUAL_REFERENCE,0.0,0.0,0,29.04,6.85,59.62,11.35,55.79,57.41,57.32,SYNTHETIC_DEMO_CORRELATED_WITH_RAINFALL_REPLACE_WITH_NASA_SMAP_OR_ISRO_BHUVAN
PROD-0000885,2022-09-01,Tirodi,Madhya Pradesh,Balaghat,21.685556,79.719167,328.32,317.81,0.34,32,22.82,OFFICIAL_ANNUAL_PLAN,OFFICIAL_SAME_PERIOD,SYNTHETIC_DAILY_CALIBRATED_TO_PUBLIC_ANNUAL_REFERENCE,10.51,3.201,1,51.86,5.64,73.3,11.55,60.0,58.6,57.32,SYNTHETIC_DEMO_CORRELATED_WITH_RAINFALL_REPLACE_WITH_NASA_SMAP_OR_ISRO_BHUVAN
PROD-0000886,2022-09-02,Tirodi,Madhya Pradesh,Balaghat,21.685556,79.719167,295.51,280.96,2.14,0,35.13,OFFICIAL_ANNUAL_PLAN,OFFICIAL_SAME_PERIOD,SYNTHETIC_DAILY_CALIBRATED_TO_PUBLIC_ANNUAL_REFERENCE,14.55,4.924,1,57.95,4.6,108.43,12.89,60.0,58.6,57.93,SYNTHETIC_DEMO_CORRELATED_WITH_RAINFALL_REPLACE_WITH_NASA_SMAP_OR_ISRO_BHUVAN
PROD-0000887,2022-09-03,Tirodi,Madhya Pradesh,Balaghat,21.685556,79.719167,321.99,309.34,5.34,0,18.77,OFFICIAL_ANNUAL_PLAN,OFFICIAL_SAME_PERIOD,SYNTHETIC_DAILY_CALIBRATED_TO_PUBLIC_ANNUAL_REFERENCE,12.65,3.929,1,76.72,7.82,127.2,15.81,60.0,60.0,58.89,SYNTHETIC_DEMO_CORRELATED_WITH_RAINFALL_REPLACE_WITH_NASA_SMAP_OR_ISRO_BHUVAN
PROD-0000888,2022-09-04,Tirodi,Madhya Pradesh,Balaghat,21.685556,79.719167,300.81,288.68,3.58,0,9.86,OFFICIAL_ANNUAL_PLAN,OFFICIAL_SAME_PERIOD,SYNTHETIC_DAILY_CALIBRATED_TO_PUBLIC_ANNUAL_REFERENCE,12.13,4.032,1,63.76,11.06,115.62,18.25,60.0,60.0,58.89,SYNTHETIC_DEMO_CORRELATED_WITH_RAINFALL_REPLACE_WITH_NASA_SMAP_OR_ISRO_BHUVAN
PROD-0000889,2022-09-05,Tirodi,Madhya Pradesh,Balaghat,21.685556,79.719167,296.18,292.88,2.98,0,0.0,OFFICIAL_ANNUAL_PLAN,OFFICIAL_SAME_PERIOD,SYNTHETIC_DAILY_CALIBRATED_TO_PUBLIC_ANNUAL_REFERENCE,3.3,1.114,1,28.63,11.9,115.62,19.68,57.7,59.23,59.07,SYNTHETIC_DEMO_CORRELATED_WITH_RAINFALL_REPLACE_WITH_NASA_SMAP_OR_ISRO_BHUVAN
PROD-0000890,2022-09-06,Tirodi,Madhya Pradesh,Balaghat,21.685556,79.719167,283.96,278.63,0.68,0,45.62,OFFICIAL_ANNUAL_PLAN,OFFICIAL_SAME_PERIOD,SYNTHETIC_DAILY_CALIBRATED_TO_PUBLIC_ANNUAL_REFERENCE,5.33,1.877,1,55.48,7.24,132.2,17.18,60.0,59.23,59.07,SYNTHETIC_DEMO_CORRELATED_WITH_RAINFALL_REPLACE_WITH_NASA_SMAP_OR_ISRO_BHUVAN
PROD-0000891,2022-09-07,Tirodi,Madhya Pradesh,Balaghat,21.685556,79.719167,333.15,326.1,3.45,0,0.0,OFFICIAL_ANNUAL_PLAN,OFFICIAL_SAME_PERIOD,SYNTHETIC_DAILY_CALIBRATED_TO_PUBLIC_ANNUAL_REFERENCE,7.05,2.116,1,45.62,7.11,132.2,18.51,55.63,57.78,59.05,SYNTHETIC_DEMO_CORRELATED_WITH_RAINFALL_REPLACE_WITH_NASA_SMAP_OR_ISRO_BHUVAN
PROD-0000892,2022-09-08,Tirodi,Madhya Pradesh,Balaghat,21.685556,79.719167,296.38,302.02,1.45,0,0.0,OFFICIAL_ANNUAL_PLAN,OFFICIAL_SAME_PERIOD,SYNTHETIC_DAILY_CALIBRATED_TO_PUBLIC_ANNUAL_REFERENCE,0.0,0.0,0,45.62,5.58,109.38,19.62,53.25,56.29,58.08,SYNTHETIC_DEMO_CORRELATED_WITH_RAINFALL_REPLACE_WITH_NASA_SMAP_OR_ISRO_BHUVAN
PROD-0000893,2022-09-09,Tirodi,Madhya Pradesh,Balaghat,21.685556,79.719167,312.28,287.98,5.31,36,37.35,OFFICIAL_ANNUAL_PLAN,OFFICIAL_SAME_PERIOD,SYNTHETIC_DAILY_CALIBRATED_TO_PUBLIC_ANNUAL_REFERENCE,24.3,7.781,1,37.35,10.21,111.6,22.79,60.0,56.29,58.08,SYNTHETIC_DEMO_CORRELATED_WITH_RAINFALL_REPLACE_WITH_NASA_SMAP_OR_ISRO_BHUVAN
PROD-0000894,2022-09-10,Tirodi,Madhya Pradesh,Balaghat,21.685556,79.719167,295.49,306.62,0.06,0,3.7,OFFICIAL_ANNUAL_PLAN,OFFICIAL_SAME_PERIOD,SYNTHETIC_DAILY_CALIBRATED_TO_PUBLIC_ANNUAL_REFERENCE,0.0,0.0,0,41.05,6.82,96.53,17.51,59.33,57.53,57.99,SYNTHETIC_DEMO_CORRELATED_WITH_RAINFALL_REPLACE_WITH_NASA_SMAP_OR_ISRO_BHUVAN
PROD-0000895,2022-09-11,Tirodi,Madhya Pradesh,Balaghat,21.685556,79.719167,271.25,270.98,3.15,0,0.0,OFFICIAL_ANNUAL_PLAN,OFFICIAL_SAME_PERIOD,SYNTHETIC_DAILY_CALIBRATED_TO_PUBLIC_ANNUAL_REFERENCE,0.27,0.1,1,41.05,8.52,86.67,17.08,54.45,57.93,57.19,SYNTHETIC_DEMO_CORRELATED_WITH_RAINFALL_REPLACE_WITH_NASA_SMAP_OR_ISRO_BHUVAN
PROD-0000896,2022-09-12,Tirodi,Madhya Pradesh,Balaghat,21.685556,79.719167,285.52,293.03,0.14,0,9.27,OFFICIAL_ANNUAL_PLAN,OFFICIAL_SAME_PERIOD,SYNTHETIC_DAILY_CALIBRATED_TO_PUBLIC_ANNUAL_REFERENCE,0.0,0.0,0,12.97,3.35,95.94,14.24,59.22,57.67,57.41,SYNTHETIC_DEMO_CORRELATED_WITH_RAINFALL_REPLACE_WITH_NASA_SMAP_OR_ISRO_BHUVAN
PROD-0000897,2022-09-13,Tirodi,Madhya Pradesh,Balaghat,21.685556,79.719167,312.53,323.24,1.49,0,13.66,OFFICIAL_ANNUAL_PLAN,OFFICIAL_SAME_PERIOD,SYNTHETIC_DAILY_CALIBRATED_TO_PUBLIC_ANNUAL_REFERENCE,0.0,0.0,0,22.93,4.78,63.98,15.05,60.0,57.89,57.41,SYNTHETIC_DEMO_CORRELATED_WITH_RAINFALL_REPLACE_WITH_NASA_SMAP_OR_ISRO_BHUVAN
PROD-0000898,2022-09-14,Tirodi,Madhya Pradesh,Balaghat,21.685556,79.719167,289.71,291.8,2.65,0,23.95,OFFICIAL_ANNUAL_PLAN,OFFICIAL_SAME_PERIOD,SYNTHETIC_DAILY_CALIBRATED_TO_PUBLIC_ANNUAL_REFERENCE,0.0,0.0,0,46.88,4.28,87.93,14.25,60.0,59.74,58.04,SYNTHETIC_DEMO_CORRELATED_WITH_RAINFALL_REPLACE_WITH_NASA_SMAP_OR_ISRO_BHUVAN
PROD-0000899,2022-09-15,Tirodi,Madhya Pradesh,Balaghat,21.685556,79.719167,294.01,289.0,2.72,0,10.01,OFFICIAL_ANNUAL_PLAN,OFFICIAL_SAME_PERIOD,SYNTHETIC_DAILY_CALIBRATED_TO_PUBLIC_ANNUAL_REFERENCE,5.01,1.704,1,47.62,6.86,97.94,15.52,60.0,60.0,59.0,SYNTHETIC_DEMO_CORRELATED_WITH_RAINFALL_REPLACE_WITH_NASA_SMAP_OR_ISRO_BHUVAN
PROD-0000900,2022-09-16,Tirodi,Madhya Pradesh,Balaghat,21.685556,79.719167,326.88,331.69,2.12,14,26.66,OFFICIAL_ANNUAL_PLAN,OFFICIAL_SAME_PERIOD,SYNTHETIC_DAILY_CALIBRATED_TO_PUBLIC_ANNUAL_REFERENCE,0.0,0.0,0,60.62,7.49,87.25,12.33,60.0,60.0,59.0,SYNTHETIC_DEMO_CORRELATED_WITH_RAINFALL_REPLACE_WITH_NASA_SMAP_OR_ISRO_BHUVAN
PROD-0000901,2022-09-17,Tirodi,Madhya Pradesh,Balaghat,21.685556,79.719167,315.99,313.9,3.28,46,21.76,OFFICIAL_ANNUAL_PLAN,OFFICIAL_SAME_PERIOD,SYNTHETIC_DAILY_CALIBRATED_TO_PUBLIC_ANNUAL_REFERENCE,2.09,0.661,1,58.43,8.12,105.31,15.55,60.0,60.0,59.1,SYNTHETIC_DEMO_CORRELATED_WITH_RAINFALL_REPLACE_WITH_NASA_SMAP_OR_ISRO_BHUVAN
PROD-0000902,2022-09-18,Tirodi,Madhya Pradesh,Balaghat,21.685556,79.719167,309.21,314.67,1.49,0,0.0,OFFICIAL_ANNUAL_PLAN,OFFICIAL_SAME_PERIOD,SYNTHETIC_DAILY_CALIBRATED_TO_PUBLIC_ANNUAL_REFERENCE,0.0,0.0,0,48.42,6.89,105.31,13.89,57.13,59.04,59.48,SYNTHETIC_DEMO_CORRELATED_WITH_RAINFALL_REPLACE_WITH_NASA_SMAP_OR_ISRO_BHUVAN
PROD-0000903,2022-09-19,Tirodi,Madhya Pradesh,Balaghat,21.685556,79.719167,260.37,276.06,0.0,0,0.0,OFFICIAL_ANNUAL_PLAN,OFFICIAL_SAME_PERIOD,SYNTHETIC_DAILY_CALIBRATED_TO_PUBLIC_ANNUAL_REFERENCE,0.0,0.0,0,21.76,4.77,96.04,13.75,53.19,56.77,58.62,SYNTHETIC_DEMO_CORRELATED_WITH_RAINFALL_REPLACE_WITH_NASA_SMAP_OR_ISRO_BHUVAN
PROD-0000904,2022-09-20,Tirodi,Madhya Pradesh,Balaghat,21.685556,79.719167,266.86,265.71,2.26,0,22.48,OFFICIAL_ANNUAL_PLAN,OFFICIAL_SAME_PERIOD,SYNTHETIC_DAILY_CALIBRATED_TO_PUBLIC_ANNUAL_REFERENCE,1.15,0.431,1,22.48,3.75,104.86,14.52,60.0,56.77,58.62,SYNTHETIC_DEMO_CORRELATED_WITH_RAINFALL_REPLACE_WITH_NASA_SMAP_OR_ISRO_BHUVAN
PROD-0000905,2022-09-21,Tirodi,Madhya Pradesh,Balaghat,21.685556,79.719167,275.86,283.53,2.38,0,13.38,OFFICIAL_ANNUAL_PLAN,OFFICIAL_SAME_PERIOD,SYNTHETIC_DAILY_CALIBRATED_TO_PUBLIC_ANNUAL_REFERENCE,0.0,0.0,0,35.86,4.64,94.29,14.25,60.0,57.73,58.62,SYNTHETIC_DEMO_CORRELATED_WITH_RAINFALL_REPLACE_WITH_NASA_SMAP_OR_ISRO_BHUVAN
PROD-0000906,2022-09-22,Tirodi,Madhya Pradesh,Balaghat,21.685556,79.719167,325.64,307.69,4.67,25,10.98,OFFICIAL_ANNUAL_PLAN,OFFICIAL_SAME_PERIOD,SYNTHETIC_DAILY_CALIBRATED_TO_PUBLIC_ANNUAL_REFERENCE,17.95,5.512,1,46.84,9.31,95.26,16.2,60.0,60.0,58.62,SYNTHETIC_DEMO_CORRELATED_WITH_RAINFALL_REPLACE_WITH_NASA_SMAP_OR_ISRO_BHUVAN
PROD-0000907,2022-09-23,Tirodi,Madhya Pradesh,Balaghat,21.685556,79.719167,280.6,281.23,3.05,0,0.0,OFFICIAL_ANNUAL_PLAN,OFFICIAL_SAME_PERIOD,SYNTHETIC_DAILY_CALIBRATED_TO_PUBLIC_ANNUAL_REFERENCE,0.0,0.0,0,24.36,10.1,68.6,17.13,55.92,58.64,58.03,SYNTHETIC_DEMO_CORRELATED_WITH_RAINFALL_REPLACE_WITH_NASA_SMAP_OR_ISRO_BHUVAN
PROD-0000908,2022-09-24,Tirodi,Madhya Pradesh,Balaghat,21.685556,79.719167,329.71,316.34,1.28,80,39.3,OFFICIAL_ANNUAL_PLAN,OFFICIAL_SAME_PERIOD,SYNTHETIC_DAILY_CALIBRATED_TO_PUBLIC_ANNUAL_REFERENCE,13.37,4.055,1,50.28,9.0,86.14,15.13,60.0,58.64,58.03,SYNTHETIC_DEMO_CORRELATED_WITH_RAINFALL_REPLACE_WITH_NASA_SMAP_OR_ISRO_BHUVAN
PROD-0000909,2022-09-25,Tirodi,Madhya Pradesh,Balaghat,21.685556,79.719167,282.51,282.01,0.26,0,17.66,OFFICIAL_ANNUAL_PLAN,OFFICIAL_SAME_PERIOD,SYNTHETIC_DAILY_CALIBRATED_TO_PUBLIC_ANNUAL_REFERENCE,0.5,0.177,1,56.96,4.59,103.8,13.9,60.0,58.64,58.44,SYNTHETIC_DEMO_CORRELATED_WITH_RAINFALL_REPLACE_WITH_NASA_SMAP_OR_ISRO_BHUVAN
PROD-0000910,2022-09-26,Tirodi,Madhya Pradesh,Balaghat,21.685556,79.719167,296.31,285.57,1.03,27,68.47,OFFICIAL_ANNUAL_PLAN,OFFICIAL_SAME_PERIOD,SYNTHETIC_DAILY_CALIBRATED_TO_PUBLIC_ANNUAL_REFERENCE,10.74,3.625,1,125.43,2.57,172.27,14.93,60.0,60.0,59.42,SYNTHETIC_DEMO_CORRELATED_WITH_RAINFALL_REPLACE_WITH_NASA_SMAP_OR_ISRO_BHUVAN
PROD-0000911,2022-09-27,Tirodi,Madhya Pradesh,Balaghat,21.685556,79.719167,272.99,267.63,1.1,0,16.31,OFFICIAL_ANNUAL_PLAN,OFFICIAL_SAME_PERIOD,SYNTHETIC_DAILY_CALIBRATED_TO_PUBLIC_ANNUAL_REFERENCE,5.36,1.963,1,102.44,2.39,166.1,13.77,60.0,60.0,59.42,SYNTHETIC_DEMO_CORRELATED_WITH_RAINFALL_REPLACE_WITH_NASA_SMAP_OR_ISRO_BHUVAN
PROD-0000912,2022-09-28,Tirodi,Madhya Pradesh,Balaghat,21.685556,79.719167,275.57,261.19,4.05,0,33.16,OFFICIAL_ANNUAL_PLAN,OFFICIAL_SAME_PERIOD,SYNTHETIC_DAILY_CALIBRATED_TO_PUBLIC_ANNUAL_REFERENCE,14.38,5.218,1,117.94,6.18,185.88,15.44,60.0,60.0,59.42,SYNTHETIC_DEMO_CORRELATED_WITH_RAINFALL_REPLACE_WITH_NASA_SMAP_OR_ISRO_BHUVAN
PROD-0000913,2022-09-29,Tirodi,Madhya Pradesh,Balaghat,21.685556,79.719167,358.2,344.21,3.18,0,0.0,OFFICIAL_ANNUAL_PLAN,OFFICIAL_SAME_PERIOD,SYNTHETIC_DAILY_CALIBRATED_TO_PUBLIC_ANNUAL_REFERENCE,13.99,3.906,1,49.47,8.33,174.9,13.95,56.03,58.68,58.85,SYNTHETIC_DEMO_CORRELATED_WITH_RAINFALL_REPLACE_WITH_NASA_SMAP_OR_ISRO_BHUVAN
PROD-0000914,2022-09-30,Tirodi,Madhya Pradesh,Balaghat,21.685556,79.719167,350.03,348.89,3.42,0,4.47,OFFICIAL_ANNUAL_PLAN,OFFICIAL_SAME_PERIOD,SYNTHETIC_DAILY_CALIBRATED_TO_PUBLIC_ANNUAL_REFERENCE,1.14,0.326,1,37.63,10.65,179.37,14.32,55.95,57.33,58.85,SYNTHETIC_DEMO_CORRELATED_WITH_RAINFALL_REPLACE_WITH_NASA_SMAP_OR_ISRO_BHUVAN
PROD-0000915,2022-10-01,Tirodi,Madhya Pradesh,Balaghat,21.685556,79.719167,306.06,310.14,4.11,0,0.0,OFFICIAL_ANNUAL_PLAN,OFFICIAL_SAME_PERIOD,SYNTHETIC_DAILY_CALIBRATED_TO_PUBLIC_ANNUAL_REFERENCE,0.0,0.0,0,4.47,10.71,140.07,17.15,53.85,55.28,57.98,SYNTHETIC_DEMO_CORRELATED_WITH_RAINFALL_REPLACE_WITH_NASA_SMAP_OR_ISRO_BHUVAN
PROD-0000916,2022-10-02,Tirodi,Madhya Pradesh,Balaghat,21.685556,79.719167,307.27,319.68,0.0,0,0.0,OFFICIAL_ANNUAL_PLAN,OFFICIAL_SAME_PERIOD,SYNTHETIC_DAILY_CALIBRATED_TO_PUBLIC_ANNUAL_REFERENCE,0.0,0.0,0,4.47,7.53,122.41,16.89,50.89,53.56,56.67,SYNTHETIC_DEMO_CORRELATED_WITH_RAINFALL_REPLACE_WITH_NASA_SMAP_OR_ISRO_BHUVAN
PROD-0000917,2022-10-03,Tirodi,Madhya Pradesh,Balaghat,21.685556,79.719167,288.17,282.67,1.71,0,0.0,OFFICIAL_ANNUAL_PLAN,OFFICIAL_SAME_PERIOD,SYNTHETIC_DAILY_CALIBRATED_TO_PUBLIC_ANNUAL_REFERENCE,5.5,1.909,1,0.0,5.82,53.94,17.57,50.31,51.68,55.29,SYNTHETIC_DEMO_CORRELATED_WITH_RAINFALL_REPLACE_WITH_NASA_SMAP_OR_ISRO_BHUVAN
PROD-0000918,2022-10-04,Tirodi,Madhya Pradesh,Balaghat,21.685556,79.719167,297.3,296.85,3.39,0,0.0,OFFICIAL_ANNUAL_PLAN,OFFICIAL_SAME_PERIOD,SYNTHETIC_DAILY_CALIBRATED_TO_PUBLIC_ANNUAL_REFERENCE,0.45,0.151,1,0.0,5.1,37.63,19.86,44.79,48.66,53.12,SYNTHETIC_DEMO_CORRELATED_WITH_RAINFALL_REPLACE_WITH_NASA_SMAP_OR_ISRO_BHUVAN
PROD-0000919,2022-10-05,Tirodi,Madhya Pradesh,Balaghat,21.685556,79.719167,333.21,326.48,1.78,0,1.21,OFFICIAL_ANNUAL_PLAN,OFFICIAL_SAME_PERIOD,SYNTHETIC_DAILY_CALIBRATED_TO_PUBLIC_ANNUAL_REFERENCE,6.73,2.02,1,1.21,6.88,5.68,17.59,43.18,46.09,50.71,SYNTHETIC_DEMO_CORRELATED_WITH_RAINFALL_REPLACE_WITH_NASA_SMAP_OR_ISRO_BHUVAN
PROD-0000920,2022-10-06,Tirodi,Madhya Pradesh,Balaghat,21.685556,79.719167,315.42,304.33,2.51,104,8.56,OFFICIAL_ANNUAL_PLAN,OFFICIAL_SAME_PERIOD,SYNTHETIC_DAILY_CALIBRATED_TO_PUBLIC_ANNUAL_REFERENCE,11.09,3.516,1,9.77,7.68,14.24,16.92,47.04,45.0,49.43,SYNTHETIC_DEMO_CORRELATED_WITH_RAINFALL_REPLACE_WITH_NASA_SMAP_OR_ISRO_BHUVAN
PROD-0000921,2022-10-07,Tirodi,Madhya Pradesh,Balaghat,21.685556,79.719167,295.07,295.0,4.64,0,0.0,OFFICIAL_ANNUAL_PLAN,OFFICIAL_SAME_PERIOD,SYNTHETIC_DAILY_CALIBRATED_TO_PUBLIC_ANNUAL_REFERENCE,0.07,0.024,1,9.77,8.93,9.77,18.14,44.02,44.75,47.73,SYNTHETIC_DEMO_CORRELATED_WITH_RAINFALL_REPLACE_WITH_NASA_SMAP_OR_ISRO_BHUVAN
PROD-0000922,2022-10-08,Tirodi,Madhya Pradesh,Balaghat,21.685556,79.719167,291.37,290.26,1.72,0,20.16,OFFICIAL_ANNUAL_PLAN,OFFICIAL_SAME_PERIOD,SYNTHETIC_DAILY_CALIBRATED_TO_PUBLIC_ANNUAL_REFERENCE,1.11,0.381,1,28.72,8.87,29.93,15.75,60.0,50.35,48.6,SYNTHETIC_DEMO_CORRELATED_WITH_RAINFALL_REPLACE_WITH_NASA_SMAP_OR_ISRO_BHUVAN
PROD-0000923,2022-10-09,Tirodi,Madhya Pradesh,Balaghat,21.685556,79.719167,323.76,342.88,0.0,0,0.0,OFFICIAL_ANNUAL_PLAN,OFFICIAL_SAME_PERIOD,SYNTHETIC_DAILY_CALIBRATED_TO_PUBLIC_ANNUAL_REFERENCE,0.0,0.0,0,20.16,6.36,29.93,15.75,56.35,53.46,49.38,SYNTHETIC_DEMO_CORRELATED_WITH_RAINFALL_REPLACE_WITH_NASA_SMAP_OR_ISRO_BHUVAN
PROD-0000924,2022-10-10,Tirodi,Madhya Pradesh,Balaghat,21.685556,79.719167,317.35,334.23,0.12,0,8.11,OFFICIAL_ANNUAL_PLAN,OFFICIAL_SAME_PERIOD,SYNTHETIC_DAILY_CALIBRATED_TO_PUBLIC_ANNUAL_REFERENCE,0.0,0.0,0,28.27,1.84,38.04,14.16,60.0,58.78,50.77,SYNTHETIC_DEMO_CORRELATED_WITH_RAINFALL_REPLACE_WITH_NASA_SMAP_OR_ISRO_BHUVAN
PROD-0000925,2022-10-11,Tirodi,Madhya Pradesh,Balaghat,21.685556,79.719167,266.24,267.05,2.05,0,0.0,OFFICIAL_ANNUAL_PLAN,OFFICIAL_SAME_PERIOD,SYNTHETIC_DAILY_CALIBRATED_TO_PUBLIC_ANNUAL_REFERENCE,0.0,0.0,0,8.11,2.17,38.04,12.82,56.86,57.74,52.49,SYNTHETIC_DEMO_CORRELATED_WITH_RAINFALL_REPLACE_WITH_NASA_SMAP_OR_ISRO_BHUVAN
PROD-0000926,2022-10-12,Tirodi,Madhya Pradesh,Balaghat,21.685556,79.719167,280.46,271.23,3.44,0,0.0,OFFICIAL_ANNUAL_PLAN,OFFICIAL_SAME_PERIOD,SYNTHETIC_DAILY_CALIBRATED_TO_PUBLIC_ANNUAL_REFERENCE,9.23,3.291,1,8.11,5.61,36.83,14.48,52.85,56.57,53.87,SYNTHETIC_DEMO_CORRELATED_WITH_RAINFALL_REPLACE_WITH_NASA_SMAP_OR_ISRO_BHUVAN
PROD-0000927,2022-10-13,Tirodi,Madhya Pradesh,Balaghat,21.685556,79.719167,310.82,311.08,1.28,0,0.0,OFFICIAL_ANNUAL_PLAN,OFFICIAL_SAME_PERIOD,SYNTHETIC_DAILY_CALIBRATED_TO_PUBLIC_ANNUAL_REFERENCE,0.0,0.0,0,0.0,6.77,28.27,13.25,47.6,52.44,53.95,SYNTHETIC_DEMO_CORRELATED_WITH_RAINFALL_REPLACE_WITH_NASA_SMAP_OR_ISRO_BHUVAN
PROD-0000928,2022-10-14,Tirodi,Madhya Pradesh,Balaghat,21.685556,79.719167,301.42,304.91,0.78,0,0.0,OFFICIAL_ANNUAL_PLAN,OFFICIAL_SAME_PERIOD,SYNTHETIC_DAILY_CALIBRATED_TO_PUBLIC_ANNUAL_REFERENCE,0.0,0.0,0,0.0,5.5,28.27,9.39,43.11,47.85,53.82,SYNTHETIC_DEMO_CORRELATED_WITH_RAINFALL_REPLACE_WITH_NASA_SMAP_OR_ISRO_BHUVAN
PROD-0000929,2022-10-15,Tirodi,Madhya Pradesh,Balaghat,21.685556,79.719167,295.74,295.79,0.03,0,0.0,OFFICIAL_ANNUAL_PLAN,OFFICIAL_SAME_PERIOD,SYNTHETIC_DAILY_CALIBRATED_TO_PUBLIC_ANNUAL_REFERENCE,0.0,0.0,0,0.0,2.09,8.11,7.7,42.93,44.55,51.39,SYNTHETIC_DEMO_CORRELATED_WITH_RAINFALL_REPLACE_WITH_NASA_SMAP_OR_ISRO_BHUVAN
PROD-0000930,2022-10-16,Tirodi,Madhya Pradesh,Balaghat,21.685556,79.719167,323.08,329.89,0.08,0,5.57,OFFICIAL_ANNUAL_PLAN,OFFICIAL_SAME_PERIOD,SYNTHETIC_DAILY_CALIBRATED_TO_PUBLIC_ANNUAL_REFERENCE,0.0,0.0,0,5.57,0.89,13.68,7.78,47.02,44.35,50.05,SYNTHETIC_DEMO_CORRELATED_WITH_RAINFALL_REPLACE_WITH_NASA_SMAP_OR_ISRO_BHUVAN
PROD-0000931,2022-10-17,Tirodi,Madhya Pradesh,Balaghat,21.685556,79.719167,351.75,347.21,4.83,0,0.0,OFFICIAL_ANNUAL_PLAN,OFFICIAL_SAME_PERIOD,SYNTHETIC_DAILY_CALIBRATED_TO_PUBLIC_ANNUAL_REFERENCE,4.54,1.291,1,5.57,4.94,5.57,12.49,43.47,44.47,47.69,SYNTHETIC_DEMO_CORRELATED_WITH_RAINFALL_REPLACE_WITH_NASA_SMAP_OR_ISRO_BHUVAN
PROD-0000932,2022-10-18,Tirodi,Madhya Pradesh,Balaghat,21.685556,79.719167,305.28,301.99,2.74,0,9.28,OFFICIAL_ANNUAL_PLAN,OFFICIAL_SAME_PERIOD,SYNTHETIC_DAILY_CALIBRATED_TO_PUBLIC_ANNUAL_REFERENCE,3.29,1.078,1,14.85,7.65,14.85,13.18,50.09,46.86,46.72,SYNTHETIC_DEMO_CORRELATED_WITH_RAINFALL_REPLACE_WITH_NASA_SMAP_OR_ISRO_BHUVAN
PROD-0000933,2022-10-19,Tirodi,Madhya Pradesh,Balaghat,21.685556,79.719167,332.6,335.21,0.0,0,0.0,OFFICIAL_ANNUAL_PLAN,OFFICIAL_SAME_PERIOD,SYNTHETIC_DAILY_CALIBRATED_TO_PUBLIC_ANNUAL_REFERENCE,0.0,0.0,0,9.28,7.57,14.85,9.74,46.26,46.61,45.78,SYNTHETIC_DEMO_CORRELATED_WITH_RAINFALL_REPLACE_WITH_NASA_SMAP_OR_ISRO_BHUVAN
PROD-0000934,2022-10-20,Tirodi,Madhya Pradesh,Balaghat,21.685556,79.719167,301.55,304.04,1.76,13,2.96,OFFICIAL_ANNUAL_PLAN,OFFICIAL_SAME_PERIOD,SYNTHETIC_DAILY_CALIBRATED_TO_PUBLIC_ANNUAL_REFERENCE,0.0,0.0,0,12.24,4.5,17.81,10.22,44.4,46.92,45.33,SYNTHETIC_DEMO_CORRELATED_WITH_RAINFALL_REPLACE_WITH_NASA_SMAP_OR_ISRO_BHUVAN
PROD-0000935,2022-10-21,Tirodi,Madhya Pradesh,Balaghat,21.685556,79.719167,332.97,338.28,0.39,0,0.0,OFFICIAL_ANNUAL_PLAN,OFFICIAL_SAME_PERIOD,SYNTHETIC_DAILY_CALIBRATED_TO_PUBLIC_ANNUAL_REFERENCE,0.0,0.0,0,2.96,2.15,17.81,9.83,41.91,44.19,45.15,SYNTHETIC_DEMO_CORRELATED_WITH_RAINFALL_REPLACE_WITH_NASA_SMAP_OR_ISRO_BHUVAN
PROD-0000936,2022-10-22,Tirodi,Madhya Pradesh,Balaghat,21.685556,79.719167,281.25,281.23,0.0,0,0.0,OFFICIAL_ANNUAL_PLAN,OFFICIAL_SAME_PERIOD,SYNTHETIC_DAILY_CALIBRATED_TO_PUBLIC_ANNUAL_REFERENCE,0.02,0.007,1,2.96,2.15,17.81,9.8,41.58,42.63,44.96,SYNTHETIC_DEMO_CORRELATED_WITH_RAINFALL_REPLACE_WITH_NASA_SMAP_OR_ISRO_BHUVAN
PROD-0000937,2022-10-23,Tirodi,Madhya Pradesh,Balaghat,21.685556,79.719167,286.09,283.13,2.31,0,0.0,OFFICIAL_ANNUAL_PLAN,OFFICIAL_SAME_PERIOD,SYNTHETIC_DAILY_CALIBRATED_TO_PUBLIC_ANNUAL_REFERENCE,2.96,1.035,1,0.0,2.7,12.24,12.03,39.47,40.99,43.88,SYNTHETIC_DEMO_CORRELATED_WITH_RAINFALL_REPLACE_WITH_NASA_SMAP_OR_ISRO_BHUVAN
PROD-0000938,2022-10-24,Tirodi,Madhya Pradesh,Balaghat,21.685556,79.719167,284.83,275.19,1.55,0,0.0,OFFICIAL_ANNUAL_PLAN,OFFICIAL_SAME_PERIOD,SYNTHETIC_DAILY_CALIBRATED_TO_PUBLIC_ANNUAL_REFERENCE,9.64,3.384,1,0.0,3.86,12.24,8.75,37.07,39.37,42.97,SYNTHETIC_DEMO_CORRELATED_WITH_RAINFALL_REPLACE_WITH_NASA_SMAP_OR_ISRO_BHUVAN
PROD-0000939,2022-10-25,Tirodi,Madhya Pradesh,Balaghat,21.685556,79.719167,304.16,300.37,1.42,0,0.0,OFFICIAL_ANNUAL_PLAN,OFFICIAL_SAME_PERIOD,SYNTHETIC_DAILY_CALIBRATED_TO_PUBLIC_ANNUAL_REFERENCE,3.79,1.246,1,0.0,5.28,2.96,7.43,36.22,37.59,40.99,SYNTHETIC_DEMO_CORRELATED_WITH_RAINFALL_REPLACE_WITH_NASA_SMAP_OR_ISRO_BHUVAN
PROD-0000940,2022-10-26,Tirodi,Madhya Pradesh,Balaghat,21.685556,79.719167,294.12,295.29,2.73,14,0.0,OFFICIAL_ANNUAL_PLAN,OFFICIAL_SAME_PERIOD,SYNTHETIC_DAILY_CALIBRATED_TO_PUBLIC_ANNUAL_REFERENCE,0.0,0.0,0,0.0,5.7,2.96,10.16,33.56,35.62,39.17,SYNTHETIC_DEMO_CORRELATED_WITH_RAINFALL_REPLACE_WITH_NASA_SMAP_OR_ISRO_BHUVAN
PROD-0000941,2022-10-27,Tirodi,Madhya Pradesh,Balaghat,21.685556,79.719167,315.96,319.28,0.0,0,0.0,OFFICIAL_ANNUAL_PLAN,OFFICIAL_SAME_PERIOD,SYNTHETIC_DAILY_CALIBRATED_TO_PUBLIC_ANNUAL_REFERENCE,0.0,0.0,0,0.0,4.15,0.0,8.4,33.0,34.26,37.54,SYNTHETIC_DEMO_CORRELATED_WITH_RAINFALL_REPLACE_WITH_NASA_SMAP_OR_ISRO_BHUVAN
PROD-0000942,2022-10-28,Tirodi,Madhya Pradesh,Balaghat,21.685556,79.719167,315.62,307.37,3.15,0,0.0,OFFICIAL_ANNUAL_PLAN,OFFICIAL_SAME_PERIOD,SYNTHETIC_DAILY_CALIBRATED_TO_PUBLIC_ANNUAL_REFERENCE,8.25,2.614,1,0.0,5.88,0.0,11.16,31.85,32.8,36.11,SYNTHETIC_DEMO_CORRELATED_WITH_RAINFALL_REPLACE_WITH_NASA_SMAP_OR_ISRO_BHUVAN
PROD-0000943,2022-10-29,Tirodi,Madhya Pradesh,Balaghat,21.685556,79.719167,320.99,321.81,0.04,0,2.96,OFFICIAL_ANNUAL_PLAN,OFFICIAL_SAME_PERIOD,SYNTHETIC_DAILY_CALIBRATED_TO_PUBLIC_ANNUAL_REFERENCE,0.0,0.0,0,2.96,3.19,2.96,11.2,30.41,31.75,34.51,SYNTHETIC_DEMO_CORRELATED_WITH_RAINFALL_REPLACE_WITH_NASA_SMAP_OR_ISRO_BHUVAN
PROD-0000944,2022-10-30,Tirodi,Madhya Pradesh,Balaghat,21.685556,79.719167,312.31,323.51,1.86,0,17.27,OFFICIAL_ANNUAL_PLAN,OFFICIAL_SAME_PERIOD,SYNTHETIC_DAILY_CALIBRATED_TO_PUBLIC_ANNUAL_REFERENCE,0.0,0.0,0,20.23,5.05,20.23,10.75,46.37,36.21,35.5,SYNTHETIC_DEMO_CORRELATED_WITH_RAINFALL_REPLACE_WITH_NASA_SMAP_OR_ISRO_BHUVAN
PROD-0000945,2022-10-31,Tirodi,Madhya Pradesh,Balaghat,21.685556,79.719167,324.09,320.93,0.0,16,0.0,OFFICIAL_ANNUAL_PLAN,OFFICIAL_SAME_PERIOD,SYNTHETIC_DAILY_CALIBRATED_TO_PUBLIC_ANNUAL_REFERENCE,3.16,0.975,1,20.23,1.9,20.23,9.2,44.63,40.47,36.58,SYNTHETIC_DEMO_CORRELATED_WITH_RAINFALL_REPLACE_WITH_NASA_SMAP_OR_ISRO_BHUVAN
PROD-0000946,2022-11-01,Tirodi,Madhya Pradesh,Balaghat,21.685556,79.719167,311.01,314.27,0.0,0,0.0,OFFICIAL_ANNUAL_PLAN,OFFICIAL_SAME_PERIOD,SYNTHETIC_DAILY_CALIBRATED_TO_PUBLIC_ANNUAL_REFERENCE,0.0,0.0,0,17.27,1.86,20.23,7.78,42.22,44.41,37.43,SYNTHETIC_DEMO_CORRELATED_WITH_RAINFALL_REPLACE_WITH_NASA_SMAP_OR_ISRO_BHUVAN
PROD-0000947,2022-11-02,Tirodi,Madhya Pradesh,Balaghat,21.685556,79.719167,251.94,256.32,1.45,0,0.0,OFFICIAL_ANNUAL_PLAN,OFFICIAL_SAME_PERIOD,SYNTHETIC_DAILY_CALIBRATED_TO_PUBLIC_ANNUAL_REFERENCE,0.0,0.0,0,0.0,1.45,20.23,6.5,39.78,42.21,38.32,SYNTHETIC_DEMO_CORRELATED_WITH_RAINFALL_REPLACE_WITH_NASA_SMAP_OR_ISRO_BHUVAN
PROD-0000948,2022-11-03,Tirodi,Madhya Pradesh,Balaghat,21.685556,79.719167,303.88,318.57,0.0,0,0.0,OFFICIAL_ANNUAL_PLAN,OFFICIAL_SAME_PERIOD,SYNTHETIC_DAILY_CALIBRATED_TO_PUBLIC_ANNUAL_REFERENCE,0.0,0.0,0,0.0,1.45,20.23,6.5,37.4,39.8,38.95,SYNTHETIC_DEMO_CORRELATED_WITH_RAINFALL_REPLACE_WITH_NASA_SMAP_OR_ISRO_BHUVAN
PROD-0000949,2022-11-04,Tirodi,Madhya Pradesh,Balaghat,21.685556,79.719167,300.32,303.07,0.17,10,11.48,OFFICIAL_ANNUAL_PLAN,OFFICIAL_SAME_PERIOD,SYNTHETIC_DAILY_CALIBRATED_TO_PUBLIC_ANNUAL_REFERENCE,0.0,0.0,0,11.48,1.62,31.71,3.52,45.39,40.86,40.89,SYNTHETIC_DEMO_CORRELATED_WITH_RAINFALL_REPLACE_WITH_NASA_SMAP_OR_ISRO_BHUVAN
PROD-0000950,2022-11-05,Tirodi,Madhya Pradesh,Balaghat,21.685556,79.719167,304.25,305.46,1.48,0,0.0,OFFICIAL_ANNUAL_PLAN,OFFICIAL_SAME_PERIOD,SYNTHETIC_DAILY_CALIBRATED_TO_PUBLIC_ANNUAL_REFERENCE,0.0,0.0,0,11.48,1.65,28.75,4.96,43.66,42.15,42.78,SYNTHETIC_DEMO_CORRELATED_WITH_RAINFALL_REPLACE_WITH_NASA_SMAP_OR_ISRO_BHUVAN
PROD-0000951,2022-11-06,Tirodi,Madhya Pradesh,Balaghat,21.685556,79.719167,269.7,265.58,2.24,0,0.0,OFFICIAL_ANNUAL_PLAN,OFFICIAL_SAME_PERIOD,SYNTHETIC_DAILY_CALIBRATED_TO_PUBLIC_ANNUAL_REFERENCE,4.12,1.528,1,11.48,3.89,11.48,5.34,39.66,42.9,41.82,SYNTHETIC_DEMO_CORRELATED_WITH_RAINFALL_REPLACE_WITH_NASA_SMAP_OR_ISRO_BHUVAN
PROD-0000952,2022-11-07,Tirodi,Madhya Pradesh,Balaghat,21.685556,79.719167,274.28,261.1,1.61,15,0.0,OFFICIAL_ANNUAL_PLAN,OFFICIAL_SAME_PERIOD,SYNTHETIC_DAILY_CALIBRATED_TO_PUBLIC_ANNUAL_REFERENCE,13.18,4.805,1,0.0,5.33,11.48,6.95,37.25,40.19,40.77,SYNTHETIC_DEMO_CORRELATED_WITH_RAINFALL_REPLACE_WITH_NASA_SMAP_OR_ISRO_BHUVAN
PROD-0000953,2022-11-08,Tirodi,Madhya Pradesh,Balaghat,21.685556,79.719167,291.15,308.57,0.0,0,0.0,OFFICIAL_ANNUAL_PLAN,OFFICIAL_SAME_PERIOD,SYNTHETIC_DAILY_CALIBRATED_TO_PUBLIC_ANNUAL_REFERENCE,0.0,0.0,0,0.0,3.85,11.48,6.95,34.05,36.99,39.6,SYNTHETIC_DEMO_CORRELATED_WITH_RAINFALL_REPLACE_WITH_NASA_SMAP_OR_ISRO_BHUVAN
PROD-0000954,2022-11-09,Tirodi,Madhya Pradesh,Balaghat,21.685556,79.719167,316.47,306.8,2.65,0,0.0,OFFICIAL_ANNUAL_PLAN,OFFICIAL_SAME_PERIOD,SYNTHETIC_DAILY_CALIBRATED_TO_PUBLIC_ANNUAL_REFERENCE,9.67,3.056,1,0.0,4.26,11.48,8.15,33.1,34.8,38.64,SYNTHETIC_DEMO_CORRELATED_WITH_RAINFALL_REPLACE_WITH_NASA_SMAP_OR_ISRO_BHUVAN
PROD-0000955,2022-11-10,Tirodi,Madhya Pradesh,Balaghat,21.685556,79.719167,285.2,271.41,0.87,57,0.0,OFFICIAL_ANNUAL_PLAN,OFFICIAL_SAME_PERIOD,SYNTHETIC_DAILY_CALIBRATED_TO_PUBLIC_ANNUAL_REFERENCE,13.79,4.835,1,0.0,3.52,11.48,9.02,29.24,32.13,37.48,SYNTHETIC_DEMO_CORRELATED_WITH_RAINFALL_REPLACE_WITH_NASA_SMAP_OR_ISRO_BHUVAN
PROD-0000956,2022-11-11,Tirodi,Madhya Pradesh,Balaghat,21.685556,79.719167,306.17,306.34,0.46,0,0.0,OFFICIAL_ANNUAL_PLAN,OFFICIAL_SAME_PERIOD,SYNTHETIC_DAILY_CALIBRATED_TO_PUBLIC_ANNUAL_REFERENCE,0.0,0.0,0,0.0,3.98,0.0,9.31,28.12,30.15,35.01,SYNTHETIC_DEMO_CORRELATED_WITH_RAINFALL_REPLACE_WITH_NASA_SMAP_OR_ISRO_BHUVAN
PROD-0000957,2022-11-12,Tirodi,Madhya Pradesh,Balaghat,21.685556,79.719167,307.0,305.88,0.82,0,0.0,OFFICIAL_ANNUAL_PLAN,OFFICIAL_SAME_PERIOD,SYNTHETIC_DAILY_CALIBRATED_TO_PUBLIC_ANNUAL_REFERENCE,1.12,0.365,1,0.0,2.15,0.0,8.65,26.43,27.93,32.55,SYNTHETIC_DEMO_CORRELATED_WITH_RAINFALL_REPLACE_WITH_NASA_SMAP_OR_ISRO_BHUVAN
PROD-0000958,2022-11-13,Tirodi,Madhya Pradesh,Balaghat,21.685556,79.719167,288.5,279.22,1.44,0,0.0,OFFICIAL_ANNUAL_PLAN,OFFICIAL_SAME_PERIOD,SYNTHETIC_DAILY_CALIBRATED_TO_PUBLIC_ANNUAL_REFERENCE,9.28,3.217,1,0.0,2.72,0.0,7.85,24.24,26.26,30.35,SYNTHETIC_DEMO_CORRELATED_WITH_RAINFALL_REPLACE_WITH_NASA_SMAP_OR_ISRO_BHUVAN
PROD-0000959,2022-11-14,Tirodi,Madhya Pradesh,Balaghat,21.685556,79.719167,312.83,306.1,6.09,0,10.9,OFFICIAL_ANNUAL_PLAN,OFFICIAL_SAME_PERIOD,SYNTHETIC_DAILY_CALIBRATED_TO_PUBLIC_ANNUAL_REFERENCE,6.73,2.151,1,10.9,8.35,10.9,12.33,32.54,27.74,29.67,SYNTHETIC_DEMO_CORRELATED_WITH_RAINFALL_REPLACE_WITH_NASA_SMAP_OR_ISRO_BHUVAN
PROD-0000960,2022-11-15,Tirodi,Madhya Pradesh,Balaghat,21.685556,79.719167,345.8,356.58,1.49,0,5.71,OFFICIAL_ANNUAL_PLAN,OFFICIAL_SAME_PERIOD,SYNTHETIC_DAILY_CALIBRATED_TO_PUBLIC_ANNUAL_REFERENCE,0.0,0.0,0,16.61,9.02,16.61,13.82,36.26,31.01,29.99,SYNTHETIC_DEMO_CORRELATED_WITH_RAINFALL_REPLACE_WITH_NASA_SMAP_OR_ISRO_BHUVAN
PROD-0000961,2022-11-16,Tirodi,Madhya Pradesh,Balaghat,21.685556,79.719167,293.26,297.6,1.43,0,0.0,OFFICIAL_ANNUAL_PLAN,OFFICIAL_SAME_PERIOD,SYNTHETIC_DAILY_CALIBRATED_TO_PUBLIC_ANNUAL_REFERENCE,0.0,0.0,0,16.61,9.01,16.61,12.6,35.9,34.9,30.39,SYNTHETIC_DEMO_CORRELATED_WITH_RAINFALL_REPLACE_WITH_NASA_SMAP_OR_ISRO_BHUVAN
PROD-0000962,2022-11-17,Tirodi,Madhya Pradesh,Balaghat,21.685556,79.719167,280.27,271.07,0.92,0,7.28,OFFICIAL_ANNUAL_PLAN,OFFICIAL_SAME_PERIOD,SYNTHETIC_DAILY_CALIBRATED_TO_PUBLIC_ANNUAL_REFERENCE,9.2,3.283,1,12.99,3.84,23.89,12.65,40.34,37.5,31.98,SYNTHETIC_DEMO_CORRELATED_WITH_RAINFALL_REPLACE_WITH_NASA_SMAP_OR_ISRO_BHUVAN
PROD-0000963,2022-11-18,Tirodi,Madhya Pradesh,Balaghat,21.685556,79.719167,278.49,276.16,1.37,0,0.0,OFFICIAL_ANNUAL_PLAN,OFFICIAL_SAME_PERIOD,SYNTHETIC_DAILY_CALIBRATED_TO_PUBLIC_ANNUAL_REFERENCE,2.33,0.837,1,7.28,3.72,23.89,13.56,39.19,38.48,33.56,SYNTHETIC_DEMO_CORRELATED_WITH_RAINFALL_REPLACE_WITH_NASA_SMAP_OR_ISRO_BHUVAN
PROD-0000964,2022-11-19,Tirodi,Madhya Pradesh,Balaghat,21.685556,79.719167,282.76,258.92,3.83,0,0.0,OFFICIAL_ANNUAL_PLAN,OFFICIAL_SAME_PERIOD,SYNTHETIC_DAILY_CALIBRATED_TO_PUBLIC_ANNUAL_REFERENCE,23.84,8.431,1,7.28,6.12,23.89,16.57,37.6,39.04,35.15,SYNTHETIC_DEMO_CORRELATED_WITH_RAINFALL_REPLACE_WITH_NASA_SMAP_OR_ISRO_BHUVAN
PROD-0000965,2022-11-20,Tirodi,Madhya Pradesh,Balaghat,21.685556,79.719167,304.99,312.26,0.55,0,0.0,OFFICIAL_ANNUAL_PLAN,OFFICIAL_SAME_PERIOD,SYNTHETIC_DAILY_CALIBRATED_TO_PUBLIC_ANNUAL_REFERENCE,0.0,0.0,0,0.0,5.75,23.89,15.68,34.45,37.08,36.61,SYNTHETIC_DEMO_CORRELATED_WITH_RAINFALL_REPLACE_WITH_NASA_SMAP_OR_ISRO_BHUVAN
PROD-0000966,2022-11-21,Tirodi,Madhya Pradesh,Balaghat,21.685556,79.719167,279.09,286.09,0.0,0,0.0,OFFICIAL_ANNUAL_PLAN,OFFICIAL_SAME_PERIOD,SYNTHETIC_DAILY_CALIBRATED_TO_PUBLIC_ANNUAL_REFERENCE,0.0,0.0,0,0.0,4.38,12.99,9.59,31.86,34.64,36.51,SYNTHETIC_DEMO_CORRELATED_WITH_RAINFALL_REPLACE_WITH_NASA_SMAP_OR_ISRO_BHUVAN
PROD-0000967,2022-11-22,Tirodi,Madhya Pradesh,Balaghat,21.685556,79.719167,274.96,284.71,0.0,0,0.0,OFFICIAL_ANNUAL_PLAN,OFFICIAL_SAME_PERIOD,SYNTHETIC_DAILY_CALIBRATED_TO_PUBLIC_ANNUAL_REFERENCE,0.0,0.0,0,0.0,0.55,7.28,8.1,30.43,32.25,35.68,SYNTHETIC_DEMO_CORRELATED_WITH_RAINFALL_REPLACE_WITH_NASA_SMAP_OR_ISRO_BHUVAN
PROD-0000968,2022-11-23,Tirodi,Madhya Pradesh,Balaghat,21.685556,79.719167,302.21,310.76,0.96,0,0.0,OFFICIAL_ANNUAL_PLAN,OFFICIAL_SAME_PERIOD,SYNTHETIC_DAILY_CALIBRATED_TO_PUBLIC_ANNUAL_REFERENCE,0.0,0.0,0,0.0,0.96,7.28,7.63,27.54,29.94,34.49,SYNTHETIC_DEMO_CORRELATED_WITH_RAINFALL_REPLACE_WITH_NASA_SMAP_OR_ISRO_BHUVAN
PROD-0000969,2022-11-24,Tirodi,Madhya Pradesh,Balaghat,21.685556,79.719167,264.63,271.98,0.6,43,0.0,OFFICIAL_ANNUAL_PLAN,OFFICIAL_SAME_PERIOD,SYNTHETIC_DAILY_CALIBRATED_TO_PUBLIC_ANNUAL_REFERENCE,0.0,0.0,0,0.0,1.56,0.0,7.31,25.52,27.83,32.37,SYNTHETIC_DEMO_CORRELATED_WITH_RAINFALL_REPLACE_WITH_NASA_SMAP_OR_ISRO_BHUVAN
PROD-0000970,2022-11-25,Tirodi,Madhya Pradesh,Balaghat,21.685556,79.719167,309.99,304.04,1.08,0,0.0,OFFICIAL_ANNUAL_PLAN,OFFICIAL_SAME_PERIOD,SYNTHETIC_DAILY_CALIBRATED_TO_PUBLIC_ANNUAL_REFERENCE,5.95,1.919,1,0.0,2.64,0.0,7.02,24.12,25.73,30.22,SYNTHETIC_DEMO_CORRELATED_WITH_RAINFALL_REPLACE_WITH_NASA_SMAP_OR_ISRO_BHUVAN
PROD-0000971,2022-11-26,Tirodi,Madhya Pradesh,Balaghat,21.685556,79.719167,306.78,303.24,0.0,0,0.0,OFFICIAL_ANNUAL_PLAN,OFFICIAL_SAME_PERIOD,SYNTHETIC_DAILY_CALIBRATED_TO_PUBLIC_ANNUAL_REFERENCE,3.54,1.154,1,0.0,1.68,0.0,3.19,22.51,24.05,28.06,SYNTHETIC_DEMO_CORRELATED_WITH_RAINFALL_REPLACE_WITH_NASA_SMAP_OR_ISRO_BHUVAN
PROD-0000972,2022-11-27,Tirodi,Madhya Pradesh,Balaghat,21.685556,79.719167,287.47,287.39,0.99,0,0.58,OFFICIAL_ANNUAL_PLAN,OFFICIAL_SAME_PERIOD,SYNTHETIC_DAILY_CALIBRATED_TO_PUBLIC_ANNUAL_REFERENCE,0.08,0.028,1,0.58,2.07,0.58,3.63,22.03,22.89,26.29,SYNTHETIC_DEMO_CORRELATED_WITH_RAINFALL_REPLACE_WITH_NASA_SMAP_OR_ISRO_BHUVAN
PROD-0000973,2022-11-28,Tirodi,Madhya Pradesh,Balaghat,21.685556,79.719167,321.64,310.62,2.81,38,15.55,OFFICIAL_ANNUAL_PLAN,OFFICIAL_SAME_PERIOD,SYNTHETIC_DAILY_CALIBRATED_TO_PUBLIC_ANNUAL_REFERENCE,11.02,3.426,1,16.13,3.8,16.13,6.44,35.38,26.64,26.79,SYNTHETIC_DEMO_CORRELATED_WITH_RAINFALL_REPLACE_WITH_NASA_SMAP_OR_ISRO_BHUVAN
PROD-0000974,2022-11-29,Tirodi,Madhya Pradesh,Balaghat,21.685556,79.719167,272.22,282.14,2.41,0,0.0,OFFICIAL_ANNUAL_PLAN,OFFICIAL_SAME_PERIOD,SYNTHETIC_DAILY_CALIBRATED_TO_PUBLIC_ANNUAL_REFERENCE,0.0,0.0,0,16.13,6.21,16.13,8.85,32.41,29.94,27.07,SYNTHETIC_DEMO_CORRELATED_WITH_RAINFALL_REPLACE_WITH_NASA_SMAP_OR_ISRO_BHUVAN
PROD-0000975,2022-11-30,Tirodi,Madhya Pradesh,Balaghat,21.685556,79.719167,271.19,275.7,0.0,0,0.0,OFFICIAL_ANNUAL_PLAN,OFFICIAL_SAME_PERIOD,SYNTHETIC_DAILY_CALIBRATED_TO_PUBLIC_ANNUAL_REFERENCE,0.0,0.0,0,15.55,5.22,16.13,7.89,29.8,32.53,27.4,SYNTHETIC_DEMO_CORRELATED_WITH_RAINFALL_REPLACE_WITH_NASA_SMAP_OR_ISRO_BHUVAN
PROD-0000976,2022-12-01,Tirodi,Madhya Pradesh,Balaghat,21.685556,79.719167,322.16,325.85,1.3,0,0.0,OFFICIAL_ANNUAL_PLAN,OFFICIAL_SAME_PERIOD,SYNTHETIC_DAILY_CALIBRATED_TO_PUBLIC_ANNUAL_REFERENCE,0.0,0.0,0,0.0,3.71,16.13,8.59,29.29,30.5,27.93,SYNTHETIC_DEMO_CORRELATED_WITH_RAINFALL_REPLACE_WITH_NASA_SMAP_OR_ISRO_BHUVAN
PROD-0000977,2022-12-02,Tirodi,Madhya Pradesh,Balaghat,21.685556,79.719167,308.52,306.89,0.0,0,0.0,OFFICIAL_ANNUAL_PLAN,OFFICIAL_SAME_PERIOD,SYNTHETIC_DAILY_CALIBRATED_TO_PUBLIC_ANNUAL_REFERENCE,1.63,0.528,1,0.0,1.3,16.13,7.51,25.79,28.29,28.17,SYNTHETIC_DEMO_CORRELATED_WITH_RAINFALL_REPLACE_WITH_NASA_SMAP_OR_ISRO_BHUVAN
PROD-0000978,2022-12-03,Tirodi,Madhya Pradesh,Balaghat,21.685556,79.719167,290.37,304.28,1.15,0,0.0,OFFICIAL_ANNUAL_PLAN,OFFICIAL_SAME_PERIOD,SYNTHETIC_DAILY_CALIBRATED_TO_PUBLIC_ANNUAL_REFERENCE,0.0,0.0,0,0.0,2.45,16.13,8.66,23.51,26.2,28.32,SYNTHETIC_DEMO_CORRELATED_WITH_RAINFALL_REPLACE_WITH_NASA_SMAP_OR_ISRO_BHUVAN
PROD-0000979,2022-12-04,Tirodi,Madhya Pradesh,Balaghat,21.685556,79.719167,259.3,255.46,1.95,15,0.0,OFFICIAL_ANNUAL_PLAN,OFFICIAL_SAME_PERIOD,SYNTHETIC_DAILY_CALIBRATED_TO_PUBLIC_ANNUAL_REFERENCE,3.84,1.481,1,0.0,3.1,15.55,9.62,20.54,23.28,28.1,SYNTHETIC_DEMO_CORRELATED_WITH_RAINFALL_REPLACE_WITH_NASA_SMAP_OR_ISRO_BHUVAN
PROD-0000980,2022-12-05,Tirodi,Madhya Pradesh,Balaghat,21.685556,79.719167,283.06,296.99,0.5,0,0.0,OFFICIAL_ANNUAL_PLAN,OFFICIAL_SAME_PERIOD,SYNTHETIC_DAILY_CALIBRATED_TO_PUBLIC_ANNUAL_REFERENCE,0.0,0.0,0,0.0,3.6,0.0,7.31,20.13,21.39,25.92,SYNTHETIC_DEMO_CORRELATED_WITH_RAINFALL_REPLACE_WITH_NASA_SMAP_OR_ISRO_BHUVAN
PROD-0000981,2022-12-06,Tirodi,Madhya Pradesh,Balaghat,21.685556,79.719167,278.27,273.93,1.38,0,0.0,OFFICIAL_ANNUAL_PLAN,OFFICIAL_SAME_PERIOD,SYNTHETIC_DAILY_CALIBRATED_TO_PUBLIC_ANNUAL_REFERENCE,4.34,1.56,1,0.0,3.83,0.0,6.28,17.94,19.54,23.86,SYNTHETIC_DEMO_CORRELATED_WITH_RAINFALL_REPLACE_WITH_NASA_SMAP_OR_ISRO_BHUVAN
PROD-0000982,2022-12-07,Tirodi,Madhya Pradesh,Balaghat,21.685556,79.719167,290.34,295.38,1.17,0,0.0,OFFICIAL_ANNUAL_PLAN,OFFICIAL_SAME_PERIOD,SYNTHETIC_DAILY_CALIBRATED_TO_PUBLIC_ANNUAL_REFERENCE,0.0,0.0,0,0.0,3.05,0.0,7.45,14.36,17.48,21.65,SYNTHETIC_DEMO_CORRELATED_WITH_RAINFALL_REPLACE_WITH_NASA_SMAP_OR_ISRO_BHUVAN
PROD-0000983,2022-12-08,Tirodi,Madhya Pradesh,Balaghat,21.685556,79.719167,306.48,317.32,0.0,0,0.0,OFFICIAL_ANNUAL_PLAN,OFFICIAL_SAME_PERIOD,SYNTHETIC_DAILY_CALIBRATED_TO_PUBLIC_ANNUAL_REFERENCE,0.0,0.0,0,0.0,2.55,0.0,6.15,14.32,15.54,19.51,SYNTHETIC_DEMO_CORRELATED_WITH_RAINFALL_REPLACE_WITH_NASA_SMAP_OR_ISRO_BHUVAN
PROD-0000984,2022-12-09,Tirodi,Madhya Pradesh,Balaghat,21.685556,79.719167,290.23,261.9,8.58,0,0.0,OFFICIAL_ANNUAL_PLAN,OFFICIAL_SAME_PERIOD,SYNTHETIC_DAILY_CALIBRATED_TO_PUBLIC_ANNUAL_REFERENCE,28.33,9.761,1,0.0,9.75,0.0,14.73,14.58,14.42,17.91,SYNTHETIC_DEMO_CORRELATED_WITH_RAINFALL_REPLACE_WITH_NASA_SMAP_OR_ISRO_BHUVAN
PROD-0000985,2022-12-10,Tirodi,Madhya Pradesh,Balaghat,21.685556,79.719167,289.85,295.49,0.0,0,0.0,OFFICIAL_ANNUAL_PLAN,OFFICIAL_SAME_PERIOD,SYNTHETIC_DAILY_CALIBRATED_TO_PUBLIC_ANNUAL_REFERENCE,0.0,0.0,0,0.0,8.58,0.0,13.58,16.04,14.98,16.84,SYNTHETIC_DEMO_CORRELATED_WITH_RAINFALL_REPLACE_WITH_NASA_SMAP_OR_ISRO_BHUVAN
PROD-0000986,2022-12-11,Tirodi,Madhya Pradesh,Balaghat,21.685556,79.719167,284.33,291.3,1.12,0,0.0,OFFICIAL_ANNUAL_PLAN,OFFICIAL_SAME_PERIOD,SYNTHETIC_DAILY_CALIBRATED_TO_PUBLIC_ANNUAL_REFERENCE,0.0,0.0,0,0.0,9.7,0.0,12.75,14.61,15.08,16.0,SYNTHETIC_DEMO_CORRELATED_WITH_RAINFALL_REPLACE_WITH_NASA_SMAP_OR_ISRO_BHUVAN
PROD-0000987,2022-12-12,Tirodi,Madhya Pradesh,Balaghat,21.685556,79.719167,291.98,283.52,3.08,0,0.0,OFFICIAL_ANNUAL_PLAN,OFFICIAL_SAME_PERIOD,SYNTHETIC_DAILY_CALIBRATED_TO_PUBLIC_ANNUAL_REFERENCE,8.46,2.897,1,0.0,4.2,0.0,15.33,14.07,14.91,15.13,SYNTHETIC_DEMO_CORRELATED_WITH_RAINFALL_REPLACE_WITH_NASA_SMAP_OR_ISRO_BHUVAN
PROD-0000988,2022-12-13,Tirodi,Madhya Pradesh,Balaghat,21.685556,79.719167,272.98,278.49,0.0,0,0.0,OFFICIAL_ANNUAL_PLAN,OFFICIAL_SAME_PERIOD,SYNTHETIC_DAILY_CALIBRATED_TO_PUBLIC_ANNUAL_REFERENCE,0.0,0.0,0,0.0,4.2,0.0,13.95,13.48,14.05,14.49,SYNTHETIC_DEMO_CORRELATED_WITH_RAINFALL_REPLACE_WITH_NASA_SMAP_OR_ISRO_BHUVAN
PROD-0000989,2022-12-14,Tirodi,Madhya Pradesh,Balaghat,21.685556,79.719167,308.82,301.16,3.77,0,0.0,OFFICIAL_ANNUAL_PLAN,OFFICIAL_SAME_PERIOD,SYNTHETIC_DAILY_CALIBRATED_TO_PUBLIC_ANNUAL_REFERENCE,7.66,2.48,1,0.0,6.85,0.0,16.55,11.41,12.99,14.07,SYNTHETIC_DEMO_CORRELATED_WITH_RAINFALL_REPLACE_WITH_NASA_SMAP_OR_ISRO_BHUVAN
PROD-0000990,2022-12-15,Tirodi,Madhya Pradesh,Balaghat,21.685556,79.719167,272.43,275.53,1.55,0,0.0,OFFICIAL_ANNUAL_PLAN,OFFICIAL_SAME_PERIOD,SYNTHETIC_DAILY_CALIBRATED_TO_PUBLIC_ANNUAL_REFERENCE,0.0,0.0,0,0.0,5.32,0.0,18.1,9.69,11.53,13.41,SYNTHETIC_DEMO_CORRELATED_WITH_RAINFALL_REPLACE_WITH_NASA_SMAP_OR_ISRO_BHUVAN
PROD-0000991,2022-12-16,Tirodi,Madhya Pradesh,Balaghat,21.685556,79.719167,287.53,277.29,0.0,0,0.0,OFFICIAL_ANNUAL_PLAN,OFFICIAL_SAME_PERIOD,SYNTHETIC_DAILY_CALIBRATED_TO_PUBLIC_ANNUAL_REFERENCE,10.24,3.561,1,0.0,5.32,0.0,9.52,10.37,10.49,12.81,SYNTHETIC_DEMO_CORRELATED_WITH_RAINFALL_REPLACE_WITH_NASA_SMAP_OR_ISRO_BHUVAN
PROD-0000992,2022-12-17,Tirodi,Madhya Pradesh,Balaghat,21.685556,79.719167,323.11,337.99,1.6,0,0.0,OFFICIAL_ANNUAL_PLAN,OFFICIAL_SAME_PERIOD,SYNTHETIC_DAILY_CALIBRATED_TO_PUBLIC_ANNUAL_REFERENCE,0.0,0.0,0,0.0,3.15,0.0,11.12,11.09,10.38,12.1,SYNTHETIC_DEMO_CORRELATED_WITH_RAINFALL_REPLACE_WITH_NASA_SMAP_OR_ISRO_BHUVAN
PROD-0000993,2022-12-18,Tirodi,Madhya Pradesh,Balaghat,21.685556,79.719167,291.61,297.87,1.03,5,0.0,OFFICIAL_ANNUAL_PLAN,OFFICIAL_SAME_PERIOD,SYNTHETIC_DAILY_CALIBRATED_TO_PUBLIC_ANNUAL_REFERENCE,0.0,0.0,0,0.0,2.63,0.0,11.03,9.19,10.22,11.33,SYNTHETIC_DEMO_CORRELATED_WITH_RAINFALL_REPLACE_WITH_NASA_SMAP_OR_ISRO_BHUVAN
PROD-0000994,2022-12-19,Tirodi,Madhya Pradesh,Balaghat,21.685556,79.719167,263.75,258.85,2.86,0,0.0,OFFICIAL_ANNUAL_PLAN,OFFICIAL_SAME_PERIOD,SYNTHETIC_DAILY_CALIBRATED_TO_PUBLIC_ANNUAL_REFERENCE,4.9,1.858,1,0.0,5.49,0.0,10.81,8.49,9.59,10.53,SYNTHETIC_DEMO_CORRELATED_WITH_RAINFALL_REPLACE_WITH_NASA_SMAP_OR_ISRO_BHUVAN
PROD-0000995,2022-12-20,Tirodi,Madhya Pradesh,Balaghat,21.685556,79.719167,314.35,316.1,0.0,0,0.0,OFFICIAL_ANNUAL_PLAN,OFFICIAL_SAME_PERIOD,SYNTHETIC_DAILY_CALIBRATED_TO_PUBLIC_ANNUAL_REFERENCE,0.0,0.0,0,0.0,3.89,0.0,10.81,8.99,8.89,9.89,SYNTHETIC_DEMO_CORRELATED_WITH_RAINFALL_REPLACE_WITH_NASA_SMAP_OR_ISRO_BHUVAN
PROD-0000996,2022-12-21,Tirodi,Madhya Pradesh,Balaghat,21.685556,79.719167,285.4,286.64,0.0,51,0.0,OFFICIAL_ANNUAL_PLAN,OFFICIAL_SAME_PERIOD,SYNTHETIC_DAILY_CALIBRATED_TO_PUBLIC_ANNUAL_REFERENCE,0.0,0.0,0,0.0,2.86,0.0,7.04,10.37,9.28,9.74,SYNTHETIC_DEMO_CORRELATED_WITH_RAINFALL_REPLACE_WITH_NASA_SMAP_OR_ISRO_BHUVAN
PROD-0000997,2022-12-22,Tirodi,Madhya Pradesh,Balaghat,21.685556,79.719167,261.3,272.98,0.0,0,0.0,OFFICIAL_ANNUAL_PLAN,OFFICIAL_SAME_PERIOD,SYNTHETIC_DAILY_CALIBRATED_TO_PUBLIC_ANNUAL_REFERENCE,0.0,0.0,0,0.0,0.0,0.0,5.49,10.36,9.91,9.84,SYNTHETIC_DEMO_CORRELATED_WITH_RAINFALL_REPLACE_WITH_NASA_SMAP_OR_ISRO_BHUVAN
PROD-0000998,2022-12-23,Tirodi,Madhya Pradesh,Balaghat,21.685556,79.719167,297.04,311.09,0.24,0,0.0,OFFICIAL_ANNUAL_PLAN,OFFICIAL_SAME_PERIOD,SYNTHETIC_DAILY_CALIBRATED_TO_PUBLIC_ANNUAL_REFERENCE,0.0,0.0,0,0.0,0.24,0.0,5.73,9.54,10.09,9.72,SYNTHETIC_DEMO_CORRELATED_WITH_RAINFALL_REPLACE_WITH_NASA_SMAP_OR_ISRO_BHUVAN
PROD-0000999,2022-12-24,Tirodi,Madhya Pradesh,Balaghat,21.685556,79.719167,296.92,288.95,1.17,0,0.0,OFFICIAL_ANNUAL_PLAN,OFFICIAL_SAME_PERIOD,SYNTHETIC_DAILY_CALIBRATED_TO_PUBLIC_ANNUAL_REFERENCE,7.97,2.684,1,0.0,1.41,0.0,5.3,9.64,9.85,9.51,SYNTHETIC_DEMO_CORRELATED_WITH_RAINFALL_REPLACE_WITH_NASA_SMAP_OR_ISRO_BHUVAN
PROD-0001000,2022-12-25,Tirodi,Madhya Pradesh,Balaghat,21.685556,79.719167,293.04,293.67,1.78,0,0.0,OFFICIAL_ANNUAL_PLAN,OFFICIAL_SAME_PERIOD,SYNTHETIC_DAILY_CALIBRATED_TO_PUBLIC_ANNUAL_REFERENCE,0.0,0.0,0,0.0,3.19,0.0,6.05,7.2,8.79,9.23,SYNTHETIC_DEMO_CORRELATED_WITH_RAINFALL_REPLACE_WITH_NASA_SMAP_OR_ISRO_BHUVAN
PROD-0001001,2022-12-26,Tirodi,Madhya Pradesh,Balaghat,21.685556,79.719167,305.42,306.31,1.4,67,0.0,OFFICIAL_ANNUAL_PLAN,OFFICIAL_SAME_PERIOD,SYNTHETIC_DAILY_CALIBRATED_TO_PUBLIC_ANNUAL_REFERENCE,0.0,0.0,0,0.0,4.35,0.0,4.59,6.93,7.92,9.0,SYNTHETIC_DEMO_CORRELATED_WITH_RAINFALL_REPLACE_WITH_NASA_SMAP_OR_ISRO_BHUVAN
PROD-0001002,2022-12-27,Tirodi,Madhya Pradesh,Balaghat,21.685556,79.719167,301.19,315.79,0.0,15,0.0,OFFICIAL_ANNUAL_PLAN,OFFICIAL_SAME_PERIOD,SYNTHETIC_DAILY_CALIBRATED_TO_PUBLIC_ANNUAL_REFERENCE,0.0,0.0,0,0.0,3.18,0.0,4.59,5.36,6.5,8.49,SYNTHETIC_DEMO_CORRELATED_WITH_RAINFALL_REPLACE_WITH_NASA_SMAP_OR_ISRO_BHUVAN
PROD-0001003,2022-12-28,Tirodi,Madhya Pradesh,Balaghat,21.685556,79.719167,279.9,272.13,4.42,0,0.0,OFFICIAL_ANNUAL_PLAN,OFFICIAL_SAME_PERIOD,SYNTHETIC_DAILY_CALIBRATED_TO_PUBLIC_ANNUAL_REFERENCE,7.77,2.776,1,0.0,5.82,0.0,9.01,5.73,6.01,7.82,SYNTHETIC_DEMO_CORRELATED_WITH_RAINFALL_REPLACE_WITH_NASA_SMAP_OR_ISRO_BHUVAN
PROD-0001004,2022-12-29,Tirodi,Madhya Pradesh,Balaghat,21.685556,79.719167,305.03,306.55,0.0,0,0.0,OFFICIAL_ANNUAL_PLAN,OFFICIAL_SAME_PERIOD,SYNTHETIC_DAILY_CALIBRATED_TO_PUBLIC_ANNUAL_REFERENCE,0.0,0.0,0,0.0,4.42,0.0,9.01,3.93,5.01,6.9,SYNTHETIC_DEMO_CORRELATED_WITH_RAINFALL_REPLACE_WITH_NASA_SMAP_OR_ISRO_BHUVAN
PROD-0001005,2022-12-30,Tirodi,Madhya Pradesh,Balaghat,21.685556,79.719167,325.9,335.23,0.0,0,0.0,OFFICIAL_ANNUAL_PLAN,OFFICIAL_SAME_PERIOD,SYNTHETIC_DAILY_CALIBRATED_TO_PUBLIC_ANNUAL_REFERENCE,0.0,0.0,0,0.0,4.42,0.0,8.77,3.68,4.45,6.07,SYNTHETIC_DEMO_CORRELATED_WITH_RAINFALL_REPLACE_WITH_NASA_SMAP_OR_ISRO_BHUVAN
PROD-0001006,2022-12-31,Tirodi,Madhya Pradesh,Balaghat,21.685556,79.719167,305.26,300.25,0.0,0,0.0,OFFICIAL_ANNUAL_PLAN,OFFICIAL_SAME_PERIOD,SYNTHETIC_DAILY_CALIBRATED_TO_PUBLIC_ANNUAL_REFERENCE,5.01,1.641,1,0.0,0.0,0.0,7.6,4.02,3.88,5.26,SYNTHETIC_DEMO_CORRELATED_WITH_RAINFALL_REPLACE_WITH_NASA_SMAP_OR_ISRO_BHUVAN
PROD-0001007,2023-01-01,Tirodi,Madhya Pradesh,Balaghat,21.685556,79.719167,296.1,303.46,0.0,0,0.0,OFFICIAL_ANNUAL_PLAN,OFFICIAL_SAME_PERIOD,SYNTHETIC_DAILY_CALIBRATED_TO_PUBLIC_ANNUAL_REFERENCE,0.0,0.0,0,0.0,0.0,0.0,5.82,4.15,3.95,4.83,SYNTHETIC_DEMO_CORRELATED_WITH_RAINFALL_REPLACE_WITH_NASA_SMAP_OR_ISRO_BHUVAN
PROD-0001008,2023-01-02,Tirodi,Madhya Pradesh,Balaghat,21.685556,79.719167,303.96,275.66,3.04,19,0.0,OFFICIAL_ANNUAL_PLAN,OFFICIAL_SAME_PERIOD,SYNTHETIC_DAILY_CALIBRATED_TO_PUBLIC_ANNUAL_REFERENCE,28.3,9.31,1,0.0,3.04,0.0,7.46,3.3,3.82,4.31,SYNTHETIC_DEMO_CORRELATED_WITH_RAINFALL_REPLACE_WITH_NASA_SMAP_OR_ISRO_BHUVAN
PROD-0001009,2023-01-03,Tirodi,Madhya Pradesh,Balaghat,21.685556,79.719167,284.29,284.0,0.0,0,0.0,OFFICIAL_ANNUAL_PLAN,OFFICIAL_SAME_PERIOD,SYNTHETIC_DAILY_CALIBRATED_TO_PUBLIC_ANNUAL_REFERENCE,0.29,0.102,1,0.0,3.04,0.0,7.46,3.94,3.8,4.11,SYNTHETIC_DEMO_CORRELATED_WITH_RAINFALL_REPLACE_WITH_NASA_SMAP_OR_ISRO_BHUVAN
PROD-0001010,2023-01-04,Tirodi,Madhya Pradesh,Balaghat,21.685556,79.719167,307.9,309.27,1.1,0,0.0,OFFICIAL_ANNUAL_PLAN,OFFICIAL_SAME_PERIOD,SYNTHETIC_DAILY_CALIBRATED_TO_PUBLIC_ANNUAL_REFERENCE,0.0,0.0,0,0.0,4.14,0.0,4.14,5.95,4.4,4.14,SYNTHETIC_DEMO_CORRELATED_WITH_RAINFALL_REPLACE_WITH_NASA_SMAP_OR_ISRO_BHUVAN
PROD-0001011,2023-01-05,Tirodi,Madhya Pradesh,Balaghat,21.685556,79.719167,280.92,291.57,0.34,0,0.0,OFFICIAL_ANNUAL_PLAN,OFFICIAL_SAME_PERIOD,SYNTHETIC_DAILY_CALIBRATED_TO_PUBLIC_ANNUAL_REFERENCE,0.0,0.0,0,0.0,1.44,0.0,4.48,6.22,5.37,4.47,SYNTHETIC_DEMO_CORRELATED_WITH_RAINFALL_REPLACE_WITH_NASA_SMAP_OR_ISRO_BHUVAN
PROD-0001012,2023-01-06,Tirodi,Madhya Pradesh,Balaghat,21.685556,79.719167,284.02,285.89,2.8,0,0.0,OFFICIAL_ANNUAL_PLAN,OFFICIAL_SAME_PERIOD,SYNTHETIC_DAILY_CALIBRATED_TO_PUBLIC_ANNUAL_REFERENCE,0.0,0.0,0,0.0,4.24,0.0,7.28,6.27,6.15,4.84,SYNTHETIC_DEMO_CORRELATED_WITH_RAINFALL_REPLACE_WITH_NASA_SMAP_OR_ISRO_BHUVAN
PROD-0001013,2023-01-07,Tirodi,Madhya Pradesh,Balaghat,21.685556,79.719167,278.94,280.05,0.03,0,2.23,OFFICIAL_ANNUAL_PLAN,OFFICIAL_SAME_PERIOD,SYNTHETIC_DAILY_CALIBRATED_TO_PUBLIC_ANNUAL_REFERENCE,0.0,0.0,0,2.23,3.17,2.23,7.31,6.95,6.48,5.25,SYNTHETIC_DEMO_CORRELATED_WITH_RAINFALL_REPLACE_WITH_NASA_SMAP_OR_ISRO_BHUVAN
PROD-0001014,2023-01-08,Tirodi,Madhya Pradesh,Balaghat,21.685556,79.719167,339.68,329.34,2.19,0,0.0,OFFICIAL_ANNUAL_PLAN,OFFICIAL_SAME_PERIOD,SYNTHETIC_DAILY_CALIBRATED_TO_PUBLIC_ANNUAL_REFERENCE,10.34,3.044,1,2.23,5.02,2.23,9.5,5.5,6.24,5.45,SYNTHETIC_DEMO_CORRELATED_WITH_RAINFALL_REPLACE_WITH_NASA_SMAP_OR_ISRO_BHUVAN
PROD-0001015,2023-01-09,Tirodi,Madhya Pradesh,Balaghat,21.685556,79.719167,303.59,311.24,1.19,0,0.0,OFFICIAL_ANNUAL_PLAN,OFFICIAL_SAME_PERIOD,SYNTHETIC_DAILY_CALIBRATED_TO_PUBLIC_ANNUAL_REFERENCE,0.0,0.0,0,2.23,3.41,2.23,7.65,5.51,5.99,5.76,SYNTHETIC_DEMO_CORRELATED_WITH_RAINFALL_REPLACE_WITH_NASA_SMAP_OR_ISRO_BHUVAN
PROD-0001016,2023-01-10,Tirodi,Madhya Pradesh,Balaghat,21.685556,79.719167,273.47,262.41,4.83,0,0.0,OFFICIAL_ANNUAL_PLAN,OFFICIAL_SAME_PERIOD,SYNTHETIC_DAILY_CALIBRATED_TO_PUBLIC_ANNUAL_REFERENCE,11.06,4.044,1,0.0,8.21,2.23,12.48,3.0,4.67,5.63,SYNTHETIC_DEMO_CORRELATED_WITH_RAINFALL_REPLACE_WITH_NASA_SMAP_OR_ISRO_BHUVAN
PROD-0001017,2023-01-11,Tirodi,Madhya Pradesh,Balaghat,21.685556,79.719167,294.22,300.79,0.69,0,0.0,OFFICIAL_ANNUAL_PLAN,OFFICIAL_SAME_PERIOD,SYNTHETIC_DAILY_CALIBRATED_TO_PUBLIC_ANNUAL_REFERENCE,0.0,0.0,0,0.0,6.71,2.23,12.07,3.0,3.84,5.21,SYNTHETIC_DEMO_CORRELATED_WITH_RAINFALL_REPLACE_WITH_NASA_SMAP_OR_ISRO_BHUVAN
PROD-0001018,2023-01-12,Tirodi,Madhya Pradesh,Balaghat,21.685556,79.719167,268.31,270.48,0.0,0,0.0,OFFICIAL_ANNUAL_PLAN,OFFICIAL_SAME_PERIOD,SYNTHETIC_DAILY_CALIBRATED_TO_PUBLIC_ANNUAL_REFERENCE,0.0,0.0,0,0.0,5.52,2.23,11.73,3.0,3.0,4.75,SYNTHETIC_DEMO_CORRELATED_WITH_RAINFALL_REPLACE_WITH_NASA_SMAP_OR_ISRO_BHUVAN
PROD-0001019,2023-01-13,Tirodi,Madhya Pradesh,Balaghat,21.685556,79.719167,275.43,262.94,1.81,0,0.0,OFFICIAL_ANNUAL_PLAN,OFFICIAL_SAME_PERIOD,SYNTHETIC_DAILY_CALIBRATED_TO_PUBLIC_ANNUAL_REFERENCE,12.49,4.535,1,0.0,2.5,2.23,10.74,4.47,3.49,4.49,SYNTHETIC_DEMO_CORRELATED_WITH_RAINFALL_REPLACE_WITH_NASA_SMAP_OR_ISRO_BHUVAN
PROD-0001020,2023-01-14,Tirodi,Madhya Pradesh,Balaghat,21.685556,79.719167,315.41,312.68,1.28,0,0.0,OFFICIAL_ANNUAL_PLAN,OFFICIAL_SAME_PERIOD,SYNTHETIC_DAILY_CALIBRATED_TO_PUBLIC_ANNUAL_REFERENCE,2.73,0.866,1,0.0,3.09,0.0,11.99,3.9,3.79,4.05,SYNTHETIC_DEMO_CORRELATED_WITH_RAINFALL_REPLACE_WITH_NASA_SMAP_OR_ISRO_BHUVAN
PROD-0001021,2023-01-15,Tirodi,Madhya Pradesh,Balaghat,21.685556,79.719167,304.43,304.43,0.69,0,0.0,OFFICIAL_ANNUAL_PLAN,OFFICIAL_SAME_PERIOD,SYNTHETIC_DAILY_CALIBRATED_TO_PUBLIC_ANNUAL_REFERENCE,0.0,0.0,0,0.0,3.78,0.0,10.49,3.24,3.87,3.73,SYNTHETIC_DEMO_CORRELATED_WITH_RAINFALL_REPLACE_WITH_NASA_SMAP_OR_ISRO_BHUVAN
PROD-0001022,2023-01-16,Tirodi,Madhya Pradesh,Balaghat,21.685556,79.719167,286.7,272.99,5.34,0,0.0,OFFICIAL_ANNUAL_PLAN,OFFICIAL_SAME_PERIOD,SYNTHETIC_DAILY_CALIBRATED_TO_PUBLIC_ANNUAL_REFERENCE,13.71,4.782,1,0.0,7.31,0.0,14.64,5.01,4.05,3.66,SYNTHETIC_DEMO_CORRELATED_WITH_RAINFALL_REPLACE_WITH_NASA_SMAP_OR_ISRO_BHUVAN
PROD-0001023,2023-01-17,Tirodi,Madhya Pradesh,Balaghat,21.685556,79.719167,266.25,276.94,0.86,0,0.0,OFFICIAL_ANNUAL_PLAN,OFFICIAL_SAME_PERIOD,SYNTHETIC_DAILY_CALIBRATED_TO_PUBLIC_ANNUAL_REFERENCE,0.0,0.0,0,0.0,6.89,0.0,10.67,4.15,4.13,3.82,SYNTHETIC_DEMO_CORRELATED_WITH_RAINFALL_REPLACE_WITH_NASA_SMAP_OR_ISRO_BHUVAN
PROD-0001024,2023-01-18,Tirodi,Madhya Pradesh,Balaghat,21.685556,79.719167,301.35,311.99,2.41,0,0.0,OFFICIAL_ANNUAL_PLAN,OFFICIAL_SAME_PERIOD,SYNTHETIC_DAILY_CALIBRATED_TO_PUBLIC_ANNUAL_REFERENCE,0.0,0.0,0,0.0,8.61,0.0,12.39,3.0,4.05,3.82,SYNTHETIC_DEMO_CORRELATED_WITH_RAINFALL_REPLACE_WITH_NASA_SMAP_OR_ISRO_BHUVAN
PROD-0001025,2023-01-19,Tirodi,Madhya Pradesh,Balaghat,21.685556,79.719167,325.98,315.55,0.0,0,0.0,OFFICIAL_ANNUAL_PLAN,OFFICIAL_SAME_PERIOD,SYNTHETIC_DAILY_CALIBRATED_TO_PUBLIC_ANNUAL_REFERENCE,10.43,3.2,1,0.0,3.27,0.0,12.39,3.0,3.38,3.82,SYNTHETIC_DEMO_CORRELATED_WITH_RAINFALL_REPLACE_WITH_NASA_SMAP_OR_ISRO_BHUVAN
PROD-0001026,2023-01-20,Tirodi,Madhya Pradesh,Balaghat,21.685556,79.719167,277.92,281.79,0.0,0,0.0,OFFICIAL_ANNUAL_PLAN,OFFICIAL_SAME_PERIOD,SYNTHETIC_DAILY_CALIBRATED_TO_PUBLIC_ANNUAL_REFERENCE,0.0,0.0,0,0.0,2.41,0.0,10.58,3.0,3.0,3.61,SYNTHETIC_DEMO_CORRELATED_WITH_RAINFALL_REPLACE_WITH_NASA_SMAP_OR_ISRO_BHUVAN
PROD-0001027,2023-01-21,Tirodi,Madhya Pradesh,Balaghat,21.685556,79.719167,305.91,303.24,1.35,0,0.0,OFFICIAL_ANNUAL_PLAN,OFFICIAL_SAME_PERIOD,SYNTHETIC_DAILY_CALIBRATED_TO_PUBLIC_ANNUAL_REFERENCE,2.67,0.873,1,0.0,1.35,0.0,10.65,3.0,3.0,3.49,SYNTHETIC_DEMO_CORRELATED_WITH_RAINFALL_REPLACE_WITH_NASA_SMAP_OR_ISRO_BHUVAN
PROD-0001028,2023-01-22,Tirodi,Madhya Pradesh,Balaghat,21.685556,79.719167,259.78,260.1,0.57,0,0.0,OFFICIAL_ANNUAL_PLAN,OFFICIAL_SAME_PERIOD,SYNTHETIC_DAILY_CALIBRATED_TO_PUBLIC_ANNUAL_REFERENCE,0.0,0.0,0,0.0,1.92,0.0,10.53,4.04,3.35,3.6,SYNTHETIC_DEMO_CORRELATED_WITH_RAINFALL_REPLACE_WITH_NASA_SMAP_OR_ISRO_BHUVAN
PROD-0001029,2023-01-23,Tirodi,Madhya Pradesh,Balaghat,21.685556,79.719167,326.08,325.59,0.37,0,0.0,OFFICIAL_ANNUAL_PLAN,OFFICIAL_SAME_PERIOD,SYNTHETIC_DAILY_CALIBRATED_TO_PUBLIC_ANNUAL_REFERENCE,0.49,0.15,1,0.0,2.29,0.0,5.56,3.23,3.42,3.35,SYNTHETIC_DEMO_CORRELATED_WITH_RAINFALL_REPLACE_WITH_NASA_SMAP_OR_ISRO_BHUVAN
PROD-0001030,2023-01-24,Tirodi,Madhya Pradesh,Balaghat,21.685556,79.719167,290.56,291.74,0.0,0,0.0,OFFICIAL_ANNUAL_PLAN,OFFICIAL_SAME_PERIOD,SYNTHETIC_DAILY_CALIBRATED_TO_PUBLIC_ANNUAL_REFERENCE,0.0,0.0,0,0.0,0.94,0.0,4.7,3.44,3.57,3.24,SYNTHETIC_DEMO_CORRELATED_WITH_RAINFALL_REPLACE_WITH_NASA_SMAP_OR_ISRO_BHUVAN
PROD-0001031,2023-01-25,Tirodi,Madhya Pradesh,Balaghat,21.685556,79.719167,291.27,288.36,0.24,38,0.0,OFFICIAL_ANNUAL_PLAN,OFFICIAL_SAME_PERIOD,SYNTHETIC_DAILY_CALIBRATED_TO_PUBLIC_ANNUAL_REFERENCE,2.91,0.999,1,0.0,0.61,0.0,2.53,3.0,3.22,3.24,SYNTHETIC_DEMO_CORRELATED_WITH_RAINFALL_REPLACE_WITH_NASA_SMAP_OR_ISRO_BHUVAN
PROD-0001032,2023-01-26,Tirodi,Madhya Pradesh,Balaghat,21.685556,79.719167,272.56,279.02,1.53,0,0.0,OFFICIAL_ANNUAL_PLAN,OFFICIAL_SAME_PERIOD,SYNTHETIC_DAILY_CALIBRATED_TO_PUBLIC_ANNUAL_REFERENCE,0.0,0.0,0,0.0,1.77,0.0,4.06,3.0,3.15,3.24,SYNTHETIC_DEMO_CORRELATED_WITH_RAINFALL_REPLACE_WITH_NASA_SMAP_OR_ISRO_BHUVAN
PROD-0001033,2023-01-27,Tirodi,Madhya Pradesh,Balaghat,21.685556,79.719167,309.1,307.72,0.0,0,0.0,OFFICIAL_ANNUAL_PLAN,OFFICIAL_SAME_PERIOD,SYNTHETIC_DAILY_CALIBRATED_TO_PUBLIC_ANNUAL_REFERENCE,1.38,0.446,1,0.0,1.77,0.0,4.06,3.05,3.02,3.25,SYNTHETIC_DEMO_CORRELATED_WITH_RAINFALL_REPLACE_WITH_NASA_SMAP_OR_ISRO_BHUVAN
PROD-0001034,2023-01-28,Tirodi,Madhya Pradesh,Balaghat,21.685556,79.719167,316.9,303.46,4.77,0,0.0,OFFICIAL_ANNUAL_PLAN,OFFICIAL_SAME_PERIOD,SYNTHETIC_DAILY_CALIBRATED_TO_PUBLIC_ANNUAL_REFERENCE,13.44,4.241,1,0.0,6.3,0.0,7.48,3.0,3.02,3.25,SYNTHETIC_DEMO_CORRELATED_WITH_RAINFALL_REPLACE_WITH_NASA_SMAP_OR_ISRO_BHUVAN
PROD-0001035,2023-01-29,Tirodi,Madhya Pradesh,Balaghat,21.685556,79.719167,274.41,276.64,2.36,0,0.0,OFFICIAL_ANNUAL_PLAN,OFFICIAL_SAME_PERIOD,SYNTHETIC_DAILY_CALIBRATED_TO_PUBLIC_ANNUAL_REFERENCE,0.0,0.0,0,0.0,7.13,0.0,9.27,3.0,3.02,3.1,SYNTHETIC_DEMO_CORRELATED_WITH_RAINFALL_REPLACE_WITH_NASA_SMAP_OR_ISRO_BHUVAN
PROD-0001036,2023-01-30,Tirodi,Madhya Pradesh,Balaghat,21.685556,79.719167,308.71,315.67,1.91,0,0.0,OFFICIAL_ANNUAL_PLAN,OFFICIAL_SAME_PERIOD,SYNTHETIC_DAILY_CALIBRATED_TO_PUBLIC_ANNUAL_REFERENCE,0.0,0.0,0,0.0,9.04,0.0,10.81,3.0,3.0,3.07,SYNTHETIC_DEMO_CORRELATED_WITH_RAINFALL_REPLACE_WITH_NASA_SMAP_OR_ISRO_BHUVAN
PROD-0001037,2023-01-31,Tirodi,Madhya Pradesh,Balaghat,21.685556,79.719167,307.2,313.51,0.67,0,0.0,OFFICIAL_ANNUAL_PLAN,OFFICIAL_SAME_PERIOD,SYNTHETIC_DAILY_CALIBRATED_TO_PUBLIC_ANNUAL_REFERENCE,0.0,0.0,0,0.0,4.94,0.0,11.48,3.0,3.0,3.01,SYNTHETIC_DEMO_CORRELATED_WITH_RAINFALL_REPLACE_WITH_NASA_SMAP_OR_ISRO_BHUVAN
PROD-0001038,2023-02-01,Tirodi,Madhya Pradesh,Balaghat,21.685556,79.719167,289.42,278.99,2.2,0,0.0,OFFICIAL_ANNUAL_PLAN,OFFICIAL_SAME_PERIOD,SYNTHETIC_DAILY_CALIBRATED_TO_PUBLIC_ANNUAL_REFERENCE,10.43,3.604,1,0.0,4.78,0.0,13.44,3.22,3.07,3.04,SYNTHETIC_DEMO_CORRELATED_WITH_RAINFALL_REPLACE_WITH_NASA_SMAP_OR_ISRO_BHUVAN
PROD-0001039,2023-02-02,Tirodi,Madhya Pradesh,Balaghat,21.685556,79.719167,295.05,292.33,0.0,0,0.0,OFFICIAL_ANNUAL_PLAN,OFFICIAL_SAME_PERIOD,SYNTHETIC_DAILY_CALIBRATED_TO_PUBLIC_ANNUAL_REFERENCE,2.72,0.922,1,0.0,2.87,0.0,11.91,4.66,3.63,3.28,SYNTHETIC_DEMO_CORRELATED_WITH_RAINFALL_REPLACE_WITH_NASA_SMAP_OR_ISRO_BHUVAN
PROD-0001040,2023-02-03,Tirodi,Madhya Pradesh,Balaghat,21.685556,79.719167,318.29,317.78,0.0,37,0.0,OFFICIAL_ANNUAL_PLAN,OFFICIAL_SAME_PERIOD,SYNTHETIC_DAILY_CALIBRATED_TO_PUBLIC_ANNUAL_REFERENCE,0.51,0.16,1,0.0,2.2,0.0,11.91,4.15,4.01,3.43,SYNTHETIC_DEMO_CORRELATED_WITH_RAINFALL_REPLACE_WITH_NASA_SMAP_OR_ISRO_BHUVAN
PROD-0001041,2023-02-04,Tirodi,Madhya Pradesh,Balaghat,21.685556,79.719167,299.74,284.39,3.94,0,0.0,OFFICIAL_ANNUAL_PLAN,OFFICIAL_SAME_PERIOD,SYNTHETIC_DAILY_CALIBRATED_TO_PUBLIC_ANNUAL_REFERENCE,15.35,5.121,1,0.0,3.94,0.0,11.08,3.21,4.01,3.46,SYNTHETIC_DEMO_CORRELATED_WITH_RAINFALL_REPLACE_WITH_NASA_SMAP_OR_ISRO_BHUVAN
PROD-0001042,2023-02-05,Tirodi,Madhya Pradesh,Balaghat,21.685556,79.719167,297.1,300.46,0.07,0,0.0,OFFICIAL_ANNUAL_PLAN,OFFICIAL_SAME_PERIOD,SYNTHETIC_DAILY_CALIBRATED_TO_PUBLIC_ANNUAL_REFERENCE,0.0,0.0,0,0.0,4.01,0.0,8.79,3.0,3.45,3.46,SYNTHETIC_DEMO_CORRELATED_WITH_RAINFALL_REPLACE_WITH_NASA_SMAP_OR_ISRO_BHUVAN
PROD-0001043,2023-02-06,Tirodi,Madhya Pradesh,Balaghat,21.685556,79.719167,313.68,320.65,2.03,0,0.0,OFFICIAL_ANNUAL_PLAN,OFFICIAL_SAME_PERIOD,SYNTHETIC_DAILY_CALIBRATED_TO_PUBLIC_ANNUAL_REFERENCE,0.0,0.0,0,0.0,6.04,0.0,8.91,3.0,3.07,3.46,SYNTHETIC_DEMO_CORRELATED_WITH_RAINFALL_REPLACE_WITH_NASA_SMAP_OR_ISRO_BHUVAN
PROD-0001044,2023-02-07,Tirodi,Madhya Pradesh,Balaghat,21.685556,79.719167,320.02,324.15,0.51,0,0.0,OFFICIAL_ANNUAL_PLAN,OFFICIAL_SAME_PERIOD,SYNTHETIC_DAILY_CALIBRATED_TO_PUBLIC_ANNUAL_REFERENCE,0.0,0.0,0,0.0,2.61,0.0,8.75,3.0,3.0,3.46,SYNTHETIC_DEMO_CORRELATED_WITH_RAINFALL_REPLACE_WITH_NASA_SMAP_OR_ISRO_BHUVAN
PROD-0001045,2023-02-08,Tirodi,Madhya Pradesh,Balaghat,21.685556,79.719167,308.73,323.71,0.0,0,0.0,OFFICIAL_ANNUAL_PLAN,OFFICIAL_SAME_PERIOD,SYNTHETIC_DAILY_CALIBRATED_TO_PUBLIC_ANNUAL_REFERENCE,0.0,0.0,0,0.0,2.54,0.0,6.55,3.0,3.0,3.43,SYNTHETIC_DEMO_CORRELATED_WITH_RAINFALL_REPLACE_WITH_NASA_SMAP_OR_ISRO_BHUVAN
PROD-0001046,2023-02-09,Tirodi,Madhya Pradesh,Balaghat,21.685556,79.719167,282.15,277.32,1.47,0,0.0,OFFICIAL_ANNUAL_PLAN,OFFICIAL_SAME_PERIOD,SYNTHETIC_DAILY_CALIBRATED_TO_PUBLIC_ANNUAL_REFERENCE,4.83,1.712,1,0.0,1.98,0.0,8.02,3.0,3.0,3.19,SYNTHETIC_DEMO_CORRELATED_WITH_RAINFALL_REPLACE_WITH_NASA_SMAP_OR_ISRO_BHUVAN
PROD-0001047,2023-02-10,Tirodi,Madhya Pradesh,Balaghat,21.685556,79.719167,295.01,302.97,0.0,0,0.0,OFFICIAL_ANNUAL_PLAN,OFFICIAL_SAME_PERIOD,SYNTHETIC_DAILY_CALIBRATED_TO_PUBLIC_ANNUAL_REFERENCE,0.0,0.0,0,0.0,1.47,0.0,8.02,3.0,3.0,3.03,SYNTHETIC_DEMO_CORRELATED_WITH_RAINFALL_REPLACE_WITH_NASA_SMAP_OR_ISRO_BHUVAN
PROD-0001048,2023-02-11,Tirodi,Madhya Pradesh,Balaghat,21.685556,79.719167,304.01,304.61,0.91,0,0.0,OFFICIAL_ANNUAL_PLAN,OFFICIAL_SAME_PERIOD,SYNTHETIC_DAILY_CALIBRATED_TO_PUBLIC_ANNUAL_REFERENCE,0.0,0.0,0,0.0,2.38,0.0,4.99,3.0,3.0,3.0,SYNTHETIC_DEMO_CORRELATED_WITH_RAINFALL_REPLACE_WITH_NASA_SMAP_OR_ISRO_BHUVAN
PROD-0001049,2023-02-12,Tirodi,Madhya Pradesh,Balaghat,21.685556,79.719167,322.1,325.7,0.84,0,0.0,OFFICIAL_ANNUAL_PLAN,OFFICIAL_SAME_PERIOD,SYNTHETIC_DAILY_CALIBRATED_TO_PUBLIC_ANNUAL_REFERENCE,0.0,0.0,0,0.0,1.75,0.0,5.76,3.0,3.0,3.0,SYNTHETIC_DEMO_CORRELATED_WITH_RAINFALL_REPLACE_WITH_NASA_SMAP_OR_ISRO_BHUVAN
PROD-0001050,2023-02-13,Tirodi,Madhya Pradesh,Balaghat,21.685556,79.719167,275.13,261.52,1.13,16,0.0,OFFICIAL_ANNUAL_PLAN,OFFICIAL_SAME_PERIOD,SYNTHETIC_DAILY_CALIBRATED_TO_PUBLIC_ANNUAL_REFERENCE,13.61,4.947,1,0.0,2.88,0.0,4.86,4.04,3.35,3.15,SYNTHETIC_DEMO_CORRELATED_WITH_RAINFALL_REPLACE_WITH_NASA_SMAP_OR_ISRO_BHUVAN
PROD-0001051,2023-02-14,Tirodi,Madhya Pradesh,Balaghat,21.685556,79.719167,317.9,288.38,4.17,0,7.15,OFFICIAL_ANNUAL_PLAN,OFFICIAL_SAME_PERIOD,SYNTHETIC_DAILY_CALIBRATED_TO_PUBLIC_ANNUAL_REFERENCE,29.52,9.286,1,7.15,6.14,7.15,8.52,9.08,5.37,4.02,SYNTHETIC_DEMO_CORRELATED_WITH_RAINFALL_REPLACE_WITH_NASA_SMAP_OR_ISRO_BHUVAN
PROD-0001052,2023-02-15,Tirodi,Madhya Pradesh,Balaghat,21.685556,79.719167,301.95,294.65,1.37,0,0.0,OFFICIAL_ANNUAL_PLAN,OFFICIAL_SAME_PERIOD,SYNTHETIC_DAILY_CALIBRATED_TO_PUBLIC_ANNUAL_REFERENCE,7.3,2.418,1,7.15,6.67,7.15,9.89,8.93,7.35,4.86,SYNTHETIC_DEMO_CORRELATED_WITH_RAINFALL_REPLACE_WITH_NASA_SMAP_OR_ISRO_BHUVAN
PROD-0001053,2023-02-16,Tirodi,Madhya Pradesh,Balaghat,21.685556,79.719167,289.5,299.71,0.87,0,0.0,OFFICIAL_ANNUAL_PLAN,OFFICIAL_SAME_PERIOD,SYNTHETIC_DAILY_CALIBRATED_TO_PUBLIC_ANNUAL_REFERENCE,0.0,0.0,0,7.15,6.41,7.15,9.29,7.28,8.43,5.48,SYNTHETIC_DEMO_CORRELATED_WITH_RAINFALL_REPLACE_WITH_NASA_SMAP_OR_ISRO_BHUVAN
PROD-0001054,2023-02-17,Tirodi,Madhya Pradesh,Balaghat,21.685556,79.719167,303.49,323.36,0.0,0,0.0,OFFICIAL_ANNUAL_PLAN,OFFICIAL_SAME_PERIOD,SYNTHETIC_DAILY_CALIBRATED_TO_PUBLIC_ANNUAL_REFERENCE,0.0,0.0,0,0.0,2.24,7.15,9.29,7.39,7.87,6.1,SYNTHETIC_DEMO_CORRELATED_WITH_RAINFALL_REPLACE_WITH_NASA_SMAP_OR_ISRO_BHUVAN
PROD-0001055,2023-02-18,Tirodi,Madhya Pradesh,Balaghat,21.685556,79.719167,272.99,283.54,0.0,0,0.0,OFFICIAL_ANNUAL_PLAN,OFFICIAL_SAME_PERIOD,SYNTHETIC_DAILY_CALIBRATED_TO_PUBLIC_ANNUAL_REFERENCE,0.0,0.0,0,0.0,0.87,7.15,8.38,6.55,7.07,6.61,SYNTHETIC_DEMO_CORRELATED_WITH_RAINFALL_REPLACE_WITH_NASA_SMAP_OR_ISRO_BHUVAN
PROD-0001056,2023-02-19,Tirodi,Madhya Pradesh,Balaghat,21.685556,79.719167,294.89,292.34,1.23,0,0.0,OFFICIAL_ANNUAL_PLAN,OFFICIAL_SAME_PERIOD,SYNTHETIC_DAILY_CALIBRATED_TO_PUBLIC_ANNUAL_REFERENCE,2.55,0.865,1,0.0,1.23,7.15,8.77,7.09,7.01,7.19,SYNTHETIC_DEMO_CORRELATED_WITH_RAINFALL_REPLACE_WITH_NASA_SMAP_OR_ISRO_BHUVAN
PROD-0001057,2023-02-20,Tirodi,Madhya Pradesh,Balaghat,21.685556,79.719167,285.25,295.29,0.0,0,0.0,OFFICIAL_ANNUAL_PLAN,OFFICIAL_SAME_PERIOD,SYNTHETIC_DAILY_CALIBRATED_TO_PUBLIC_ANNUAL_REFERENCE,0.0,0.0,0,0.0,1.23,7.15,7.64,5.44,6.36,7.39,SYNTHETIC_DEMO_CORRELATED_WITH_RAINFALL_REPLACE_WITH_NASA_SMAP_OR_ISRO_BHUVAN
PROD-0001058,2023-02-21,Tirodi,Madhya Pradesh,Balaghat,21.685556,79.719167,261.23,263.87,2.82,42,0.0,OFFICIAL_ANNUAL_PLAN,OFFICIAL_SAME_PERIOD,SYNTHETIC_DAILY_CALIBRATED_TO_PUBLIC_ANNUAL_REFERENCE,0.0,0.0,0,0.0,4.05,0.0,6.29,3.93,5.49,6.66,SYNTHETIC_DEMO_CORRELATED_WITH_RAINFALL_REPLACE_WITH_NASA_SMAP_OR_ISRO_BHUVAN
PROD-0001059,2023-02-22,Tirodi,Madhya Pradesh,Balaghat,21.685556,79.719167,320.43,305.76,3.19,0,0.0,OFFICIAL_ANNUAL_PLAN,OFFICIAL_SAME_PERIOD,SYNTHETIC_DAILY_CALIBRATED_TO_PUBLIC_ANNUAL_REFERENCE,14.67,4.578,1,0.0,6.01,0.0,8.11,3.59,4.32,5.9,SYNTHETIC_DEMO_CORRELATED_WITH_RAINFALL_REPLACE_WITH_NASA_SMAP_OR_ISRO_BHUVAN
PROD-0001060,2023-02-23,Tirodi,Madhya Pradesh,Balaghat,21.685556,79.719167,283.22,282.4,2.92,0,0.0,OFFICIAL_ANNUAL_PLAN,OFFICIAL_SAME_PERIOD,SYNTHETIC_DAILY_CALIBRATED_TO_PUBLIC_ANNUAL_REFERENCE,0.82,0.29,1,0.0,8.93,0.0,10.16,3.0,3.51,5.28,SYNTHETIC_DEMO_CORRELATED_WITH_RAINFALL_REPLACE_WITH_NASA_SMAP_OR_ISRO_BHUVAN
PROD-0001061,2023-02-24,Tirodi,Madhya Pradesh,Balaghat,21.685556,79.719167,327.29,333.59,0.06,0,4.31,OFFICIAL_ANNUAL_PLAN,OFFICIAL_SAME_PERIOD,SYNTHETIC_DAILY_CALIBRATED_TO_PUBLIC_ANNUAL_REFERENCE,0.0,0.0,0,4.31,6.17,4.31,10.22,5.63,4.07,5.03,SYNTHETIC_DEMO_CORRELATED_WITH_RAINFALL_REPLACE_WITH_NASA_SMAP_OR_ISRO_BHUVAN
PROD-0001062,2023-02-25,Tirodi,Madhya Pradesh,Balaghat,21.685556,79.719167,308.15,325.25,0.0,5,0.0,OFFICIAL_ANNUAL_PLAN,OFFICIAL_SAME_PERIOD,SYNTHETIC_DAILY_CALIBRATED_TO_PUBLIC_ANNUAL_REFERENCE,0.0,0.0,0,4.31,2.98,4.31,10.22,4.49,4.37,4.74,SYNTHETIC_DEMO_CORRELATED_WITH_RAINFALL_REPLACE_WITH_NASA_SMAP_OR_ISRO_BHUVAN
PROD-0001063,2023-02-26,Tirodi,Madhya Pradesh,Balaghat,21.685556,79.719167,284.86,299.73,0.0,0,0.0,OFFICIAL_ANNUAL_PLAN,OFFICIAL_SAME_PERIOD,SYNTHETIC_DAILY_CALIBRATED_TO_PUBLIC_ANNUAL_REFERENCE,0.0,0.0,0,4.31,0.06,4.31,8.99,6.04,5.39,4.59,SYNTHETIC_DEMO_CORRELATED_WITH_RAINFALL_REPLACE_WITH_NASA_SMAP_OR_ISRO_BHUVAN
PROD-0001064,2023-02-27,Tirodi,Madhya Pradesh,Balaghat,21.685556,79.719167,282.98,261.49,6.37,0,0.0,OFFICIAL_ANNUAL_PLAN,OFFICIAL_SAME_PERIOD,SYNTHETIC_DAILY_CALIBRATED_TO_PUBLIC_ANNUAL_REFERENCE,21.49,7.594,1,0.0,6.37,4.31,15.36,3.65,4.73,4.33,SYNTHETIC_DEMO_CORRELATED_WITH_RAINFALL_REPLACE_WITH_NASA_SMAP_OR_ISRO_BHUVAN
PROD-0001065,2023-02-28,Tirodi,Madhya Pradesh,Balaghat,21.685556,79.719167,287.35,266.88,3.42,0,0.0,OFFICIAL_ANNUAL_PLAN,OFFICIAL_SAME_PERIOD,SYNTHETIC_DAILY_CALIBRATED_TO_PUBLIC_ANNUAL_REFERENCE,20.47,7.124,1,0.0,9.79,4.31,15.96,3.0,4.23,4.2,SYNTHETIC_DEMO_CORRELATED_WITH_RAINFALL_REPLACE_WITH_NASA_SMAP_OR_ISRO_BHUVAN
PROD-0001066,2023-03-01,Tirodi,Madhya Pradesh,Balaghat,21.685556,79.719167,279.81,291.83,0.34,0,3.7,OFFICIAL_ANNUAL_PLAN,OFFICIAL_SAME_PERIOD,SYNTHETIC_DAILY_CALIBRATED_TO_PUBLIC_ANNUAL_REFERENCE,0.0,0.0,0,3.7,10.13,8.01,13.11,6.17,4.27,4.57,SYNTHETIC_DEMO_CORRELATED_WITH_RAINFALL_REPLACE_WITH_NASA_SMAP_OR_ISRO_BHUVAN
PROD-0001067,2023-03-02,Tirodi,Madhya Pradesh,Balaghat,21.685556,79.719167,271.11,280.76,0.0,0,0.0,OFFICIAL_ANNUAL_PLAN,OFFICIAL_SAME_PERIOD,SYNTHETIC_DAILY_CALIBRATED_TO_PUBLIC_ANNUAL_REFERENCE,0.0,0.0,0,3.7,3.76,8.01,10.19,7.9,5.69,5.27,SYNTHETIC_DEMO_CORRELATED_WITH_RAINFALL_REPLACE_WITH_NASA_SMAP_OR_ISRO_BHUVAN
PROD-0001068,2023-03-03,Tirodi,Madhya Pradesh,Balaghat,21.685556,79.719167,283.45,277.15,1.07,0,0.0,OFFICIAL_ANNUAL_PLAN,OFFICIAL_SAME_PERIOD,SYNTHETIC_DAILY_CALIBRATED_TO_PUBLIC_ANNUAL_REFERENCE,6.3,2.223,1,3.7,1.41,3.7,11.2,9.45,7.84,5.81,SYNTHETIC_DEMO_CORRELATED_WITH_RAINFALL_REPLACE_WITH_NASA_SMAP_OR_ISRO_BHUVAN
PROD-0001069,2023-03-04,Tirodi,Madhya Pradesh,Balaghat,21.685556,79.719167,263.53,269.5,2.46,0,0.0,OFFICIAL_ANNUAL_PLAN,OFFICIAL_SAME_PERIOD,SYNTHETIC_DAILY_CALIBRATED_TO_PUBLIC_ANNUAL_REFERENCE,0.0,0.0,0,0.0,3.53,3.7,13.66,9.04,8.8,6.46,SYNTHETIC_DEMO_CORRELATED_WITH_RAINFALL_REPLACE_WITH_NASA_SMAP_OR_ISRO_BHUVAN
PROD-0001070,2023-03-05,Tirodi,Madhya Pradesh,Balaghat,21.685556,79.719167,296.3,302.69,1.7,0,0.0,OFFICIAL_ANNUAL_PLAN,OFFICIAL_SAME_PERIOD,SYNTHETIC_DAILY_CALIBRATED_TO_PUBLIC_ANNUAL_REFERENCE,0.0,0.0,0,0.0,5.23,3.7,15.36,7.12,8.54,6.62,SYNTHETIC_DEMO_CORRELATED_WITH_RAINFALL_REPLACE_WITH_NASA_SMAP_OR_ISRO_BHUVAN
PROD-0001071,2023-03-06,Tirodi,Madhya Pradesh,Balaghat,21.685556,79.719167,335.07,321.0,4.0,0,0.0,OFFICIAL_ANNUAL_PLAN,OFFICIAL_SAME_PERIOD,SYNTHETIC_DAILY_CALIBRATED_TO_PUBLIC_ANNUAL_REFERENCE,14.07,4.199,1,0.0,8.16,3.7,12.99,7.94,8.03,7.23,SYNTHETIC_DEMO_CORRELATED_WITH_RAINFALL_REPLACE_WITH_NASA_SMAP_OR_ISRO_BHUVAN
PROD-0001072,2023-03-07,Tirodi,Madhya Pradesh,Balaghat,21.685556,79.719167,238.8,241.88,1.26,0,0.0,OFFICIAL_ANNUAL_PLAN,OFFICIAL_SAME_PERIOD,SYNTHETIC_DAILY_CALIBRATED_TO_PUBLIC_ANNUAL_REFERENCE,0.0,0.0,0,0.0,6.96,3.7,10.83,8.81,7.96,8.06,SYNTHETIC_DEMO_CORRELATED_WITH_RAINFALL_REPLACE_WITH_NASA_SMAP_OR_ISRO_BHUVAN
PROD-0001073,2023-03-08,Tirodi,Madhya Pradesh,Balaghat,21.685556,79.719167,324.04,322.38,2.07,0,0.0,OFFICIAL_ANNUAL_PLAN,OFFICIAL_SAME_PERIOD,SYNTHETIC_DAILY_CALIBRATED_TO_PUBLIC_ANNUAL_REFERENCE,1.66,0.512,1,0.0,7.33,0.0,12.56,7.72,8.16,8.28,SYNTHETIC_DEMO_CORRELATED_WITH_RAINFALL_REPLACE_WITH_NASA_SMAP_OR_ISRO_BHUVAN
PROD-0001074,2023-03-09,Tirodi,Madhya Pradesh,Balaghat,21.685556,79.719167,290.01,285.03,0.09,15,0.0,OFFICIAL_ANNUAL_PLAN,OFFICIAL_SAME_PERIOD,SYNTHETIC_DAILY_CALIBRATED_TO_PUBLIC_ANNUAL_REFERENCE,4.98,1.717,1,0.0,3.42,0.0,12.65,6.86,7.8,8.13,SYNTHETIC_DEMO_CORRELATED_WITH_RAINFALL_REPLACE_WITH_NASA_SMAP_OR_ISRO_BHUVAN
PROD-0001075,2023-03-10,Tirodi,Madhya Pradesh,Balaghat,21.685556,79.719167,320.02,336.74,0.08,0,5.1,OFFICIAL_ANNUAL_PLAN,OFFICIAL_SAME_PERIOD,SYNTHETIC_DAILY_CALIBRATED_TO_PUBLIC_ANNUAL_REFERENCE,0.0,0.0,0,5.1,2.24,5.1,11.66,8.96,7.85,8.06,SYNTHETIC_DEMO_CORRELATED_WITH_RAINFALL_REPLACE_WITH_NASA_SMAP_OR_ISRO_BHUVAN
PROD-0001076,2023-03-11,Tirodi,Madhya Pradesh,Balaghat,21.685556,79.719167,337.66,339.53,4.15,0,0.0,OFFICIAL_ANNUAL_PLAN,OFFICIAL_SAME_PERIOD,SYNTHETIC_DAILY_CALIBRATED_TO_PUBLIC_ANNUAL_REFERENCE,0.0,0.0,0,5.1,4.32,5.1,13.35,8.77,8.2,8.03,SYNTHETIC_DEMO_CORRELATED_WITH_RAINFALL_REPLACE_WITH_NASA_SMAP_OR_ISRO_BHUVAN
PROD-0001077,2023-03-12,Tirodi,Madhya Pradesh,Balaghat,21.685556,79.719167,293.59,302.81,0.0,0,0.0,OFFICIAL_ANNUAL_PLAN,OFFICIAL_SAME_PERIOD,SYNTHETIC_DAILY_CALIBRATED_TO_PUBLIC_ANNUAL_REFERENCE,0.0,0.0,0,5.1,4.23,5.1,11.65,9.94,9.22,8.43,SYNTHETIC_DEMO_CORRELATED_WITH_RAINFALL_REPLACE_WITH_NASA_SMAP_OR_ISRO_BHUVAN
PROD-0001078,2023-03-13,Tirodi,Madhya Pradesh,Balaghat,21.685556,79.719167,303.83,316.14,1.1,0,13.98,OFFICIAL_ANNUAL_PLAN,OFFICIAL_SAME_PERIOD,SYNTHETIC_DAILY_CALIBRATED_TO_PUBLIC_ANNUAL_REFERENCE,0.0,0.0,0,13.98,5.25,19.08,8.75,20.28,13.0,10.19,SYNTHETIC_DEMO_CORRELATED_WITH_RAINFALL_REPLACE_WITH_NASA_SMAP_OR_ISRO_BHUVAN
PROD-0001079,2023-03-14,Tirodi,Madhya Pradesh,Balaghat,21.685556,79.719167,302.63,289.04,1.29,0,16.31,OFFICIAL_ANNUAL_PLAN,OFFICIAL_SAME_PERIOD,SYNTHETIC_DAILY_CALIBRATED_TO_PUBLIC_ANNUAL_REFERENCE,13.59,4.491,1,30.29,2.39,35.39,8.78,33.67,21.3,13.74,SYNTHETIC_DEMO_CORRELATED_WITH_RAINFALL_REPLACE_WITH_NASA_SMAP_OR_ISRO_BHUVAN
PROD-0001080,2023-03-15,Tirodi,Madhya Pradesh,Balaghat,21.685556,79.719167,277.97,265.2,3.99,0,0.0,OFFICIAL_ANNUAL_PLAN,OFFICIAL_SAME_PERIOD,SYNTHETIC_DAILY_CALIBRATED_TO_PUBLIC_ANNUAL_REFERENCE,12.77,4.594,1,30.29,6.38,35.39,10.7,32.53,28.83,17.29,SYNTHETIC_DEMO_CORRELATED_WITH_RAINFALL_REPLACE_WITH_NASA_SMAP_OR_ISRO_BHUVAN
PROD-0001081,2023-03-16,Tirodi,Madhya Pradesh,Balaghat,21.685556,79.719167,316.41,311.36,0.0,0,0.0,OFFICIAL_ANNUAL_PLAN,OFFICIAL_SAME_PERIOD,SYNTHETIC_DAILY_CALIBRATED_TO_PUBLIC_ANNUAL_REFERENCE,5.05,1.596,1,16.31,5.28,35.39,10.61,30.02,32.07,20.6,SYNTHETIC_DEMO_CORRELATED_WITH_RAINFALL_REPLACE_WITH_NASA_SMAP_OR_ISRO_BHUVAN
PROD-0001082,2023-03-17,Tirodi,Madhya Pradesh,Balaghat,21.685556,79.719167,325.33,343.27,0.0,0,0.0,OFFICIAL_ANNUAL_PLAN,OFFICIAL_SAME_PERIOD,SYNTHETIC_DAILY_CALIBRATED_TO_PUBLIC_ANNUAL_REFERENCE,0.0,0.0,0,0.0,3.99,30.29,10.53,28.27,30.27,23.35,SYNTHETIC_DEMO_CORRELATED_WITH_RAINFALL_REPLACE_WITH_NASA_SMAP_OR_ISRO_BHUVAN
PROD-0001083,2023-03-18,Tirodi,Madhya Pradesh,Balaghat,21.685556,79.719167,290.11,291.86,5.96,0,0.0,OFFICIAL_ANNUAL_PLAN,OFFICIAL_SAME_PERIOD,SYNTHETIC_DAILY_CALIBRATED_TO_PUBLIC_ANNUAL_REFERENCE,0.0,0.0,0,0.0,5.96,30.29,12.34,25.33,27.87,25.72,SYNTHETIC_DEMO_CORRELATED_WITH_RAINFALL_REPLACE_WITH_NASA_SMAP_OR_ISRO_BHUVAN
PROD-0001084,2023-03-19,Tirodi,Madhya Pradesh,Balaghat,21.685556,79.719167,308.18,294.04,1.84,0,0.0,OFFICIAL_ANNUAL_PLAN,OFFICIAL_SAME_PERIOD,SYNTHETIC_DAILY_CALIBRATED_TO_PUBLIC_ANNUAL_REFERENCE,14.14,4.588,1,0.0,7.8,30.29,14.18,24.56,26.05,27.81,SYNTHETIC_DEMO_CORRELATED_WITH_RAINFALL_REPLACE_WITH_NASA_SMAP_OR_ISRO_BHUVAN
PROD-0001085,2023-03-20,Tirodi,Madhya Pradesh,Balaghat,21.685556,79.719167,307.89,313.49,1.66,0,0.0,OFFICIAL_ANNUAL_PLAN,OFFICIAL_SAME_PERIOD,SYNTHETIC_DAILY_CALIBRATED_TO_PUBLIC_ANNUAL_REFERENCE,0.0,0.0,0,0.0,9.46,16.31,14.74,23.2,24.36,28.23,SYNTHETIC_DEMO_CORRELATED_WITH_RAINFALL_REPLACE_WITH_NASA_SMAP_OR_ISRO_BHUVAN
PROD-0001086,2023-03-21,Tirodi,Madhya Pradesh,Balaghat,21.685556,79.719167,304.27,286.86,2.66,0,0.0,OFFICIAL_ANNUAL_PLAN,OFFICIAL_SAME_PERIOD,SYNTHETIC_DAILY_CALIBRATED_TO_PUBLIC_ANNUAL_REFERENCE,17.41,5.722,1,0.0,6.16,0.0,16.11,23.24,23.67,26.74,SYNTHETIC_DEMO_CORRELATED_WITH_RAINFALL_REPLACE_WITH_NASA_SMAP_OR_ISRO_BHUVAN
PROD-0001087,2023-03-22,Tirodi,Madhya Pradesh,Balaghat,21.685556,79.719167,252.44,263.07,0.0,0,0.0,OFFICIAL_ANNUAL_PLAN,OFFICIAL_SAME_PERIOD,SYNTHETIC_DAILY_CALIBRATED_TO_PUBLIC_ANNUAL_REFERENCE,0.0,0.0,0,0.0,4.32,0.0,12.12,21.38,22.61,25.14,SYNTHETIC_DEMO_CORRELATED_WITH_RAINFALL_REPLACE_WITH_NASA_SMAP_OR_ISRO_BHUVAN
PROD-0001088,2023-03-23,Tirodi,Madhya Pradesh,Balaghat,21.685556,79.719167,304.05,307.39,1.08,0,7.22,OFFICIAL_ANNUAL_PLAN,OFFICIAL_SAME_PERIOD,SYNTHETIC_DAILY_CALIBRATED_TO_PUBLIC_ANNUAL_REFERENCE,0.0,0.0,0,7.22,3.74,7.22,13.2,27.33,23.98,24.76,SYNTHETIC_DEMO_CORRELATED_WITH_RAINFALL_REPLACE_WITH_NASA_SMAP_OR_ISRO_BHUVAN
PROD-0001089,2023-03-24,Tirodi,Madhya Pradesh,Balaghat,21.685556,79.719167,257.5,266.6,0.0,0,0.0,OFFICIAL_ANNUAL_PLAN,OFFICIAL_SAME_PERIOD,SYNTHETIC_DAILY_CALIBRATED_TO_PUBLIC_ANNUAL_REFERENCE,0.0,0.0,0,7.22,1.08,7.22,13.2,26.5,25.07,24.51,SYNTHETIC_DEMO_CORRELATED_WITH_RAINFALL_REPLACE_WITH_NASA_SMAP_OR_ISRO_BHUVAN
PROD-0001090,2023-03-25,Tirodi,Madhya Pradesh,Balaghat,21.685556,79.719167,297.16,284.22,1.95,49,0.0,OFFICIAL_ANNUAL_PLAN,OFFICIAL_SAME_PERIOD,SYNTHETIC_DAILY_CALIBRATED_TO_PUBLIC_ANNUAL_REFERENCE,12.94,4.355,1,7.22,3.03,7.22,9.19,24.58,26.14,24.4,SYNTHETIC_DEMO_CORRELATED_WITH_RAINFALL_REPLACE_WITH_NASA_SMAP_OR_ISRO_BHUVAN
PROD-0001091,2023-03-26,Tirodi,Madhya Pradesh,Balaghat,21.685556,79.719167,298.93,292.57,0.0,0,0.0,OFFICIAL_ANNUAL_PLAN,OFFICIAL_SAME_PERIOD,SYNTHETIC_DAILY_CALIBRATED_TO_PUBLIC_ANNUAL_REFERENCE,6.36,2.128,1,0.0,1.95,7.22,7.35,24.78,25.29,24.43,SYNTHETIC_DEMO_CORRELATED_WITH_RAINFALL_REPLACE_WITH_NASA_SMAP_OR_ISRO_BHUVAN
PROD-0001092,2023-03-27,Tirodi,Madhya Pradesh,Balaghat,21.685556,79.719167,265.77,275.38,0.0,0,0.0,OFFICIAL_ANNUAL_PLAN,OFFICIAL_SAME_PERIOD,SYNTHETIC_DAILY_CALIBRATED_TO_PUBLIC_ANNUAL_REFERENCE,0.0,0.0,0,0.0,1.95,7.22,5.69,24.91,24.76,24.67,SYNTHETIC_DEMO_CORRELATED_WITH_RAINFALL_REPLACE_WITH_NASA_SMAP_OR_ISRO_BHUVAN
PROD-0001093,2023-03-28,Tirodi,Madhya Pradesh,Balaghat,21.685556,79.719167,287.12,284.3,0.0,33,0.0,OFFICIAL_ANNUAL_PLAN,OFFICIAL_SAME_PERIOD,SYNTHETIC_DAILY_CALIBRATED_TO_PUBLIC_ANNUAL_REFERENCE,2.82,0.982,1,0.0,0.0,7.22,3.03,21.96,23.88,24.49,SYNTHETIC_DEMO_CORRELATED_WITH_RAINFALL_REPLACE_WITH_NASA_SMAP_OR_ISRO_BHUVAN
PROD-0001094,2023-03-29,Tirodi,Madhya Pradesh,Balaghat,21.685556,79.719167,287.59,284.77,1.53,0,0.0,OFFICIAL_ANNUAL_PLAN,OFFICIAL_SAME_PERIOD,SYNTHETIC_DAILY_CALIBRATED_TO_PUBLIC_ANNUAL_REFERENCE,2.82,0.981,1,0.0,1.53,7.22,4.56,21.35,22.74,24.49,SYNTHETIC_DEMO_CORRELATED_WITH_RAINFALL_REPLACE_WITH_NASA_SMAP_OR_ISRO_BHUVAN
PROD-0001095,2023-03-30,Tirodi,Madhya Pradesh,Balaghat,21.685556,79.719167,270.0,276.85,0.66,0,0.0,OFFICIAL_ANNUAL_PLAN,OFFICIAL_SAME_PERIOD,SYNTHETIC_DAILY_CALIBRATED_TO_PUBLIC_ANNUAL_REFERENCE,0.0,0.0,0,0.0,2.19,0.0,4.14,19.53,20.95,23.37,SYNTHETIC_DEMO_CORRELATED_WITH_RAINFALL_REPLACE_WITH_NASA_SMAP_OR_ISRO_BHUVAN
PROD-0001096,2023-03-31,Tirodi,Madhya Pradesh,Balaghat,21.685556,79.719167,324.97,335.93,1.14,0,0.0,OFFICIAL_ANNUAL_PLAN,OFFICIAL_SAME_PERIOD,SYNTHETIC_DAILY_CALIBRATED_TO_PUBLIC_ANNUAL_REFERENCE,0.0,0.0,0,0.0,3.33,0.0,5.28,18.74,19.87,22.26,SYNTHETIC_DEMO_CORRELATED_WITH_RAINFALL_REPLACE_WITH_NASA_SMAP_OR_ISRO_BHUVAN
PROD-0000366,2023-04-01,Ukwa,Madhya Pradesh,Balaghat,21.974667,80.46,354.39,345.65,2.04,0,4.07,OFFICIAL_ANNUAL_PLAN,OFFICIAL_SAME_PERIOD,SYNTHETIC_DAILY_CALIBRATED_TO_PUBLIC_ANNUAL_REFERENCE,8.74,2.466,1,4.07,2.04,4.07,2.04,28.26,28.26,28.26,SYNTHETIC_DEMO_CORRELATED_WITH_RAINFALL_REPLACE_WITH_NASA_SMAP_OR_ISRO_BHUVAN
PROD-0000367,2023-04-02,Ukwa,Madhya Pradesh,Balaghat,21.974667,80.46,294.71,272.62,5.38,0,0.0,OFFICIAL_ANNUAL_PLAN,OFFICIAL_SAME_PERIOD,SYNTHETIC_DAILY_CALIBRATED_TO_PUBLIC_ANNUAL_REFERENCE,22.09,7.496,1,4.07,7.42,4.07,7.42,26.89,27.58,27.58,SYNTHETIC_DEMO_CORRELATED_WITH_RAINFALL_REPLACE_WITH_NASA_SMAP_OR_ISRO_BHUVAN
PROD-0000368,2023-04-03,Ukwa,Madhya Pradesh,Balaghat,21.974667,80.46,261.75,274.94,0.0,0,0.0,OFFICIAL_ANNUAL_PLAN,OFFICIAL_SAME_PERIOD,SYNTHETIC_DAILY_CALIBRATED_TO_PUBLIC_ANNUAL_REFERENCE,0.0,0.0,0,4.07,7.42,4.07,7.42,25.16,26.77,26.77,SYNTHETIC_DEMO_CORRELATED_WITH_RAINFALL_REPLACE_WITH_NASA_SMAP_OR_ISRO_BHUVAN
PROD-0000369,2023-04-04,Ukwa,Madhya Pradesh,Balaghat,21.974667,80.46,332.17,344.74,0.67,0,0.0,OFFICIAL_ANNUAL_PLAN,OFFICIAL_SAME_PERIOD,SYNTHETIC_DAILY_CALIBRATED_TO_PUBLIC_ANNUAL_REFERENCE,0.0,0.0,0,0.0,6.05,4.07,8.09,23.08,25.04,25.85,SYNTHETIC_DEMO_CORRELATED_WITH_RAINFALL_REPLACE_WITH_NASA_SMAP_OR_ISRO_BHUVAN
PROD-0000370,2023-04-05,Ukwa,Madhya Pradesh,Balaghat,21.974667,80.46,324.76,330.96,0.9,0,0.0,OFFICIAL_ANNUAL_PLAN,OFFICIAL_SAME_PERIOD,SYNTHETIC_DAILY_CALIBRATED_TO_PUBLIC_ANNUAL_REFERENCE,0.0,0.0,0,0.0,1.57,4.07,8.99,21.22,23.15,24.92,SYNTHETIC_DEMO_CORRELATED_WITH_RAINFALL_REPLACE_WITH_NASA_SMAP_OR_ISRO_BHUVAN
PROD-0000371,2023-04-06,Ukwa,Madhya Pradesh,Balaghat,21.974667,80.46,301.37,297.02,1.84,0,0.0,OFFICIAL_ANNUAL_PLAN,OFFICIAL_SAME_PERIOD,SYNTHETIC_DAILY_CALIBRATED_TO_PUBLIC_ANNUAL_REFERENCE,4.35,1.443,1,0.0,3.41,4.07,10.83,19.6,21.3,24.04,SYNTHETIC_DEMO_CORRELATED_WITH_RAINFALL_REPLACE_WITH_NASA_SMAP_OR_ISRO_BHUVAN
PROD-0000372,2023-04-07,Ukwa,Madhya Pradesh,Balaghat,21.974667,80.46,296.92,304.5,2.14,0,7.87,OFFICIAL_ANNUAL_PLAN,OFFICIAL_SAME_PERIOD,SYNTHETIC_DAILY_CALIBRATED_TO_PUBLIC_ANNUAL_REFERENCE,0.0,0.0,0,7.87,4.88,11.94,12.97,25.82,22.21,24.29,SYNTHETIC_DEMO_CORRELATED_WITH_RAINFALL_REPLACE_WITH_NASA_SMAP_OR_ISRO_BHUVAN
PROD-0000373,2023-04-08,Ukwa,Madhya Pradesh,Balaghat,21.974667,80.46,279.14,292.68,0.0,0,0.0,OFFICIAL_ANNUAL_PLAN,OFFICIAL_SAME_PERIOD,SYNTHETIC_DAILY_CALIBRATED_TO_PUBLIC_ANNUAL_REFERENCE,0.0,0.0,0,7.87,3.98,7.87,10.93,24.77,23.4,23.79,SYNTHETIC_DEMO_CORRELATED_WITH_RAINFALL_REPLACE_WITH_NASA_SMAP_OR_ISRO_BHUVAN
PROD-0000374,2023-04-09,Ukwa,Madhya Pradesh,Balaghat,21.974667,80.46,305.1,294.8,5.79,0,0.0,OFFICIAL_ANNUAL_PLAN,OFFICIAL_SAME_PERIOD,SYNTHETIC_DAILY_CALIBRATED_TO_PUBLIC_ANNUAL_REFERENCE,10.3,3.376,1,7.87,7.93,7.87,11.34,22.67,24.42,23.19,SYNTHETIC_DEMO_CORRELATED_WITH_RAINFALL_REPLACE_WITH_NASA_SMAP_OR_ISRO_BHUVAN
PROD-0000375,2023-04-10,Ukwa,Madhya Pradesh,Balaghat,21.974667,80.46,341.44,346.55,1.12,0,0.0,OFFICIAL_ANNUAL_PLAN,OFFICIAL_SAME_PERIOD,SYNTHETIC_DAILY_CALIBRATED_TO_PUBLIC_ANNUAL_REFERENCE,0.0,0.0,0,0.0,6.91,7.87,12.46,20.69,22.71,22.55,SYNTHETIC_DEMO_CORRELATED_WITH_RAINFALL_REPLACE_WITH_NASA_SMAP_OR_ISRO_BHUVAN
PROD-0000376,2023-04-11,Ukwa,Madhya Pradesh,Balaghat,21.974667,80.46,304.04,295.03,5.75,0,0.0,OFFICIAL_ANNUAL_PLAN,OFFICIAL_SAME_PERIOD,SYNTHETIC_DAILY_CALIBRATED_TO_PUBLIC_ANNUAL_REFERENCE,9.01,2.963,1,0.0,12.66,7.87,17.54,20.33,21.23,22.16,SYNTHETIC_DEMO_CORRELATED_WITH_RAINFALL_REPLACE_WITH_NASA_SMAP_OR_ISRO_BHUVAN
PROD-0000377,2023-04-12,Ukwa,Madhya Pradesh,Balaghat,21.974667,80.46,291.29,290.6,0.0,0,0.0,OFFICIAL_ANNUAL_PLAN,OFFICIAL_SAME_PERIOD,SYNTHETIC_DAILY_CALIBRATED_TO_PUBLIC_ANNUAL_REFERENCE,0.69,0.237,1,0.0,6.87,7.87,16.64,20.59,20.54,22.07,SYNTHETIC_DEMO_CORRELATED_WITH_RAINFALL_REPLACE_WITH_NASA_SMAP_OR_ISRO_BHUVAN
PROD-0000378,2023-04-13,Ukwa,Madhya Pradesh,Balaghat,21.974667,80.46,280.04,287.72,0.0,0,0.0,OFFICIAL_ANNUAL_PLAN,OFFICIAL_SAME_PERIOD,SYNTHETIC_DAILY_CALIBRATED_TO_PUBLIC_ANNUAL_REFERENCE,0.0,0.0,0,0.0,5.75,7.87,14.8,19.33,20.08,22.03,SYNTHETIC_DEMO_CORRELATED_WITH_RAINFALL_REPLACE_WITH_NASA_SMAP_OR_ISRO_BHUVAN
PROD-0000379,2023-04-14,Ukwa,Madhya Pradesh,Balaghat,21.974667,80.46,305.92,312.54,1.76,0,0.0,OFFICIAL_ANNUAL_PLAN,OFFICIAL_SAME_PERIOD,SYNTHETIC_DAILY_CALIBRATED_TO_PUBLIC_ANNUAL_REFERENCE,0.0,0.0,0,0.0,1.76,0.0,14.42,17.09,19.0,20.78,SYNTHETIC_DEMO_CORRELATED_WITH_RAINFALL_REPLACE_WITH_NASA_SMAP_OR_ISRO_BHUVAN
PROD-0000380,2023-04-15,Ukwa,Madhya Pradesh,Balaghat,21.974667,80.46,310.13,320.19,0.31,0,0.0,OFFICIAL_ANNUAL_PLAN,OFFICIAL_SAME_PERIOD,SYNTHETIC_DAILY_CALIBRATED_TO_PUBLIC_ANNUAL_REFERENCE,0.0,0.0,0,0.0,2.07,0.0,14.73,16.85,17.76,19.65,SYNTHETIC_DEMO_CORRELATED_WITH_RAINFALL_REPLACE_WITH_NASA_SMAP_OR_ISRO_BHUVAN
PROD-0000381,2023-04-16,Ukwa,Madhya Pradesh,Balaghat,21.974667,80.46,298.57,300.81,0.11,51,7.33,OFFICIAL_ANNUAL_PLAN,OFFICIAL_SAME_PERIOD,SYNTHETIC_DAILY_CALIBRATED_TO_PUBLIC_ANNUAL_REFERENCE,0.0,0.0,0,7.33,2.18,7.33,9.05,22.71,18.88,19.66,SYNTHETIC_DEMO_CORRELATED_WITH_RAINFALL_REPLACE_WITH_NASA_SMAP_OR_ISRO_BHUVAN
PROD-0000382,2023-04-17,Ukwa,Madhya Pradesh,Balaghat,21.974667,80.46,291.52,302.8,0.0,0,0.0,OFFICIAL_ANNUAL_PLAN,OFFICIAL_SAME_PERIOD,SYNTHETIC_DAILY_CALIBRATED_TO_PUBLIC_ANNUAL_REFERENCE,0.0,0.0,0,7.33,0.42,7.33,7.93,20.98,20.18,19.7,SYNTHETIC_DEMO_CORRELATED_WITH_RAINFALL_REPLACE_WITH_NASA_SMAP_OR_ISRO_BHUVAN
PROD-0000383,2023-04-18,Ukwa,Madhya Pradesh,Balaghat,21.974667,80.46,340.23,343.82,0.0,37,0.0,OFFICIAL_ANNUAL_PLAN,OFFICIAL_SAME_PERIOD,SYNTHETIC_DAILY_CALIBRATED_TO_PUBLIC_ANNUAL_REFERENCE,0.0,0.0,0,7.33,0.11,7.33,2.18,19.34,21.01,19.56,SYNTHETIC_DEMO_CORRELATED_WITH_RAINFALL_REPLACE_WITH_NASA_SMAP_OR_ISRO_BHUVAN
PROD-0000384,2023-04-19,Ukwa,Madhya Pradesh,Balaghat,21.974667,80.46,310.42,321.74,0.48,0,0.0,OFFICIAL_ANNUAL_PLAN,OFFICIAL_SAME_PERIOD,SYNTHETIC_DAILY_CALIBRATED_TO_PUBLIC_ANNUAL_REFERENCE,0.0,0.0,0,0.0,0.48,7.33,2.66,18.81,19.71,19.3,SYNTHETIC_DEMO_CORRELATED_WITH_RAINFALL_REPLACE_WITH_NASA_SMAP_OR_ISRO_BHUVAN
PROD-0000385,2023-04-20,Ukwa,Madhya Pradesh,Balaghat,21.974667,80.46,303.01,286.27,0.0,0,0.0,OFFICIAL_ANNUAL_PLAN,OFFICIAL_SAME_PERIOD,SYNTHETIC_DAILY_CALIBRATED_TO_PUBLIC_ANNUAL_REFERENCE,16.74,5.525,1,0.0,0.48,7.33,2.66,18.65,18.93,19.2,SYNTHETIC_DEMO_CORRELATED_WITH_RAINFALL_REPLACE_WITH_NASA_SMAP_OR_ISRO_BHUVAN
PROD-0000386,2023-04-21,Ukwa,Madhya Pradesh,Balaghat,21.974667,80.46,313.91,324.35,0.01,0,0.99,OFFICIAL_ANNUAL_PLAN,OFFICIAL_SAME_PERIOD,SYNTHETIC_DAILY_CALIBRATED_TO_PUBLIC_ANNUAL_REFERENCE,0.0,0.0,0,0.99,0.49,8.32,0.91,17.77,18.41,19.3,SYNTHETIC_DEMO_CORRELATED_WITH_RAINFALL_REPLACE_WITH_NASA_SMAP_OR_ISRO_BHUVAN
PROD-0000387,2023-04-22,Ukwa,Madhya Pradesh,Balaghat,21.974667,80.46,335.99,351.34,0.03,0,2.01,OFFICIAL_ANNUAL_PLAN,OFFICIAL_SAME_PERIOD,SYNTHETIC_DAILY_CALIBRATED_TO_PUBLIC_ANNUAL_REFERENCE,0.0,0.0,0,3.0,0.04,10.33,0.63,17.58,18.0,19.41,SYNTHETIC_DEMO_CORRELATED_WITH_RAINFALL_REPLACE_WITH_NASA_SMAP_OR_ISRO_BHUVAN
PROD-0000388,2023-04-23,Ukwa,Madhya Pradesh,Balaghat,21.974667,80.46,289.88,288.51,0.0,0,0.0,OFFICIAL_ANNUAL_PLAN,OFFICIAL_SAME_PERIOD,SYNTHETIC_DAILY_CALIBRATED_TO_PUBLIC_ANNUAL_REFERENCE,1.37,0.473,1,3.0,0.04,3.0,0.52,14.54,16.63,18.24,SYNTHETIC_DEMO_CORRELATED_WITH_RAINFALL_REPLACE_WITH_NASA_SMAP_OR_ISRO_BHUVAN
PROD-0000389,2023-04-24,Ukwa,Madhya Pradesh,Balaghat,21.974667,80.46,348.53,340.25,2.36,13,0.0,OFFICIAL_ANNUAL_PLAN,OFFICIAL_SAME_PERIOD,SYNTHETIC_DAILY_CALIBRATED_TO_PUBLIC_ANNUAL_REFERENCE,8.28,2.376,1,2.01,2.39,3.0,2.88,12.91,15.01,17.09,SYNTHETIC_DEMO_CORRELATED_WITH_RAINFALL_REPLACE_WITH_NASA_SMAP_OR_ISRO_BHUVAN
PROD-0000390,2023-04-25,Ukwa,Madhya Pradesh,Balaghat,21.974667,80.46,348.18,346.31,4.55,0,0.0,OFFICIAL_ANNUAL_PLAN,OFFICIAL_SAME_PERIOD,SYNTHETIC_DAILY_CALIBRATED_TO_PUBLIC_ANNUAL_REFERENCE,1.87,0.537,1,0.0,6.91,3.0,7.43,10.7,12.72,15.85,SYNTHETIC_DEMO_CORRELATED_WITH_RAINFALL_REPLACE_WITH_NASA_SMAP_OR_ISRO_BHUVAN
PROD-0000391,2023-04-26,Ukwa,Madhya Pradesh,Balaghat,21.974667,80.46,333.29,327.09,6.69,15,0.0,OFFICIAL_ANNUAL_PLAN,OFFICIAL_SAME_PERIOD,SYNTHETIC_DAILY_CALIBRATED_TO_PUBLIC_ANNUAL_REFERENCE,6.2,1.86,1,0.0,13.6,3.0,13.64,13.8,12.47,15.14,SYNTHETIC_DEMO_CORRELATED_WITH_RAINFALL_REPLACE_WITH_NASA_SMAP_OR_ISRO_BHUVAN
PROD-0000392,2023-04-27,Ukwa,Madhya Pradesh,Balaghat,21.974667,80.46,273.94,270.39,2.13,0,0.0,OFFICIAL_ANNUAL_PLAN,OFFICIAL_SAME_PERIOD,SYNTHETIC_DAILY_CALIBRATED_TO_PUBLIC_ANNUAL_REFERENCE,3.55,1.296,1,0.0,13.37,3.0,15.77,12.14,12.21,14.21,SYNTHETIC_DEMO_CORRELATED_WITH_RAINFALL_REPLACE_WITH_NASA_SMAP_OR_ISRO_BHUVAN
PROD-0000393,2023-04-28,Ukwa,Madhya Pradesh,Balaghat,21.974667,80.46,298.47,305.37,0.0,115,0.0,OFFICIAL_ANNUAL_PLAN,OFFICIAL_SAME_PERIOD,SYNTHETIC_DAILY_CALIBRATED_TO_PUBLIC_ANNUAL_REFERENCE,0.0,0.0,0,0.0,8.82,2.01,15.76,12.5,12.81,13.45,SYNTHETIC_DEMO_CORRELATED_WITH_RAINFALL_REPLACE_WITH_NASA_SMAP_OR_ISRO_BHUVAN
PROD-0000394,2023-04-29,Ukwa,Madhya Pradesh,Balaghat,21.974667,80.46,312.56,303.58,3.86,0,0.0,OFFICIAL_ANNUAL_PLAN,OFFICIAL_SAME_PERIOD,SYNTHETIC_DAILY_CALIBRATED_TO_PUBLIC_ANNUAL_REFERENCE,8.98,2.873,1,0.0,5.99,0.0,19.59,11.13,11.92,12.53,SYNTHETIC_DEMO_CORRELATED_WITH_RAINFALL_REPLACE_WITH_NASA_SMAP_OR_ISRO_BHUVAN
PROD-0000395,2023-04-30,Ukwa,Madhya Pradesh,Balaghat,21.974667,80.46,329.63,331.5,3.51,0,0.0,OFFICIAL_ANNUAL_PLAN,OFFICIAL_SAME_PERIOD,SYNTHETIC_DAILY_CALIBRATED_TO_PUBLIC_ANNUAL_REFERENCE,0.0,0.0,0,0.0,7.37,0.0,23.1,10.14,11.26,11.9,SYNTHETIC_DEMO_CORRELATED_WITH_RAINFALL_REPLACE_WITH_NASA_SMAP_OR_ISRO_BHUVAN
PROD-0000396,2023-05-01,Ukwa,Madhya Pradesh,Balaghat,21.974667,80.46,322.58,332.43,2.98,0,0.0,OFFICIAL_ANNUAL_PLAN,OFFICIAL_SAME_PERIOD,SYNTHETIC_DAILY_CALIBRATED_TO_PUBLIC_ANNUAL_REFERENCE,0.0,0.0,0,0.0,10.35,0.0,23.72,8.24,9.84,11.24,SYNTHETIC_DEMO_CORRELATED_WITH_RAINFALL_REPLACE_WITH_NASA_SMAP_OR_ISRO_BHUVAN
PROD-0000397,2023-05-02,Ukwa,Madhya Pradesh,Balaghat,21.974667,80.46,264.23,281.84,2.95,0,0.0,OFFICIAL_ANNUAL_PLAN,OFFICIAL_SAME_PERIOD,SYNTHETIC_DAILY_CALIBRATED_TO_PUBLIC_ANNUAL_REFERENCE,0.0,0.0,0,0.0,9.44,0.0,22.12,7.85,8.74,10.83,SYNTHETIC_DEMO_CORRELATED_WITH_RAINFALL_REPLACE_WITH_NASA_SMAP_OR_ISRO_BHUVAN
PROD-0000398,2023-05-03,Ukwa,Madhya Pradesh,Balaghat,21.974667,80.46,319.54,318.44,0.66,0,0.0,OFFICIAL_ANNUAL_PLAN,OFFICIAL_SAME_PERIOD,SYNTHETIC_DAILY_CALIBRATED_TO_PUBLIC_ANNUAL_REFERENCE,1.1,0.344,1,0.0,6.59,0.0,16.09,5.75,7.28,9.68,SYNTHETIC_DEMO_CORRELATED_WITH_RAINFALL_REPLACE_WITH_NASA_SMAP_OR_ISRO_BHUVAN
PROD-0000399,2023-05-04,Ukwa,Madhya Pradesh,Balaghat,21.974667,80.46,284.0,294.15,0.56,0,0.0,OFFICIAL_ANNUAL_PLAN,OFFICIAL_SAME_PERIOD,SYNTHETIC_DAILY_CALIBRATED_TO_PUBLIC_ANNUAL_REFERENCE,0.0,0.0,0,0.0,4.17,0.0,14.52,5.87,6.49,8.78,SYNTHETIC_DEMO_CORRELATED_WITH_RAINFALL_REPLACE_WITH_NASA_SMAP_OR_ISRO_BHUVAN
PROD-0000400,2023-05-05,Ukwa,Madhya Pradesh,Balaghat,21.974667,80.46,339.39,346.32,0.0,0,0.0,OFFICIAL_ANNUAL_PLAN,OFFICIAL_SAME_PERIOD,SYNTHETIC_DAILY_CALIBRATED_TO_PUBLIC_ANNUAL_REFERENCE,0.0,0.0,0,0.0,1.22,0.0,14.52,5.95,5.86,7.85,SYNTHETIC_DEMO_CORRELATED_WITH_RAINFALL_REPLACE_WITH_NASA_SMAP_OR_ISRO_BHUVAN
PROD-0000401,2023-05-06,Ukwa,Madhya Pradesh,Balaghat,21.974667,80.46,291.14,278.66,2.71,0,0.0,OFFICIAL_ANNUAL_PLAN,OFFICIAL_SAME_PERIOD,SYNTHETIC_DAILY_CALIBRATED_TO_PUBLIC_ANNUAL_REFERENCE,12.48,4.287,1,0.0,3.27,0.0,13.37,6.18,6.0,7.14,SYNTHETIC_DEMO_CORRELATED_WITH_RAINFALL_REPLACE_WITH_NASA_SMAP_OR_ISRO_BHUVAN
PROD-0000402,2023-05-07,Ukwa,Madhya Pradesh,Balaghat,21.974667,80.46,302.6,311.54,2.24,0,0.0,OFFICIAL_ANNUAL_PLAN,OFFICIAL_SAME_PERIOD,SYNTHETIC_DAILY_CALIBRATED_TO_PUBLIC_ANNUAL_REFERENCE,0.0,0.0,0,0.0,4.95,0.0,12.1,5.67,5.93,6.5,SYNTHETIC_DEMO_CORRELATED_WITH_RAINFALL_REPLACE_WITH_NASA_SMAP_OR_ISRO_BHUVAN
PROD-0000403,2023-05-08,Ukwa,Madhya Pradesh,Balaghat,21.974667,80.46,322.92,328.63,2.46,0,7.66,OFFICIAL_ANNUAL_PLAN,OFFICIAL_SAME_PERIOD,SYNTHETIC_DAILY_CALIBRATED_TO_PUBLIC_ANNUAL_REFERENCE,0.0,0.0,0,7.66,7.41,7.66,11.58,10.97,7.61,6.89,SYNTHETIC_DEMO_CORRELATED_WITH_RAINFALL_REPLACE_WITH_NASA_SMAP_OR_ISRO_BHUVAN
PROD-0000404,2023-05-09,Ukwa,Madhya Pradesh,Balaghat,21.974667,80.46,305.07,322.59,1.37,0,0.0,OFFICIAL_ANNUAL_PLAN,OFFICIAL_SAME_PERIOD,SYNTHETIC_DAILY_CALIBRATED_TO_PUBLIC_ANNUAL_REFERENCE,0.0,0.0,0,7.66,6.07,7.66,10.0,9.72,8.79,7.16,SYNTHETIC_DEMO_CORRELATED_WITH_RAINFALL_REPLACE_WITH_NASA_SMAP_OR_ISRO_BHUVAN
PROD-0000405,2023-05-10,Ukwa,Madhya Pradesh,Balaghat,21.974667,80.46,304.79,302.3,0.0,0,0.0,OFFICIAL_ANNUAL_PLAN,OFFICIAL_SAME_PERIOD,SYNTHETIC_DAILY_CALIBRATED_TO_PUBLIC_ANNUAL_REFERENCE,2.49,0.817,1,7.66,3.83,7.66,9.34,11.54,10.74,7.99,SYNTHETIC_DEMO_CORRELATED_WITH_RAINFALL_REPLACE_WITH_NASA_SMAP_OR_ISRO_BHUVAN
PROD-0000406,2023-05-11,Ukwa,Madhya Pradesh,Balaghat,21.974667,80.46,291.85,306.02,0.78,0,0.0,OFFICIAL_ANNUAL_PLAN,OFFICIAL_SAME_PERIOD,SYNTHETIC_DAILY_CALIBRATED_TO_PUBLIC_ANNUAL_REFERENCE,0.0,0.0,0,0.0,2.15,7.66,9.56,10.25,10.5,8.61,SYNTHETIC_DEMO_CORRELATED_WITH_RAINFALL_REPLACE_WITH_NASA_SMAP_OR_ISRO_BHUVAN
PROD-0000407,2023-05-12,Ukwa,Madhya Pradesh,Balaghat,21.974667,80.46,311.26,319.06,0.93,0,0.0,OFFICIAL_ANNUAL_PLAN,OFFICIAL_SAME_PERIOD,SYNTHETIC_DAILY_CALIBRATED_TO_PUBLIC_ANNUAL_REFERENCE,0.0,0.0,0,0.0,1.71,7.66,10.49,9.33,10.37,9.09,SYNTHETIC_DEMO_CORRELATED_WITH_RAINFALL_REPLACE_WITH_NASA_SMAP_OR_ISRO_BHUVAN
PROD-0000408,2023-05-13,Ukwa,Madhya Pradesh,Balaghat,21.974667,80.46,339.97,342.99,1.23,0,0.0,OFFICIAL_ANNUAL_PLAN,OFFICIAL_SAME_PERIOD,SYNTHETIC_DAILY_CALIBRATED_TO_PUBLIC_ANNUAL_REFERENCE,0.0,0.0,0,0.0,2.94,7.66,9.01,7.85,9.14,9.33,SYNTHETIC_DEMO_CORRELATED_WITH_RAINFALL_REPLACE_WITH_NASA_SMAP_OR_ISRO_BHUVAN
PROD-0000409,2023-05-14,Ukwa,Madhya Pradesh,Balaghat,21.974667,80.46,317.61,329.02,0.0,0,0.0,OFFICIAL_ANNUAL_PLAN,OFFICIAL_SAME_PERIOD,SYNTHETIC_DAILY_CALIBRATED_TO_PUBLIC_ANNUAL_REFERENCE,0.0,0.0,0,0.0,2.16,7.66,6.77,8.33,8.5,9.71,SYNTHETIC_DEMO_CORRELATED_WITH_RAINFALL_REPLACE_WITH_NASA_SMAP_OR_ISRO_BHUVAN
PROD-0000410,2023-05-15,Ukwa,Madhya Pradesh,Balaghat,21.974667,80.46,299.22,299.01,2.55,0,0.0,OFFICIAL_ANNUAL_PLAN,OFFICIAL_SAME_PERIOD,SYNTHETIC_DAILY_CALIBRATED_TO_PUBLIC_ANNUAL_REFERENCE,0.21,0.07,1,0.0,3.78,0.0,6.86,8.66,8.28,9.38,SYNTHETIC_DEMO_CORRELATED_WITH_RAINFALL_REPLACE_WITH_NASA_SMAP_OR_ISRO_BHUVAN
PROD-0000411,2023-05-16,Ukwa,Madhya Pradesh,Balaghat,21.974667,80.46,301.2,300.98,0.0,0,0.0,OFFICIAL_ANNUAL_PLAN,OFFICIAL_SAME_PERIOD,SYNTHETIC_DAILY_CALIBRATED_TO_PUBLIC_ANNUAL_REFERENCE,0.22,0.073,1,0.0,2.55,0.0,5.49,8.09,8.36,9.15,SYNTHETIC_DEMO_CORRELATED_WITH_RAINFALL_REPLACE_WITH_NASA_SMAP_OR_ISRO_BHUVAN
PROD-0000412,2023-05-17,Ukwa,Madhya Pradesh,Balaghat,21.974667,80.46,292.1,294.81,2.36,0,0.0,OFFICIAL_ANNUAL_PLAN,OFFICIAL_SAME_PERIOD,SYNTHETIC_DAILY_CALIBRATED_TO_PUBLIC_ANNUAL_REFERENCE,0.0,0.0,0,0.0,4.91,0.0,7.85,6.83,7.86,8.48,SYNTHETIC_DEMO_CORRELATED_WITH_RAINFALL_REPLACE_WITH_NASA_SMAP_OR_ISRO_BHUVAN
PROD-0000413,2023-05-18,Ukwa,Madhya Pradesh,Balaghat,21.974667,80.46,296.17,286.99,2.39,0,0.0,OFFICIAL_ANNUAL_PLAN,OFFICIAL_SAME_PERIOD,SYNTHETIC_DAILY_CALIBRATED_TO_PUBLIC_ANNUAL_REFERENCE,9.18,3.1,1,0.0,4.75,0.0,9.46,7.97,7.63,8.15,SYNTHETIC_DEMO_CORRELATED_WITH_RAINFALL_REPLACE_WITH_NASA_SMAP_OR_ISRO_BHUVAN
PROD-0000414,2023-05-19,Ukwa,Madhya Pradesh,Balaghat,21.974667,80.46,307.04,271.57,7.83,0,0.0,OFFICIAL_ANNUAL_PLAN,OFFICIAL_SAME_PERIOD,SYNTHETIC_DAILY_CALIBRATED_TO_PUBLIC_ANNUAL_REFERENCE,35.47,11.552,1,0.0,12.58,0.0,16.36,7.71,7.5,7.92,SYNTHETIC_DEMO_CORRELATED_WITH_RAINFALL_REPLACE_WITH_NASA_SMAP_OR_ISRO_BHUVAN
PROD-0000415,2023-05-20,Ukwa,Madhya Pradesh,Balaghat,21.974667,80.46,314.34,318.87,3.3,43,0.0,OFFICIAL_ANNUAL_PLAN,OFFICIAL_SAME_PERIOD,SYNTHETIC_DAILY_CALIBRATED_TO_PUBLIC_ANNUAL_REFERENCE,0.0,0.0,0,0.0,13.52,0.0,18.43,6.02,7.23,7.66,SYNTHETIC_DEMO_CORRELATED_WITH_RAINFALL_REPLACE_WITH_NASA_SMAP_OR_ISRO_BHUVAN
PROD-0000416,2023-05-21,Ukwa,Madhya Pradesh,Balaghat,21.974667,80.46,324.83,332.77,2.5,9,8.13,OFFICIAL_ANNUAL_PLAN,OFFICIAL_SAME_PERIOD,SYNTHETIC_DAILY_CALIBRATED_TO_PUBLIC_ANNUAL_REFERENCE,0.0,0.0,0,8.13,13.63,8.13,20.93,11.3,8.34,8.08,SYNTHETIC_DEMO_CORRELATED_WITH_RAINFALL_REPLACE_WITH_NASA_SMAP_OR_ISRO_BHUVAN
PROD-0000417,2023-05-22,Ukwa,Madhya Pradesh,Balaghat,21.974667,80.46,311.81,315.54,0.49,11,0.0,OFFICIAL_ANNUAL_PLAN,OFFICIAL_SAME_PERIOD,SYNTHETIC_DAILY_CALIBRATED_TO_PUBLIC_ANNUAL_REFERENCE,0.0,0.0,0,8.13,6.29,8.13,18.87,9.98,9.1,8.27,SYNTHETIC_DEMO_CORRELATED_WITH_RAINFALL_REPLACE_WITH_NASA_SMAP_OR_ISRO_BHUVAN
PROD-0000418,2023-05-23,Ukwa,Madhya Pradesh,Balaghat,21.974667,80.46,280.05,280.17,2.08,0,0.0,OFFICIAL_ANNUAL_PLAN,OFFICIAL_SAME_PERIOD,SYNTHETIC_DAILY_CALIBRATED_TO_PUBLIC_ANNUAL_REFERENCE,0.0,0.0,0,8.13,5.07,8.13,20.95,10.24,10.51,8.58,SYNTHETIC_DEMO_CORRELATED_WITH_RAINFALL_REPLACE_WITH_NASA_SMAP_OR_ISRO_BHUVAN
PROD-0000419,2023-05-24,Ukwa,Madhya Pradesh,Balaghat,21.974667,80.46,323.16,337.96,0.0,0,0.0,OFFICIAL_ANNUAL_PLAN,OFFICIAL_SAME_PERIOD,SYNTHETIC_DAILY_CALIBRATED_TO_PUBLIC_ANNUAL_REFERENCE,0.0,0.0,0,0.0,2.57,8.13,18.59,12.21,10.81,9.35,SYNTHETIC_DEMO_CORRELATED_WITH_RAINFALL_REPLACE_WITH_NASA_SMAP_OR_ISRO_BHUVAN
PROD-0000420,2023-05-25,Ukwa,Madhya Pradesh,Balaghat,21.974667,80.46,302.23,308.05,0.0,37,0.0,OFFICIAL_ANNUAL_PLAN,OFFICIAL_SAME_PERIOD,SYNTHETIC_DAILY_CALIBRATED_TO_PUBLIC_ANNUAL_REFERENCE,0.0,0.0,0,0.0,2.08,8.13,16.2,10.78,11.08,9.75,SYNTHETIC_DEMO_CORRELATED_WITH_RAINFALL_REPLACE_WITH_NASA_SMAP_OR_ISRO_BHUVAN
PROD-0000421,2023-05-26,Ukwa,Madhya Pradesh,Balaghat,21.974667,80.46,279.29,275.53,0.24,0,15.9,OFFICIAL_ANNUAL_PLAN,OFFICIAL_SAME_PERIOD,SYNTHETIC_DAILY_CALIBRATED_TO_PUBLIC_ANNUAL_REFERENCE,3.76,1.346,1,15.9,0.24,24.03,8.61,24.16,15.72,12.1,SYNTHETIC_DEMO_CORRELATED_WITH_RAINFALL_REPLACE_WITH_NASA_SMAP_OR_ISRO_BHUVAN
PROD-0000422,2023-05-27,Ukwa,Madhya Pradesh,Balaghat,21.974667,80.46,313.92,322.58,0.0,0,0.0,OFFICIAL_ANNUAL_PLAN,OFFICIAL_SAME_PERIOD,SYNTHETIC_DAILY_CALIBRATED_TO_PUBLIC_ANNUAL_REFERENCE,0.0,0.0,0,15.9,0.24,24.03,5.31,22.75,19.23,14.49,SYNTHETIC_DEMO_CORRELATED_WITH_RAINFALL_REPLACE_WITH_NASA_SMAP_OR_ISRO_BHUVAN
PROD-0000423,2023-05-28,Ukwa,Madhya Pradesh,Balaghat,21.974667,80.46,297.04,303.67,0.86,0,0.0,OFFICIAL_ANNUAL_PLAN,OFFICIAL_SAME_PERIOD,SYNTHETIC_DAILY_CALIBRATED_TO_PUBLIC_ANNUAL_REFERENCE,0.0,0.0,0,15.9,1.1,15.9,3.67,20.86,22.59,15.85,SYNTHETIC_DEMO_CORRELATED_WITH_RAINFALL_REPLACE_WITH_NASA_SMAP_OR_ISRO_BHUVAN
PROD-0000424,2023-05-29,Ukwa,Madhya Pradesh,Balaghat,21.974667,80.46,302.99,304.83,2.34,0,4.13,OFFICIAL_ANNUAL_PLAN,OFFICIAL_SAME_PERIOD,SYNTHETIC_DAILY_CALIBRATED_TO_PUBLIC_ANNUAL_REFERENCE,0.0,0.0,0,4.13,3.2,20.03,5.52,21.08,21.56,17.44,SYNTHETIC_DEMO_CORRELATED_WITH_RAINFALL_REPLACE_WITH_NASA_SMAP_OR_ISRO_BHUVAN
PROD-0000425,2023-05-30,Ukwa,Madhya Pradesh,Balaghat,21.974667,80.46,295.42,312.38,0.0,0,0.0,OFFICIAL_ANNUAL_PLAN,OFFICIAL_SAME_PERIOD,SYNTHETIC_DAILY_CALIBRATED_TO_PUBLIC_ANNUAL_REFERENCE,0.0,0.0,0,4.13,3.2,20.03,3.44,22.76,21.57,19.23,SYNTHETIC_DEMO_CORRELATED_WITH_RAINFALL_REPLACE_WITH_NASA_SMAP_OR_ISRO_BHUVAN
PROD-0000426,2023-05-31,Ukwa,Madhya Pradesh,Balaghat,21.974667,80.46,315.44,323.5,0.0,0,0.0,OFFICIAL_ANNUAL_PLAN,OFFICIAL_SAME_PERIOD,SYNTHETIC_DAILY_CALIBRATED_TO_PUBLIC_ANNUAL_REFERENCE,0.0,0.0,0,4.13,2.34,20.03,3.44,20.04,21.29,20.35,SYNTHETIC_DEMO_CORRELATED_WITH_RAINFALL_REPLACE_WITH_NASA_SMAP_OR_ISRO_BHUVAN
PROD-0000427,2023-06-01,Ukwa,Madhya Pradesh,Balaghat,21.974667,80.46,311.67,324.52,0.48,0,31.94,OFFICIAL_ANNUAL_PLAN,OFFICIAL_SAME_PERIOD,SYNTHETIC_DAILY_CALIBRATED_TO_PUBLIC_ANNUAL_REFERENCE,0.0,0.0,0,31.94,0.48,51.97,3.92,48.67,30.49,25.76,SYNTHETIC_DEMO_CORRELATED_WITH_RAINFALL_REPLACE_WITH_NASA_SMAP_OR_ISRO_BHUVAN
PROD-0000428,2023-06-02,Ukwa,Madhya Pradesh,Balaghat,21.974667,80.46,337.85,332.77,0.08,0,5.32,OFFICIAL_ANNUAL_PLAN,OFFICIAL_SAME_PERIOD,SYNTHETIC_DAILY_CALIBRATED_TO_PUBLIC_ANNUAL_REFERENCE,5.08,1.504,1,37.26,0.56,41.39,3.76,49.64,39.45,29.4,SYNTHETIC_DEMO_CORRELATED_WITH_RAINFALL_REPLACE_WITH_NASA_SMAP_OR_ISRO_BHUVAN
PROD-0000429,2023-06-03,Ukwa,Madhya Pradesh,Balaghat,21.974667,80.46,261.53,261.85,1.98,0,3.62,OFFICIAL_ANNUAL_PLAN,OFFICIAL_SAME_PERIOD,SYNTHETIC_DAILY_CALIBRATED_TO_PUBLIC_ANNUAL_REFERENCE,0.0,0.0,0,40.88,2.54,45.01,5.74,49.36,49.22,33.2,SYNTHETIC_DEMO_CORRELATED_WITH_RAINFALL_REPLACE_WITH_NASA_SMAP_OR_ISRO_BHUVAN
PROD-0000430,2023-06-04,Ukwa,Madhya Pradesh,Balaghat,21.974667,80.46,318.44,303.29,3.33,12,8.45,OFFICIAL_ANNUAL_PLAN,OFFICIAL_SAME_PERIOD,SYNTHETIC_DAILY_CALIBRATED_TO_PUBLIC_ANNUAL_REFERENCE,15.15,4.758,1,17.39,5.39,53.46,8.21,55.17,51.39,38.1,SYNTHETIC_DEMO_CORRELATED_WITH_RAINFALL_REPLACE_WITH_NASA_SMAP_OR_ISRO_BHUVAN
PROD-0000431,2023-06-05,Ukwa,Madhya Pradesh,Balaghat,21.974667,80.46,292.76,274.63,2.71,0,23.5,OFFICIAL_ANNUAL_PLAN,OFFICIAL_SAME_PERIOD,SYNTHETIC_DAILY_CALIBRATED_TO_PUBLIC_ANNUAL_REFERENCE,18.13,6.193,1,35.57,8.02,72.83,8.58,60.0,54.84,43.66,SYNTHETIC_DEMO_CORRELATED_WITH_RAINFALL_REPLACE_WITH_NASA_SMAP_OR_ISRO_BHUVAN
PROD-0000432,2023-06-06,Ukwa,Madhya Pradesh,Balaghat,21.974667,80.46,296.71,310.83,0.38,0,25.26,OFFICIAL_ANNUAL_PLAN,OFFICIAL_SAME_PERIOD,SYNTHETIC_DAILY_CALIBRATED_TO_PUBLIC_ANNUAL_REFERENCE,0.0,0.0,0,57.21,6.42,98.09,8.96,60.0,58.39,48.98,SYNTHETIC_DEMO_CORRELATED_WITH_RAINFALL_REPLACE_WITH_NASA_SMAP_OR_ISRO_BHUVAN
PROD-0000433,2023-06-07,Ukwa,Madhya Pradesh,Balaghat,21.974667,80.46,302.53,300.35,0.68,0,45.47,OFFICIAL_ANNUAL_PLAN,OFFICIAL_SAME_PERIOD,SYNTHETIC_DAILY_CALIBRATED_TO_PUBLIC_ANNUAL_REFERENCE,2.18,0.721,1,94.23,3.77,143.56,9.64,60.0,60.0,54.69,SYNTHETIC_DEMO_CORRELATED_WITH_RAINFALL_REPLACE_WITH_NASA_SMAP_OR_ISRO_BHUVAN
PROD-0000434,2023-06-08,Ukwa,Madhya Pradesh,Balaghat,21.974667,80.46,316.68,303.66,1.52,32,37.48,OFFICIAL_ANNUAL_PLAN,OFFICIAL_SAME_PERIOD,SYNTHETIC_DAILY_CALIBRATED_TO_PUBLIC_ANNUAL_REFERENCE,13.02,4.111,1,108.21,2.58,149.1,10.68,60.0,60.0,56.31,SYNTHETIC_DEMO_CORRELATED_WITH_RAINFALL_REPLACE_WITH_NASA_SMAP_OR_ISRO_BHUVAN
PROD-0000435,2023-06-09,Ukwa,Madhya Pradesh,Balaghat,21.974667,80.46,327.58,340.12,0.25,0,16.49,OFFICIAL_ANNUAL_PLAN,OFFICIAL_SAME_PERIOD,SYNTHETIC_DAILY_CALIBRATED_TO_PUBLIC_ANNUAL_REFERENCE,0.0,0.0,0,99.44,2.45,160.27,10.85,60.0,60.0,57.79,SYNTHETIC_DEMO_CORRELATED_WITH_RAINFALL_REPLACE_WITH_NASA_SMAP_OR_ISRO_BHUVAN
PROD-0000436,2023-06-10,Ukwa,Madhya Pradesh,Balaghat,21.974667,80.46,329.4,343.76,0.0,0,0.0,OFFICIAL_ANNUAL_PLAN,OFFICIAL_SAME_PERIOD,SYNTHETIC_DAILY_CALIBRATED_TO_PUBLIC_ANNUAL_REFERENCE,0.0,0.0,0,53.97,1.77,156.65,8.87,56.09,58.7,58.75,SYNTHETIC_DEMO_CORRELATED_WITH_RAINFALL_REPLACE_WITH_NASA_SMAP_OR_ISRO_BHUVAN
PROD-0000437,2023-06-11,Ukwa,Madhya Pradesh,Balaghat,21.974667,80.46,334.48,327.48,3.36,22,62.9,OFFICIAL_ANNUAL_PLAN,OFFICIAL_SAME_PERIOD,SYNTHETIC_DAILY_CALIBRATED_TO_PUBLIC_ANNUAL_REFERENCE,7.0,2.093,1,79.39,3.61,211.1,8.9,60.0,58.7,59.44,SYNTHETIC_DEMO_CORRELATED_WITH_RAINFALL_REPLACE_WITH_NASA_SMAP_OR_ISRO_BHUVAN
PROD-0000438,2023-06-12,Ukwa,Madhya Pradesh,Balaghat,21.974667,80.46,333.59,340.6,1.86,0,18.41,OFFICIAL_ANNUAL_PLAN,OFFICIAL_SAME_PERIOD,SYNTHETIC_DAILY_CALIBRATED_TO_PUBLIC_ANNUAL_REFERENCE,0.0,0.0,0,81.31,5.22,206.01,8.05,60.0,58.7,59.44,SYNTHETIC_DEMO_CORRELATED_WITH_RAINFALL_REPLACE_WITH_NASA_SMAP_OR_ISRO_BHUVAN
PROD-0000439,2023-06-13,Ukwa,Madhya Pradesh,Balaghat,21.974667,80.46,345.21,357.72,0.93,0,13.99,OFFICIAL_ANNUAL_PLAN,OFFICIAL_SAME_PERIOD,SYNTHETIC_DAILY_CALIBRATED_TO_PUBLIC_ANNUAL_REFERENCE,0.0,0.0,0,95.3,6.15,194.74,8.6,60.0,60.0,59.44,SYNTHETIC_DEMO_CORRELATED_WITH_RAINFALL_REPLACE_WITH_NASA_SMAP_OR_ISRO_BHUVAN
PROD-0000440,2023-06-14,Ukwa,Madhya Pradesh,Balaghat,21.974667,80.46,335.92,333.04,2.08,38,48.46,OFFICIAL_ANNUAL_PLAN,OFFICIAL_SAME_PERIOD,SYNTHETIC_DAILY_CALIBRATED_TO_PUBLIC_ANNUAL_REFERENCE,2.88,0.857,1,80.86,4.87,197.73,10.0,60.0,60.0,59.44,SYNTHETIC_DEMO_CORRELATED_WITH_RAINFALL_REPLACE_WITH_NASA_SMAP_OR_ISRO_BHUVAN
PROD-0000441,2023-06-15,Ukwa,Madhya Pradesh,Balaghat,21.974667,80.46,248.48,235.41,1.15,39,59.8,OFFICIAL_ANNUAL_PLAN,OFFICIAL_SAME_PERIOD,SYNTHETIC_DAILY_CALIBRATED_TO_PUBLIC_ANNUAL_REFERENCE,13.07,5.26,1,122.25,4.16,220.05,9.63,60.0,60.0,59.44,SYNTHETIC_DEMO_CORRELATED_WITH_RAINFALL_REPLACE_WITH_NASA_SMAP_OR_ISRO_BHUVAN
PROD-0000442,2023-06-16,Ukwa,Madhya Pradesh,Balaghat,21.974667,80.46,300.57,308.42,1.7,0,17.41,OFFICIAL_ANNUAL_PLAN,OFFICIAL_SAME_PERIOD,SYNTHETIC_DAILY_CALIBRATED_TO_PUBLIC_ANNUAL_REFERENCE,0.0,0.0,0,125.67,4.93,220.97,11.08,60.0,60.0,59.44,SYNTHETIC_DEMO_CORRELATED_WITH_RAINFALL_REPLACE_WITH_NASA_SMAP_OR_ISRO_BHUVAN
PROD-0000443,2023-06-17,Ukwa,Madhya Pradesh,Balaghat,21.974667,80.46,309.4,313.24,1.9,0,15.62,OFFICIAL_ANNUAL_PLAN,OFFICIAL_SAME_PERIOD,SYNTHETIC_DAILY_CALIBRATED_TO_PUBLIC_ANNUAL_REFERENCE,0.0,0.0,0,92.83,4.75,236.59,12.98,60.0,60.0,60.0,SYNTHETIC_DEMO_CORRELATED_WITH_RAINFALL_REPLACE_WITH_NASA_SMAP_OR_ISRO_BHUVAN
PROD-0000444,2023-06-18,Ukwa,Madhya Pradesh,Balaghat,21.974667,80.46,325.34,338.56,0.25,0,0.0,OFFICIAL_ANNUAL_PLAN,OFFICIAL_SAME_PERIOD,SYNTHETIC_DAILY_CALIBRATED_TO_PUBLIC_ANNUAL_REFERENCE,0.0,0.0,0,33.03,3.85,173.69,9.87,54.89,58.3,59.27,SYNTHETIC_DEMO_CORRELATED_WITH_RAINFALL_REPLACE_WITH_NASA_SMAP_OR_ISRO_BHUVAN
PROD-0000445,2023-06-19,Ukwa,Madhya Pradesh,Balaghat,21.974667,80.46,297.06,297.04,0.34,12,2.78,OFFICIAL_ANNUAL_PLAN,OFFICIAL_SAME_PERIOD,SYNTHETIC_DAILY_CALIBRATED_TO_PUBLIC_ANNUAL_REFERENCE,0.02,0.007,1,18.4,2.49,158.06,8.35,54.9,56.6,58.54,SYNTHETIC_DEMO_CORRELATED_WITH_RAINFALL_REPLACE_WITH_NASA_SMAP_OR_ISRO_BHUVAN
PROD-0000446,2023-06-20,Ukwa,Madhya Pradesh,Balaghat,21.974667,80.46,316.42,315.8,0.21,108,13.8,OFFICIAL_ANNUAL_PLAN,OFFICIAL_SAME_PERIOD,SYNTHETIC_DAILY_CALIBRATED_TO_PUBLIC_ANNUAL_REFERENCE,0.62,0.196,1,16.58,0.8,157.87,7.63,60.0,56.6,58.54,SYNTHETIC_DEMO_CORRELATED_WITH_RAINFALL_REPLACE_WITH_NASA_SMAP_OR_ISRO_BHUVAN
PROD-0000447,2023-06-21,Ukwa,Madhya Pradesh,Balaghat,21.974667,80.46,286.94,290.52,0.7,61,0.0,OFFICIAL_ANNUAL_PLAN,OFFICIAL_SAME_PERIOD,SYNTHETIC_DAILY_CALIBRATED_TO_PUBLIC_ANNUAL_REFERENCE,0.0,0.0,0,16.58,1.25,109.41,6.25,55.71,56.87,57.93,SYNTHETIC_DEMO_CORRELATED_WITH_RAINFALL_REPLACE_WITH_NASA_SMAP_OR_ISRO_BHUVAN
PROD-0000448,2023-06-22,Ukwa,Madhya Pradesh,Balaghat,21.974667,80.46,309.25,314.7,0.32,0,21.0,OFFICIAL_ANNUAL_PLAN,OFFICIAL_SAME_PERIOD,SYNTHETIC_DAILY_CALIBRATED_TO_PUBLIC_ANNUAL_REFERENCE,0.0,0.0,0,34.8,1.23,70.61,5.42,60.0,58.57,57.93,SYNTHETIC_DEMO_CORRELATED_WITH_RAINFALL_REPLACE_WITH_NASA_SMAP_OR_ISRO_BHUVAN
PROD-0000449,2023-06-23,Ukwa,Madhya Pradesh,Balaghat,21.974667,80.46,311.24,318.09,1.48,29,0.0,OFFICIAL_ANNUAL_PLAN,OFFICIAL_SAME_PERIOD,SYNTHETIC_DAILY_CALIBRATED_TO_PUBLIC_ANNUAL_REFERENCE,0.0,0.0,0,21.0,2.5,53.2,5.2,57.99,57.9,57.64,SYNTHETIC_DEMO_CORRELATED_WITH_RAINFALL_REPLACE_WITH_NASA_SMAP_OR_ISRO_BHUVAN
PROD-0000450,2023-06-24,Ukwa,Madhya Pradesh,Balaghat,21.974667,80.46,339.08,337.91,1.85,0,0.0,OFFICIAL_ANNUAL_PLAN,OFFICIAL_SAME_PERIOD,SYNTHETIC_DAILY_CALIBRATED_TO_PUBLIC_ANNUAL_REFERENCE,1.17,0.345,1,21.0,3.65,37.58,5.15,54.67,57.55,56.88,SYNTHETIC_DEMO_CORRELATED_WITH_RAINFALL_REPLACE_WITH_NASA_SMAP_OR_ISRO_BHUVAN
PROD-0000451,2023-06-25,Ukwa,Madhya Pradesh,Balaghat,21.974667,80.46,300.25,287.64,2.02,47,11.64,OFFICIAL_ANNUAL_PLAN,OFFICIAL_SAME_PERIOD,SYNTHETIC_DAILY_CALIBRATED_TO_PUBLIC_ANNUAL_REFERENCE,12.61,4.2,1,11.64,5.35,49.22,6.92,60.0,57.55,57.61,SYNTHETIC_DEMO_CORRELATED_WITH_RAINFALL_REPLACE_WITH_NASA_SMAP_OR_ISRO_BHUVAN
PROD-0000452,2023-06-26,Ukwa,Madhya Pradesh,Balaghat,21.974667,80.46,250.75,228.04,5.53,0,14.54,OFFICIAL_ANNUAL_PLAN,OFFICIAL_SAME_PERIOD,SYNTHETIC_DAILY_CALIBRATED_TO_PUBLIC_ANNUAL_REFERENCE,22.71,9.057,1,26.18,9.4,60.98,12.11,60.0,58.22,58.34,SYNTHETIC_DEMO_CORRELATED_WITH_RAINFALL_REPLACE_WITH_NASA_SMAP_OR_ISRO_BHUVAN
PROD-0000453,2023-06-27,Ukwa,Madhya Pradesh,Balaghat,21.974667,80.46,334.54,313.91,5.3,0,16.51,OFFICIAL_ANNUAL_PLAN,OFFICIAL_SAME_PERIOD,SYNTHETIC_DAILY_CALIBRATED_TO_PUBLIC_ANNUAL_REFERENCE,20.63,6.167,1,42.69,12.85,63.69,17.2,60.0,60.0,58.34,SYNTHETIC_DEMO_CORRELATED_WITH_RAINFALL_REPLACE_WITH_NASA_SMAP_OR_ISRO_BHUVAN
PROD-0000454,2023-06-28,Ukwa,Madhya Pradesh,Balaghat,21.974667,80.46,327.56,312.87,0.75,110,49.89,OFFICIAL_ANNUAL_PLAN,OFFICIAL_SAME_PERIOD,SYNTHETIC_DAILY_CALIBRATED_TO_PUBLIC_ANNUAL_REFERENCE,14.69,4.485,1,80.94,11.58,113.58,17.25,60.0,60.0,58.95,SYNTHETIC_DEMO_CORRELATED_WITH_RAINFALL_REPLACE_WITH_NASA_SMAP_OR_ISRO_BHUVAN
PROD-0000455,2023-06-29,Ukwa,Madhya Pradesh,Balaghat,21.974667,80.46,297.7,288.03,4.15,0,58.97,OFFICIAL_ANNUAL_PLAN,OFFICIAL_SAME_PERIOD,SYNTHETIC_DAILY_CALIBRATED_TO_PUBLIC_ANNUAL_REFERENCE,9.67,3.248,1,125.37,10.2,151.55,21.08,60.0,60.0,58.95,SYNTHETIC_DEMO_CORRELATED_WITH_RAINFALL_REPLACE_WITH_NASA_SMAP_OR_ISRO_BHUVAN
PROD-0000456,2023-06-30,Ukwa,Madhya Pradesh,Balaghat,21.974667,80.46,311.58,310.95,1.89,0,12.29,OFFICIAL_ANNUAL_PLAN,OFFICIAL_SAME_PERIOD,SYNTHETIC_DAILY_CALIBRATED_TO_PUBLIC_ANNUAL_REFERENCE,0.63,0.202,1,121.15,6.79,163.84,21.49,60.0,60.0,59.24,SYNTHETIC_DEMO_CORRELATED_WITH_RAINFALL_REPLACE_WITH_NASA_SMAP_OR_ISRO_BHUVAN
PROD-0000457,2023-07-01,Ukwa,Madhya Pradesh,Balaghat,21.974667,80.46,332.92,331.98,2.97,33,25.94,OFFICIAL_ANNUAL_PLAN,OFFICIAL_SAME_PERIOD,SYNTHETIC_DAILY_CALIBRATED_TO_PUBLIC_ANNUAL_REFERENCE,0.94,0.282,1,97.2,9.01,189.78,22.61,60.0,60.0,60.0,SYNTHETIC_DEMO_CORRELATED_WITH_RAINFALL_REPLACE_WITH_NASA_SMAP_OR_ISRO_BHUVAN
PROD-0000458,2023-07-02,Ukwa,Madhya Pradesh,Balaghat,21.974667,80.46,328.81,311.46,2.09,21,53.39,OFFICIAL_ANNUAL_PLAN,OFFICIAL_SAME_PERIOD,SYNTHETIC_DAILY_CALIBRATED_TO_PUBLIC_ANNUAL_REFERENCE,17.35,5.277,1,91.62,6.95,231.53,22.68,60.0,60.0,60.0,SYNTHETIC_DEMO_CORRELATED_WITH_RAINFALL_REPLACE_WITH_NASA_SMAP_OR_ISRO_BHUVAN
PROD-0000459,2023-07-03,Ukwa,Madhya Pradesh,Balaghat,21.974667,80.46,320.57,342.07,1.56,0,12.22,OFFICIAL_ANNUAL_PLAN,OFFICIAL_SAME_PERIOD,SYNTHETIC_DAILY_CALIBRATED_TO_PUBLIC_ANNUAL_REFERENCE,0.0,0.0,0,91.55,6.62,229.21,18.71,60.0,60.0,60.0,SYNTHETIC_DEMO_CORRELATED_WITH_RAINFALL_REPLACE_WITH_NASA_SMAP_OR_ISRO_BHUVAN
PROD-0000460,2023-07-04,Ukwa,Madhya Pradesh,Balaghat,21.974667,80.46,332.56,325.55,0.27,115,18.17,OFFICIAL_ANNUAL_PLAN,OFFICIAL_SAME_PERIOD,SYNTHETIC_DAILY_CALIBRATED_TO_PUBLIC_ANNUAL_REFERENCE,7.01,2.108,1,83.78,3.92,230.87,13.68,60.0,60.0,60.0,SYNTHETIC_DEMO_CORRELATED_WITH_RAINFALL_REPLACE_WITH_NASA_SMAP_OR_ISRO_BHUVAN
PROD-0000461,2023-07-05,Ukwa,Madhya Pradesh,Balaghat,21.974667,80.46,295.14,296.07,0.12,0,8.04,OFFICIAL_ANNUAL_PLAN,OFFICIAL_SAME_PERIOD,SYNTHETIC_DAILY_CALIBRATED_TO_PUBLIC_ANNUAL_REFERENCE,0.0,0.0,0,38.43,1.95,189.02,13.05,60.0,60.0,60.0,SYNTHETIC_DEMO_CORRELATED_WITH_RAINFALL_REPLACE_WITH_NASA_SMAP_OR_ISRO_BHUVAN
PROD-0000462,2023-07-06,Ukwa,Madhya Pradesh,Balaghat,21.974667,80.46,293.37,296.42,0.98,0,7.91,OFFICIAL_ANNUAL_PLAN,OFFICIAL_SAME_PERIOD,SYNTHETIC_DAILY_CALIBRATED_TO_PUBLIC_ANNUAL_REFERENCE,0.0,0.0,0,34.12,1.37,137.96,9.88,60.0,60.0,60.0,SYNTHETIC_DEMO_CORRELATED_WITH_RAINFALL_REPLACE_WITH_NASA_SMAP_OR_ISRO_BHUVAN
PROD-0000463,2023-07-07,Ukwa,Madhya Pradesh,Balaghat,21.974667,80.46,329.88,332.23,0.65,44,0.0,OFFICIAL_ANNUAL_PLAN,OFFICIAL_SAME_PERIOD,SYNTHETIC_DAILY_CALIBRATED_TO_PUBLIC_ANNUAL_REFERENCE,0.0,0.0,0,15.95,1.75,125.67,8.64,55.54,58.51,59.36,SYNTHETIC_DEMO_CORRELATED_WITH_RAINFALL_REPLACE_WITH_NASA_SMAP_OR_ISRO_BHUVAN
PROD-0000464,2023-07-08,Ukwa,Madhya Pradesh,Balaghat,21.974667,80.46,295.85,278.12,3.45,27,32.93,OFFICIAL_ANNUAL_PLAN,OFFICIAL_SAME_PERIOD,SYNTHETIC_DAILY_CALIBRATED_TO_PUBLIC_ANNUAL_REFERENCE,17.73,5.993,1,40.84,5.08,132.66,9.12,60.0,58.51,59.36,SYNTHETIC_DEMO_CORRELATED_WITH_RAINFALL_REPLACE_WITH_NASA_SMAP_OR_ISRO_BHUVAN
PROD-0000465,2023-07-09,Ukwa,Madhya Pradesh,Balaghat,21.974667,80.46,299.8,303.63,2.27,36,14.52,OFFICIAL_ANNUAL_PLAN,OFFICIAL_SAME_PERIOD,SYNTHETIC_DAILY_CALIBRATED_TO_PUBLIC_ANNUAL_REFERENCE,0.0,0.0,0,47.45,6.37,93.79,9.3,60.0,58.51,59.36,SYNTHETIC_DEMO_CORRELATED_WITH_RAINFALL_REPLACE_WITH_NASA_SMAP_OR_ISRO_BHUVAN
PROD-0000466,2023-07-10,Ukwa,Madhya Pradesh,Balaghat,21.974667,80.46,320.81,326.6,0.55,27,0.0,OFFICIAL_ANNUAL_PLAN,OFFICIAL_SAME_PERIOD,SYNTHETIC_DAILY_CALIBRATED_TO_PUBLIC_ANNUAL_REFERENCE,0.0,0.0,0,47.45,6.27,81.57,8.29,56.44,58.81,58.85,SYNTHETIC_DEMO_CORRELATED_WITH_RAINFALL_REPLACE_WITH_NASA_SMAP_OR_ISRO_BHUVAN
PROD-0000467,2023-07-11,Ukwa,Madhya Pradesh,Balaghat,21.974667,80.46,286.84,280.43,3.87,0,0.0,OFFICIAL_ANNUAL_PLAN,OFFICIAL_SAME_PERIOD,SYNTHETIC_DAILY_CALIBRATED_TO_PUBLIC_ANNUAL_REFERENCE,6.41,2.235,1,14.52,6.69,63.4,11.89,52.72,56.39,57.81,SYNTHETIC_DEMO_CORRELATED_WITH_RAINFALL_REPLACE_WITH_NASA_SMAP_OR_ISRO_BHUVAN
PROD-0000468,2023-07-12,Ukwa,Madhya Pradesh,Balaghat,21.974667,80.46,274.44,275.08,0.71,0,0.0,OFFICIAL_ANNUAL_PLAN,OFFICIAL_SAME_PERIOD,SYNTHETIC_DAILY_CALIBRATED_TO_PUBLIC_ANNUAL_REFERENCE,0.0,0.0,0,0.0,5.13,55.36,12.48,50.6,53.25,56.47,SYNTHETIC_DEMO_CORRELATED_WITH_RAINFALL_REPLACE_WITH_NASA_SMAP_OR_ISRO_BHUVAN
PROD-0000469,2023-07-13,Ukwa,Madhya Pradesh,Balaghat,21.974667,80.46,288.77,294.08,1.68,0,0.0,OFFICIAL_ANNUAL_PLAN,OFFICIAL_SAME_PERIOD,SYNTHETIC_DAILY_CALIBRATED_TO_PUBLIC_ANNUAL_REFERENCE,0.0,0.0,0,0.0,6.26,47.45,13.18,48.07,50.46,54.77,SYNTHETIC_DEMO_CORRELATED_WITH_RAINFALL_REPLACE_WITH_NASA_SMAP_OR_ISRO_BHUVAN
PROD-0000470,2023-07-14,Ukwa,Madhya Pradesh,Balaghat,21.974667,80.46,348.17,345.66,1.02,16,4.47,OFFICIAL_ANNUAL_PLAN,OFFICIAL_SAME_PERIOD,SYNTHETIC_DAILY_CALIBRATED_TO_PUBLIC_ANNUAL_REFERENCE,2.51,0.721,1,4.47,3.41,51.92,13.55,51.18,49.95,54.14,SYNTHETIC_DEMO_CORRELATED_WITH_RAINFALL_REPLACE_WITH_NASA_SMAP_OR_ISRO_BHUVAN
PROD-0000471,2023-07-15,Ukwa,Madhya Pradesh,Balaghat,21.974667,80.46,301.42,300.17,2.6,0,0.0,OFFICIAL_ANNUAL_PLAN,OFFICIAL_SAME_PERIOD,SYNTHETIC_DAILY_CALIBRATED_TO_PUBLIC_ANNUAL_REFERENCE,1.25,0.415,1,4.47,5.3,18.99,12.7,47.93,49.06,52.42,SYNTHETIC_DEMO_CORRELATED_WITH_RAINFALL_REPLACE_WITH_NASA_SMAP_OR_ISRO_BHUVAN
PROD-0000472,2023-07-16,Ukwa,Madhya Pradesh,Balaghat,21.974667,80.46,291.53,274.91,4.61,0,29.86,OFFICIAL_ANNUAL_PLAN,OFFICIAL_SAME_PERIOD,SYNTHETIC_DAILY_CALIBRATED_TO_PUBLIC_ANNUAL_REFERENCE,16.62,5.701,1,34.33,8.23,34.33,15.04,60.0,53.04,52.42,SYNTHETIC_DEMO_CORRELATED_WITH_RAINFALL_REPLACE_WITH_NASA_SMAP_OR_ISRO_BHUVAN
PROD-0000473,2023-07-17,Ukwa,Madhya Pradesh,Balaghat,21.974667,80.46,314.69,309.72,2.31,0,0.0,OFFICIAL_ANNUAL_PLAN,OFFICIAL_SAME_PERIOD,SYNTHETIC_DAILY_CALIBRATED_TO_PUBLIC_ANNUAL_REFERENCE,4.97,1.579,1,29.86,9.52,34.33,16.8,56.48,54.8,52.43,SYNTHETIC_DEMO_CORRELATED_WITH_RAINFALL_REPLACE_WITH_NASA_SMAP_OR_ISRO_BHUVAN
PROD-0000474,2023-07-18,Ukwa,Madhya Pradesh,Balaghat,21.974667,80.46,325.03,331.39,0.15,0,9.83,OFFICIAL_ANNUAL_PLAN,OFFICIAL_SAME_PERIOD,SYNTHETIC_DAILY_CALIBRATED_TO_PUBLIC_ANNUAL_REFERENCE,0.0,0.0,0,39.69,7.07,44.16,13.08,60.0,58.83,53.47,SYNTHETIC_DEMO_CORRELATED_WITH_RAINFALL_REPLACE_WITH_NASA_SMAP_OR_ISRO_BHUVAN
PROD-0000475,2023-07-19,Ukwa,Madhya Pradesh,Balaghat,21.974667,80.46,294.2,288.5,2.77,0,18.03,OFFICIAL_ANNUAL_PLAN,OFFICIAL_SAME_PERIOD,SYNTHETIC_DAILY_CALIBRATED_TO_PUBLIC_ANNUAL_REFERENCE,5.7,1.937,1,27.86,5.23,62.19,15.14,60.0,58.83,54.81,SYNTHETIC_DEMO_CORRELATED_WITH_RAINFALL_REPLACE_WITH_NASA_SMAP_OR_ISRO_BHUVAN
PROD-0000476,2023-07-20,Ukwa,Madhya Pradesh,Balaghat,21.974667,80.46,286.08,289.8,2.39,15,0.0,OFFICIAL_ANNUAL_PLAN,OFFICIAL_SAME_PERIOD,SYNTHETIC_DAILY_CALIBRATED_TO_PUBLIC_ANNUAL_REFERENCE,0.0,0.0,0,27.86,5.31,62.19,15.85,56.34,58.78,55.99,SYNTHETIC_DEMO_CORRELATED_WITH_RAINFALL_REPLACE_WITH_NASA_SMAP_OR_ISRO_BHUVAN
PROD-0000477,2023-07-21,Ukwa,Madhya Pradesh,Balaghat,21.974667,80.46,284.91,295.07,0.46,0,30.7,OFFICIAL_ANNUAL_PLAN,OFFICIAL_SAME_PERIOD,SYNTHETIC_DAILY_CALIBRATED_TO_PUBLIC_ANNUAL_REFERENCE,0.0,0.0,0,48.73,5.62,88.42,15.29,60.0,58.78,57.25,SYNTHETIC_DEMO_CORRELATED_WITH_RAINFALL_REPLACE_WITH_NASA_SMAP_OR_ISRO_BHUVAN
PROD-0000478,2023-07-22,Ukwa,Madhya Pradesh,Balaghat,21.974667,80.46,292.7,290.17,2.45,0,26.25,OFFICIAL_ANNUAL_PLAN,OFFICIAL_SAME_PERIOD,SYNTHETIC_DAILY_CALIBRATED_TO_PUBLIC_ANNUAL_REFERENCE,2.53,0.864,1,56.95,5.3,114.67,15.14,60.0,58.78,58.97,SYNTHETIC_DEMO_CORRELATED_WITH_RAINFALL_REPLACE_WITH_NASA_SMAP_OR_ISRO_BHUVAN
PROD-0000479,2023-07-23,Ukwa,Madhya Pradesh,Balaghat,21.974667,80.46,287.75,278.25,4.71,0,31.17,OFFICIAL_ANNUAL_PLAN,OFFICIAL_SAME_PERIOD,SYNTHETIC_DAILY_CALIBRATED_TO_PUBLIC_ANNUAL_REFERENCE,9.5,3.301,1,88.12,7.62,115.98,15.24,60.0,60.0,58.97,SYNTHETIC_DEMO_CORRELATED_WITH_RAINFALL_REPLACE_WITH_NASA_SMAP_OR_ISRO_BHUVAN
PROD-0000480,2023-07-24,Ukwa,Madhya Pradesh,Balaghat,21.974667,80.46,297.32,306.82,0.0,0,0.0,OFFICIAL_ANNUAL_PLAN,OFFICIAL_SAME_PERIOD,SYNTHETIC_DAILY_CALIBRATED_TO_PUBLIC_ANNUAL_REFERENCE,0.0,0.0,0,57.42,7.16,115.98,12.93,56.55,58.85,58.98,SYNTHETIC_DEMO_CORRELATED_WITH_RAINFALL_REPLACE_WITH_NASA_SMAP_OR_ISRO_BHUVAN
PROD-0000481,2023-07-25,Ukwa,Madhya Pradesh,Balaghat,21.974667,80.46,353.05,351.41,1.62,0,0.0,OFFICIAL_ANNUAL_PLAN,OFFICIAL_SAME_PERIOD,SYNTHETIC_DAILY_CALIBRATED_TO_PUBLIC_ANNUAL_REFERENCE,1.64,0.465,1,31.17,6.33,106.15,14.4,55.49,57.35,58.34,SYNTHETIC_DEMO_CORRELATED_WITH_RAINFALL_REPLACE_WITH_NASA_SMAP_OR_ISRO_BHUVAN
PROD-0000482,2023-07-26,Ukwa,Madhya Pradesh,Balaghat,21.974667,80.46,300.23,310.42,1.17,0,5.11,OFFICIAL_ANNUAL_PLAN,OFFICIAL_SAME_PERIOD,SYNTHETIC_DAILY_CALIBRATED_TO_PUBLIC_ANNUAL_REFERENCE,0.0,0.0,0,5.11,2.79,93.23,12.8,56.77,56.27,57.88,SYNTHETIC_DEMO_CORRELATED_WITH_RAINFALL_REPLACE_WITH_NASA_SMAP_OR_ISRO_BHUVAN
PROD-0000483,2023-07-27,Ukwa,Madhya Pradesh,Balaghat,21.974667,80.46,307.84,306.64,0.0,0,0.0,OFFICIAL_ANNUAL_PLAN,OFFICIAL_SAME_PERIOD,SYNTHETIC_DAILY_CALIBRATED_TO_PUBLIC_ANNUAL_REFERENCE,1.2,0.39,1,5.11,2.79,93.23,10.41,53.24,55.17,57.44,SYNTHETIC_DEMO_CORRELATED_WITH_RAINFALL_REPLACE_WITH_NASA_SMAP_OR_ISRO_BHUVAN
PROD-0000484,2023-07-28,Ukwa,Madhya Pradesh,Balaghat,21.974667,80.46,326.42,333.75,0.16,0,10.56,OFFICIAL_ANNUAL_PLAN,OFFICIAL_SAME_PERIOD,SYNTHETIC_DAILY_CALIBRATED_TO_PUBLIC_ANNUAL_REFERENCE,0.0,0.0,0,15.67,1.33,73.09,10.11,59.75,56.59,57.4,SYNTHETIC_DEMO_CORRELATED_WITH_RAINFALL_REPLACE_WITH_NASA_SMAP_OR_ISRO_BHUVAN
PROD-0000485,2023-07-29,Ukwa,Madhya Pradesh,Balaghat,21.974667,80.46,300.63,296.1,0.62,0,41.18,OFFICIAL_ANNUAL_PLAN,OFFICIAL_SAME_PERIOD,SYNTHETIC_DAILY_CALIBRATED_TO_PUBLIC_ANNUAL_REFERENCE,4.53,1.507,1,51.74,0.78,88.02,8.28,60.0,57.66,57.4,SYNTHETIC_DEMO_CORRELATED_WITH_RAINFALL_REPLACE_WITH_NASA_SMAP_OR_ISRO_BHUVAN
PROD-0000486,2023-07-30,Ukwa,Madhya Pradesh,Balaghat,21.974667,80.46,321.97,307.22,3.72,37,15.55,OFFICIAL_ANNUAL_PLAN,OFFICIAL_SAME_PERIOD,SYNTHETIC_DAILY_CALIBRATED_TO_PUBLIC_ANNUAL_REFERENCE,14.75,4.581,1,67.29,4.5,72.4,7.29,60.0,59.92,57.4,SYNTHETIC_DEMO_CORRELATED_WITH_RAINFALL_REPLACE_WITH_NASA_SMAP_OR_ISRO_BHUVAN
PROD-0000487,2023-07-31,Ukwa,Madhya Pradesh,Balaghat,21.974667,80.46,304.24,313.21,2.82,0,0.0,OFFICIAL_ANNUAL_PLAN,OFFICIAL_SAME_PERIOD,SYNTHETIC_DAILY_CALIBRATED_TO_PUBLIC_ANNUAL_REFERENCE,0.0,0.0,0,56.73,7.16,72.4,10.11,53.44,57.81,56.96,SYNTHETIC_DEMO_CORRELATED_WITH_RAINFALL_REPLACE_WITH_NASA_SMAP_OR_ISRO_BHUVAN
PROD-0000488,2023-08-01,Ukwa,Madhya Pradesh,Balaghat,21.974667,80.46,320.32,315.9,0.0,25,0.0,OFFICIAL_ANNUAL_PLAN,OFFICIAL_SAME_PERIOD,SYNTHETIC_DAILY_CALIBRATED_TO_PUBLIC_ANNUAL_REFERENCE,4.42,1.38,1,15.55,6.54,72.4,8.49,48.75,54.06,55.99,SYNTHETIC_DEMO_CORRELATED_WITH_RAINFALL_REPLACE_WITH_NASA_SMAP_OR_ISRO_BHUVAN
PROD-0000489,2023-08-02,Ukwa,Madhya Pradesh,Balaghat,21.974667,80.46,331.28,327.91,1.79,0,16.89,OFFICIAL_ANNUAL_PLAN,OFFICIAL_SAME_PERIOD,SYNTHETIC_DAILY_CALIBRATED_TO_PUBLIC_ANNUAL_REFERENCE,3.37,1.017,1,16.89,4.61,84.18,9.11,60.0,54.06,56.45,SYNTHETIC_DEMO_CORRELATED_WITH_RAINFALL_REPLACE_WITH_NASA_SMAP_OR_ISRO_BHUVAN
PROD-0000490,2023-08-03,Ukwa,Madhya Pradesh,Balaghat,21.974667,80.46,291.5,287.97,0.71,0,0.0,OFFICIAL_ANNUAL_PLAN,OFFICIAL_SAME_PERIOD,SYNTHETIC_DAILY_CALIBRATED_TO_PUBLIC_ANNUAL_REFERENCE,3.53,1.211,1,16.89,2.5,84.18,9.82,57.49,55.41,57.06,SYNTHETIC_DEMO_CORRELATED_WITH_RAINFALL_REPLACE_WITH_NASA_SMAP_OR_ISRO_BHUVAN
PROD-0000491,2023-08-04,Ukwa,Madhya Pradesh,Balaghat,21.974667,80.46,318.45,319.54,0.93,0,0.0,OFFICIAL_ANNUAL_PLAN,OFFICIAL_SAME_PERIOD,SYNTHETIC_DAILY_CALIBRATED_TO_PUBLIC_ANNUAL_REFERENCE,0.0,0.0,0,16.89,3.43,73.62,10.59,54.7,57.4,56.34,SYNTHETIC_DEMO_CORRELATED_WITH_RAINFALL_REPLACE_WITH_NASA_SMAP_OR_ISRO_BHUVAN
PROD-0000492,2023-08-05,Ukwa,Madhya Pradesh,Balaghat,21.974667,80.46,302.42,295.72,2.78,33,21.66,OFFICIAL_ANNUAL_PLAN,OFFICIAL_SAME_PERIOD,SYNTHETIC_DAILY_CALIBRATED_TO_PUBLIC_ANNUAL_REFERENCE,6.7,2.215,1,21.66,4.42,54.1,12.75,60.0,57.4,56.34,SYNTHETIC_DEMO_CORRELATED_WITH_RAINFALL_REPLACE_WITH_NASA_SMAP_OR_ISRO_BHUVAN
PROD-0000493,2023-08-06,Ukwa,Madhya Pradesh,Balaghat,21.974667,80.46,309.21,291.73,0.6,0,39.87,OFFICIAL_ANNUAL_PLAN,OFFICIAL_SAME_PERIOD,SYNTHETIC_DAILY_CALIBRATED_TO_PUBLIC_ANNUAL_REFERENCE,17.48,5.653,1,61.53,4.31,78.42,9.63,60.0,58.23,56.34,SYNTHETIC_DEMO_CORRELATED_WITH_RAINFALL_REPLACE_WITH_NASA_SMAP_OR_ISRO_BHUVAN
PROD-0000494,2023-08-07,Ukwa,Madhya Pradesh,Balaghat,21.974667,80.46,352.31,358.76,0.23,28,15.64,OFFICIAL_ANNUAL_PLAN,OFFICIAL_SAME_PERIOD,SYNTHETIC_DAILY_CALIBRATED_TO_PUBLIC_ANNUAL_REFERENCE,0.0,0.0,0,77.17,3.61,94.06,7.04,60.0,60.0,57.28,SYNTHETIC_DEMO_CORRELATED_WITH_RAINFALL_REPLACE_WITH_NASA_SMAP_OR_ISRO_BHUVAN
PROD-0000495,2023-08-08,Ukwa,Madhya Pradesh,Balaghat,21.974667,80.46,274.86,289.95,0.0,0,0.0,OFFICIAL_ANNUAL_PLAN,OFFICIAL_SAME_PERIOD,SYNTHETIC_DAILY_CALIBRATED_TO_PUBLIC_ANNUAL_REFERENCE,0.0,0.0,0,55.51,0.83,94.06,7.04,57.46,59.15,58.52,SYNTHETIC_DEMO_CORRELATED_WITH_RAINFALL_REPLACE_WITH_NASA_SMAP_OR_ISRO_BHUVAN
PROD-0000496,2023-08-09,Ukwa,Madhya Pradesh,Balaghat,21.974667,80.46,328.38,336.48,0.24,0,0.0,OFFICIAL_ANNUAL_PLAN,OFFICIAL_SAME_PERIOD,SYNTHETIC_DAILY_CALIBRATED_TO_PUBLIC_ANNUAL_REFERENCE,0.0,0.0,0,15.64,0.47,77.17,5.49,52.98,56.81,57.52,SYNTHETIC_DEMO_CORRELATED_WITH_RAINFALL_REPLACE_WITH_NASA_SMAP_OR_ISRO_BHUVAN
PROD-0000497,2023-08-10,Ukwa,Madhya Pradesh,Balaghat,21.974667,80.46,317.68,332.04,0.0,0,0.0,OFFICIAL_ANNUAL_PLAN,OFFICIAL_SAME_PERIOD,SYNTHETIC_DAILY_CALIBRATED_TO_PUBLIC_ANNUAL_REFERENCE,0.0,0.0,0,0.0,0.24,77.17,4.78,49.91,53.45,56.44,SYNTHETIC_DEMO_CORRELATED_WITH_RAINFALL_REPLACE_WITH_NASA_SMAP_OR_ISRO_BHUVAN
PROD-0000498,2023-08-11,Ukwa,Madhya Pradesh,Balaghat,21.974667,80.46,353.56,343.05,3.6,0,0.0,OFFICIAL_ANNUAL_PLAN,OFFICIAL_SAME_PERIOD,SYNTHETIC_DAILY_CALIBRATED_TO_PUBLIC_ANNUAL_REFERENCE,10.51,2.973,1,0.0,3.84,77.17,7.45,47.72,50.2,55.44,SYNTHETIC_DEMO_CORRELATED_WITH_RAINFALL_REPLACE_WITH_NASA_SMAP_OR_ISRO_BHUVAN
PROD-0000499,2023-08-12,Ukwa,Madhya Pradesh,Balaghat,21.974667,80.46,341.42,351.28,0.31,0,20.89,OFFICIAL_ANNUAL_PLAN,OFFICIAL_SAME_PERIOD,SYNTHETIC_DAILY_CALIBRATED_TO_PUBLIC_ANNUAL_REFERENCE,0.0,0.0,0,20.89,3.91,76.4,4.98,60.0,52.54,55.44,SYNTHETIC_DEMO_CORRELATED_WITH_RAINFALL_REPLACE_WITH_NASA_SMAP_OR_ISRO_BHUVAN
PROD-0000500,2023-08-13,Ukwa,Madhya Pradesh,Balaghat,21.974667,80.46,338.81,334.19,3.16,0,15.01,OFFICIAL_ANNUAL_PLAN,OFFICIAL_SAME_PERIOD,SYNTHETIC_DAILY_CALIBRATED_TO_PUBLIC_ANNUAL_REFERENCE,4.62,1.364,1,35.9,7.07,51.54,7.54,60.0,55.91,55.44,SYNTHETIC_DEMO_CORRELATED_WITH_RAINFALL_REPLACE_WITH_NASA_SMAP_OR_ISRO_BHUVAN
PROD-0000501,2023-08-14,Ukwa,Madhya Pradesh,Balaghat,21.974667,80.46,297.46,297.14,3.55,0,4.25,OFFICIAL_ANNUAL_PLAN,OFFICIAL_SAME_PERIOD,SYNTHETIC_DAILY_CALIBRATED_TO_PUBLIC_ANNUAL_REFERENCE,0.32,0.108,1,40.15,7.02,40.15,10.86,59.99,60.0,55.44,SYNTHETIC_DEMO_CORRELATED_WITH_RAINFALL_REPLACE_WITH_NASA_SMAP_OR_ISRO_BHUVAN
PROD-0000502,2023-08-15,Ukwa,Madhya Pradesh,Balaghat,21.974667,80.46,336.08,357.43,0.88,0,21.03,OFFICIAL_ANNUAL_PLAN,OFFICIAL_SAME_PERIOD,SYNTHETIC_DAILY_CALIBRATED_TO_PUBLIC_ANNUAL_REFERENCE,0.0,0.0,0,40.29,7.59,61.18,11.74,60.0,60.0,55.8,SYNTHETIC_DEMO_CORRELATED_WITH_RAINFALL_REPLACE_WITH_NASA_SMAP_OR_ISRO_BHUVAN
PROD-0000503,2023-08-16,Ukwa,Madhya Pradesh,Balaghat,21.974667,80.46,329.76,328.8,3.65,0,0.0,OFFICIAL_ANNUAL_PLAN,OFFICIAL_SAME_PERIOD,SYNTHETIC_DAILY_CALIBRATED_TO_PUBLIC_ANNUAL_REFERENCE,0.96,0.291,1,25.28,8.08,61.18,15.15,54.62,58.2,56.03,SYNTHETIC_DEMO_CORRELATED_WITH_RAINFALL_REPLACE_WITH_NASA_SMAP_OR_ISRO_BHUVAN
PROD-0000504,2023-08-17,Ukwa,Madhya Pradesh,Balaghat,21.974667,80.46,292.15,293.23,0.4,43,26.79,OFFICIAL_ANNUAL_PLAN,OFFICIAL_SAME_PERIOD,SYNTHETIC_DAILY_CALIBRATED_TO_PUBLIC_ANNUAL_REFERENCE,0.0,0.0,0,47.82,4.93,87.97,15.55,60.0,58.21,57.48,SYNTHETIC_DEMO_CORRELATED_WITH_RAINFALL_REPLACE_WITH_NASA_SMAP_OR_ISRO_BHUVAN
PROD-0000505,2023-08-18,Ukwa,Madhya Pradesh,Balaghat,21.974667,80.46,292.27,278.35,1.81,0,24.16,OFFICIAL_ANNUAL_PLAN,OFFICIAL_SAME_PERIOD,SYNTHETIC_DAILY_CALIBRATED_TO_PUBLIC_ANNUAL_REFERENCE,13.92,4.763,1,50.95,5.86,112.13,13.76,60.0,58.21,59.23,SYNTHETIC_DEMO_CORRELATED_WITH_RAINFALL_REPLACE_WITH_NASA_SMAP_OR_ISRO_BHUVAN
PROD-0000506,2023-08-19,Ukwa,Madhya Pradesh,Balaghat,21.974667,80.46,269.03,251.46,2.95,0,12.93,OFFICIAL_ANNUAL_PLAN,OFFICIAL_SAME_PERIOD,SYNTHETIC_DAILY_CALIBRATED_TO_PUBLIC_ANNUAL_REFERENCE,17.57,6.531,1,63.88,5.16,104.17,16.4,60.0,60.0,59.23,SYNTHETIC_DEMO_CORRELATED_WITH_RAINFALL_REPLACE_WITH_NASA_SMAP_OR_ISRO_BHUVAN
PROD-0000507,2023-08-20,Ukwa,Madhya Pradesh,Balaghat,21.974667,80.46,333.84,327.52,3.48,0,0.0,OFFICIAL_ANNUAL_PLAN,OFFICIAL_SAME_PERIOD,SYNTHETIC_DAILY_CALIBRATED_TO_PUBLIC_ANNUAL_REFERENCE,6.32,1.893,1,37.09,8.24,89.16,16.72,56.5,58.83,58.73,SYNTHETIC_DEMO_CORRELATED_WITH_RAINFALL_REPLACE_WITH_NASA_SMAP_OR_ISRO_BHUVAN
PROD-0000508,2023-08-21,Ukwa,Madhya Pradesh,Balaghat,21.974667,80.46,275.63,280.44,4.49,0,0.0,OFFICIAL_ANNUAL_PLAN,OFFICIAL_SAME_PERIOD,SYNTHETIC_DAILY_CALIBRATED_TO_PUBLIC_ANNUAL_REFERENCE,0.0,0.0,0,12.93,10.92,84.91,17.66,53.35,56.62,57.78,SYNTHETIC_DEMO_CORRELATED_WITH_RAINFALL_REPLACE_WITH_NASA_SMAP_OR_ISRO_BHUVAN
PROD-0000509,2023-08-22,Ukwa,Madhya Pradesh,Balaghat,21.974667,80.46,300.46,317.76,0.2,0,0.0,OFFICIAL_ANNUAL_PLAN,OFFICIAL_SAME_PERIOD,SYNTHETIC_DAILY_CALIBRATED_TO_PUBLIC_ANNUAL_REFERENCE,0.0,0.0,0,0.0,8.17,63.88,16.98,49.6,53.15,56.3,SYNTHETIC_DEMO_CORRELATED_WITH_RAINFALL_REPLACE_WITH_NASA_SMAP_OR_ISRO_BHUVAN
PROD-0000510,2023-08-23,Ukwa,Madhya Pradesh,Balaghat,21.974667,80.46,298.62,301.89,0.05,0,3.59,OFFICIAL_ANNUAL_PLAN,OFFICIAL_SAME_PERIOD,SYNTHETIC_DAILY_CALIBRATED_TO_PUBLIC_ANNUAL_REFERENCE,0.0,0.0,0,3.59,4.74,67.47,13.38,47.28,50.08,55.25,SYNTHETIC_DEMO_CORRELATED_WITH_RAINFALL_REPLACE_WITH_NASA_SMAP_OR_ISRO_BHUVAN
PROD-0000511,2023-08-24,Ukwa,Madhya Pradesh,Balaghat,21.974667,80.46,336.59,328.62,1.95,0,0.0,OFFICIAL_ANNUAL_PLAN,OFFICIAL_SAME_PERIOD,SYNTHETIC_DAILY_CALIBRATED_TO_PUBLIC_ANNUAL_REFERENCE,7.97,2.368,1,3.59,2.2,40.68,14.93,43.6,46.83,52.9,SYNTHETIC_DEMO_CORRELATED_WITH_RAINFALL_REPLACE_WITH_NASA_SMAP_OR_ISRO_BHUVAN
PROD-0000512,2023-08-25,Ukwa,Madhya Pradesh,Balaghat,21.974667,80.46,307.06,291.91,2.51,0,8.04,OFFICIAL_ANNUAL_PLAN,OFFICIAL_SAME_PERIOD,SYNTHETIC_DAILY_CALIBRATED_TO_PUBLIC_ANNUAL_REFERENCE,15.15,4.934,1,11.63,4.51,24.56,15.63,47.24,46.04,51.08,SYNTHETIC_DEMO_CORRELATED_WITH_RAINFALL_REPLACE_WITH_NASA_SMAP_OR_ISRO_BHUVAN
PROD-0000513,2023-08-26,Ukwa,Madhya Pradesh,Balaghat,21.974667,80.46,326.87,318.36,1.27,0,0.0,OFFICIAL_ANNUAL_PLAN,OFFICIAL_SAME_PERIOD,SYNTHETIC_DAILY_CALIBRATED_TO_PUBLIC_ANNUAL_REFERENCE,8.51,2.603,1,8.04,5.73,11.63,13.95,43.75,44.86,48.76,SYNTHETIC_DEMO_CORRELATED_WITH_RAINFALL_REPLACE_WITH_NASA_SMAP_OR_ISRO_BHUVAN
PROD-0000514,2023-08-27,Ukwa,Madhya Pradesh,Balaghat,21.974667,80.46,275.95,252.63,3.84,0,0.0,OFFICIAL_ANNUAL_PLAN,OFFICIAL_SAME_PERIOD,SYNTHETIC_DAILY_CALIBRATED_TO_PUBLIC_ANNUAL_REFERENCE,23.32,8.451,1,8.04,7.62,11.63,14.31,40.15,43.71,46.42,SYNTHETIC_DEMO_CORRELATED_WITH_RAINFALL_REPLACE_WITH_NASA_SMAP_OR_ISRO_BHUVAN
PROD-0000515,2023-08-28,Ukwa,Madhya Pradesh,Balaghat,21.974667,80.46,320.05,335.38,0.0,0,0.0,OFFICIAL_ANNUAL_PLAN,OFFICIAL_SAME_PERIOD,SYNTHETIC_DAILY_CALIBRATED_TO_PUBLIC_ANNUAL_REFERENCE,0.0,0.0,0,0.0,5.11,11.63,9.82,37.81,40.57,44.2,SYNTHETIC_DEMO_CORRELATED_WITH_RAINFALL_REPLACE_WITH_NASA_SMAP_OR_ISRO_BHUVAN
PROD-0000516,2023-08-29,Ukwa,Madhya Pradesh,Balaghat,21.974667,80.46,308.45,286.14,0.52,55,34.71,OFFICIAL_ANNUAL_PLAN,OFFICIAL_SAME_PERIOD,SYNTHETIC_DAILY_CALIBRATED_TO_PUBLIC_ANNUAL_REFERENCE,22.31,7.233,1,34.71,4.36,46.34,10.14,60.0,45.99,45.69,SYNTHETIC_DEMO_CORRELATED_WITH_RAINFALL_REPLACE_WITH_NASA_SMAP_OR_ISRO_BHUVAN
PROD-0000517,2023-08-30,Ukwa,Madhya Pradesh,Balaghat,21.974667,80.46,313.94,303.31,4.51,0,0.0,OFFICIAL_ANNUAL_PLAN,OFFICIAL_SAME_PERIOD,SYNTHETIC_DAILY_CALIBRATED_TO_PUBLIC_ANNUAL_REFERENCE,10.63,3.386,1,34.71,5.03,42.75,14.6,55.26,51.02,46.83,SYNTHETIC_DEMO_CORRELATED_WITH_RAINFALL_REPLACE_WITH_NASA_SMAP_OR_ISRO_BHUVAN
PROD-0000518,2023-08-31,Ukwa,Madhya Pradesh,Balaghat,21.974667,80.46,320.41,329.09,0.0,0,0.0,OFFICIAL_ANNUAL_PLAN,OFFICIAL_SAME_PERIOD,SYNTHETIC_DAILY_CALIBRATED_TO_PUBLIC_ANNUAL_REFERENCE,0.0,0.0,0,34.71,5.03,42.75,12.65,51.5,55.59,47.96,SYNTHETIC_DEMO_CORRELATED_WITH_RAINFALL_REPLACE_WITH_NASA_SMAP_OR_ISRO_BHUVAN
PROD-0000519,2023-09-01,Ukwa,Madhya Pradesh,Balaghat,21.974667,80.46,313.27,317.65,2.22,0,0.0,OFFICIAL_ANNUAL_PLAN,OFFICIAL_SAME_PERIOD,SYNTHETIC_DAILY_CALIBRATED_TO_PUBLIC_ANNUAL_REFERENCE,0.0,0.0,0,0.0,6.73,34.71,12.36,48.12,51.63,48.08,SYNTHETIC_DEMO_CORRELATED_WITH_RAINFALL_REPLACE_WITH_NASA_SMAP_OR_ISRO_BHUVAN
PROD-0000520,2023-09-02,Ukwa,Madhya Pradesh,Balaghat,21.974667,80.46,271.88,270.79,0.67,0,44.64,OFFICIAL_ANNUAL_PLAN,OFFICIAL_SAME_PERIOD,SYNTHETIC_DAILY_CALIBRATED_TO_PUBLIC_ANNUAL_REFERENCE,1.09,0.401,1,44.64,2.89,79.35,11.76,60.0,53.21,50.41,SYNTHETIC_DEMO_CORRELATED_WITH_RAINFALL_REPLACE_WITH_NASA_SMAP_OR_ISRO_BHUVAN
PROD-0000521,2023-09-03,Ukwa,Madhya Pradesh,Balaghat,21.974667,80.46,288.7,272.14,4.54,0,22.97,OFFICIAL_ANNUAL_PLAN,OFFICIAL_SAME_PERIOD,SYNTHETIC_DAILY_CALIBRATED_TO_PUBLIC_ANNUAL_REFERENCE,16.56,5.736,1,67.61,7.43,102.32,12.46,60.0,56.04,53.24,SYNTHETIC_DEMO_CORRELATED_WITH_RAINFALL_REPLACE_WITH_NASA_SMAP_OR_ISRO_BHUVAN
PROD-0000522,2023-09-04,Ukwa,Madhya Pradesh,Balaghat,21.974667,80.46,366.25,332.93,4.19,47,32.21,OFFICIAL_ANNUAL_PLAN,OFFICIAL_SAME_PERIOD,SYNTHETIC_DAILY_CALIBRATED_TO_PUBLIC_ANNUAL_REFERENCE,33.32,9.098,1,99.82,9.4,134.53,16.65,60.0,60.0,56.41,SYNTHETIC_DEMO_CORRELATED_WITH_RAINFALL_REPLACE_WITH_NASA_SMAP_OR_ISRO_BHUVAN
PROD-0000523,2023-09-05,Ukwa,Madhya Pradesh,Balaghat,21.974667,80.46,286.12,277.56,0.89,44,59.53,OFFICIAL_ANNUAL_PLAN,OFFICIAL_SAME_PERIOD,SYNTHETIC_DAILY_CALIBRATED_TO_PUBLIC_ANNUAL_REFERENCE,8.56,2.992,1,114.71,9.62,159.35,17.02,60.0,60.0,56.41,SYNTHETIC_DEMO_CORRELATED_WITH_RAINFALL_REPLACE_WITH_NASA_SMAP_OR_ISRO_BHUVAN
PROD-0000524,2023-09-06,Ukwa,Madhya Pradesh,Balaghat,21.974667,80.46,281.72,278.0,0.73,0,10.16,OFFICIAL_ANNUAL_PLAN,OFFICIAL_SAME_PERIOD,SYNTHETIC_DAILY_CALIBRATED_TO_PUBLIC_ANNUAL_REFERENCE,3.72,1.32,1,101.9,5.81,169.51,13.24,60.0,60.0,57.09,SYNTHETIC_DEMO_CORRELATED_WITH_RAINFALL_REPLACE_WITH_NASA_SMAP_OR_ISRO_BHUVAN
PROD-0000525,2023-09-07,Ukwa,Madhya Pradesh,Balaghat,21.974667,80.46,372.71,355.26,2.6,0,0.0,OFFICIAL_ANNUAL_PLAN,OFFICIAL_SAME_PERIOD,SYNTHETIC_DAILY_CALIBRATED_TO_PUBLIC_ANNUAL_REFERENCE,17.45,4.682,1,69.69,4.22,169.51,15.84,57.64,59.21,57.97,SYNTHETIC_DEMO_CORRELATED_WITH_RAINFALL_REPLACE_WITH_NASA_SMAP_OR_ISRO_BHUVAN
PROD-0000526,2023-09-08,Ukwa,Madhya Pradesh,Balaghat,21.974667,80.46,315.87,331.09,0.4,0,0.0,OFFICIAL_ANNUAL_PLAN,OFFICIAL_SAME_PERIOD,SYNTHETIC_DAILY_CALIBRATED_TO_PUBLIC_ANNUAL_REFERENCE,0.0,0.0,0,10.16,3.73,169.51,14.02,53.98,57.21,58.8,SYNTHETIC_DEMO_CORRELATED_WITH_RAINFALL_REPLACE_WITH_NASA_SMAP_OR_ISRO_BHUVAN
PROD-0000527,2023-09-09,Ukwa,Madhya Pradesh,Balaghat,21.974667,80.46,293.94,307.59,0.27,0,17.85,OFFICIAL_ANNUAL_PLAN,OFFICIAL_SAME_PERIOD,SYNTHETIC_DAILY_CALIBRATED_TO_PUBLIC_ANNUAL_REFERENCE,0.0,0.0,0,17.85,3.27,142.72,13.62,60.0,57.21,58.8,SYNTHETIC_DEMO_CORRELATED_WITH_RAINFALL_REPLACE_WITH_NASA_SMAP_OR_ISRO_BHUVAN
PROD-0000528,2023-09-10,Ukwa,Madhya Pradesh,Balaghat,21.974667,80.46,316.86,306.57,1.08,0,1.92,OFFICIAL_ANNUAL_PLAN,OFFICIAL_SAME_PERIOD,SYNTHETIC_DAILY_CALIBRATED_TO_PUBLIC_ANNUAL_REFERENCE,10.29,3.247,1,19.77,1.75,121.67,10.16,57.98,57.32,58.51,SYNTHETIC_DEMO_CORRELATED_WITH_RAINFALL_REPLACE_WITH_NASA_SMAP_OR_ISRO_BHUVAN
PROD-0000529,2023-09-11,Ukwa,Madhya Pradesh,Balaghat,21.974667,80.46,331.36,322.53,2.5,0,18.4,OFFICIAL_ANNUAL_PLAN,OFFICIAL_SAME_PERIOD,SYNTHETIC_DAILY_CALIBRATED_TO_PUBLIC_ANNUAL_REFERENCE,8.83,2.665,1,38.17,3.85,107.86,8.47,60.0,59.33,58.51,SYNTHETIC_DEMO_CORRELATED_WITH_RAINFALL_REPLACE_WITH_NASA_SMAP_OR_ISRO_BHUVAN
PROD-0000530,2023-09-12,Ukwa,Madhya Pradesh,Balaghat,21.974667,80.46,294.96,287.23,2.05,0,0.0,OFFICIAL_ANNUAL_PLAN,OFFICIAL_SAME_PERIOD,SYNTHETIC_DAILY_CALIBRATED_TO_PUBLIC_ANNUAL_REFERENCE,7.73,2.621,1,20.32,5.63,48.33,9.63,55.38,57.79,57.85,SYNTHETIC_DEMO_CORRELATED_WITH_RAINFALL_REPLACE_WITH_NASA_SMAP_OR_ISRO_BHUVAN
PROD-0000531,2023-09-13,Ukwa,Madhya Pradesh,Balaghat,21.974667,80.46,322.87,326.59,0.54,41,36.3,OFFICIAL_ANNUAL_PLAN,OFFICIAL_SAME_PERIOD,SYNTHETIC_DAILY_CALIBRATED_TO_PUBLIC_ANNUAL_REFERENCE,0.0,0.0,0,54.7,5.09,74.47,9.44,60.0,58.46,57.85,SYNTHETIC_DEMO_CORRELATED_WITH_RAINFALL_REPLACE_WITH_NASA_SMAP_OR_ISRO_BHUVAN
PROD-0000532,2023-09-14,Ukwa,Madhya Pradesh,Balaghat,21.974667,80.46,322.54,328.38,0.0,0,0.0,OFFICIAL_ANNUAL_PLAN,OFFICIAL_SAME_PERIOD,SYNTHETIC_DAILY_CALIBRATED_TO_PUBLIC_ANNUAL_REFERENCE,0.0,0.0,0,36.3,2.59,74.47,6.84,57.63,57.67,57.85,SYNTHETIC_DEMO_CORRELATED_WITH_RAINFALL_REPLACE_WITH_NASA_SMAP_OR_ISRO_BHUVAN
PROD-0000533,2023-09-15,Ukwa,Madhya Pradesh,Balaghat,21.974667,80.46,304.64,320.44,0.0,0,0.0,OFFICIAL_ANNUAL_PLAN,OFFICIAL_SAME_PERIOD,SYNTHETIC_DAILY_CALIBRATED_TO_PUBLIC_ANNUAL_REFERENCE,0.0,0.0,0,36.3,0.54,74.47,6.44,52.91,56.85,57.7,SYNTHETIC_DEMO_CORRELATED_WITH_RAINFALL_REPLACE_WITH_NASA_SMAP_OR_ISRO_BHUVAN
PROD-0000534,2023-09-16,Ukwa,Madhya Pradesh,Balaghat,21.974667,80.46,276.45,275.95,0.47,0,31.06,OFFICIAL_ANNUAL_PLAN,OFFICIAL_SAME_PERIOD,SYNTHETIC_DAILY_CALIBRATED_TO_PUBLIC_ANNUAL_REFERENCE,0.5,0.181,1,31.06,0.47,87.68,6.64,60.0,56.85,57.7,SYNTHETIC_DEMO_CORRELATED_WITH_RAINFALL_REPLACE_WITH_NASA_SMAP_OR_ISRO_BHUVAN
PROD-0000535,2023-09-17,Ukwa,Madhya Pradesh,Balaghat,21.974667,80.46,278.1,274.15,1.6,0,0.0,OFFICIAL_ANNUAL_PLAN,OFFICIAL_SAME_PERIOD,SYNTHETIC_DAILY_CALIBRATED_TO_PUBLIC_ANNUAL_REFERENCE,3.95,1.42,1,31.06,2.07,85.76,7.16,56.14,56.35,57.44,SYNTHETIC_DEMO_CORRELATED_WITH_RAINFALL_REPLACE_WITH_NASA_SMAP_OR_ISRO_BHUVAN
PROD-0000536,2023-09-18,Ukwa,Madhya Pradesh,Balaghat,21.974667,80.46,322.81,326.44,0.68,0,45.58,OFFICIAL_ANNUAL_PLAN,OFFICIAL_SAME_PERIOD,SYNTHETIC_DAILY_CALIBRATED_TO_PUBLIC_ANNUAL_REFERENCE,0.0,0.0,0,76.64,2.75,112.94,5.34,60.0,58.71,57.44,SYNTHETIC_DEMO_CORRELATED_WITH_RAINFALL_REPLACE_WITH_NASA_SMAP_OR_ISRO_BHUVAN
PROD-0000537,2023-09-19,Ukwa,Madhya Pradesh,Balaghat,21.974667,80.46,308.78,314.36,0.0,0,0.0,OFFICIAL_ANNUAL_PLAN,OFFICIAL_SAME_PERIOD,SYNTHETIC_DAILY_CALIBRATED_TO_PUBLIC_ANNUAL_REFERENCE,0.0,0.0,0,45.58,2.28,112.94,3.29,56.52,57.55,57.6,SYNTHETIC_DEMO_CORRELATED_WITH_RAINFALL_REPLACE_WITH_NASA_SMAP_OR_ISRO_BHUVAN
PROD-0000538,2023-09-20,Ukwa,Madhya Pradesh,Balaghat,21.974667,80.46,303.34,299.95,0.62,9,17.43,OFFICIAL_ANNUAL_PLAN,OFFICIAL_SAME_PERIOD,SYNTHETIC_DAILY_CALIBRATED_TO_PUBLIC_ANNUAL_REFERENCE,3.39,1.118,1,63.01,1.3,94.07,3.37,60.0,58.84,57.6,SYNTHETIC_DEMO_CORRELATED_WITH_RAINFALL_REPLACE_WITH_NASA_SMAP_OR_ISRO_BHUVAN
PROD-0000539,2023-09-21,Ukwa,Madhya Pradesh,Balaghat,21.974667,80.46,289.41,294.07,0.0,0,0.0,OFFICIAL_ANNUAL_PLAN,OFFICIAL_SAME_PERIOD,SYNTHETIC_DAILY_CALIBRATED_TO_PUBLIC_ANNUAL_REFERENCE,0.0,0.0,0,17.43,0.62,94.07,3.37,57.9,58.14,57.64,SYNTHETIC_DEMO_CORRELATED_WITH_RAINFALL_REPLACE_WITH_NASA_SMAP_OR_ISRO_BHUVAN
PROD-0000540,2023-09-22,Ukwa,Madhya Pradesh,Balaghat,21.974667,80.46,306.43,302.05,2.1,0,23.47,OFFICIAL_ANNUAL_PLAN,OFFICIAL_SAME_PERIOD,SYNTHETIC_DAILY_CALIBRATED_TO_PUBLIC_ANNUAL_REFERENCE,4.38,1.429,1,40.9,2.72,117.54,5.47,60.0,59.3,58.65,SYNTHETIC_DEMO_CORRELATED_WITH_RAINFALL_REPLACE_WITH_NASA_SMAP_OR_ISRO_BHUVAN
PROD-0000541,2023-09-23,Ukwa,Madhya Pradesh,Balaghat,21.974667,80.46,299.7,299.31,4.01,0,6.75,OFFICIAL_ANNUAL_PLAN,OFFICIAL_SAME_PERIOD,SYNTHETIC_DAILY_CALIBRATED_TO_PUBLIC_ANNUAL_REFERENCE,0.39,0.13,1,30.22,6.11,93.23,9.01,60.0,59.3,58.65,SYNTHETIC_DEMO_CORRELATED_WITH_RAINFALL_REPLACE_WITH_NASA_SMAP_OR_ISRO_BHUVAN
PROD-0000542,2023-09-24,Ukwa,Madhya Pradesh,Balaghat,21.974667,80.46,299.27,292.88,1.15,0,30.99,OFFICIAL_ANNUAL_PLAN,OFFICIAL_SAME_PERIOD,SYNTHETIC_DAILY_CALIBRATED_TO_PUBLIC_ANNUAL_REFERENCE,6.39,2.135,1,61.21,7.26,124.22,8.56,60.0,60.0,59.2,SYNTHETIC_DEMO_CORRELATED_WITH_RAINFALL_REPLACE_WITH_NASA_SMAP_OR_ISRO_BHUVAN
PROD-0000543,2023-09-25,Ukwa,Madhya Pradesh,Balaghat,21.974667,80.46,336.48,332.15,2.79,0,5.61,OFFICIAL_ANNUAL_PLAN,OFFICIAL_SAME_PERIOD,SYNTHETIC_DAILY_CALIBRATED_TO_PUBLIC_ANNUAL_REFERENCE,4.33,1.287,1,43.35,7.95,84.25,10.67,60.0,60.0,59.2,SYNTHETIC_DEMO_CORRELATED_WITH_RAINFALL_REPLACE_WITH_NASA_SMAP_OR_ISRO_BHUVAN
PROD-0000544,2023-09-26,Ukwa,Madhya Pradesh,Balaghat,21.974667,80.46,334.5,339.68,0.39,0,0.0,OFFICIAL_ANNUAL_PLAN,OFFICIAL_SAME_PERIOD,SYNTHETIC_DAILY_CALIBRATED_TO_PUBLIC_ANNUAL_REFERENCE,0.0,0.0,0,36.6,4.33,84.25,11.06,57.26,59.09,59.31,SYNTHETIC_DEMO_CORRELATED_WITH_RAINFALL_REPLACE_WITH_NASA_SMAP_OR_ISRO_BHUVAN
PROD-0000545,2023-09-27,Ukwa,Madhya Pradesh,Balaghat,21.974667,80.46,313.8,308.85,2.06,0,0.0,OFFICIAL_ANNUAL_PLAN,OFFICIAL_SAME_PERIOD,SYNTHETIC_DAILY_CALIBRATED_TO_PUBLIC_ANNUAL_REFERENCE,4.95,1.577,1,5.61,5.24,66.82,12.5,54.52,57.26,58.53,SYNTHETIC_DEMO_CORRELATED_WITH_RAINFALL_REPLACE_WITH_NASA_SMAP_OR_ISRO_BHUVAN
PROD-0000546,2023-09-28,Ukwa,Madhya Pradesh,Balaghat,21.974667,80.46,269.14,274.89,0.0,0,0.0,OFFICIAL_ANNUAL_PLAN,OFFICIAL_SAME_PERIOD,SYNTHETIC_DAILY_CALIBRATED_TO_PUBLIC_ANNUAL_REFERENCE,0.0,0.0,0,0.0,2.45,66.82,12.5,50.06,53.95,57.41,SYNTHETIC_DEMO_CORRELATED_WITH_RAINFALL_REPLACE_WITH_NASA_SMAP_OR_ISRO_BHUVAN
PROD-0000547,2023-09-29,Ukwa,Madhya Pradesh,Balaghat,21.974667,80.46,299.31,302.92,0.0,0,0.0,OFFICIAL_ANNUAL_PLAN,OFFICIAL_SAME_PERIOD,SYNTHETIC_DAILY_CALIBRATED_TO_PUBLIC_ANNUAL_REFERENCE,0.0,0.0,0,0.0,2.06,43.35,10.4,45.33,49.97,55.31,SYNTHETIC_DEMO_CORRELATED_WITH_RAINFALL_REPLACE_WITH_NASA_SMAP_OR_ISRO_BHUVAN
PROD-0000548,2023-09-30,Ukwa,Madhya Pradesh,Balaghat,21.974667,80.46,266.81,273.98,0.0,0,0.0,OFFICIAL_ANNUAL_PLAN,OFFICIAL_SAME_PERIOD,SYNTHETIC_DAILY_CALIBRATED_TO_PUBLIC_ANNUAL_REFERENCE,0.0,0.0,0,0.0,0.0,36.6,6.39,43.59,46.33,52.97,SYNTHETIC_DEMO_CORRELATED_WITH_RAINFALL_REPLACE_WITH_NASA_SMAP_OR_ISRO_BHUVAN
PROD-0000549,2023-10-01,Ukwa,Madhya Pradesh,Balaghat,21.974667,80.46,312.71,314.03,1.89,0,0.0,OFFICIAL_ANNUAL_PLAN,OFFICIAL_SAME_PERIOD,SYNTHETIC_DAILY_CALIBRATED_TO_PUBLIC_ANNUAL_REFERENCE,0.0,0.0,0,0.0,1.89,5.61,7.13,41.63,43.52,50.34,SYNTHETIC_DEMO_CORRELATED_WITH_RAINFALL_REPLACE_WITH_NASA_SMAP_OR_ISRO_BHUVAN
PROD-0000550,2023-10-02,Ukwa,Madhya Pradesh,Balaghat,21.974667,80.46,281.57,281.9,0.82,0,0.0,OFFICIAL_ANNUAL_PLAN,OFFICIAL_SAME_PERIOD,SYNTHETIC_DAILY_CALIBRATED_TO_PUBLIC_ANNUAL_REFERENCE,0.0,0.0,0,0.0,2.71,0.0,5.16,39.85,41.69,47.46,SYNTHETIC_DEMO_CORRELATED_WITH_RAINFALL_REPLACE_WITH_NASA_SMAP_OR_ISRO_BHUVAN
PROD-0000551,2023-10-03,Ukwa,Madhya Pradesh,Balaghat,21.974667,80.46,316.08,321.36,0.0,0,0.0,OFFICIAL_ANNUAL_PLAN,OFFICIAL_SAME_PERIOD,SYNTHETIC_DAILY_CALIBRATED_TO_PUBLIC_ANNUAL_REFERENCE,0.0,0.0,0,0.0,2.71,0.0,4.77,39.27,40.25,44.89,SYNTHETIC_DEMO_CORRELATED_WITH_RAINFALL_REPLACE_WITH_NASA_SMAP_OR_ISRO_BHUVAN
PROD-0000552,2023-10-04,Ukwa,Madhya Pradesh,Balaghat,21.974667,80.46,347.34,344.84,0.82,0,0.0,OFFICIAL_ANNUAL_PLAN,OFFICIAL_SAME_PERIOD,SYNTHETIC_DAILY_CALIBRATED_TO_PUBLIC_ANNUAL_REFERENCE,2.5,0.72,1,0.0,1.64,0.0,3.53,39.08,39.4,42.69,SYNTHETIC_DEMO_CORRELATED_WITH_RAINFALL_REPLACE_WITH_NASA_SMAP_OR_ISRO_BHUVAN
PROD-0000553,2023-10-05,Ukwa,Madhya Pradesh,Balaghat,21.974667,80.46,313.89,320.22,0.0,0,0.0,OFFICIAL_ANNUAL_PLAN,OFFICIAL_SAME_PERIOD,SYNTHETIC_DAILY_CALIBRATED_TO_PUBLIC_ANNUAL_REFERENCE,0.0,0.0,0,0.0,0.82,0.0,3.53,37.16,38.5,40.84,SYNTHETIC_DEMO_CORRELATED_WITH_RAINFALL_REPLACE_WITH_NASA_SMAP_OR_ISRO_BHUVAN
PROD-0000554,2023-10-06,Ukwa,Madhya Pradesh,Balaghat,21.974667,80.46,308.64,298.04,2.65,0,0.0,OFFICIAL_ANNUAL_PLAN,OFFICIAL_SAME_PERIOD,SYNTHETIC_DAILY_CALIBRATED_TO_PUBLIC_ANNUAL_REFERENCE,10.6,3.434,1,0.0,3.47,0.0,6.18,35.68,37.31,39.47,SYNTHETIC_DEMO_CORRELATED_WITH_RAINFALL_REPLACE_WITH_NASA_SMAP_OR_ISRO_BHUVAN
PROD-0000555,2023-10-07,Ukwa,Madhya Pradesh,Balaghat,21.974667,80.46,323.03,305.88,2.97,0,0.0,OFFICIAL_ANNUAL_PLAN,OFFICIAL_SAME_PERIOD,SYNTHETIC_DAILY_CALIBRATED_TO_PUBLIC_ANNUAL_REFERENCE,17.15,5.309,1,0.0,5.62,0.0,9.15,34.62,35.82,38.18,SYNTHETIC_DEMO_CORRELATED_WITH_RAINFALL_REPLACE_WITH_NASA_SMAP_OR_ISRO_BHUVAN
PROD-0000556,2023-10-08,Ukwa,Madhya Pradesh,Balaghat,21.974667,80.46,337.31,346.31,0.0,0,0.0,OFFICIAL_ANNUAL_PLAN,OFFICIAL_SAME_PERIOD,SYNTHETIC_DAILY_CALIBRATED_TO_PUBLIC_ANNUAL_REFERENCE,0.0,0.0,0,0.0,5.62,0.0,7.26,32.79,34.36,36.92,SYNTHETIC_DEMO_CORRELATED_WITH_RAINFALL_REPLACE_WITH_NASA_SMAP_OR_ISRO_BHUVAN
PROD-0000557,2023-10-09,Ukwa,Madhya Pradesh,Balaghat,21.974667,80.46,329.97,339.48,0.0,6,0.0,OFFICIAL_ANNUAL_PLAN,OFFICIAL_SAME_PERIOD,SYNTHETIC_DAILY_CALIBRATED_TO_PUBLIC_ANNUAL_REFERENCE,0.0,0.0,0,0.0,2.97,0.0,6.44,31.54,32.98,35.73,SYNTHETIC_DEMO_CORRELATED_WITH_RAINFALL_REPLACE_WITH_NASA_SMAP_OR_ISRO_BHUVAN
PROD-0000558,2023-10-10,Ukwa,Madhya Pradesh,Balaghat,21.974667,80.46,341.15,359.77,0.0,42,0.0,OFFICIAL_ANNUAL_PLAN,OFFICIAL_SAME_PERIOD,SYNTHETIC_DAILY_CALIBRATED_TO_PUBLIC_ANNUAL_REFERENCE,0.0,0.0,0,0.0,0.0,0.0,6.44,30.11,31.48,34.43,SYNTHETIC_DEMO_CORRELATED_WITH_RAINFALL_REPLACE_WITH_NASA_SMAP_OR_ISRO_BHUVAN
PROD-0000559,2023-10-11,Ukwa,Madhya Pradesh,Balaghat,21.974667,80.46,347.83,361.08,0.0,0,0.0,OFFICIAL_ANNUAL_PLAN,OFFICIAL_SAME_PERIOD,SYNTHETIC_DAILY_CALIBRATED_TO_PUBLIC_ANNUAL_REFERENCE,0.0,0.0,0,0.0,0.0,0.0,5.62,28.03,29.89,32.85,SYNTHETIC_DEMO_CORRELATED_WITH_RAINFALL_REPLACE_WITH_NASA_SMAP_OR_ISRO_BHUVAN
PROD-0000560,2023-10-12,Ukwa,Madhya Pradesh,Balaghat,21.974667,80.46,337.21,357.71,0.14,0,9.02,OFFICIAL_ANNUAL_PLAN,OFFICIAL_SAME_PERIOD,SYNTHETIC_DAILY_CALIBRATED_TO_PUBLIC_ANNUAL_REFERENCE,0.0,0.0,0,9.02,0.14,9.02,5.76,33.73,30.62,32.36,SYNTHETIC_DEMO_CORRELATED_WITH_RAINFALL_REPLACE_WITH_NASA_SMAP_OR_ISRO_BHUVAN
PROD-0000561,2023-10-13,Ukwa,Madhya Pradesh,Balaghat,21.974667,80.46,361.93,383.55,1.22,0,0.0,OFFICIAL_ANNUAL_PLAN,OFFICIAL_SAME_PERIOD,SYNTHETIC_DAILY_CALIBRATED_TO_PUBLIC_ANNUAL_REFERENCE,0.0,0.0,0,9.02,1.36,9.02,4.33,30.75,30.84,31.65,SYNTHETIC_DEMO_CORRELATED_WITH_RAINFALL_REPLACE_WITH_NASA_SMAP_OR_ISRO_BHUVAN
PROD-0000562,2023-10-14,Ukwa,Madhya Pradesh,Balaghat,21.974667,80.46,308.23,320.0,2.04,0,0.0,OFFICIAL_ANNUAL_PLAN,OFFICIAL_SAME_PERIOD,SYNTHETIC_DAILY_CALIBRATED_TO_PUBLIC_ANNUAL_REFERENCE,0.0,0.0,0,9.02,3.4,9.02,3.4,29.93,31.47,30.98,SYNTHETIC_DEMO_CORRELATED_WITH_RAINFALL_REPLACE_WITH_NASA_SMAP_OR_ISRO_BHUVAN
PROD-0000563,2023-10-15,Ukwa,Madhya Pradesh,Balaghat,21.974667,80.46,296.8,286.48,4.29,0,26.06,OFFICIAL_ANNUAL_PLAN,OFFICIAL_SAME_PERIOD,SYNTHETIC_DAILY_CALIBRATED_TO_PUBLIC_ANNUAL_REFERENCE,10.32,3.477,1,26.06,7.55,35.08,7.69,52.08,37.59,33.74,SYNTHETIC_DEMO_CORRELATED_WITH_RAINFALL_REPLACE_WITH_NASA_SMAP_OR_ISRO_BHUVAN
PROD-0000564,2023-10-16,Ukwa,Madhya Pradesh,Balaghat,21.974667,80.46,314.45,306.75,2.19,0,0.0,OFFICIAL_ANNUAL_PLAN,OFFICIAL_SAME_PERIOD,SYNTHETIC_DAILY_CALIBRATED_TO_PUBLIC_ANNUAL_REFERENCE,7.7,2.449,1,26.06,8.52,35.08,9.88,49.98,44.0,36.37,SYNTHETIC_DEMO_CORRELATED_WITH_RAINFALL_REPLACE_WITH_NASA_SMAP_OR_ISRO_BHUVAN
PROD-0000565,2023-10-17,Ukwa,Madhya Pradesh,Balaghat,21.974667,80.46,272.31,280.77,0.0,0,0.0,OFFICIAL_ANNUAL_PLAN,OFFICIAL_SAME_PERIOD,SYNTHETIC_DAILY_CALIBRATED_TO_PUBLIC_ANNUAL_REFERENCE,0.0,0.0,0,26.06,6.48,35.08,9.88,45.84,49.3,38.62,SYNTHETIC_DEMO_CORRELATED_WITH_RAINFALL_REPLACE_WITH_NASA_SMAP_OR_ISRO_BHUVAN
PROD-0000566,2023-10-18,Ukwa,Madhya Pradesh,Balaghat,21.974667,80.46,304.5,319.43,0.0,0,0.0,OFFICIAL_ANNUAL_PLAN,OFFICIAL_SAME_PERIOD,SYNTHETIC_DAILY_CALIBRATED_TO_PUBLIC_ANNUAL_REFERENCE,0.0,0.0,0,0.0,2.19,35.08,9.88,42.34,46.05,40.66,SYNTHETIC_DEMO_CORRELATED_WITH_RAINFALL_REPLACE_WITH_NASA_SMAP_OR_ISRO_BHUVAN
PROD-0000567,2023-10-19,Ukwa,Madhya Pradesh,Balaghat,21.974667,80.46,305.35,313.33,0.0,0,0.0,OFFICIAL_ANNUAL_PLAN,OFFICIAL_SAME_PERIOD,SYNTHETIC_DAILY_CALIBRATED_TO_PUBLIC_ANNUAL_REFERENCE,0.0,0.0,0,0.0,0.0,26.06,9.74,39.67,42.62,41.51,SYNTHETIC_DEMO_CORRELATED_WITH_RAINFALL_REPLACE_WITH_NASA_SMAP_OR_ISRO_BHUVAN
PROD-0000568,2023-10-20,Ukwa,Madhya Pradesh,Balaghat,21.974667,80.46,281.69,280.28,1.9,0,1.78,OFFICIAL_ANNUAL_PLAN,OFFICIAL_SAME_PERIOD,SYNTHETIC_DAILY_CALIBRATED_TO_PUBLIC_ANNUAL_REFERENCE,1.41,0.501,1,1.78,1.9,27.84,10.42,38.65,40.22,42.64,SYNTHETIC_DEMO_CORRELATED_WITH_RAINFALL_REPLACE_WITH_NASA_SMAP_OR_ISRO_BHUVAN
PROD-0000569,2023-10-21,Ukwa,Madhya Pradesh,Balaghat,21.974667,80.46,273.7,270.14,0.0,0,0.0,OFFICIAL_ANNUAL_PLAN,OFFICIAL_SAME_PERIOD,SYNTHETIC_DAILY_CALIBRATED_TO_PUBLIC_ANNUAL_REFERENCE,3.56,1.301,1,1.78,1.9,27.84,8.38,38.9,39.07,43.92,SYNTHETIC_DEMO_CORRELATED_WITH_RAINFALL_REPLACE_WITH_NASA_SMAP_OR_ISRO_BHUVAN
PROD-0000570,2023-10-22,Ukwa,Madhya Pradesh,Balaghat,21.974667,80.46,322.89,318.17,0.62,98,0.0,OFFICIAL_ANNUAL_PLAN,OFFICIAL_SAME_PERIOD,SYNTHETIC_DAILY_CALIBRATED_TO_PUBLIC_ANNUAL_REFERENCE,4.72,1.462,1,1.78,2.52,1.78,4.71,36.32,37.96,41.67,SYNTHETIC_DEMO_CORRELATED_WITH_RAINFALL_REPLACE_WITH_NASA_SMAP_OR_ISRO_BHUVAN
PROD-0000571,2023-10-23,Ukwa,Madhya Pradesh,Balaghat,21.974667,80.46,297.82,297.74,0.11,0,7.2,OFFICIAL_ANNUAL_PLAN,OFFICIAL_SAME_PERIOD,SYNTHETIC_DAILY_CALIBRATED_TO_PUBLIC_ANNUAL_REFERENCE,0.08,0.027,1,7.2,0.73,8.98,2.63,40.46,38.56,40.31,SYNTHETIC_DEMO_CORRELATED_WITH_RAINFALL_REPLACE_WITH_NASA_SMAP_OR_ISRO_BHUVAN
PROD-0000572,2023-10-24,Ukwa,Madhya Pradesh,Balaghat,21.974667,80.46,285.45,291.57,0.0,0,0.0,OFFICIAL_ANNUAL_PLAN,OFFICIAL_SAME_PERIOD,SYNTHETIC_DAILY_CALIBRATED_TO_PUBLIC_ANNUAL_REFERENCE,0.0,0.0,0,7.2,0.73,8.98,2.63,39.91,38.9,39.46,SYNTHETIC_DEMO_CORRELATED_WITH_RAINFALL_REPLACE_WITH_NASA_SMAP_OR_ISRO_BHUVAN
PROD-0000573,2023-10-25,Ukwa,Madhya Pradesh,Balaghat,21.974667,80.46,282.55,289.42,2.27,0,0.0,OFFICIAL_ANNUAL_PLAN,OFFICIAL_SAME_PERIOD,SYNTHETIC_DAILY_CALIBRATED_TO_PUBLIC_ANNUAL_REFERENCE,0.0,0.0,0,7.2,2.38,8.98,4.9,36.68,39.02,38.66,SYNTHETIC_DEMO_CORRELATED_WITH_RAINFALL_REPLACE_WITH_NASA_SMAP_OR_ISRO_BHUVAN
PROD-0000574,2023-10-26,Ukwa,Madhya Pradesh,Balaghat,21.974667,80.46,282.17,294.76,0.0,0,0.0,OFFICIAL_ANNUAL_PLAN,OFFICIAL_SAME_PERIOD,SYNTHETIC_DAILY_CALIBRATED_TO_PUBLIC_ANNUAL_REFERENCE,0.0,0.0,0,0.0,2.27,8.98,4.9,35.42,37.34,38.05,SYNTHETIC_DEMO_CORRELATED_WITH_RAINFALL_REPLACE_WITH_NASA_SMAP_OR_ISRO_BHUVAN
PROD-0000575,2023-10-27,Ukwa,Madhya Pradesh,Balaghat,21.974667,80.46,314.37,308.91,3.94,0,0.0,OFFICIAL_ANNUAL_PLAN,OFFICIAL_SAME_PERIOD,SYNTHETIC_DAILY_CALIBRATED_TO_PUBLIC_ANNUAL_REFERENCE,5.46,1.737,1,0.0,6.21,7.2,6.94,35.03,35.71,37.53,SYNTHETIC_DEMO_CORRELATED_WITH_RAINFALL_REPLACE_WITH_NASA_SMAP_OR_ISRO_BHUVAN
PROD-0000576,2023-10-28,Ukwa,Madhya Pradesh,Balaghat,21.974667,80.46,321.22,339.12,0.73,0,7.22,OFFICIAL_ANNUAL_PLAN,OFFICIAL_SAME_PERIOD,SYNTHETIC_DAILY_CALIBRATED_TO_PUBLIC_ANNUAL_REFERENCE,0.0,0.0,0,7.22,4.67,14.42,7.67,39.7,36.72,37.65,SYNTHETIC_DEMO_CORRELATED_WITH_RAINFALL_REPLACE_WITH_NASA_SMAP_OR_ISRO_BHUVAN
PROD-0000577,2023-10-29,Ukwa,Madhya Pradesh,Balaghat,21.974667,80.46,334.71,335.38,0.13,0,8.92,OFFICIAL_ANNUAL_PLAN,OFFICIAL_SAME_PERIOD,SYNTHETIC_DAILY_CALIBRATED_TO_PUBLIC_ANNUAL_REFERENCE,0.0,0.0,0,16.14,4.8,23.34,7.18,46.36,40.36,39.08,SYNTHETIC_DEMO_CORRELATED_WITH_RAINFALL_REPLACE_WITH_NASA_SMAP_OR_ISRO_BHUVAN
PROD-0000578,2023-10-30,Ukwa,Madhya Pradesh,Balaghat,21.974667,80.46,275.32,292.33,0.53,0,0.0,OFFICIAL_ANNUAL_PLAN,OFFICIAL_SAME_PERIOD,SYNTHETIC_DAILY_CALIBRATED_TO_PUBLIC_ANNUAL_REFERENCE,0.0,0.0,0,16.14,1.39,16.14,7.6,44.33,43.46,39.63,SYNTHETIC_DEMO_CORRELATED_WITH_RAINFALL_REPLACE_WITH_NASA_SMAP_OR_ISRO_BHUVAN
PROD-0000579,2023-10-31,Ukwa,Madhya Pradesh,Balaghat,21.974667,80.46,298.16,302.64,0.62,0,4.56,OFFICIAL_ANNUAL_PLAN,OFFICIAL_SAME_PERIOD,SYNTHETIC_DAILY_CALIBRATED_TO_PUBLIC_ANNUAL_REFERENCE,0.0,0.0,0,13.48,1.28,20.7,8.22,45.73,45.47,40.46,SYNTHETIC_DEMO_CORRELATED_WITH_RAINFALL_REPLACE_WITH_NASA_SMAP_OR_ISRO_BHUVAN
PROD-0000580,2023-11-01,Ukwa,Madhya Pradesh,Balaghat,21.974667,80.46,304.45,300.03,0.79,0,8.15,OFFICIAL_ANNUAL_PLAN,OFFICIAL_SAME_PERIOD,SYNTHETIC_DAILY_CALIBRATED_TO_PUBLIC_ANNUAL_REFERENCE,4.42,1.452,1,12.71,1.94,28.85,6.74,49.53,46.53,42.3,SYNTHETIC_DEMO_CORRELATED_WITH_RAINFALL_REPLACE_WITH_NASA_SMAP_OR_ISRO_BHUVAN
PROD-0000581,2023-11-02,Ukwa,Madhya Pradesh,Balaghat,21.974667,80.46,340.34,356.79,0.97,0,0.0,OFFICIAL_ANNUAL_PLAN,OFFICIAL_SAME_PERIOD,SYNTHETIC_DAILY_CALIBRATED_TO_PUBLIC_ANNUAL_REFERENCE,0.0,0.0,0,12.71,2.38,28.85,7.71,47.45,47.57,44.02,SYNTHETIC_DEMO_CORRELATED_WITH_RAINFALL_REPLACE_WITH_NASA_SMAP_OR_ISRO_BHUVAN
PROD-0000582,2023-11-03,Ukwa,Madhya Pradesh,Balaghat,21.974667,80.46,304.98,294.42,1.07,55,14.83,OFFICIAL_ANNUAL_PLAN,OFFICIAL_SAME_PERIOD,SYNTHETIC_DAILY_CALIBRATED_TO_PUBLIC_ANNUAL_REFERENCE,10.56,3.463,1,22.98,2.83,43.68,4.84,57.99,51.66,47.3,SYNTHETIC_DEMO_CORRELATED_WITH_RAINFALL_REPLACE_WITH_NASA_SMAP_OR_ISRO_BHUVAN
PROD-0000583,2023-11-04,Ukwa,Madhya Pradesh,Balaghat,21.974667,80.46,303.77,314.19,1.47,0,0.0,OFFICIAL_ANNUAL_PLAN,OFFICIAL_SAME_PERIOD,SYNTHETIC_DAILY_CALIBRATED_TO_PUBLIC_ANNUAL_REFERENCE,0.0,0.0,0,14.83,3.51,36.46,5.58,53.83,53.09,49.32,SYNTHETIC_DEMO_CORRELATED_WITH_RAINFALL_REPLACE_WITH_NASA_SMAP_OR_ISRO_BHUVAN
PROD-0000584,2023-11-05,Ukwa,Madhya Pradesh,Balaghat,21.974667,80.46,275.17,277.45,0.8,0,0.0,OFFICIAL_ANNUAL_PLAN,OFFICIAL_SAME_PERIOD,SYNTHETIC_DAILY_CALIBRATED_TO_PUBLIC_ANNUAL_REFERENCE,0.0,0.0,0,14.83,3.34,27.54,6.25,50.14,53.99,49.86,SYNTHETIC_DEMO_CORRELATED_WITH_RAINFALL_REPLACE_WITH_NASA_SMAP_OR_ISRO_BHUVAN
PROD-0000585,2023-11-06,Ukwa,Madhya Pradesh,Balaghat,21.974667,80.46,309.16,311.81,1.72,0,0.0,OFFICIAL_ANNUAL_PLAN,OFFICIAL_SAME_PERIOD,SYNTHETIC_DAILY_CALIBRATED_TO_PUBLIC_ANNUAL_REFERENCE,0.0,0.0,0,0.0,3.99,27.54,7.44,49.32,51.1,50.57,SYNTHETIC_DEMO_CORRELATED_WITH_RAINFALL_REPLACE_WITH_NASA_SMAP_OR_ISRO_BHUVAN
PROD-0000586,2023-11-07,Ukwa,Madhya Pradesh,Balaghat,21.974667,80.46,283.09,298.11,0.0,0,0.0,OFFICIAL_ANNUAL_PLAN,OFFICIAL_SAME_PERIOD,SYNTHETIC_DAILY_CALIBRATED_TO_PUBLIC_ANNUAL_REFERENCE,0.0,0.0,0,0.0,2.52,22.98,6.82,46.29,48.58,50.65,SYNTHETIC_DEMO_CORRELATED_WITH_RAINFALL_REPLACE_WITH_NASA_SMAP_OR_ISRO_BHUVAN
PROD-0000587,2023-11-08,Ukwa,Madhya Pradesh,Balaghat,21.974667,80.46,281.01,282.38,0.0,0,0.0,OFFICIAL_ANNUAL_PLAN,OFFICIAL_SAME_PERIOD,SYNTHETIC_DAILY_CALIBRATED_TO_PUBLIC_ANNUAL_REFERENCE,0.0,0.0,0,0.0,1.72,14.83,6.03,43.99,46.53,49.86,SYNTHETIC_DEMO_CORRELATED_WITH_RAINFALL_REPLACE_WITH_NASA_SMAP_OR_ISRO_BHUVAN
PROD-0000588,2023-11-09,Ukwa,Madhya Pradesh,Balaghat,21.974667,80.46,325.29,351.01,0.0,0,0.0,OFFICIAL_ANNUAL_PLAN,OFFICIAL_SAME_PERIOD,SYNTHETIC_DAILY_CALIBRATED_TO_PUBLIC_ANNUAL_REFERENCE,0.0,0.0,0,0.0,0.0,14.83,5.06,40.62,43.63,48.88,SYNTHETIC_DEMO_CORRELATED_WITH_RAINFALL_REPLACE_WITH_NASA_SMAP_OR_ISRO_BHUVAN
PROD-0000589,2023-11-10,Ukwa,Madhya Pradesh,Balaghat,21.974667,80.46,317.07,325.93,3.04,0,23.85,OFFICIAL_ANNUAL_PLAN,OFFICIAL_SAME_PERIOD,SYNTHETIC_DAILY_CALIBRATED_TO_PUBLIC_ANNUAL_REFERENCE,0.0,0.0,0,23.85,3.04,23.85,7.03,59.78,48.13,49.14,SYNTHETIC_DEMO_CORRELATED_WITH_RAINFALL_REPLACE_WITH_NASA_SMAP_OR_ISRO_BHUVAN
PROD-0000590,2023-11-11,Ukwa,Madhya Pradesh,Balaghat,21.974667,80.46,354.18,375.72,0.0,0,0.0,OFFICIAL_ANNUAL_PLAN,OFFICIAL_SAME_PERIOD,SYNTHETIC_DAILY_CALIBRATED_TO_PUBLIC_ANNUAL_REFERENCE,0.0,0.0,0,23.85,3.04,23.85,5.56,55.52,51.97,49.38,SYNTHETIC_DEMO_CORRELATED_WITH_RAINFALL_REPLACE_WITH_NASA_SMAP_OR_ISRO_BHUVAN
PROD-0000591,2023-11-12,Ukwa,Madhya Pradesh,Balaghat,21.974667,80.46,346.7,345.52,0.0,0,0.0,OFFICIAL_ANNUAL_PLAN,OFFICIAL_SAME_PERIOD,SYNTHETIC_DAILY_CALIBRATED_TO_PUBLIC_ANNUAL_REFERENCE,1.18,0.34,1,23.85,3.04,23.85,4.76,51.94,55.75,49.64,SYNTHETIC_DEMO_CORRELATED_WITH_RAINFALL_REPLACE_WITH_NASA_SMAP_OR_ISRO_BHUVAN
PROD-0000592,2023-11-13,Ukwa,Madhya Pradesh,Balaghat,21.974667,80.46,336.74,329.72,3.6,0,15.97,OFFICIAL_ANNUAL_PLAN,OFFICIAL_SAME_PERIOD,SYNTHETIC_DAILY_CALIBRATED_TO_PUBLIC_ANNUAL_REFERENCE,7.02,2.085,1,15.97,3.6,39.82,6.64,60.0,55.82,51.16,SYNTHETIC_DEMO_CORRELATED_WITH_RAINFALL_REPLACE_WITH_NASA_SMAP_OR_ISRO_BHUVAN
PROD-0000593,2023-11-14,Ukwa,Madhya Pradesh,Balaghat,21.974667,80.46,316.11,314.88,0.0,34,0.0,OFFICIAL_ANNUAL_PLAN,OFFICIAL_SAME_PERIOD,SYNTHETIC_DAILY_CALIBRATED_TO_PUBLIC_ANNUAL_REFERENCE,1.23,0.389,1,15.97,3.6,39.82,6.64,58.23,56.72,52.87,SYNTHETIC_DEMO_CORRELATED_WITH_RAINFALL_REPLACE_WITH_NASA_SMAP_OR_ISRO_BHUVAN
PROD-0000594,2023-11-15,Ukwa,Madhya Pradesh,Balaghat,21.974667,80.46,280.4,294.63,1.62,0,0.0,OFFICIAL_ANNUAL_PLAN,OFFICIAL_SAME_PERIOD,SYNTHETIC_DAILY_CALIBRATED_TO_PUBLIC_ANNUAL_REFERENCE,0.0,0.0,0,15.97,5.22,39.82,8.26,54.27,57.5,54.34,SYNTHETIC_DEMO_CORRELATED_WITH_RAINFALL_REPLACE_WITH_NASA_SMAP_OR_ISRO_BHUVAN
PROD-0000595,2023-11-16,Ukwa,Madhya Pradesh,Balaghat,21.974667,80.46,307.09,324.78,0.39,17,25.7,OFFICIAL_ANNUAL_PLAN,OFFICIAL_SAME_PERIOD,SYNTHETIC_DAILY_CALIBRATED_TO_PUBLIC_ANNUAL_REFERENCE,0.0,0.0,0,25.7,2.01,65.52,8.65,60.0,57.5,57.11,SYNTHETIC_DEMO_CORRELATED_WITH_RAINFALL_REPLACE_WITH_NASA_SMAP_OR_ISRO_BHUVAN
PROD-0000596,2023-11-17,Ukwa,Madhya Pradesh,Balaghat,21.974667,80.46,290.67,290.05,2.11,32,0.0,OFFICIAL_ANNUAL_PLAN,OFFICIAL_SAME_PERIOD,SYNTHETIC_DAILY_CALIBRATED_TO_PUBLIC_ANNUAL_REFERENCE,0.62,0.213,1,25.7,4.12,41.67,7.72,55.6,56.62,56.51,SYNTHETIC_DEMO_CORRELATED_WITH_RAINFALL_REPLACE_WITH_NASA_SMAP_OR_ISRO_BHUVAN
PROD-0000597,2023-11-18,Ukwa,Madhya Pradesh,Balaghat,21.974667,80.46,317.56,320.91,0.19,0,12.95,OFFICIAL_ANNUAL_PLAN,OFFICIAL_SAME_PERIOD,SYNTHETIC_DAILY_CALIBRATED_TO_PUBLIC_ANNUAL_REFERENCE,0.0,0.0,0,38.65,2.69,54.62,7.91,60.0,58.53,57.15,SYNTHETIC_DEMO_CORRELATED_WITH_RAINFALL_REPLACE_WITH_NASA_SMAP_OR_ISRO_BHUVAN
PROD-0000598,2023-11-19,Ukwa,Madhya Pradesh,Balaghat,21.974667,80.46,252.85,259.45,0.0,0,0.0,OFFICIAL_ANNUAL_PLAN,OFFICIAL_SAME_PERIOD,SYNTHETIC_DAILY_CALIBRATED_TO_PUBLIC_ANNUAL_REFERENCE,0.0,0.0,0,12.95,2.3,54.62,7.91,56.48,57.36,57.8,SYNTHETIC_DEMO_CORRELATED_WITH_RAINFALL_REPLACE_WITH_NASA_SMAP_OR_ISRO_BHUVAN
PROD-0000599,2023-11-20,Ukwa,Madhya Pradesh,Balaghat,21.974667,80.46,327.74,331.92,0.82,0,0.0,OFFICIAL_ANNUAL_PLAN,OFFICIAL_SAME_PERIOD,SYNTHETIC_DAILY_CALIBRATED_TO_PUBLIC_ANNUAL_REFERENCE,0.0,0.0,0,12.95,1.01,38.65,5.13,54.64,57.04,57.03,SYNTHETIC_DEMO_CORRELATED_WITH_RAINFALL_REPLACE_WITH_NASA_SMAP_OR_ISRO_BHUVAN
PROD-0000600,2023-11-21,Ukwa,Madhya Pradesh,Balaghat,21.974667,80.46,310.27,300.67,1.55,17,4.19,OFFICIAL_ANNUAL_PLAN,OFFICIAL_SAME_PERIOD,SYNTHETIC_DAILY_CALIBRATED_TO_PUBLIC_ANNUAL_REFERENCE,9.6,3.094,1,4.19,2.37,42.84,6.68,55.45,55.52,56.63,SYNTHETIC_DEMO_CORRELATED_WITH_RAINFALL_REPLACE_WITH_NASA_SMAP_OR_ISRO_BHUVAN
PROD-0000601,2023-11-22,Ukwa,Madhya Pradesh,Balaghat,21.974667,80.46,308.96,330.2,0.46,0,0.0,OFFICIAL_ANNUAL_PLAN,OFFICIAL_SAME_PERIOD,SYNTHETIC_DAILY_CALIBRATED_TO_PUBLIC_ANNUAL_REFERENCE,0.0,0.0,0,4.19,2.83,42.84,5.52,51.92,54.0,56.3,SYNTHETIC_DEMO_CORRELATED_WITH_RAINFALL_REPLACE_WITH_NASA_SMAP_OR_ISRO_BHUVAN
PROD-0000602,2023-11-23,Ukwa,Madhya Pradesh,Balaghat,21.974667,80.46,334.52,347.93,0.13,0,8.96,OFFICIAL_ANNUAL_PLAN,OFFICIAL_SAME_PERIOD,SYNTHETIC_DAILY_CALIBRATED_TO_PUBLIC_ANNUAL_REFERENCE,0.0,0.0,0,13.15,2.14,26.1,5.26,56.42,54.6,55.79,SYNTHETIC_DEMO_CORRELATED_WITH_RAINFALL_REPLACE_WITH_NASA_SMAP_OR_ISRO_BHUVAN
PROD-0000603,2023-11-24,Ukwa,Madhya Pradesh,Balaghat,21.974667,80.46,297.98,300.72,0.1,0,0.0,OFFICIAL_ANNUAL_PLAN,OFFICIAL_SAME_PERIOD,SYNTHETIC_DAILY_CALIBRATED_TO_PUBLIC_ANNUAL_REFERENCE,0.0,0.0,0,8.96,0.69,26.1,3.25,53.48,53.94,55.48,SYNTHETIC_DEMO_CORRELATED_WITH_RAINFALL_REPLACE_WITH_NASA_SMAP_OR_ISRO_BHUVAN
PROD-0000604,2023-11-25,Ukwa,Madhya Pradesh,Balaghat,21.974667,80.46,326.98,319.46,1.82,0,9.6,OFFICIAL_ANNUAL_PLAN,OFFICIAL_SAME_PERIOD,SYNTHETIC_DAILY_CALIBRATED_TO_PUBLIC_ANNUAL_REFERENCE,7.52,2.3,1,18.56,2.05,22.75,4.88,59.66,56.52,55.44,SYNTHETIC_DEMO_CORRELATED_WITH_RAINFALL_REPLACE_WITH_NASA_SMAP_OR_ISRO_BHUVAN
PROD-0000605,2023-11-26,Ukwa,Madhya Pradesh,Balaghat,21.974667,80.46,293.19,300.52,0.0,0,0.0,OFFICIAL_ANNUAL_PLAN,OFFICIAL_SAME_PERIOD,SYNTHETIC_DAILY_CALIBRATED_TO_PUBLIC_ANNUAL_REFERENCE,0.0,0.0,0,9.6,1.92,22.75,4.88,56.91,56.68,55.5,SYNTHETIC_DEMO_CORRELATED_WITH_RAINFALL_REPLACE_WITH_NASA_SMAP_OR_ISRO_BHUVAN
PROD-0000606,2023-11-27,Ukwa,Madhya Pradesh,Balaghat,21.974667,80.46,311.57,317.79,2.24,0,0.0,OFFICIAL_ANNUAL_PLAN,OFFICIAL_SAME_PERIOD,SYNTHETIC_DAILY_CALIBRATED_TO_PUBLIC_ANNUAL_REFERENCE,0.0,0.0,0,9.6,4.06,22.75,6.3,54.05,56.87,55.41,SYNTHETIC_DEMO_CORRELATED_WITH_RAINFALL_REPLACE_WITH_NASA_SMAP_OR_ISRO_BHUVAN
PROD-0000607,2023-11-28,Ukwa,Madhya Pradesh,Balaghat,21.974667,80.46,355.48,365.93,0.48,0,0.0,OFFICIAL_ANNUAL_PLAN,OFFICIAL_SAME_PERIOD,SYNTHETIC_DAILY_CALIBRATED_TO_PUBLIC_ANNUAL_REFERENCE,0.0,0.0,0,0.0,2.72,18.56,5.23,50.34,53.77,54.68,SYNTHETIC_DEMO_CORRELATED_WITH_RAINFALL_REPLACE_WITH_NASA_SMAP_OR_ISRO_BHUVAN
PROD-0000608,2023-11-29,Ukwa,Madhya Pradesh,Balaghat,21.974667,80.46,283.21,283.48,3.46,0,0.0,OFFICIAL_ANNUAL_PLAN,OFFICIAL_SAME_PERIOD,SYNTHETIC_DAILY_CALIBRATED_TO_PUBLIC_ANNUAL_REFERENCE,0.0,0.0,0,0.0,6.18,18.56,8.23,48.24,50.88,54.16,SYNTHETIC_DEMO_CORRELATED_WITH_RAINFALL_REPLACE_WITH_NASA_SMAP_OR_ISRO_BHUVAN
PROD-0000609,2023-11-30,Ukwa,Madhya Pradesh,Balaghat,21.974667,80.46,303.88,298.73,3.9,0,0.0,OFFICIAL_ANNUAL_PLAN,OFFICIAL_SAME_PERIOD,SYNTHETIC_DAILY_CALIBRATED_TO_PUBLIC_ANNUAL_REFERENCE,5.15,1.695,1,0.0,7.84,9.6,12.0,44.34,47.64,52.43,SYNTHETIC_DEMO_CORRELATED_WITH_RAINFALL_REPLACE_WITH_NASA_SMAP_OR_ISRO_BHUVAN
PROD-0000610,2023-12-01,Ukwa,Madhya Pradesh,Balaghat,21.974667,80.46,290.19,280.88,2.07,0,0.0,OFFICIAL_ANNUAL_PLAN,OFFICIAL_SAME_PERIOD,SYNTHETIC_DAILY_CALIBRATED_TO_PUBLIC_ANNUAL_REFERENCE,9.31,3.208,1,0.0,9.43,9.6,13.97,40.37,44.32,50.56,SYNTHETIC_DEMO_CORRELATED_WITH_RAINFALL_REPLACE_WITH_NASA_SMAP_OR_ISRO_BHUVAN
PROD-0000611,2023-12-02,Ukwa,Madhya Pradesh,Balaghat,21.974667,80.46,301.21,288.55,1.67,57,0.0,OFFICIAL_ANNUAL_PLAN,OFFICIAL_SAME_PERIOD,SYNTHETIC_DAILY_CALIBRATED_TO_PUBLIC_ANNUAL_REFERENCE,12.66,4.203,1,0.0,7.64,0.0,13.82,37.31,40.67,47.37,SYNTHETIC_DEMO_CORRELATED_WITH_RAINFALL_REPLACE_WITH_NASA_SMAP_OR_ISRO_BHUVAN
PROD-0000612,2023-12-03,Ukwa,Madhya Pradesh,Balaghat,21.974667,80.46,295.42,283.17,1.74,0,0.0,OFFICIAL_ANNUAL_PLAN,OFFICIAL_SAME_PERIOD,SYNTHETIC_DAILY_CALIBRATED_TO_PUBLIC_ANNUAL_REFERENCE,12.25,4.147,1,0.0,5.48,0.0,15.56,35.39,37.69,44.29,SYNTHETIC_DEMO_CORRELATED_WITH_RAINFALL_REPLACE_WITH_NASA_SMAP_OR_ISRO_BHUVAN
PROD-0000613,2023-12-04,Ukwa,Madhya Pradesh,Balaghat,21.974667,80.46,323.36,333.55,0.0,0,0.0,OFFICIAL_ANNUAL_PLAN,OFFICIAL_SAME_PERIOD,SYNTHETIC_DAILY_CALIBRATED_TO_PUBLIC_ANNUAL_REFERENCE,0.0,0.0,0,0.0,3.41,0.0,13.32,33.41,35.37,41.34,SYNTHETIC_DEMO_CORRELATED_WITH_RAINFALL_REPLACE_WITH_NASA_SMAP_OR_ISRO_BHUVAN
PROD-0000614,2023-12-05,Ukwa,Madhya Pradesh,Balaghat,21.974667,80.46,336.3,333.38,1.52,0,0.0,OFFICIAL_ANNUAL_PLAN,OFFICIAL_SAME_PERIOD,SYNTHETIC_DAILY_CALIBRATED_TO_PUBLIC_ANNUAL_REFERENCE,2.92,0.868,1,0.0,3.26,0.0,14.36,32.46,33.75,38.79,SYNTHETIC_DEMO_CORRELATED_WITH_RAINFALL_REPLACE_WITH_NASA_SMAP_OR_ISRO_BHUVAN
PROD-0000615,2023-12-06,Ukwa,Madhya Pradesh,Balaghat,21.974667,80.46,319.85,323.21,0.81,0,0.0,OFFICIAL_ANNUAL_PLAN,OFFICIAL_SAME_PERIOD,SYNTHETIC_DAILY_CALIBRATED_TO_PUBLIC_ANNUAL_REFERENCE,0.0,0.0,0,0.0,2.33,0.0,11.71,32.53,32.8,36.54,SYNTHETIC_DEMO_CORRELATED_WITH_RAINFALL_REPLACE_WITH_NASA_SMAP_OR_ISRO_BHUVAN
PROD-0000616,2023-12-07,Ukwa,Madhya Pradesh,Balaghat,21.974667,80.46,319.54,325.06,1.86,0,0.0,OFFICIAL_ANNUAL_PLAN,OFFICIAL_SAME_PERIOD,SYNTHETIC_DAILY_CALIBRATED_TO_PUBLIC_ANNUAL_REFERENCE,0.0,0.0,0,0.0,4.19,0.0,9.67,32.3,32.43,34.82,SYNTHETIC_DEMO_CORRELATED_WITH_RAINFALL_REPLACE_WITH_NASA_SMAP_OR_ISRO_BHUVAN
PROD-0000617,2023-12-08,Ukwa,Madhya Pradesh,Balaghat,21.974667,80.46,341.64,346.72,0.49,67,1.68,OFFICIAL_ANNUAL_PLAN,OFFICIAL_SAME_PERIOD,SYNTHETIC_DAILY_CALIBRATED_TO_PUBLIC_ANNUAL_REFERENCE,0.0,0.0,0,1.68,3.16,1.68,8.09,33.04,32.62,33.78,SYNTHETIC_DEMO_CORRELATED_WITH_RAINFALL_REPLACE_WITH_NASA_SMAP_OR_ISRO_BHUVAN
PROD-0000618,2023-12-09,Ukwa,Madhya Pradesh,Balaghat,21.974667,80.46,313.08,315.98,0.0,0,0.0,OFFICIAL_ANNUAL_PLAN,OFFICIAL_SAME_PERIOD,SYNTHETIC_DAILY_CALIBRATED_TO_PUBLIC_ANNUAL_REFERENCE,0.0,0.0,0,1.68,2.35,1.68,6.42,31.23,32.19,32.91,SYNTHETIC_DEMO_CORRELATED_WITH_RAINFALL_REPLACE_WITH_NASA_SMAP_OR_ISRO_BHUVAN
PROD-0000619,2023-12-10,Ukwa,Madhya Pradesh,Balaghat,21.974667,80.46,316.3,311.92,0.0,0,0.0,OFFICIAL_ANNUAL_PLAN,OFFICIAL_SAME_PERIOD,SYNTHETIC_DAILY_CALIBRATED_TO_PUBLIC_ANNUAL_REFERENCE,4.38,1.385,1,1.68,0.49,1.68,4.68,29.35,31.21,32.05,SYNTHETIC_DEMO_CORRELATED_WITH_RAINFALL_REPLACE_WITH_NASA_SMAP_OR_ISRO_BHUVAN
PROD-0000620,2023-12-11,Ukwa,Madhya Pradesh,Balaghat,21.974667,80.46,288.33,290.04,0.0,0,0.0,OFFICIAL_ANNUAL_PLAN,OFFICIAL_SAME_PERIOD,SYNTHETIC_DAILY_CALIBRATED_TO_PUBLIC_ANNUAL_REFERENCE,0.0,0.0,0,0.0,0.0,1.68,4.68,27.28,29.29,31.17,SYNTHETIC_DEMO_CORRELATED_WITH_RAINFALL_REPLACE_WITH_NASA_SMAP_OR_ISRO_BHUVAN
PROD-0000621,2023-12-12,Ukwa,Madhya Pradesh,Balaghat,21.974667,80.46,309.58,313.58,0.99,55,0.0,OFFICIAL_ANNUAL_PLAN,OFFICIAL_SAME_PERIOD,SYNTHETIC_DAILY_CALIBRATED_TO_PUBLIC_ANNUAL_REFERENCE,0.0,0.0,0,0.0,0.99,1.68,4.15,26.01,27.55,30.25,SYNTHETIC_DEMO_CORRELATED_WITH_RAINFALL_REPLACE_WITH_NASA_SMAP_OR_ISRO_BHUVAN
PROD-0000622,2023-12-13,Ukwa,Madhya Pradesh,Balaghat,21.974667,80.46,307.53,305.84,0.05,0,3.64,OFFICIAL_ANNUAL_PLAN,OFFICIAL_SAME_PERIOD,SYNTHETIC_DAILY_CALIBRATED_TO_PUBLIC_ANNUAL_REFERENCE,1.69,0.55,1,3.64,1.04,5.32,3.39,30.56,27.95,29.97,SYNTHETIC_DEMO_CORRELATED_WITH_RAINFALL_REPLACE_WITH_NASA_SMAP_OR_ISRO_BHUVAN
PROD-0000623,2023-12-14,Ukwa,Madhya Pradesh,Balaghat,21.974667,80.46,299.73,287.61,2.17,0,0.0,OFFICIAL_ANNUAL_PLAN,OFFICIAL_SAME_PERIOD,SYNTHETIC_DAILY_CALIBRATED_TO_PUBLIC_ANNUAL_REFERENCE,12.12,4.044,1,3.64,3.21,5.32,3.7,29.17,28.58,29.52,SYNTHETIC_DEMO_CORRELATED_WITH_RAINFALL_REPLACE_WITH_NASA_SMAP_OR_ISRO_BHUVAN
PROD-0000624,2023-12-15,Ukwa,Madhya Pradesh,Balaghat,21.974667,80.46,277.76,287.89,1.51,24,0.31,OFFICIAL_ANNUAL_PLAN,OFFICIAL_SAME_PERIOD,SYNTHETIC_DAILY_CALIBRATED_TO_PUBLIC_ANNUAL_REFERENCE,0.0,0.0,0,3.95,3.73,3.95,4.72,28.5,29.41,28.87,SYNTHETIC_DEMO_CORRELATED_WITH_RAINFALL_REPLACE_WITH_NASA_SMAP_OR_ISRO_BHUVAN
PROD-0000625,2023-12-16,Ukwa,Madhya Pradesh,Balaghat,21.974667,80.46,351.75,347.35,3.61,0,0.0,OFFICIAL_ANNUAL_PLAN,OFFICIAL_SAME_PERIOD,SYNTHETIC_DAILY_CALIBRATED_TO_PUBLIC_ANNUAL_REFERENCE,4.4,1.251,1,0.31,7.29,3.95,8.33,28.22,28.63,28.44,SYNTHETIC_DEMO_CORRELATED_WITH_RAINFALL_REPLACE_WITH_NASA_SMAP_OR_ISRO_BHUVAN
PROD-0000626,2023-12-17,Ukwa,Madhya Pradesh,Balaghat,21.974667,80.46,286.28,279.7,0.0,64,0.0,OFFICIAL_ANNUAL_PLAN,OFFICIAL_SAME_PERIOD,SYNTHETIC_DAILY_CALIBRATED_TO_PUBLIC_ANNUAL_REFERENCE,6.58,2.298,1,0.31,5.12,3.95,8.33,26.12,27.61,27.98,SYNTHETIC_DEMO_CORRELATED_WITH_RAINFALL_REPLACE_WITH_NASA_SMAP_OR_ISRO_BHUVAN
PROD-0000627,2023-12-18,Ukwa,Madhya Pradesh,Balaghat,21.974667,80.46,291.33,283.94,4.01,29,0.0,OFFICIAL_ANNUAL_PLAN,OFFICIAL_SAME_PERIOD,SYNTHETIC_DAILY_CALIBRATED_TO_PUBLIC_ANNUAL_REFERENCE,7.39,2.537,1,0.0,7.62,3.95,12.34,22.97,25.77,27.36,SYNTHETIC_DEMO_CORRELATED_WITH_RAINFALL_REPLACE_WITH_NASA_SMAP_OR_ISRO_BHUVAN
PROD-0000628,2023-12-19,Ukwa,Madhya Pradesh,Balaghat,21.974667,80.46,357.04,357.79,1.57,0,0.0,OFFICIAL_ANNUAL_PLAN,OFFICIAL_SAME_PERIOD,SYNTHETIC_DAILY_CALIBRATED_TO_PUBLIC_ANNUAL_REFERENCE,0.0,0.0,0,0.0,5.58,3.95,12.92,20.92,23.34,26.64,SYNTHETIC_DEMO_CORRELATED_WITH_RAINFALL_REPLACE_WITH_NASA_SMAP_OR_ISRO_BHUVAN
PROD-0000629,2023-12-20,Ukwa,Madhya Pradesh,Balaghat,21.974667,80.46,353.67,332.04,5.81,0,0.0,OFFICIAL_ANNUAL_PLAN,OFFICIAL_SAME_PERIOD,SYNTHETIC_DAILY_CALIBRATED_TO_PUBLIC_ANNUAL_REFERENCE,21.63,6.116,1,0.0,11.39,0.31,18.68,20.13,21.34,25.15,SYNTHETIC_DEMO_CORRELATED_WITH_RAINFALL_REPLACE_WITH_NASA_SMAP_OR_ISRO_BHUVAN
PROD-0000630,2023-12-21,Ukwa,Madhya Pradesh,Balaghat,21.974667,80.46,318.83,311.77,4.78,0,0.0,OFFICIAL_ANNUAL_PLAN,OFFICIAL_SAME_PERIOD,SYNTHETIC_DAILY_CALIBRATED_TO_PUBLIC_ANNUAL_REFERENCE,7.06,2.214,1,0.0,12.16,0.31,21.29,20.13,20.39,23.86,SYNTHETIC_DEMO_CORRELATED_WITH_RAINFALL_REPLACE_WITH_NASA_SMAP_OR_ISRO_BHUVAN
PROD-0000631,2023-12-22,Ukwa,Madhya Pradesh,Balaghat,21.974667,80.46,334.52,333.25,0.67,21,0.0,OFFICIAL_ANNUAL_PLAN,OFFICIAL_SAME_PERIOD,SYNTHETIC_DAILY_CALIBRATED_TO_PUBLIC_ANNUAL_REFERENCE,1.27,0.38,1,0.0,11.26,0.0,20.45,19.48,19.91,22.57,SYNTHETIC_DEMO_CORRELATED_WITH_RAINFALL_REPLACE_WITH_NASA_SMAP_OR_ISRO_BHUVAN
PROD-0000632,2023-12-23,Ukwa,Madhya Pradesh,Balaghat,21.974667,80.46,296.08,295.54,0.02,0,1.44,OFFICIAL_ANNUAL_PLAN,OFFICIAL_SAME_PERIOD,SYNTHETIC_DAILY_CALIBRATED_TO_PUBLIC_ANNUAL_REFERENCE,0.54,0.182,1,1.44,5.47,1.44,16.86,21.37,20.33,21.59,SYNTHETIC_DEMO_CORRELATED_WITH_RAINFALL_REPLACE_WITH_NASA_SMAP_OR_ISRO_BHUVAN
PROD-0000633,2023-12-24,Ukwa,Madhya Pradesh,Balaghat,21.974667,80.46,290.59,311.9,0.0,0,0.0,OFFICIAL_ANNUAL_PLAN,OFFICIAL_SAME_PERIOD,SYNTHETIC_DAILY_CALIBRATED_TO_PUBLIC_ANNUAL_REFERENCE,0.0,0.0,0,1.44,0.69,1.44,16.86,20.76,20.54,20.82,SYNTHETIC_DEMO_CORRELATED_WITH_RAINFALL_REPLACE_WITH_NASA_SMAP_OR_ISRO_BHUVAN
PROD-0000634,2023-12-25,Ukwa,Madhya Pradesh,Balaghat,21.974667,80.46,297.23,298.42,0.14,0,0.0,OFFICIAL_ANNUAL_PLAN,OFFICIAL_SAME_PERIOD,SYNTHETIC_DAILY_CALIBRATED_TO_PUBLIC_ANNUAL_REFERENCE,0.0,0.0,0,1.44,0.16,1.44,12.99,19.23,20.45,20.29,SYNTHETIC_DEMO_CORRELATED_WITH_RAINFALL_REPLACE_WITH_NASA_SMAP_OR_ISRO_BHUVAN
PROD-0000635,2023-12-26,Ukwa,Madhya Pradesh,Balaghat,21.974667,80.46,306.04,308.28,0.96,0,0.0,OFFICIAL_ANNUAL_PLAN,OFFICIAL_SAME_PERIOD,SYNTHETIC_DAILY_CALIBRATED_TO_PUBLIC_ANNUAL_REFERENCE,0.0,0.0,0,0.0,1.1,1.44,12.38,19.19,19.73,20.04,SYNTHETIC_DEMO_CORRELATED_WITH_RAINFALL_REPLACE_WITH_NASA_SMAP_OR_ISRO_BHUVAN
PROD-0000636,2023-12-27,Ukwa,Madhya Pradesh,Balaghat,21.974667,80.46,364.83,361.03,1.59,0,0.0,OFFICIAL_ANNUAL_PLAN,OFFICIAL_SAME_PERIOD,SYNTHETIC_DAILY_CALIBRATED_TO_PUBLIC_ANNUAL_REFERENCE,3.8,1.042,1,0.0,2.69,1.44,8.16,18.51,18.98,19.81,SYNTHETIC_DEMO_CORRELATED_WITH_RAINFALL_REPLACE_WITH_NASA_SMAP_OR_ISRO_BHUVAN
PROD-0000637,2023-12-28,Ukwa,Madhya Pradesh,Balaghat,21.974667,80.46,299.8,302.99,2.02,0,1.45,OFFICIAL_ANNUAL_PLAN,OFFICIAL_SAME_PERIOD,SYNTHETIC_DAILY_CALIBRATED_TO_PUBLIC_ANNUAL_REFERENCE,0.0,0.0,0,1.45,4.57,2.89,5.4,19.56,19.09,19.73,SYNTHETIC_DEMO_CORRELATED_WITH_RAINFALL_REPLACE_WITH_NASA_SMAP_OR_ISRO_BHUVAN
PROD-0000638,2023-12-29,Ukwa,Madhya Pradesh,Balaghat,21.974667,80.46,310.52,309.43,1.91,0,0.0,OFFICIAL_ANNUAL_PLAN,OFFICIAL_SAME_PERIOD,SYNTHETIC_DAILY_CALIBRATED_TO_PUBLIC_ANNUAL_REFERENCE,1.09,0.351,1,1.45,5.52,2.89,6.64,18.83,18.97,19.64,SYNTHETIC_DEMO_CORRELATED_WITH_RAINFALL_REPLACE_WITH_NASA_SMAP_OR_ISRO_BHUVAN
PROD-0000639,2023-12-30,Ukwa,Madhya Pradesh,Balaghat,21.974667,80.46,331.14,340.88,0.2,0,0.0,OFFICIAL_ANNUAL_PLAN,OFFICIAL_SAME_PERIOD,SYNTHETIC_DAILY_CALIBRATED_TO_PUBLIC_ANNUAL_REFERENCE,0.0,0.0,0,1.45,4.13,1.45,6.82,16.92,18.44,19.0,SYNTHETIC_DEMO_CORRELATED_WITH_RAINFALL_REPLACE_WITH_NASA_SMAP_OR_ISRO_BHUVAN
PROD-0000640,2023-12-31,Ukwa,Madhya Pradesh,Balaghat,21.974667,80.46,302.61,302.36,2.02,0,0.0,OFFICIAL_ANNUAL_PLAN,OFFICIAL_SAME_PERIOD,SYNTHETIC_DAILY_CALIBRATED_TO_PUBLIC_ANNUAL_REFERENCE,0.25,0.083,1,0.0,4.13,1.45,8.84,16.49,17.41,18.39,SYNTHETIC_DEMO_CORRELATED_WITH_RAINFALL_REPLACE_WITH_NASA_SMAP_OR_ISRO_BHUVAN
PROD-0000641,2024-01-01,Ukwa,Madhya Pradesh,Balaghat,21.974667,80.46,285.85,278.28,2.78,97,0.0,OFFICIAL_ANNUAL_PLAN,OFFICIAL_SAME_PERIOD,SYNTHETIC_DAILY_CALIBRATED_TO_PUBLIC_ANNUAL_REFERENCE,7.57,2.648,1,0.0,5.0,1.45,11.48,15.71,16.37,17.89,SYNTHETIC_DEMO_CORRELATED_WITH_RAINFALL_REPLACE_WITH_NASA_SMAP_OR_ISRO_BHUVAN
PROD-0000642,2024-01-02,Ukwa,Madhya Pradesh,Balaghat,21.974667,80.46,278.43,285.44,1.39,78,0.0,OFFICIAL_ANNUAL_PLAN,OFFICIAL_SAME_PERIOD,SYNTHETIC_DAILY_CALIBRATED_TO_PUBLIC_ANNUAL_REFERENCE,0.0,0.0,0,0.0,6.19,1.45,11.91,15.42,15.87,17.35,SYNTHETIC_DEMO_CORRELATED_WITH_RAINFALL_REPLACE_WITH_NASA_SMAP_OR_ISRO_BHUVAN
PROD-0000643,2024-01-03,Ukwa,Madhya Pradesh,Balaghat,21.974667,80.46,309.98,309.24,1.85,0,0.0,OFFICIAL_ANNUAL_PLAN,OFFICIAL_SAME_PERIOD,SYNTHETIC_DAILY_CALIBRATED_TO_PUBLIC_ANNUAL_REFERENCE,0.74,0.239,1,0.0,6.02,1.45,12.17,12.86,14.66,16.54,SYNTHETIC_DEMO_CORRELATED_WITH_RAINFALL_REPLACE_WITH_NASA_SMAP_OR_ISRO_BHUVAN
PROD-0000644,2024-01-04,Ukwa,Madhya Pradesh,Balaghat,21.974667,80.46,269.49,278.14,0.0,0,0.0,OFFICIAL_ANNUAL_PLAN,OFFICIAL_SAME_PERIOD,SYNTHETIC_DAILY_CALIBRATED_TO_PUBLIC_ANNUAL_REFERENCE,0.0,0.0,0,0.0,3.24,0.0,10.15,12.81,13.7,15.58,SYNTHETIC_DEMO_CORRELATED_WITH_RAINFALL_REPLACE_WITH_NASA_SMAP_OR_ISRO_BHUVAN
PROD-0000645,2024-01-05,Ukwa,Madhya Pradesh,Balaghat,21.974667,80.46,339.4,359.85,0.23,0,0.0,OFFICIAL_ANNUAL_PLAN,OFFICIAL_SAME_PERIOD,SYNTHETIC_DAILY_CALIBRATED_TO_PUBLIC_ANNUAL_REFERENCE,0.0,0.0,0,0.0,2.08,0.0,8.47,10.53,12.07,14.39,SYNTHETIC_DEMO_CORRELATED_WITH_RAINFALL_REPLACE_WITH_NASA_SMAP_OR_ISRO_BHUVAN
PROD-0000646,2024-01-06,Ukwa,Madhya Pradesh,Balaghat,21.974667,80.46,310.63,328.52,1.08,0,0.0,OFFICIAL_ANNUAL_PLAN,OFFICIAL_SAME_PERIOD,SYNTHETIC_DAILY_CALIBRATED_TO_PUBLIC_ANNUAL_REFERENCE,0.0,0.0,0,0.0,1.31,0.0,9.35,7.17,10.17,13.0,SYNTHETIC_DEMO_CORRELATED_WITH_RAINFALL_REPLACE_WITH_NASA_SMAP_OR_ISRO_BHUVAN
PROD-0000647,2024-01-07,Ukwa,Madhya Pradesh,Balaghat,21.974667,80.46,308.47,311.57,2.19,0,0.0,OFFICIAL_ANNUAL_PLAN,OFFICIAL_SAME_PERIOD,SYNTHETIC_DAILY_CALIBRATED_TO_PUBLIC_ANNUAL_REFERENCE,0.0,0.0,0,0.0,3.5,0.0,9.52,8.18,8.63,11.81,SYNTHETIC_DEMO_CORRELATED_WITH_RAINFALL_REPLACE_WITH_NASA_SMAP_OR_ISRO_BHUVAN
PROD-0000648,2024-01-08,Ukwa,Madhya Pradesh,Balaghat,21.974667,80.46,284.79,287.74,0.18,0,0.0,OFFICIAL_ANNUAL_PLAN,OFFICIAL_SAME_PERIOD,SYNTHETIC_DAILY_CALIBRATED_TO_PUBLIC_ANNUAL_REFERENCE,0.0,0.0,0,0.0,3.45,0.0,6.92,6.65,7.33,10.52,SYNTHETIC_DEMO_CORRELATED_WITH_RAINFALL_REPLACE_WITH_NASA_SMAP_OR_ISRO_BHUVAN
PROD-0000649,2024-01-09,Ukwa,Madhya Pradesh,Balaghat,21.974667,80.46,298.64,301.96,0.34,0,0.0,OFFICIAL_ANNUAL_PLAN,OFFICIAL_SAME_PERIOD,SYNTHETIC_DAILY_CALIBRATED_TO_PUBLIC_ANNUAL_REFERENCE,0.0,0.0,0,0.0,2.71,0.0,5.87,7.74,7.52,9.42,SYNTHETIC_DEMO_CORRELATED_WITH_RAINFALL_REPLACE_WITH_NASA_SMAP_OR_ISRO_BHUVAN
PROD-0000650,2024-01-10,Ukwa,Madhya Pradesh,Balaghat,21.974667,80.46,311.03,302.8,0.14,0,0.0,OFFICIAL_ANNUAL_PLAN,OFFICIAL_SAME_PERIOD,SYNTHETIC_DAILY_CALIBRATED_TO_PUBLIC_ANNUAL_REFERENCE,8.23,2.646,1,0.0,0.66,0.0,4.16,8.64,7.68,8.82,SYNTHETIC_DEMO_CORRELATED_WITH_RAINFALL_REPLACE_WITH_NASA_SMAP_OR_ISRO_BHUVAN
PROD-0000651,2024-01-11,Ukwa,Madhya Pradesh,Balaghat,21.974667,80.46,333.95,336.03,0.82,0,0.0,OFFICIAL_ANNUAL_PLAN,OFFICIAL_SAME_PERIOD,SYNTHETIC_DAILY_CALIBRATED_TO_PUBLIC_ANNUAL_REFERENCE,0.0,0.0,0,0.0,1.3,0.0,4.98,6.06,7.48,7.85,SYNTHETIC_DEMO_CORRELATED_WITH_RAINFALL_REPLACE_WITH_NASA_SMAP_OR_ISRO_BHUVAN
PROD-0000652,2024-01-12,Ukwa,Madhya Pradesh,Balaghat,21.974667,80.46,314.44,296.74,3.73,0,0.0,OFFICIAL_ANNUAL_PLAN,OFFICIAL_SAME_PERIOD,SYNTHETIC_DAILY_CALIBRATED_TO_PUBLIC_ANNUAL_REFERENCE,17.7,5.629,1,0.0,4.69,0.0,8.48,4.89,6.53,7.05,SYNTHETIC_DEMO_CORRELATED_WITH_RAINFALL_REPLACE_WITH_NASA_SMAP_OR_ISRO_BHUVAN
PROD-0000653,2024-01-13,Ukwa,Madhya Pradesh,Balaghat,21.974667,80.46,327.7,330.0,0.34,0,0.0,OFFICIAL_ANNUAL_PLAN,OFFICIAL_SAME_PERIOD,SYNTHETIC_DAILY_CALIBRATED_TO_PUBLIC_ANNUAL_REFERENCE,0.0,0.0,0,0.0,4.89,0.0,7.74,4.05,5.0,6.6,SYNTHETIC_DEMO_CORRELATED_WITH_RAINFALL_REPLACE_WITH_NASA_SMAP_OR_ISRO_BHUVAN
PROD-0000654,2024-01-14,Ukwa,Madhya Pradesh,Balaghat,21.974667,80.46,331.57,342.02,0.14,0,0.0,OFFICIAL_ANNUAL_PLAN,OFFICIAL_SAME_PERIOD,SYNTHETIC_DAILY_CALIBRATED_TO_PUBLIC_ANNUAL_REFERENCE,0.0,0.0,0,0.0,4.21,0.0,5.69,7.2,5.38,6.46,SYNTHETIC_DEMO_CORRELATED_WITH_RAINFALL_REPLACE_WITH_NASA_SMAP_OR_ISRO_BHUVAN
PROD-0000655,2024-01-15,Ukwa,Madhya Pradesh,Balaghat,21.974667,80.46,266.23,254.88,0.0,0,0.0,OFFICIAL_ANNUAL_PLAN,OFFICIAL_SAME_PERIOD,SYNTHETIC_DAILY_CALIBRATED_TO_PUBLIC_ANNUAL_REFERENCE,11.35,4.263,1,0.0,0.48,0.0,5.51,7.43,6.23,6.57,SYNTHETIC_DEMO_CORRELATED_WITH_RAINFALL_REPLACE_WITH_NASA_SMAP_OR_ISRO_BHUVAN
PROD-0000656,2024-01-16,Ukwa,Madhya Pradesh,Balaghat,21.974667,80.46,304.49,309.24,0.0,0,0.0,OFFICIAL_ANNUAL_PLAN,OFFICIAL_SAME_PERIOD,SYNTHETIC_DAILY_CALIBRATED_TO_PUBLIC_ANNUAL_REFERENCE,0.0,0.0,0,0.0,0.14,0.0,5.17,4.3,6.31,6.08,SYNTHETIC_DEMO_CORRELATED_WITH_RAINFALL_REPLACE_WITH_NASA_SMAP_OR_ISRO_BHUVAN
PROD-0000657,2024-01-17,Ukwa,Madhya Pradesh,Balaghat,21.974667,80.46,343.02,349.03,0.35,0,2.33,OFFICIAL_ANNUAL_PLAN,OFFICIAL_SAME_PERIOD,SYNTHETIC_DAILY_CALIBRATED_TO_PUBLIC_ANNUAL_REFERENCE,0.0,0.0,0,2.33,0.35,2.33,5.38,6.31,6.01,5.75,SYNTHETIC_DEMO_CORRELATED_WITH_RAINFALL_REPLACE_WITH_NASA_SMAP_OR_ISRO_BHUVAN
PROD-0000658,2024-01-18,Ukwa,Madhya Pradesh,Balaghat,21.974667,80.46,291.85,302.66,0.0,11,0.0,OFFICIAL_ANNUAL_PLAN,OFFICIAL_SAME_PERIOD,SYNTHETIC_DAILY_CALIBRATED_TO_PUBLIC_ANNUAL_REFERENCE,0.0,0.0,0,2.33,0.35,2.33,4.56,5.17,5.26,5.62,SYNTHETIC_DEMO_CORRELATED_WITH_RAINFALL_REPLACE_WITH_NASA_SMAP_OR_ISRO_BHUVAN
PROD-0000659,2024-01-19,Ukwa,Madhya Pradesh,Balaghat,21.974667,80.46,339.57,346.1,0.73,23,0.0,OFFICIAL_ANNUAL_PLAN,OFFICIAL_SAME_PERIOD,SYNTHETIC_DAILY_CALIBRATED_TO_PUBLIC_ANNUAL_REFERENCE,0.0,0.0,0,2.33,1.08,2.33,1.56,6.93,6.14,5.91,SYNTHETIC_DEMO_CORRELATED_WITH_RAINFALL_REPLACE_WITH_NASA_SMAP_OR_ISRO_BHUVAN
PROD-0000660,2024-01-20,Ukwa,Madhya Pradesh,Balaghat,21.974667,80.46,335.42,338.77,0.0,0,0.0,OFFICIAL_ANNUAL_PLAN,OFFICIAL_SAME_PERIOD,SYNTHETIC_DAILY_CALIBRATED_TO_PUBLIC_ANNUAL_REFERENCE,0.0,0.0,0,0.0,0.73,2.33,1.22,7.31,6.47,6.38,SYNTHETIC_DEMO_CORRELATED_WITH_RAINFALL_REPLACE_WITH_NASA_SMAP_OR_ISRO_BHUVAN
PROD-0000661,2024-01-21,Ukwa,Madhya Pradesh,Balaghat,21.974667,80.46,327.87,311.11,1.96,0,0.0,OFFICIAL_ANNUAL_PLAN,OFFICIAL_SAME_PERIOD,SYNTHETIC_DAILY_CALIBRATED_TO_PUBLIC_ANNUAL_REFERENCE,16.76,5.112,1,0.0,2.69,2.33,3.04,9.18,7.81,6.66,SYNTHETIC_DEMO_CORRELATED_WITH_RAINFALL_REPLACE_WITH_NASA_SMAP_OR_ISRO_BHUVAN
PROD-0000662,2024-01-22,Ukwa,Madhya Pradesh,Balaghat,21.974667,80.46,312.89,309.07,1.57,0,0.0,OFFICIAL_ANNUAL_PLAN,OFFICIAL_SAME_PERIOD,SYNTHETIC_DAILY_CALIBRATED_TO_PUBLIC_ANNUAL_REFERENCE,3.82,1.221,1,0.0,3.53,2.33,4.61,7.53,8.01,6.68,SYNTHETIC_DEMO_CORRELATED_WITH_RAINFALL_REPLACE_WITH_NASA_SMAP_OR_ISRO_BHUVAN
PROD-0000663,2024-01-23,Ukwa,Madhya Pradesh,Balaghat,21.974667,80.46,314.57,310.92,0.83,0,0.0,OFFICIAL_ANNUAL_PLAN,OFFICIAL_SAME_PERIOD,SYNTHETIC_DAILY_CALIBRATED_TO_PUBLIC_ANNUAL_REFERENCE,3.65,1.16,1,0.0,4.36,2.33,5.44,6.76,7.82,7.03,SYNTHETIC_DEMO_CORRELATED_WITH_RAINFALL_REPLACE_WITH_NASA_SMAP_OR_ISRO_BHUVAN
PROD-0000664,2024-01-24,Ukwa,Madhya Pradesh,Balaghat,21.974667,80.46,256.98,255.48,0.0,0,0.0,OFFICIAL_ANNUAL_PLAN,OFFICIAL_SAME_PERIOD,SYNTHETIC_DAILY_CALIBRATED_TO_PUBLIC_ANNUAL_REFERENCE,1.5,0.584,1,0.0,2.4,0.0,5.09,6.76,7.02,7.09,SYNTHETIC_DEMO_CORRELATED_WITH_RAINFALL_REPLACE_WITH_NASA_SMAP_OR_ISRO_BHUVAN
PROD-0000665,2024-01-25,Ukwa,Madhya Pradesh,Balaghat,21.974667,80.46,319.68,306.98,0.0,80,0.0,OFFICIAL_ANNUAL_PLAN,OFFICIAL_SAME_PERIOD,SYNTHETIC_DAILY_CALIBRATED_TO_PUBLIC_ANNUAL_REFERENCE,12.7,3.973,1,0.0,0.83,0.0,5.09,6.83,6.78,7.33,SYNTHETIC_DEMO_CORRELATED_WITH_RAINFALL_REPLACE_WITH_NASA_SMAP_OR_ISRO_BHUVAN
PROD-0000666,2024-01-26,Ukwa,Madhya Pradesh,Balaghat,21.974667,80.46,311.42,306.38,1.59,0,0.0,OFFICIAL_ANNUAL_PLAN,OFFICIAL_SAME_PERIOD,SYNTHETIC_DAILY_CALIBRATED_TO_PUBLIC_ANNUAL_REFERENCE,5.04,1.618,1,0.0,1.59,0.0,5.95,5.96,6.52,7.19,SYNTHETIC_DEMO_CORRELATED_WITH_RAINFALL_REPLACE_WITH_NASA_SMAP_OR_ISRO_BHUVAN
PROD-0000667,2024-01-27,Ukwa,Madhya Pradesh,Balaghat,21.974667,80.46,257.14,260.11,1.38,0,0.0,OFFICIAL_ANNUAL_PLAN,OFFICIAL_SAME_PERIOD,SYNTHETIC_DAILY_CALIBRATED_TO_PUBLIC_ANNUAL_REFERENCE,0.0,0.0,0,0.0,2.97,0.0,7.33,4.68,5.82,6.81,SYNTHETIC_DEMO_CORRELATED_WITH_RAINFALL_REPLACE_WITH_NASA_SMAP_OR_ISRO_BHUVAN
PROD-0000668,2024-01-28,Ukwa,Madhya Pradesh,Balaghat,21.974667,80.46,315.21,322.39,3.46,0,0.0,OFFICIAL_ANNUAL_PLAN,OFFICIAL_SAME_PERIOD,SYNTHETIC_DAILY_CALIBRATED_TO_PUBLIC_ANNUAL_REFERENCE,0.0,0.0,0,0.0,6.43,0.0,8.83,4.38,5.01,6.13,SYNTHETIC_DEMO_CORRELATED_WITH_RAINFALL_REPLACE_WITH_NASA_SMAP_OR_ISRO_BHUVAN
PROD-0000669,2024-01-29,Ukwa,Madhya Pradesh,Balaghat,21.974667,80.46,319.55,329.51,0.74,0,0.0,OFFICIAL_ANNUAL_PLAN,OFFICIAL_SAME_PERIOD,SYNTHETIC_DAILY_CALIBRATED_TO_PUBLIC_ANNUAL_REFERENCE,0.0,0.0,0,0.0,5.58,0.0,8.0,4.47,4.51,5.69,SYNTHETIC_DEMO_CORRELATED_WITH_RAINFALL_REPLACE_WITH_NASA_SMAP_OR_ISRO_BHUVAN
PROD-0000670,2024-01-30,Ukwa,Madhya Pradesh,Balaghat,21.974667,80.46,361.73,377.98,0.0,0,0.0,OFFICIAL_ANNUAL_PLAN,OFFICIAL_SAME_PERIOD,SYNTHETIC_DAILY_CALIBRATED_TO_PUBLIC_ANNUAL_REFERENCE,0.0,0.0,0,0.0,4.2,0.0,7.17,4.91,4.59,5.43,SYNTHETIC_DEMO_CORRELATED_WITH_RAINFALL_REPLACE_WITH_NASA_SMAP_OR_ISRO_BHUVAN
PROD-0000671,2024-01-31,Ukwa,Madhya Pradesh,Balaghat,21.974667,80.46,297.59,294.16,2.65,0,0.0,OFFICIAL_ANNUAL_PLAN,OFFICIAL_SAME_PERIOD,SYNTHETIC_DAILY_CALIBRATED_TO_PUBLIC_ANNUAL_REFERENCE,3.43,1.153,1,0.0,3.39,0.0,9.82,3.0,4.13,4.89,SYNTHETIC_DEMO_CORRELATED_WITH_RAINFALL_REPLACE_WITH_NASA_SMAP_OR_ISRO_BHUVAN
PROD-0000672,2024-02-01,Ukwa,Madhya Pradesh,Balaghat,21.974667,80.46,306.14,310.29,0.0,0,0.0,OFFICIAL_ANNUAL_PLAN,OFFICIAL_SAME_PERIOD,SYNTHETIC_DAILY_CALIBRATED_TO_PUBLIC_ANNUAL_REFERENCE,0.0,0.0,0,0.0,2.65,0.0,9.82,3.0,3.64,4.34,SYNTHETIC_DEMO_CORRELATED_WITH_RAINFALL_REPLACE_WITH_NASA_SMAP_OR_ISRO_BHUVAN
PROD-0000673,2024-02-02,Ukwa,Madhya Pradesh,Balaghat,21.974667,80.46,323.27,330.57,2.08,0,0.0,OFFICIAL_ANNUAL_PLAN,OFFICIAL_SAME_PERIOD,SYNTHETIC_DAILY_CALIBRATED_TO_PUBLIC_ANNUAL_REFERENCE,0.0,0.0,0,0.0,4.73,0.0,10.31,3.0,3.0,3.92,SYNTHETIC_DEMO_CORRELATED_WITH_RAINFALL_REPLACE_WITH_NASA_SMAP_OR_ISRO_BHUVAN
PROD-0000674,2024-02-03,Ukwa,Madhya Pradesh,Balaghat,21.974667,80.46,362.24,369.28,2.28,0,0.0,OFFICIAL_ANNUAL_PLAN,OFFICIAL_SAME_PERIOD,SYNTHETIC_DAILY_CALIBRATED_TO_PUBLIC_ANNUAL_REFERENCE,0.0,0.0,0,0.0,4.36,0.0,11.21,3.0,3.0,3.68,SYNTHETIC_DEMO_CORRELATED_WITH_RAINFALL_REPLACE_WITH_NASA_SMAP_OR_ISRO_BHUVAN
PROD-0000675,2024-02-04,Ukwa,Madhya Pradesh,Balaghat,21.974667,80.46,314.09,327.14,0.0,0,0.0,OFFICIAL_ANNUAL_PLAN,OFFICIAL_SAME_PERIOD,SYNTHETIC_DAILY_CALIBRATED_TO_PUBLIC_ANNUAL_REFERENCE,0.0,0.0,0,0.0,4.36,0.0,7.75,3.31,3.1,3.53,SYNTHETIC_DEMO_CORRELATED_WITH_RAINFALL_REPLACE_WITH_NASA_SMAP_OR_ISRO_BHUVAN
PROD-0000676,2024-02-05,Ukwa,Madhya Pradesh,Balaghat,21.974667,80.46,307.72,296.31,4.7,0,0.0,OFFICIAL_ANNUAL_PLAN,OFFICIAL_SAME_PERIOD,SYNTHETIC_DAILY_CALIBRATED_TO_PUBLIC_ANNUAL_REFERENCE,11.41,3.708,1,0.0,6.98,0.0,11.71,5.03,3.78,3.61,SYNTHETIC_DEMO_CORRELATED_WITH_RAINFALL_REPLACE_WITH_NASA_SMAP_OR_ISRO_BHUVAN
PROD-0000677,2024-02-06,Ukwa,Madhya Pradesh,Balaghat,21.974667,80.46,310.73,320.98,0.0,27,0.0,OFFICIAL_ANNUAL_PLAN,OFFICIAL_SAME_PERIOD,SYNTHETIC_DAILY_CALIBRATED_TO_PUBLIC_ANNUAL_REFERENCE,0.0,0.0,0,0.0,4.7,0.0,11.71,3.7,4.01,3.43,SYNTHETIC_DEMO_CORRELATED_WITH_RAINFALL_REPLACE_WITH_NASA_SMAP_OR_ISRO_BHUVAN
PROD-0000678,2024-02-07,Ukwa,Madhya Pradesh,Balaghat,21.974667,80.46,299.37,317.65,0.0,16,0.0,OFFICIAL_ANNUAL_PLAN,OFFICIAL_SAME_PERIOD,SYNTHETIC_DAILY_CALIBRATED_TO_PUBLIC_ANNUAL_REFERENCE,0.0,0.0,0,0.0,4.7,0.0,9.06,3.0,3.91,3.43,SYNTHETIC_DEMO_CORRELATED_WITH_RAINFALL_REPLACE_WITH_NASA_SMAP_OR_ISRO_BHUVAN
PROD-0000679,2024-02-08,Ukwa,Madhya Pradesh,Balaghat,21.974667,80.46,308.25,316.78,0.49,0,0.0,OFFICIAL_ANNUAL_PLAN,OFFICIAL_SAME_PERIOD,SYNTHETIC_DAILY_CALIBRATED_TO_PUBLIC_ANNUAL_REFERENCE,0.0,0.0,0,0.0,0.49,0.0,9.55,4.83,3.84,3.7,SYNTHETIC_DEMO_CORRELATED_WITH_RAINFALL_REPLACE_WITH_NASA_SMAP_OR_ISRO_BHUVAN
PROD-0000680,2024-02-09,Ukwa,Madhya Pradesh,Balaghat,21.974667,80.46,324.81,333.58,0.9,0,0.0,OFFICIAL_ANNUAL_PLAN,OFFICIAL_SAME_PERIOD,SYNTHETIC_DAILY_CALIBRATED_TO_PUBLIC_ANNUAL_REFERENCE,0.0,0.0,0,0.0,1.39,0.0,8.37,4.89,4.24,3.97,SYNTHETIC_DEMO_CORRELATED_WITH_RAINFALL_REPLACE_WITH_NASA_SMAP_OR_ISRO_BHUVAN
PROD-0000681,2024-02-10,Ukwa,Madhya Pradesh,Balaghat,21.974667,80.46,306.68,314.69,0.0,0,0.0,OFFICIAL_ANNUAL_PLAN,OFFICIAL_SAME_PERIOD,SYNTHETIC_DAILY_CALIBRATED_TO_PUBLIC_ANNUAL_REFERENCE,0.0,0.0,0,0.0,1.39,0.0,6.09,3.69,4.47,4.06,SYNTHETIC_DEMO_CORRELATED_WITH_RAINFALL_REPLACE_WITH_NASA_SMAP_OR_ISRO_BHUVAN
PROD-0000682,2024-02-11,Ukwa,Madhya Pradesh,Balaghat,21.974667,80.46,314.58,297.12,6.49,0,2.62,OFFICIAL_ANNUAL_PLAN,OFFICIAL_SAME_PERIOD,SYNTHETIC_DAILY_CALIBRATED_TO_PUBLIC_ANNUAL_REFERENCE,17.46,5.55,1,2.62,7.39,2.62,12.58,6.09,4.89,4.46,SYNTHETIC_DEMO_CORRELATED_WITH_RAINFALL_REPLACE_WITH_NASA_SMAP_OR_ISRO_BHUVAN
PROD-0000683,2024-02-12,Ukwa,Madhya Pradesh,Balaghat,21.974667,80.46,284.25,285.97,0.0,0,0.0,OFFICIAL_ANNUAL_PLAN,OFFICIAL_SAME_PERIOD,SYNTHETIC_DAILY_CALIBRATED_TO_PUBLIC_ANNUAL_REFERENCE,0.0,0.0,0,2.62,6.49,2.62,7.88,6.22,5.33,4.63,SYNTHETIC_DEMO_CORRELATED_WITH_RAINFALL_REPLACE_WITH_NASA_SMAP_OR_ISRO_BHUVAN
PROD-0000684,2024-02-13,Ukwa,Madhya Pradesh,Balaghat,21.974667,80.46,320.12,334.48,0.39,0,0.0,OFFICIAL_ANNUAL_PLAN,OFFICIAL_SAME_PERIOD,SYNTHETIC_DAILY_CALIBRATED_TO_PUBLIC_ANNUAL_REFERENCE,0.0,0.0,0,2.62,6.88,2.62,8.27,7.43,6.58,5.16,SYNTHETIC_DEMO_CORRELATED_WITH_RAINFALL_REPLACE_WITH_NASA_SMAP_OR_ISRO_BHUVAN
PROD-0000685,2024-02-14,Ukwa,Madhya Pradesh,Balaghat,21.974667,80.46,300.72,308.87,0.05,0,3.43,OFFICIAL_ANNUAL_PLAN,OFFICIAL_SAME_PERIOD,SYNTHETIC_DAILY_CALIBRATED_TO_PUBLIC_ANNUAL_REFERENCE,0.0,0.0,0,3.43,0.44,6.05,8.32,10.16,7.94,6.19,SYNTHETIC_DEMO_CORRELATED_WITH_RAINFALL_REPLACE_WITH_NASA_SMAP_OR_ISRO_BHUVAN
PROD-0000686,2024-02-15,Ukwa,Madhya Pradesh,Balaghat,21.974667,80.46,356.91,359.69,0.6,44,0.0,OFFICIAL_ANNUAL_PLAN,OFFICIAL_SAME_PERIOD,SYNTHETIC_DAILY_CALIBRATED_TO_PUBLIC_ANNUAL_REFERENCE,0.0,0.0,0,3.43,1.04,6.05,8.43,10.04,9.21,6.93,SYNTHETIC_DEMO_CORRELATED_WITH_RAINFALL_REPLACE_WITH_NASA_SMAP_OR_ISRO_BHUVAN
PROD-0000687,2024-02-16,Ukwa,Madhya Pradesh,Balaghat,21.974667,80.46,299.84,282.64,2.17,22,0.0,OFFICIAL_ANNUAL_PLAN,OFFICIAL_SAME_PERIOD,SYNTHETIC_DAILY_CALIBRATED_TO_PUBLIC_ANNUAL_REFERENCE,17.2,5.736,1,3.43,2.82,6.05,9.7,9.88,10.03,7.64,SYNTHETIC_DEMO_CORRELATED_WITH_RAINFALL_REPLACE_WITH_NASA_SMAP_OR_ISRO_BHUVAN
PROD-0000688,2024-02-17,Ukwa,Madhya Pradesh,Balaghat,21.974667,80.46,311.11,319.85,0.93,0,1.17,OFFICIAL_ANNUAL_PLAN,OFFICIAL_SAME_PERIOD,SYNTHETIC_DAILY_CALIBRATED_TO_PUBLIC_ANNUAL_REFERENCE,0.0,0.0,0,1.17,3.7,7.22,10.63,8.05,9.32,8.27,SYNTHETIC_DEMO_CORRELATED_WITH_RAINFALL_REPLACE_WITH_NASA_SMAP_OR_ISRO_BHUVAN
PROD-0000689,2024-02-18,Ukwa,Madhya Pradesh,Balaghat,21.974667,80.46,293.47,308.13,0.88,0,0.0,OFFICIAL_ANNUAL_PLAN,OFFICIAL_SAME_PERIOD,SYNTHETIC_DAILY_CALIBRATED_TO_PUBLIC_ANNUAL_REFERENCE,0.0,0.0,0,1.17,3.98,4.6,5.02,6.47,8.13,8.32,SYNTHETIC_DEMO_CORRELATED_WITH_RAINFALL_REPLACE_WITH_NASA_SMAP_OR_ISRO_BHUVAN
PROD-0000690,2024-02-19,Ukwa,Madhya Pradesh,Balaghat,21.974667,80.46,326.51,337.18,1.26,0,0.0,OFFICIAL_ANNUAL_PLAN,OFFICIAL_SAME_PERIOD,SYNTHETIC_DAILY_CALIBRATED_TO_PUBLIC_ANNUAL_REFERENCE,0.0,0.0,0,1.17,3.07,4.6,6.28,5.83,6.78,8.27,SYNTHETIC_DEMO_CORRELATED_WITH_RAINFALL_REPLACE_WITH_NASA_SMAP_OR_ISRO_BHUVAN
PROD-0000691,2024-02-20,Ukwa,Madhya Pradesh,Balaghat,21.974667,80.46,315.53,311.15,2.43,0,0.0,OFFICIAL_ANNUAL_PLAN,OFFICIAL_SAME_PERIOD,SYNTHETIC_DAILY_CALIBRATED_TO_PUBLIC_ANNUAL_REFERENCE,4.38,1.388,1,0.0,4.57,4.6,8.32,5.72,6.01,8.02,SYNTHETIC_DEMO_CORRELATED_WITH_RAINFALL_REPLACE_WITH_NASA_SMAP_OR_ISRO_BHUVAN
PROD-0000692,2024-02-21,Ukwa,Madhya Pradesh,Balaghat,21.974667,80.46,309.74,316.57,0.0,0,0.0,OFFICIAL_ANNUAL_PLAN,OFFICIAL_SAME_PERIOD,SYNTHETIC_DAILY_CALIBRATED_TO_PUBLIC_ANNUAL_REFERENCE,0.0,0.0,0,0.0,3.69,1.17,8.27,5.71,5.75,7.39,SYNTHETIC_DEMO_CORRELATED_WITH_RAINFALL_REPLACE_WITH_NASA_SMAP_OR_ISRO_BHUVAN
PROD-0000693,2024-02-22,Ukwa,Madhya Pradesh,Balaghat,21.974667,80.46,316.77,328.88,0.0,0,0.0,OFFICIAL_ANNUAL_PLAN,OFFICIAL_SAME_PERIOD,SYNTHETIC_DAILY_CALIBRATED_TO_PUBLIC_ANNUAL_REFERENCE,0.0,0.0,0,0.0,2.43,1.17,7.67,5.41,5.61,6.72,SYNTHETIC_DEMO_CORRELATED_WITH_RAINFALL_REPLACE_WITH_NASA_SMAP_OR_ISRO_BHUVAN
PROD-0000694,2024-02-23,Ukwa,Madhya Pradesh,Balaghat,21.974667,80.46,290.2,278.45,0.15,54,0.0,OFFICIAL_ANNUAL_PLAN,OFFICIAL_SAME_PERIOD,SYNTHETIC_DAILY_CALIBRATED_TO_PUBLIC_ANNUAL_REFERENCE,11.75,4.049,1,0.0,0.15,1.17,5.65,5.46,5.53,6.09,SYNTHETIC_DEMO_CORRELATED_WITH_RAINFALL_REPLACE_WITH_NASA_SMAP_OR_ISRO_BHUVAN
PROD-0000695,2024-02-24,Ukwa,Madhya Pradesh,Balaghat,21.974667,80.46,286.68,269.87,3.9,0,0.0,OFFICIAL_ANNUAL_PLAN,OFFICIAL_SAME_PERIOD,SYNTHETIC_DAILY_CALIBRATED_TO_PUBLIC_ANNUAL_REFERENCE,16.81,5.864,1,0.0,4.05,0.0,8.62,4.21,5.03,5.54,SYNTHETIC_DEMO_CORRELATED_WITH_RAINFALL_REPLACE_WITH_NASA_SMAP_OR_ISRO_BHUVAN
PROD-0000696,2024-02-25,Ukwa,Madhya Pradesh,Balaghat,21.974667,80.46,309.98,314.69,0.8,0,0.0,OFFICIAL_ANNUAL_PLAN,OFFICIAL_SAME_PERIOD,SYNTHETIC_DAILY_CALIBRATED_TO_PUBLIC_ANNUAL_REFERENCE,0.0,0.0,0,0.0,4.85,0.0,8.54,4.95,4.87,5.33,SYNTHETIC_DEMO_CORRELATED_WITH_RAINFALL_REPLACE_WITH_NASA_SMAP_OR_ISRO_BHUVAN
PROD-0000697,2024-02-26,Ukwa,Madhya Pradesh,Balaghat,21.974667,80.46,292.1,292.57,1.59,39,9.11,OFFICIAL_ANNUAL_PLAN,OFFICIAL_SAME_PERIOD,SYNTHETIC_DAILY_CALIBRATED_TO_PUBLIC_ANNUAL_REFERENCE,0.0,0.0,0,9.11,6.29,9.11,8.87,13.26,7.47,6.39,SYNTHETIC_DEMO_CORRELATED_WITH_RAINFALL_REPLACE_WITH_NASA_SMAP_OR_ISRO_BHUVAN
PROD-0000698,2024-02-27,Ukwa,Madhya Pradesh,Balaghat,21.974667,80.46,285.8,299.36,0.0,0,0.0,OFFICIAL_ANNUAL_PLAN,OFFICIAL_SAME_PERIOD,SYNTHETIC_DAILY_CALIBRATED_TO_PUBLIC_ANNUAL_REFERENCE,0.0,0.0,0,9.11,2.39,9.11,6.44,14.02,10.74,7.57,SYNTHETIC_DEMO_CORRELATED_WITH_RAINFALL_REPLACE_WITH_NASA_SMAP_OR_ISRO_BHUVAN
PROD-0000699,2024-02-28,Ukwa,Madhya Pradesh,Balaghat,21.974667,80.46,322.28,297.26,7.21,54,0.0,OFFICIAL_ANNUAL_PLAN,OFFICIAL_SAME_PERIOD,SYNTHETIC_DAILY_CALIBRATED_TO_PUBLIC_ANNUAL_REFERENCE,25.02,7.763,1,9.11,8.8,9.11,13.65,17.08,14.79,9.2,SYNTHETIC_DEMO_CORRELATED_WITH_RAINFALL_REPLACE_WITH_NASA_SMAP_OR_ISRO_BHUVAN
PROD-0000700,2024-02-29,Ukwa,Madhya Pradesh,Balaghat,21.974667,80.46,322.52,327.94,2.19,0,0.0,OFFICIAL_ANNUAL_PLAN,OFFICIAL_SAME_PERIOD,SYNTHETIC_DAILY_CALIBRATED_TO_PUBLIC_ANNUAL_REFERENCE,0.0,0.0,0,0.0,9.4,9.11,15.84,15.64,15.58,10.66,SYNTHETIC_DEMO_CORRELATED_WITH_RAINFALL_REPLACE_WITH_NASA_SMAP_OR_ISRO_BHUVAN
PROD-0000701,2024-03-01,Ukwa,Madhya Pradesh,Balaghat,21.974667,80.46,327.88,332.66,0.0,0,0.0,OFFICIAL_ANNUAL_PLAN,OFFICIAL_SAME_PERIOD,SYNTHETIC_DAILY_CALIBRATED_TO_PUBLIC_ANNUAL_REFERENCE,0.0,0.0,0,0.0,9.4,9.11,15.69,13.79,15.5,11.85,SYNTHETIC_DEMO_CORRELATED_WITH_RAINFALL_REPLACE_WITH_NASA_SMAP_OR_ISRO_BHUVAN
PROD-0000702,2024-03-02,Ukwa,Madhya Pradesh,Balaghat,21.974667,80.46,269.7,278.24,0.0,0,0.0,OFFICIAL_ANNUAL_PLAN,OFFICIAL_SAME_PERIOD,SYNTHETIC_DAILY_CALIBRATED_TO_PUBLIC_ANNUAL_REFERENCE,0.0,0.0,0,0.0,2.19,9.11,11.79,15.41,14.95,13.45,SYNTHETIC_DEMO_CORRELATED_WITH_RAINFALL_REPLACE_WITH_NASA_SMAP_OR_ISRO_BHUVAN
PROD-0000703,2024-03-03,Ukwa,Madhya Pradesh,Balaghat,21.974667,80.46,281.97,290.95,0.0,0,0.0,OFFICIAL_ANNUAL_PLAN,OFFICIAL_SAME_PERIOD,SYNTHETIC_DAILY_CALIBRATED_TO_PUBLIC_ANNUAL_REFERENCE,0.0,0.0,0,0.0,0.0,9.11,10.99,15.49,14.9,14.96,SYNTHETIC_DEMO_CORRELATED_WITH_RAINFALL_REPLACE_WITH_NASA_SMAP_OR_ISRO_BHUVAN
PROD-0000704,2024-03-04,Ukwa,Madhya Pradesh,Balaghat,21.974667,80.46,299.88,297.75,1.83,0,0.0,OFFICIAL_ANNUAL_PLAN,OFFICIAL_SAME_PERIOD,SYNTHETIC_DAILY_CALIBRATED_TO_PUBLIC_ANNUAL_REFERENCE,2.13,0.71,1,0.0,1.83,0.0,11.23,14.99,15.3,15.2,SYNTHETIC_DEMO_CORRELATED_WITH_RAINFALL_REPLACE_WITH_NASA_SMAP_OR_ISRO_BHUVAN
PROD-0000705,2024-03-05,Ukwa,Madhya Pradesh,Balaghat,21.974667,80.46,316.43,316.92,0.07,0,4.92,OFFICIAL_ANNUAL_PLAN,OFFICIAL_SAME_PERIOD,SYNTHETIC_DAILY_CALIBRATED_TO_PUBLIC_ANNUAL_REFERENCE,0.0,0.0,0,4.92,1.9,4.92,11.3,17.66,16.05,15.72,SYNTHETIC_DEMO_CORRELATED_WITH_RAINFALL_REPLACE_WITH_NASA_SMAP_OR_ISRO_BHUVAN
PROD-0000706,2024-03-06,Ukwa,Madhya Pradesh,Balaghat,21.974667,80.46,309.45,321.97,0.34,0,0.0,OFFICIAL_ANNUAL_PLAN,OFFICIAL_SAME_PERIOD,SYNTHETIC_DAILY_CALIBRATED_TO_PUBLIC_ANNUAL_REFERENCE,0.0,0.0,0,4.92,2.24,4.92,4.43,16.83,16.49,15.69,SYNTHETIC_DEMO_CORRELATED_WITH_RAINFALL_REPLACE_WITH_NASA_SMAP_OR_ISRO_BHUVAN
PROD-0000707,2024-03-07,Ukwa,Madhya Pradesh,Balaghat,21.974667,80.46,306.47,315.02,0.9,41,0.0,OFFICIAL_ANNUAL_PLAN,OFFICIAL_SAME_PERIOD,SYNTHETIC_DAILY_CALIBRATED_TO_PUBLIC_ANNUAL_REFERENCE,0.0,0.0,0,4.92,1.31,4.92,3.14,16.73,17.07,15.84,SYNTHETIC_DEMO_CORRELATED_WITH_RAINFALL_REPLACE_WITH_NASA_SMAP_OR_ISRO_BHUVAN
PROD-0000708,2024-03-08,Ukwa,Madhya Pradesh,Balaghat,21.974667,80.46,311.42,318.93,1.3,0,0.0,OFFICIAL_ANNUAL_PLAN,OFFICIAL_SAME_PERIOD,SYNTHETIC_DAILY_CALIBRATED_TO_PUBLIC_ANNUAL_REFERENCE,0.0,0.0,0,0.0,2.54,4.92,4.44,15.75,16.44,16.12,SYNTHETIC_DEMO_CORRELATED_WITH_RAINFALL_REPLACE_WITH_NASA_SMAP_OR_ISRO_BHUVAN
PROD-0000709,2024-03-09,Ukwa,Madhya Pradesh,Balaghat,21.974667,80.46,318.76,314.2,3.04,0,0.0,OFFICIAL_ANNUAL_PLAN,OFFICIAL_SAME_PERIOD,SYNTHETIC_DAILY_CALIBRATED_TO_PUBLIC_ANNUAL_REFERENCE,4.56,1.431,1,0.0,5.24,4.92,7.48,14.29,15.59,15.96,SYNTHETIC_DEMO_CORRELATED_WITH_RAINFALL_REPLACE_WITH_NASA_SMAP_OR_ISRO_BHUVAN
PROD-0000710,2024-03-10,Ukwa,Madhya Pradesh,Balaghat,21.974667,80.46,359.17,351.15,1.18,0,6.27,OFFICIAL_ANNUAL_PLAN,OFFICIAL_SAME_PERIOD,SYNTHETIC_DAILY_CALIBRATED_TO_PUBLIC_ANNUAL_REFERENCE,8.02,2.233,1,6.27,5.52,11.19,8.66,18.94,16.33,16.46,SYNTHETIC_DEMO_CORRELATED_WITH_RAINFALL_REPLACE_WITH_NASA_SMAP_OR_ISRO_BHUVAN
PROD-0000711,2024-03-11,Ukwa,Madhya Pradesh,Balaghat,21.974667,80.46,309.88,315.35,2.61,22,0.0,OFFICIAL_ANNUAL_PLAN,OFFICIAL_SAME_PERIOD,SYNTHETIC_DAILY_CALIBRATED_TO_PUBLIC_ANNUAL_REFERENCE,0.0,0.0,0,6.27,6.83,11.19,9.44,16.6,16.61,16.69,SYNTHETIC_DEMO_CORRELATED_WITH_RAINFALL_REPLACE_WITH_NASA_SMAP_OR_ISRO_BHUVAN
PROD-0000712,2024-03-12,Ukwa,Madhya Pradesh,Balaghat,21.974667,80.46,302.11,304.71,0.1,0,6.6,OFFICIAL_ANNUAL_PLAN,OFFICIAL_SAME_PERIOD,SYNTHETIC_DAILY_CALIBRATED_TO_PUBLIC_ANNUAL_REFERENCE,0.0,0.0,0,12.87,3.89,12.87,9.47,21.03,18.86,17.17,SYNTHETIC_DEMO_CORRELATED_WITH_RAINFALL_REPLACE_WITH_NASA_SMAP_OR_ISRO_BHUVAN
PROD-0000713,2024-03-13,Ukwa,Madhya Pradesh,Balaghat,21.974667,80.46,290.81,300.85,1.36,0,0.0,OFFICIAL_ANNUAL_PLAN,OFFICIAL_SAME_PERIOD,SYNTHETIC_DAILY_CALIBRATED_TO_PUBLIC_ANNUAL_REFERENCE,0.0,0.0,0,6.6,4.07,12.87,10.49,17.05,18.23,17.2,SYNTHETIC_DEMO_CORRELATED_WITH_RAINFALL_REPLACE_WITH_NASA_SMAP_OR_ISRO_BHUVAN
PROD-0000714,2024-03-14,Ukwa,Madhya Pradesh,Balaghat,21.974667,80.46,291.96,302.06,0.05,0,0.0,OFFICIAL_ANNUAL_PLAN,OFFICIAL_SAME_PERIOD,SYNTHETIC_DAILY_CALIBRATED_TO_PUBLIC_ANNUAL_REFERENCE,0.0,0.0,0,6.6,1.51,12.87,9.64,19.3,19.13,17.57,SYNTHETIC_DEMO_CORRELATED_WITH_RAINFALL_REPLACE_WITH_NASA_SMAP_OR_ISRO_BHUVAN
PROD-0000715,2024-03-15,Ukwa,Madhya Pradesh,Balaghat,21.974667,80.46,320.19,324.57,0.07,0,4.78,OFFICIAL_ANNUAL_PLAN,OFFICIAL_SAME_PERIOD,SYNTHETIC_DAILY_CALIBRATED_TO_PUBLIC_ANNUAL_REFERENCE,0.0,0.0,0,4.78,1.48,17.65,8.41,23.86,20.07,18.72,SYNTHETIC_DEMO_CORRELATED_WITH_RAINFALL_REPLACE_WITH_NASA_SMAP_OR_ISRO_BHUVAN
PROD-0000716,2024-03-16,Ukwa,Madhya Pradesh,Balaghat,21.974667,80.46,310.64,312.74,0.54,0,0.0,OFFICIAL_ANNUAL_PLAN,OFFICIAL_SAME_PERIOD,SYNTHETIC_DAILY_CALIBRATED_TO_PUBLIC_ANNUAL_REFERENCE,0.0,0.0,0,4.78,0.66,17.65,5.91,23.79,22.32,20.08,SYNTHETIC_DEMO_CORRELATED_WITH_RAINFALL_REPLACE_WITH_NASA_SMAP_OR_ISRO_BHUVAN
PROD-0000717,2024-03-17,Ukwa,Madhya Pradesh,Balaghat,21.974667,80.46,296.12,289.79,0.05,0,3.35,OFFICIAL_ANNUAL_PLAN,OFFICIAL_SAME_PERIOD,SYNTHETIC_DAILY_CALIBRATED_TO_PUBLIC_ANNUAL_REFERENCE,6.33,2.138,1,8.13,0.66,14.73,4.78,25.4,24.35,21.0,SYNTHETIC_DEMO_CORRELATED_WITH_RAINFALL_REPLACE_WITH_NASA_SMAP_OR_ISRO_BHUVAN
PROD-0000718,2024-03-18,Ukwa,Madhya Pradesh,Balaghat,21.974667,80.46,319.8,309.63,2.22,0,0.0,OFFICIAL_ANNUAL_PLAN,OFFICIAL_SAME_PERIOD,SYNTHETIC_DAILY_CALIBRATED_TO_PUBLIC_ANNUAL_REFERENCE,10.17,3.18,1,3.35,2.81,14.73,4.39,22.71,23.97,21.88,SYNTHETIC_DEMO_CORRELATED_WITH_RAINFALL_REPLACE_WITH_NASA_SMAP_OR_ISRO_BHUVAN
PROD-0000719,2024-03-19,Ukwa,Madhya Pradesh,Balaghat,21.974667,80.46,324.78,320.25,3.13,0,0.0,OFFICIAL_ANNUAL_PLAN,OFFICIAL_SAME_PERIOD,SYNTHETIC_DAILY_CALIBRATED_TO_PUBLIC_ANNUAL_REFERENCE,4.53,1.395,1,3.35,5.4,8.13,7.42,20.74,22.95,21.84,SYNTHETIC_DEMO_CORRELATED_WITH_RAINFALL_REPLACE_WITH_NASA_SMAP_OR_ISRO_BHUVAN
PROD-0000720,2024-03-20,Ukwa,Madhya Pradesh,Balaghat,21.974667,80.46,336.54,340.45,2.05,22,0.0,OFFICIAL_ANNUAL_PLAN,OFFICIAL_SAME_PERIOD,SYNTHETIC_DAILY_CALIBRATED_TO_PUBLIC_ANNUAL_REFERENCE,0.0,0.0,0,0.0,7.4,8.13,8.11,19.43,20.96,22.18,SYNTHETIC_DEMO_CORRELATED_WITH_RAINFALL_REPLACE_WITH_NASA_SMAP_OR_ISRO_BHUVAN
PROD-0000721,2024-03-21,Ukwa,Madhya Pradesh,Balaghat,21.974667,80.46,327.57,336.86,0.0,0,0.0,OFFICIAL_ANNUAL_PLAN,OFFICIAL_SAME_PERIOD,SYNTHETIC_DAILY_CALIBRATED_TO_PUBLIC_ANNUAL_REFERENCE,0.0,0.0,0,0.0,5.18,8.13,8.06,16.19,18.79,21.73,SYNTHETIC_DEMO_CORRELATED_WITH_RAINFALL_REPLACE_WITH_NASA_SMAP_OR_ISRO_BHUVAN
PROD-0000722,2024-03-22,Ukwa,Madhya Pradesh,Balaghat,21.974667,80.46,331.41,331.76,0.0,0,0.0,OFFICIAL_ANNUAL_PLAN,OFFICIAL_SAME_PERIOD,SYNTHETIC_DAILY_CALIBRATED_TO_PUBLIC_ANNUAL_REFERENCE,0.0,0.0,0,0.0,2.05,3.35,7.99,16.31,17.31,20.65,SYNTHETIC_DEMO_CORRELATED_WITH_RAINFALL_REPLACE_WITH_NASA_SMAP_OR_ISRO_BHUVAN
PROD-0000723,2024-03-23,Ukwa,Madhya Pradesh,Balaghat,21.974667,80.46,320.41,282.99,8.95,0,0.0,OFFICIAL_ANNUAL_PLAN,OFFICIAL_SAME_PERIOD,SYNTHETIC_DAILY_CALIBRATED_TO_PUBLIC_ANNUAL_REFERENCE,37.42,11.679,1,0.0,8.95,3.35,16.4,14.25,15.58,19.29,SYNTHETIC_DEMO_CORRELATED_WITH_RAINFALL_REPLACE_WITH_NASA_SMAP_OR_ISRO_BHUVAN
PROD-0000724,2024-03-24,Ukwa,Madhya Pradesh,Balaghat,21.974667,80.46,297.08,304.75,0.0,0,0.0,OFFICIAL_ANNUAL_PLAN,OFFICIAL_SAME_PERIOD,SYNTHETIC_DAILY_CALIBRATED_TO_PUBLIC_ANNUAL_REFERENCE,0.0,0.0,0,0.0,8.95,0.0,16.35,13.67,14.74,17.61,SYNTHETIC_DEMO_CORRELATED_WITH_RAINFALL_REPLACE_WITH_NASA_SMAP_OR_ISRO_BHUVAN
PROD-0000725,2024-03-25,Ukwa,Madhya Pradesh,Balaghat,21.974667,80.46,308.4,285.84,1.68,0,11.39,OFFICIAL_ANNUAL_PLAN,OFFICIAL_SAME_PERIOD,SYNTHETIC_DAILY_CALIBRATED_TO_PUBLIC_ANNUAL_REFERENCE,22.56,7.315,1,11.39,10.63,11.39,15.81,22.34,16.75,17.56,SYNTHETIC_DEMO_CORRELATED_WITH_RAINFALL_REPLACE_WITH_NASA_SMAP_OR_ISRO_BHUVAN
PROD-0000726,2024-03-26,Ukwa,Madhya Pradesh,Balaghat,21.974667,80.46,318.29,321.41,0.37,0,0.0,OFFICIAL_ANNUAL_PLAN,OFFICIAL_SAME_PERIOD,SYNTHETIC_DAILY_CALIBRATED_TO_PUBLIC_ANNUAL_REFERENCE,0.0,0.0,0,11.39,2.05,11.39,13.05,18.97,18.33,17.31,SYNTHETIC_DEMO_CORRELATED_WITH_RAINFALL_REPLACE_WITH_NASA_SMAP_OR_ISRO_BHUVAN
PROD-0000727,2024-03-27,Ukwa,Madhya Pradesh,Balaghat,21.974667,80.46,312.0,320.54,0.03,54,0.0,OFFICIAL_ANNUAL_PLAN,OFFICIAL_SAME_PERIOD,SYNTHETIC_DAILY_CALIBRATED_TO_PUBLIC_ANNUAL_REFERENCE,0.0,0.0,0,11.39,2.08,11.39,11.03,16.09,19.13,16.83,SYNTHETIC_DEMO_CORRELATED_WITH_RAINFALL_REPLACE_WITH_NASA_SMAP_OR_ISRO_BHUVAN
PROD-0000728,2024-03-28,Ukwa,Madhya Pradesh,Balaghat,21.974667,80.46,301.0,302.35,0.18,0,0.0,OFFICIAL_ANNUAL_PLAN,OFFICIAL_SAME_PERIOD,SYNTHETIC_DAILY_CALIBRATED_TO_PUBLIC_ANNUAL_REFERENCE,0.0,0.0,0,0.0,0.58,11.39,11.21,17.4,17.49,17.0,SYNTHETIC_DEMO_CORRELATED_WITH_RAINFALL_REPLACE_WITH_NASA_SMAP_OR_ISRO_BHUVAN
PROD-0000729,2024-03-29,Ukwa,Madhya Pradesh,Balaghat,21.974667,80.46,350.92,338.44,1.68,0,0.0,OFFICIAL_ANNUAL_PLAN,OFFICIAL_SAME_PERIOD,SYNTHETIC_DAILY_CALIBRATED_TO_PUBLIC_ANNUAL_REFERENCE,12.48,3.556,1,0.0,1.89,11.39,12.89,16.85,16.78,17.08,SYNTHETIC_DEMO_CORRELATED_WITH_RAINFALL_REPLACE_WITH_NASA_SMAP_OR_ISRO_BHUVAN
PROD-0000730,2024-03-30,Ukwa,Madhya Pradesh,Balaghat,21.974667,80.46,300.38,312.76,0.0,0,0.0,OFFICIAL_ANNUAL_PLAN,OFFICIAL_SAME_PERIOD,SYNTHETIC_DAILY_CALIBRATED_TO_PUBLIC_ANNUAL_REFERENCE,0.0,0.0,0,0.0,1.86,11.39,3.94,18.18,17.48,17.64,SYNTHETIC_DEMO_CORRELATED_WITH_RAINFALL_REPLACE_WITH_NASA_SMAP_OR_ISRO_BHUVAN
PROD-0000731,2024-03-31,Ukwa,Madhya Pradesh,Balaghat,21.974667,80.46,297.96000000000004,301.59000000000003,1.39,0,0.0,OFFICIAL_ANNUAL_PLAN,OFFICIAL_SAME_PERIOD,SYNTHETIC_DAILY_CALIBRATED_TO_PUBLIC_ANNUAL_REFERENCE,0.0,0.0,0,0.0,3.07,11.39,5.33,17.74,17.59,18.22,SYNTHETIC_DEMO_CORRELATED_WITH_RAINFALL_REPLACE_WITH_NASA_SMAP_OR_ISRO_BHUVAN
