record_id,mine_name,state,district,mine_latitude,mine_longitude,coordinate_quality,lithology,from_m,to_m,thickness_m,specific_gravity,area_m2,chemistry_schema,mn_pct,mno_pct,mno2_pct,fe2o3_pct,sio2_pct,p2o5_pct,tio2_pct,al2o3_pct,cao_pct,mgo_pct,ai_pct,s2_b4,s2_b8,s2_b11,s2_b12,aster_b4,aster_b5,aster_b6,aster_b7,aster_b8,aster_b9,data_status
GEO-000001,Balaghat,Madhya Pradesh,Balaghat,21.833333,80.233333,PUBLIC_TECHNICAL_MINE_LOCATION,Mn ore,88.05,89.04,0.99,3.442,292.29,MANDRI_STYLE,34.14,,6.77,3.0,23.44,1.378,,,,,16.58,0.214328,0.306528,0.272654,0.196431,0.276098,0.249051,0.27153,0.234544,0.271076,0.234693,SYNTHETIC_SCHEMA_FAITHFUL
GEO-000002,Balaghat,Madhya Pradesh,Balaghat,21.833333,80.233333,PUBLIC_TECHNICAL_MINE_LOCATION,Dolomitic marble,102.81,103.31,0.5,3.391,406.8,HIVRA_STYLE,38.18,49.03,,7.44,26.98,0.648,0.14,8.13,2.67,3.39,,0.134355,0.24227,0.212123,0.141249,0.203215,0.196922,0.249204,0.179892,0.217517,0.18353,SYNTHETIC_SCHEMA_FAITHFUL
GEO-000003,Balaghat,Madhya Pradesh,Balaghat,21.833333,80.233333,PUBLIC_TECHNICAL_MINE_LOCATION,Mn ore,27.12,30.21,3.09,3.389,314.74,HIVRA_STYLE,38.1,49.03,,9.01,28.03,1.093,0.26,3.65,3.35,2.46,,0.21057,0.269695,0.271586,0.191631,0.249907,0.206667,0.24082,0.20189,0.270739,0.228035,SYNTHETIC_SCHEMA_FAITHFUL
GEO-000004,Balaghat,Madhya Pradesh,Balaghat,21.833333,80.233333,PUBLIC_TECHNICAL_MINE_LOCATION,Mn ore,31.08,34.14,3.05,3.386,75.0,HIVRA_STYLE,40.47,52.38,,8.42,25.36,0.911,0.352,6.72,2.93,2.25,,0.12124,0.21934,0.172087,0.090228,0.143438,0.128996,0.144738,0.176671,0.135859,0.120453,SYNTHETIC_SCHEMA_FAITHFUL
GEO-000005,Balaghat,Madhya Pradesh,Balaghat,21.833333,80.233333,PUBLIC_TECHNICAL_MINE_LOCATION,Biotite gneiss,43.32,43.84,0.52,3.68,123.24,HIVRA_STYLE,45.38,58.99,,8.67,21.86,0.64,0.208,3.86,2.67,1.81,,0.229904,0.28655,0.258493,0.232001,0.279816,0.216906,0.230207,0.247461,0.244292,0.228551,SYNTHETIC_SCHEMA_FAITHFUL
GEO-000006,Balaghat,Madhya Pradesh,Balaghat,21.833333,80.233333,PUBLIC_TECHNICAL_MINE_LOCATION,Gondite,63.67,64.2,0.53,3.413,151.22,HIVRA_STYLE,45.3,58.34,,8.18,19.4,1.36,0.293,6.3,2.09,1.74,,0.062686,0.090937,0.08871,0.06004,0.078423,0.028974,0.088172,0.060707,0.077533,0.048871,SYNTHETIC_SCHEMA_FAITHFUL
GEO-000007,Balaghat,Madhya Pradesh,Balaghat,21.833333,80.233333,PUBLIC_TECHNICAL_MINE_LOCATION,Dolomitic marble,87.5,88.5,0.99,3.436,87.55,MANDRI_STYLE,11.43,,2.24,27.67,59.93,1.26,,,,,8.53,0.210904,0.256388,0.226315,0.172568,0.211732,0.187028,0.205687,0.204703,0.189555,0.196376,SYNTHETIC_SCHEMA_FAITHFUL
GEO-000008,Balaghat,Madhya Pradesh,Balaghat,21.833333,80.233333,PUBLIC_TECHNICAL_MINE_LOCATION,Quartz-mica schist,39.83,41.84,2.02,3.666,75.0,HIVRA_STYLE,26.24,34.03,,10.47,39.24,2.346,0.402,4.76,3.57,2.61,,0.17826,0.238237,0.220721,0.188541,0.209487,0.179619,0.235501,0.177646,0.226636,0.194972,SYNTHETIC_SCHEMA_FAITHFUL
GEO-000009,Balaghat,Madhya Pradesh,Balaghat,21.833333,80.233333,PUBLIC_TECHNICAL_MINE_LOCATION,Gondite,89.31,90.23,0.92,3.422,366.85,HIVRA_STYLE,32.67,42.34,,10.24,24.64,1.405,0.266,11.57,3.67,1.72,,0.078575,0.107174,0.095013,0.073126,0.076136,0.045067,0.075316,0.099774,0.092349,0.082544,SYNTHETIC_SCHEMA_FAITHFUL
GEO-000010,Balaghat,Madhya Pradesh,Balaghat,21.833333,80.233333,PUBLIC_TECHNICAL_MINE_LOCATION,Mn ore,56.76,57.87,1.11,3.364,533.89,HIVRA_STYLE,28.94,37.73,,14.13,28.95,0.785,0.185,8.51,3.92,2.17,,0.123504,0.20749,0.213781,0.148457,0.193275,0.173228,0.185767,0.165187,0.178179,0.128858,SYNTHETIC_SCHEMA_FAITHFUL
GEO-000011,Balaghat,Madhya Pradesh,Balaghat,21.833333,80.233333,PUBLIC_TECHNICAL_MINE_LOCATION,Gondite,60.81,67.31,6.5,3.399,134.79,HIVRA_STYLE,31.82,41.09,,13.41,29.61,0.95,0.346,9.16,2.23,2.33,,0.083006,0.17048,0.119933,0.076045,0.114748,0.073384,0.118578,0.080969,0.096817,0.084643,SYNTHETIC_SCHEMA_FAITHFUL
GEO-000012,Balaghat,Madhya Pradesh,Balaghat,21.833333,80.233333,PUBLIC_TECHNICAL_MINE_LOCATION,Biotite gneiss,151.14,152.87,1.73,3.647,207.96,HIVRA_STYLE,31.36,40.26,,6.69,33.47,0.663,0.352,9.2,3.32,1.94,,0.064955,0.088205,0.080543,0.03796,0.077287,0.055375,0.087027,0.050656,0.063273,0.061849,SYNTHETIC_SCHEMA_FAITHFUL
GEO-000013,Balaghat,Madhya Pradesh,Balaghat,21.833333,80.233333,PUBLIC_TECHNICAL_MINE_LOCATION,Mn ore,28.48,29.98,1.5,3.37,243.2,HIVRA_STYLE,25.36,32.81,,7.04,42.27,0.82,0.336,8.12,2.91,1.86,,0.133792,0.21669,0.145873,0.137437,0.161261,0.174966,0.199268,0.142717,0.14985,0.151352,SYNTHETIC_SCHEMA_FAITHFUL
GEO-000014,Balaghat,Madhya Pradesh,Balaghat,21.833333,80.233333,PUBLIC_TECHNICAL_MINE_LOCATION,Biotite gneiss,6.47,12.68,6.22,3.63,287.85,HIVRA_STYLE,35.32,45.46,,9.5,25.7,0.946,0.517,6.12,2.79,2.11,,0.171126,0.246072,0.206697,0.181307,0.204676,0.211747,0.178074,0.238952,0.191619,0.227629,SYNTHETIC_SCHEMA_FAITHFUL
GEO-000015,Balaghat,Madhya Pradesh,Balaghat,21.833333,80.233333,PUBLIC_TECHNICAL_MINE_LOCATION,Gondite,25.74,27.9,2.17,3.371,159.82,HIVRA_STYLE,14.71,18.85,,8.55,52.3,0.93,0.1,7.94,5.16,2.52,,0.149578,0.217265,0.229924,0.181322,0.223095,0.208725,0.169361,0.204966,0.206662,0.232254,SYNTHETIC_SCHEMA_FAITHFUL
GEO-000016,Balaghat,Madhya Pradesh,Balaghat,21.833333,80.233333,PUBLIC_TECHNICAL_MINE_LOCATION,Mn ore,148.93,150.42,1.49,3.393,277.19,HIVRA_STYLE,30.66,40.03,,3.88,39.79,0.915,0.289,6.34,2.96,2.31,,0.096384,0.179685,0.13522,0.10848,0.14413,0.11087,0.128547,0.104748,0.139151,0.107804,SYNTHETIC_SCHEMA_FAITHFUL
GEO-000017,Balaghat,Madhya Pradesh,Balaghat,21.833333,80.233333,PUBLIC_TECHNICAL_MINE_LOCATION,Quartz-mica schist,55.34,56.53,1.19,3.435,181.16,MANDRI_STYLE,34.58,,16.94,9.94,35.16,1.231,,,,,11.35,0.101935,0.122357,0.100759,0.085842,0.115546,0.12187,0.131243,0.129925,0.076512,0.099934,SYNTHETIC_SCHEMA_FAITHFUL
GEO-000018,Balaghat,Madhya Pradesh,Balaghat,21.833333,80.233333,PUBLIC_TECHNICAL_MINE_LOCATION,Calc-silicate rock,58.45,58.88,0.43,3.482,360.46,HIVRA_STYLE,28.49,36.56,,6.07,32.3,0.422,0.438,10.37,3.95,3.18,,0.121554,0.185698,0.169506,0.079894,0.172561,0.157033,0.14891,0.152591,0.134945,0.153424,SYNTHETIC_SCHEMA_FAITHFUL
GEO-000019,Balaghat,Madhya Pradesh,Balaghat,21.833333,80.233333,PUBLIC_TECHNICAL_MINE_LOCATION,Quartzite,69.83,70.33,0.49,3.417,217.77,HIVRA_STYLE,28.61,36.84,,9.6,32.99,1.015,0.359,8.39,4.68,2.63,,0.085286,0.165602,0.106797,0.069853,0.122931,0.108422,0.136828,0.083539,0.117582,0.102427,SYNTHETIC_SCHEMA_FAITHFUL
GEO-000020,Balaghat,Madhya Pradesh,Balaghat,21.833333,80.233333,PUBLIC_TECHNICAL_MINE_LOCATION,Quartzite,36.92,38.14,1.22,3.523,204.97,HIVRA_STYLE,39.02,50.27,,6.69,27.43,1.19,0.471,3.0,3.61,2.79,,0.106396,0.20984,0.138045,0.133774,0.158618,0.155166,0.130774,0.126904,0.154897,0.127342,SYNTHETIC_SCHEMA_FAITHFUL
GEO-000021,Balaghat,Madhya Pradesh,Balaghat,21.833333,80.233333,PUBLIC_TECHNICAL_MINE_LOCATION,Biotite gneiss,37.77,38.72,0.95,3.435,108.5,HIVRA_STYLE,37.22,47.8,,7.82,26.21,2.033,0.38,7.34,2.84,1.89,,0.142512,0.207855,0.143214,0.102078,0.148235,0.168644,0.202082,0.169755,0.175729,0.137212,SYNTHETIC_SCHEMA_FAITHFUL
GEO-000022,Balaghat,Madhya Pradesh,Balaghat,21.833333,80.233333,PUBLIC_TECHNICAL_MINE_LOCATION,Quartz-biotite-muscovite schist,23.1,26.04,2.94,3.449,188.44,MANDRI_STYLE,36.56,,9.96,17.46,35.97,3.244,,,,,10.56,0.102746,0.130125,0.116766,0.073312,0.139172,0.077111,0.100728,0.062288,0.078743,0.093646,SYNTHETIC_SCHEMA_FAITHFUL
GEO-000023,Balaghat,Madhya Pradesh,Balaghat,21.833333,80.233333,PUBLIC_TECHNICAL_MINE_LOCATION,Calc-silicate rock,63.61,64.89,1.28,3.632,238.62,HIVRA_STYLE,29.36,37.99,,17.01,22.91,1.167,0.374,9.48,3.86,1.82,,0.121051,0.154135,0.13575,0.093273,0.151926,0.100735,0.144369,0.078357,0.129694,0.132946,SYNTHETIC_SCHEMA_FAITHFUL
GEO-000024,Balaghat,Madhya Pradesh,Balaghat,21.833333,80.233333,PUBLIC_TECHNICAL_MINE_LOCATION,Biotite gneiss,20.04,22.18,2.14,3.474,396.22,HIVRA_STYLE,30.09,39.56,,13.43,31.14,0.761,0.456,5.6,3.89,2.39,,0.179921,0.214195,0.16279,0.109898,0.181032,0.148994,0.194493,0.146496,0.167859,0.175754,SYNTHETIC_SCHEMA_FAITHFUL
GEO-000025,Balaghat,Madhya Pradesh,Balaghat,21.833333,80.233333,PUBLIC_TECHNICAL_MINE_LOCATION,Quartzite,14.79,16.44,1.65,3.429,165.09,HIVRA_STYLE,32.54,42.13,,12.46,27.95,0.64,0.474,6.66,4.33,2.64,,0.124368,0.150282,0.158928,0.074789,0.128089,0.08867,0.114262,0.104707,0.123045,0.085853,SYNTHETIC_SCHEMA_FAITHFUL
GEO-000026,Balaghat,Madhya Pradesh,Balaghat,21.833333,80.233333,PUBLIC_TECHNICAL_MINE_LOCATION,Gondite,98.29,99.4,1.11,3.626,152.74,HIVRA_STYLE,18.55,24.14,,8.39,40.65,1.9,0.234,11.19,4.16,2.13,,0.05844,0.15362,0.082867,0.051246,0.066175,0.09,0.096478,0.054677,0.10004,0.073578,SYNTHETIC_SCHEMA_FAITHFUL
GEO-000027,Balaghat,Madhya Pradesh,Balaghat,21.833333,80.233333,PUBLIC_TECHNICAL_MINE_LOCATION,Mn ore,41.13,42.11,0.98,3.39,192.24,MANDRI_STYLE,47.8,,10.45,42.0,10.27,1.945,,,,,2.99,0.140045,0.195396,0.176471,0.130791,0.144788,0.124121,0.179889,0.122304,0.181726,0.127059,SYNTHETIC_SCHEMA_FAITHFUL
GEO-000028,Balaghat,Madhya Pradesh,Balaghat,21.833333,80.233333,PUBLIC_TECHNICAL_MINE_LOCATION,Quartz-mica schist,95.58,96.09,0.51,3.427,375.91,HIVRA_STYLE,32.96,42.8,,5.31,36.4,0.776,0.273,3.69,3.48,2.33,,0.060751,0.115876,0.065348,0.066938,0.049727,0.0507,0.083275,0.056444,0.089184,0.091831,SYNTHETIC_SCHEMA_FAITHFUL
GEO-000029,Balaghat,Madhya Pradesh,Balaghat,21.833333,80.233333,PUBLIC_TECHNICAL_MINE_LOCATION,Mn ore,94.28,95.49,1.21,3.427,391.8,HIVRA_STYLE,44.26,57.53,,17.68,7.22,0.533,0.1,5.89,3.29,1.8,,0.133246,0.209006,0.131262,0.133112,0.181968,0.151038,0.182995,0.161186,0.152027,0.173321,SYNTHETIC_SCHEMA_FAITHFUL
GEO-000030,Balaghat,Madhya Pradesh,Balaghat,21.833333,80.233333,PUBLIC_TECHNICAL_MINE_LOCATION,Quartz-biotite-muscovite schist,250.0,250.48,0.48,3.397,552.9,MANDRI_STYLE,30.91,,8.47,16.47,53.7,1.262,,,,,10.98,0.068392,0.124752,0.093939,0.100094,0.074991,0.045524,0.129316,0.069917,0.098054,0.097856,SYNTHETIC_SCHEMA_FAITHFUL
GEO-000031,Balaghat,Madhya Pradesh,Balaghat,21.833333,80.233333,PUBLIC_TECHNICAL_MINE_LOCATION,Quartz-mica schist,98.35,98.79,0.45,3.4,118.9,HIVRA_STYLE,21.65,27.72,,13.76,40.37,0.687,0.356,9.3,3.73,3.21,,0.236217,0.318897,0.276811,0.248833,0.274718,0.266472,0.269685,0.263609,0.2749,0.247021,SYNTHETIC_SCHEMA_FAITHFUL
GEO-000032,Balaghat,Madhya Pradesh,Balaghat,21.833333,80.233333,PUBLIC_TECHNICAL_MINE_LOCATION,Dolomitic marble,121.77,127.19,5.42,3.419,120.65,HIVRA_STYLE,40.97,52.83,,7.1,20.62,0.409,0.443,7.49,4.1,2.79,,0.153103,0.254416,0.209097,0.210366,0.206644,0.168667,0.239942,0.179498,0.183671,0.199414,SYNTHETIC_SCHEMA_FAITHFUL
GEO-000033,Balaghat,Madhya Pradesh,Balaghat,21.833333,80.233333,PUBLIC_TECHNICAL_MINE_LOCATION,Quartz-mica schist,35.69,36.81,1.13,3.377,530.07,HIVRA_STYLE,35.08,45.15,,6.15,28.39,0.723,0.175,8.73,4.48,2.61,,0.05836,0.135459,0.137906,0.074416,0.102246,0.102743,0.117768,0.109627,0.110965,0.097243,SYNTHETIC_SCHEMA_FAITHFUL
GEO-000034,Balaghat,Madhya Pradesh,Balaghat,21.833333,80.233333,PUBLIC_TECHNICAL_MINE_LOCATION,Quartz-biotite-muscovite schist,40.56,41.77,1.21,3.388,160.28,HIVRA_STYLE,15.14,19.33,,6.81,46.46,1.652,0.254,12.09,3.52,2.19,,0.14644,0.229934,0.212875,0.150711,0.214746,0.154916,0.155616,0.19104,0.165825,0.162299,SYNTHETIC_SCHEMA_FAITHFUL
GEO-000035,Balaghat,Madhya Pradesh,Balaghat,21.833333,80.233333,PUBLIC_TECHNICAL_MINE_LOCATION,Mn ore,40.58,41.81,1.23,3.66,268.85,HIVRA_STYLE,32.16,41.78,,8.99,32.52,0.535,0.456,5.49,3.59,2.4,,0.179926,0.263083,0.23103,0.169623,0.235688,0.212642,0.215632,0.214366,0.2309,0.227603,SYNTHETIC_SCHEMA_FAITHFUL
GEO-000036,Balaghat,Madhya Pradesh,Balaghat,21.833333,80.233333,PUBLIC_TECHNICAL_MINE_LOCATION,Quartz-mica schist,31.69,32.53,0.84,3.614,143.84,HIVRA_STYLE,24.93,32.29,,13.88,36.08,1.088,0.352,4.64,4.51,2.46,,0.244649,0.325223,0.245726,0.242645,0.312154,0.268979,0.286763,0.274905,0.278348,0.27106,SYNTHETIC_SCHEMA_FAITHFUL
GEO-000037,Balaghat,Madhya Pradesh,Balaghat,21.833333,80.233333,PUBLIC_TECHNICAL_MINE_LOCATION,Gondite,166.75,167.78,1.03,3.416,142.65,HIVRA_STYLE,28.3,36.74,,10.82,26.24,1.559,0.494,9.53,4.37,2.47,,0.111281,0.170714,0.112847,0.134575,0.112188,0.121757,0.152409,0.128884,0.159607,0.112018,SYNTHETIC_SCHEMA_FAITHFUL
GEO-000038,Balaghat,Madhya Pradesh,Balaghat,21.833333,80.233333,PUBLIC_TECHNICAL_MINE_LOCATION,Mn ore,80.51,82.0,1.49,3.432,169.32,HIVRA_STYLE,28.93,37.26,,11.97,33.7,0.892,0.405,5.45,3.07,2.26,,0.092531,0.121233,0.098923,0.088187,0.097585,0.072443,0.119225,0.060598,0.075633,0.067483,SYNTHETIC_SCHEMA_FAITHFUL
GEO-000039,Balaghat,Madhya Pradesh,Balaghat,21.833333,80.233333,PUBLIC_TECHNICAL_MINE_LOCATION,Quartz-mica schist,84.99,86.35,1.36,3.676,137.52,HIVRA_STYLE,41.8,53.69,,5.37,24.55,0.563,0.382,6.57,2.21,1.45,,0.195423,0.29298,0.251192,0.178943,0.258052,0.18771,0.229735,0.227211,0.271204,0.21947,SYNTHETIC_SCHEMA_FAITHFUL
GEO-000040,Balaghat,Madhya Pradesh,Balaghat,21.833333,80.233333,PUBLIC_TECHNICAL_MINE_LOCATION,Dolomitic marble,18.53,19.66,1.12,3.446,236.76,MANDRI_STYLE,21.94,,16.59,24.16,25.18,1.771,,,,,15.88,0.167652,0.253983,0.176167,0.181291,0.212298,0.184358,0.190438,0.201715,0.19963,0.224996,SYNTHETIC_SCHEMA_FAITHFUL
GEO-000041,Balaghat,Madhya Pradesh,Balaghat,21.833333,80.233333,PUBLIC_TECHNICAL_MINE_LOCATION,Quartz-biotite-muscovite schist,71.17,72.95,1.79,3.633,394.67,HIVRA_STYLE,13.56,17.55,,8.95,51.27,1.32,0.334,9.61,3.7,1.82,,0.178399,0.197517,0.195921,0.159709,0.179474,0.182338,0.192252,0.19138,0.212124,0.166878,SYNTHETIC_SCHEMA_FAITHFUL
GEO-000042,Balaghat,Madhya Pradesh,Balaghat,21.833333,80.233333,PUBLIC_TECHNICAL_MINE_LOCATION,Gondite,57.51,58.98,1.48,3.492,270.91,MANDRI_STYLE,29.38,,9.73,31.22,51.29,0.849,,,,,6.66,0.108837,0.171709,0.136107,0.100582,0.128414,0.111772,0.146815,0.13921,0.11432,0.095663,SYNTHETIC_SCHEMA_FAITHFUL
GEO-000043,Balaghat,Madhya Pradesh,Balaghat,21.833333,80.233333,PUBLIC_TECHNICAL_MINE_LOCATION,Gondite,55.07,56.25,1.18,3.418,244.03,MANDRI_STYLE,26.65,,8.84,24.09,29.21,1.358,,,,,11.36,0.083979,0.145413,0.110432,0.088929,0.118272,0.11448,0.115735,0.080576,0.129989,0.116431,SYNTHETIC_SCHEMA_FAITHFUL
GEO-000044,Balaghat,Madhya Pradesh,Balaghat,21.833333,80.233333,PUBLIC_TECHNICAL_MINE_LOCATION,Mn ore,34.05,35.17,1.12,3.409,217.13,MANDRI_STYLE,30.93,,16.34,13.57,28.82,1.281,,,,,13.36,0.209429,0.261927,0.240648,0.133913,0.216622,0.2022,0.206112,0.172131,0.230947,0.188305,SYNTHETIC_SCHEMA_FAITHFUL
GEO-000045,Balaghat,Madhya Pradesh,Balaghat,21.833333,80.233333,PUBLIC_TECHNICAL_MINE_LOCATION,Mn ore,85.72,86.68,0.96,3.401,534.48,HIVRA_STYLE,32.28,41.69,,12.15,23.83,0.846,0.265,7.32,3.54,3.48,,0.147438,0.216291,0.211828,0.111478,0.162057,0.149248,0.188545,0.19124,0.177317,0.13935,SYNTHETIC_SCHEMA_FAITHFUL
GEO-000046,Balaghat,Madhya Pradesh,Balaghat,21.833333,80.233333,PUBLIC_TECHNICAL_MINE_LOCATION,Quartz-mica schist,10.03,10.51,0.48,3.415,274.97,MANDRI_STYLE,27.38,,18.78,21.38,58.71,0.667,,,,,6.39,0.103254,0.138495,0.111014,0.112568,0.099011,0.110295,0.104005,0.103814,0.134545,0.086715,SYNTHETIC_SCHEMA_FAITHFUL
GEO-000047,Balaghat,Madhya Pradesh,Balaghat,21.833333,80.233333,PUBLIC_TECHNICAL_MINE_LOCATION,Gondite,86.7,87.94,1.24,3.41,349.87,HIVRA_STYLE,39.62,51.43,,9.04,17.32,2.27,0.329,7.99,3.49,2.51,,0.105416,0.199722,0.16126,0.112683,0.162713,0.104373,0.170849,0.120156,0.164766,0.122773,SYNTHETIC_SCHEMA_FAITHFUL
GEO-000048,Balaghat,Madhya Pradesh,Balaghat,21.833333,80.233333,PUBLIC_TECHNICAL_MINE_LOCATION,Quartz-mica schist,138.37,140.15,1.77,3.44,110.19,HIVRA_STYLE,32.04,41.58,,5.5,39.33,0.631,0.374,5.13,3.96,2.2,,0.107035,0.171792,0.137363,0.097081,0.111784,0.127353,0.12316,0.131816,0.144183,0.09549,SYNTHETIC_SCHEMA_FAITHFUL
GEO-000049,Balaghat,Madhya Pradesh,Balaghat,21.833333,80.233333,PUBLIC_TECHNICAL_MINE_LOCATION,Quartzite,76.52,77.74,1.21,3.43,750.0,MANDRI_STYLE,26.38,,11.88,13.7,68.67,1.171,,,,,12.28,0.098092,0.171043,0.136913,0.14651,0.145997,0.093798,0.144941,0.14543,0.159418,0.13294,SYNTHETIC_SCHEMA_FAITHFUL
GEO-000050,Balaghat,Madhya Pradesh,Balaghat,21.833333,80.233333,PUBLIC_TECHNICAL_MINE_LOCATION,Quartz-mica schist,165.25,166.87,1.62,3.414,124.09,HIVRA_STYLE,27.95,35.96,,10.23,29.39,1.68,0.332,9.5,4.9,2.16,,0.205299,0.233509,0.233257,0.203838,0.220254,0.21615,0.224869,0.179048,0.211781,0.217091,SYNTHETIC_SCHEMA_FAITHFUL
GEO-000051,Balaghat,Madhya Pradesh,Balaghat,21.833333,80.233333,PUBLIC_TECHNICAL_MINE_LOCATION,Biotite gneiss,52.71,53.97,1.27,3.377,350.07,MANDRI_STYLE,47.98,,12.12,6.91,7.0,1.376,,,,,12.14,0.155351,0.224644,0.176058,0.148993,0.170209,0.188003,0.204655,0.15278,0.211638,0.14888,SYNTHETIC_SCHEMA_FAITHFUL
GEO-000052,Balaghat,Madhya Pradesh,Balaghat,21.833333,80.233333,PUBLIC_TECHNICAL_MINE_LOCATION,Gondite,26.03,26.57,0.54,3.424,293.84,HIVRA_STYLE,24.4,31.84,,9.52,41.24,1.09,0.168,8.09,4.22,1.4,,0.181679,0.255667,0.207099,0.146197,0.184564,0.20567,0.188303,0.185466,0.205511,0.214916,SYNTHETIC_SCHEMA_FAITHFUL
GEO-000053,Balaghat,Madhya Pradesh,Balaghat,21.833333,80.233333,PUBLIC_TECHNICAL_MINE_LOCATION,Quartz-biotite-muscovite schist,66.63,68.69,2.06,3.377,287.76,HIVRA_STYLE,44.86,58.12,,7.85,20.57,0.827,0.383,3.03,1.77,2.65,,0.111214,0.192632,0.165499,0.101617,0.147783,0.155605,0.155049,0.114919,0.130591,0.14212,SYNTHETIC_SCHEMA_FAITHFUL
GEO-000054,Balaghat,Madhya Pradesh,Balaghat,21.833333,80.233333,PUBLIC_TECHNICAL_MINE_LOCATION,Mn ore,23.68,24.71,1.03,3.39,245.89,MANDRI_STYLE,24.64,,15.92,24.4,43.63,1.013,,,,,16.88,0.148833,0.195184,0.204026,0.108977,0.153858,0.157158,0.139853,0.130923,0.124748,0.18623,SYNTHETIC_SCHEMA_FAITHFUL
GEO-000055,Balaghat,Madhya Pradesh,Balaghat,21.833333,80.233333,PUBLIC_TECHNICAL_MINE_LOCATION,Calc-silicate rock,100.61,101.71,1.1,3.42,150.73,HIVRA_STYLE,36.94,47.78,,9.64,25.93,1.396,0.347,9.14,2.39,2.43,,0.060269,0.15741,0.095826,0.103248,0.105534,0.085884,0.107418,0.061101,0.112194,0.109328,SYNTHETIC_SCHEMA_FAITHFUL
GEO-000056,Balaghat,Madhya Pradesh,Balaghat,21.833333,80.233333,PUBLIC_TECHNICAL_MINE_LOCATION,Biotite gneiss,102.22,103.27,1.05,3.419,135.31,HIVRA_STYLE,29.44,38.13,,14.83,31.76,0.611,0.324,7.22,3.32,1.7,,0.05997,0.128984,0.11504,0.090823,0.07703,0.064652,0.107436,0.079528,0.107878,0.122359,SYNTHETIC_SCHEMA_FAITHFUL
GEO-000057,Balaghat,Madhya Pradesh,Balaghat,21.833333,80.233333,PUBLIC_TECHNICAL_MINE_LOCATION,Gondite,94.4,95.55,1.15,3.414,362.67,MANDRI_STYLE,37.99,,22.33,15.7,34.19,1.429,,,,,12.34,0.181932,0.250601,0.225194,0.173995,0.226937,0.208459,0.225001,0.198124,0.240154,0.197286,SYNTHETIC_SCHEMA_FAITHFUL
GEO-000058,Ukwa,Madhya Pradesh,Balaghat,21.974667,80.46,PUBLIC_TECHNICAL_MONITORING_POINT,Mn ore,19.05,20.28,1.23,3.627,424.7,HIVRA_STYLE,28.5,36.66,,8.7,33.32,0.661,0.338,7.91,4.03,2.35,,0.14821,0.208081,0.185736,0.103744,0.130707,0.174225,0.156263,0.141569,0.161002,0.130138,SYNTHETIC_SCHEMA_FAITHFUL
GEO-000059,Ukwa,Madhya Pradesh,Balaghat,21.974667,80.46,PUBLIC_TECHNICAL_MONITORING_POINT,Gondite,13.33,19.83,6.5,3.651,137.15,HIVRA_STYLE,31.31,40.53,,10.7,27.95,0.458,0.39,7.05,3.55,2.84,,0.095468,0.134976,0.119172,0.083625,0.138857,0.095895,0.110125,0.142792,0.114652,0.096829,SYNTHETIC_SCHEMA_FAITHFUL
GEO-000060,Ukwa,Madhya Pradesh,Balaghat,21.974667,80.46,PUBLIC_TECHNICAL_MONITORING_POINT,Mn ore,124.99,127.74,2.75,3.622,228.43,HIVRA_STYLE,32.28,41.97,,4.64,31.34,0.871,0.173,10.93,3.42,2.55,,0.055056,0.08861,0.068172,0.049776,0.082814,0.057295,0.085504,0.06893,0.074418,0.054004,SYNTHETIC_SCHEMA_FAITHFUL
GEO-000061,Ukwa,Madhya Pradesh,Balaghat,21.974667,80.46,PUBLIC_TECHNICAL_MONITORING_POINT,Calc-silicate rock,79.99,82.2,2.22,3.389,113.99,HIVRA_STYLE,17.92,23.16,,10.86,43.3,1.375,0.463,7.95,3.75,2.39,,0.123349,0.195013,0.143333,0.125926,0.135893,0.121508,0.112274,0.117269,0.153658,0.135214,SYNTHETIC_SCHEMA_FAITHFUL
GEO-000062,Ukwa,Madhya Pradesh,Balaghat,21.974667,80.46,PUBLIC_TECHNICAL_MONITORING_POINT,Biotite gneiss,157.45,158.56,1.11,3.406,177.95,HIVRA_STYLE,30.55,39.17,,10.8,30.18,0.562,0.261,9.73,2.98,2.05,,0.160481,0.223524,0.14712,0.123534,0.171818,0.136652,0.156465,0.152146,0.135986,0.170657,SYNTHETIC_SCHEMA_FAITHFUL
GEO-000063,Ukwa,Madhya Pradesh,Balaghat,21.974667,80.46,PUBLIC_TECHNICAL_MONITORING_POINT,Calc-silicate rock,38.25,40.08,1.84,3.471,539.94,HIVRA_STYLE,28.09,36.13,,14.23,28.57,1.057,0.181,7.54,2.27,3.72,,0.085181,0.14339,0.110396,0.054667,0.093025,0.086414,0.120077,0.12131,0.123398,0.110624,SYNTHETIC_SCHEMA_FAITHFUL
GEO-000064,Ukwa,Madhya Pradesh,Balaghat,21.974667,80.46,PUBLIC_TECHNICAL_MONITORING_POINT,Calc-silicate rock,46.29,49.07,2.78,3.472,248.53,MANDRI_STYLE,35.46,,10.72,11.51,34.99,0.361,,,,,14.16,0.144827,0.236009,0.175977,0.137086,0.189069,0.141697,0.188806,0.163103,0.168707,0.172205,SYNTHETIC_SCHEMA_FAITHFUL
GEO-000065,Ukwa,Madhya Pradesh,Balaghat,21.974667,80.46,PUBLIC_TECHNICAL_MONITORING_POINT,Quartz-mica schist,57.14,57.65,0.51,3.494,139.5,HIVRA_STYLE,20.62,26.82,,10.47,41.03,0.997,0.444,10.68,2.8,2.56,,0.153355,0.201406,0.179407,0.142077,0.187012,0.188193,0.21692,0.146322,0.15676,0.150319,SYNTHETIC_SCHEMA_FAITHFUL
GEO-000066,Ukwa,Madhya Pradesh,Balaghat,21.974667,80.46,PUBLIC_TECHNICAL_MONITORING_POINT,Quartz-mica schist,88.45,88.97,0.52,3.405,143.8,HIVRA_STYLE,27.24,35.24,,8.69,36.92,0.651,0.294,7.29,3.2,2.69,,0.140137,0.178977,0.12838,0.073273,0.164895,0.137421,0.187762,0.090302,0.126779,0.147612,SYNTHETIC_SCHEMA_FAITHFUL
GEO-000067,Ukwa,Madhya Pradesh,Balaghat,21.974667,80.46,PUBLIC_TECHNICAL_MONITORING_POINT,Gondite,9.97,16.47,6.5,3.427,99.34,HIVRA_STYLE,34.2,44.56,,5.54,34.91,0.979,0.208,4.79,3.18,1.52,,0.093628,0.1842,0.130438,0.102837,0.131742,0.120509,0.154989,0.093631,0.099392,0.105523,SYNTHETIC_SCHEMA_FAITHFUL
GEO-000068,Ukwa,Madhya Pradesh,Balaghat,21.974667,80.46,PUBLIC_TECHNICAL_MONITORING_POINT,Mn ore,129.8,131.12,1.32,3.414,188.86,HIVRA_STYLE,20.24,26.43,,10.0,43.69,0.786,0.221,8.14,3.99,2.48,,0.160103,0.194223,0.202543,0.118157,0.149983,0.179482,0.170786,0.178272,0.153903,0.173915,SYNTHETIC_SCHEMA_FAITHFUL
GEO-000069,Ukwa,Madhya Pradesh,Balaghat,21.974667,80.46,PUBLIC_TECHNICAL_MONITORING_POINT,Quartz-mica schist,20.19,23.17,2.97,3.406,262.66,MANDRI_STYLE,30.16,,16.28,12.94,42.45,1.155,,,,,9.39,0.196717,0.296843,0.236348,0.17927,0.221388,0.232543,0.229968,0.213666,0.211637,0.245246,SYNTHETIC_SCHEMA_FAITHFUL
GEO-000070,Ukwa,Madhya Pradesh,Balaghat,21.974667,80.46,PUBLIC_TECHNICAL_MONITORING_POINT,Mn ore,101.9,103.44,1.54,3.371,142.09,HIVRA_STYLE,39.72,51.23,,9.84,20.79,0.543,0.101,8.33,2.57,0.73,,0.153389,0.210787,0.18547,0.151083,0.192065,0.130188,0.167423,0.181804,0.176756,0.170041,SYNTHETIC_SCHEMA_FAITHFUL
GEO-000071,Ukwa,Madhya Pradesh,Balaghat,21.974667,80.46,PUBLIC_TECHNICAL_MONITORING_POINT,Quartzite,119.44,122.39,2.95,3.507,257.03,MANDRI_STYLE,30.14,,10.09,27.26,46.74,0.762,,,,,10.87,0.08475,0.139151,0.121415,0.067877,0.144623,0.092544,0.093706,0.100517,0.114707,0.074407,SYNTHETIC_SCHEMA_FAITHFUL
GEO-000072,Ukwa,Madhya Pradesh,Balaghat,21.974667,80.46,PUBLIC_TECHNICAL_MONITORING_POINT,Biotite gneiss,152.41,153.38,0.97,3.383,99.99,MANDRI_STYLE,31.36,,8.94,26.76,49.57,1.036,,,,,9.41,0.11212,0.191072,0.147007,0.116583,0.12412,0.091515,0.133988,0.166002,0.174293,0.14412,SYNTHETIC_SCHEMA_FAITHFUL
GEO-000073,Ukwa,Madhya Pradesh,Balaghat,21.974667,80.46,PUBLIC_TECHNICAL_MONITORING_POINT,Quartz-biotite-muscovite schist,157.32,158.49,1.17,3.407,164.56,HIVRA_STYLE,33.43,43.27,,8.8,34.53,0.386,0.358,4.94,2.71,2.18,,0.170234,0.21556,0.167377,0.131778,0.175791,0.187352,0.147207,0.172035,0.186565,0.166908,SYNTHETIC_SCHEMA_FAITHFUL
GEO-000074,Ukwa,Madhya Pradesh,Balaghat,21.974667,80.46,PUBLIC_TECHNICAL_MONITORING_POINT,Gondite,105.91,108.42,2.51,3.416,147.45,HIVRA_STYLE,36.59,47.36,,6.72,26.16,0.597,0.293,7.39,3.57,3.2,,0.070235,0.110788,0.082064,0.045659,0.085056,0.077877,0.059542,0.08216,0.09791,0.060584,SYNTHETIC_SCHEMA_FAITHFUL
GEO-000075,Ukwa,Madhya Pradesh,Balaghat,21.974667,80.46,PUBLIC_TECHNICAL_MONITORING_POINT,Gondite,48.59,49.06,0.47,3.649,273.35,HIVRA_STYLE,31.84,41.29,,4.81,37.04,0.504,0.406,9.06,2.72,2.57,,0.074086,0.129088,0.110558,0.015783,0.064007,0.087333,0.100673,0.058053,0.096913,0.081812,SYNTHETIC_SCHEMA_FAITHFUL
GEO-000076,Ukwa,Madhya Pradesh,Balaghat,21.974667,80.46,PUBLIC_TECHNICAL_MONITORING_POINT,Quartz-mica schist,58.92,60.23,1.31,3.449,115.17,MANDRI_STYLE,41.79,,18.19,23.42,43.29,0.554,,,,,6.57,0.178955,0.245484,0.226391,0.147439,0.216021,0.192166,0.202409,0.168429,0.215623,0.218629,SYNTHETIC_SCHEMA_FAITHFUL
GEO-000077,Ukwa,Madhya Pradesh,Balaghat,21.974667,80.46,PUBLIC_TECHNICAL_MONITORING_POINT,Gondite,95.51,96.57,1.07,3.428,396.79,MANDRI_STYLE,37.28,,6.54,24.97,34.74,0.547,,,,,8.56,0.158993,0.211041,0.200986,0.182652,0.194395,0.190876,0.19262,0.178757,0.188888,0.190854,SYNTHETIC_SCHEMA_FAITHFUL
GEO-000078,Ukwa,Madhya Pradesh,Balaghat,21.974667,80.46,PUBLIC_TECHNICAL_MONITORING_POINT,Mn ore,57.06,57.54,0.47,3.387,120.54,HIVRA_STYLE,25.64,33.13,,15.64,34.01,0.882,0.315,8.44,3.87,1.62,,0.136289,0.179306,0.170346,0.104901,0.171849,0.145182,0.191282,0.167161,0.168789,0.14946,SYNTHETIC_SCHEMA_FAITHFUL
GEO-000079,Ukwa,Madhya Pradesh,Balaghat,21.974667,80.46,PUBLIC_TECHNICAL_MONITORING_POINT,Quartz-biotite-muscovite schist,115.17,116.37,1.2,3.661,229.06,HIVRA_STYLE,40.69,52.28,,5.17,26.58,0.799,0.226,6.77,2.22,0.6,,0.05523,0.078742,0.076457,0.049152,0.032995,0.05901,0.088301,0.037251,0.038444,0.061778,SYNTHETIC_SCHEMA_FAITHFUL
GEO-000080,Ukwa,Madhya Pradesh,Balaghat,21.974667,80.46,PUBLIC_TECHNICAL_MONITORING_POINT,Mn ore,201.48,202.93,1.45,3.421,179.1,HIVRA_STYLE,25.57,32.83,,10.41,31.38,2.176,0.395,8.6,5.31,2.66,,0.203112,0.224223,0.207678,0.173478,0.225951,0.192888,0.263391,0.207976,0.205319,0.20353,SYNTHETIC_SCHEMA_FAITHFUL
GEO-000081,Ukwa,Madhya Pradesh,Balaghat,21.974667,80.46,PUBLIC_TECHNICAL_MONITORING_POINT,Biotite gneiss,84.61,85.16,0.55,3.437,111.19,HIVRA_STYLE,22.8,29.35,,10.38,35.38,1.012,0.418,11.23,2.86,2.22,,0.073447,0.1695,0.113179,0.097782,0.108028,0.078894,0.117369,0.070147,0.10913,0.102979,SYNTHETIC_SCHEMA_FAITHFUL
GEO-000082,Ukwa,Madhya Pradesh,Balaghat,21.974667,80.46,PUBLIC_TECHNICAL_MONITORING_POINT,Biotite gneiss,30.56,35.58,5.03,3.434,130.94,HIVRA_STYLE,18.35,23.53,,8.97,44.13,2.174,0.456,7.68,4.14,2.9,,0.098887,0.179459,0.120534,0.113488,0.15708,0.09463,0.12402,0.115289,0.102696,0.141124,SYNTHETIC_SCHEMA_FAITHFUL
GEO-000083,Ukwa,Madhya Pradesh,Balaghat,21.974667,80.46,PUBLIC_TECHNICAL_MONITORING_POINT,Biotite gneiss,13.85,14.84,0.99,3.395,165.97,HIVRA_STYLE,34.33,44.34,,7.2,30.57,1.027,0.333,7.81,2.44,1.89,,0.09167,0.112078,0.082666,0.078698,0.106413,0.077639,0.107558,0.09869,0.084576,0.101737,SYNTHETIC_SCHEMA_FAITHFUL
GEO-000084,Ukwa,Madhya Pradesh,Balaghat,21.974667,80.46,PUBLIC_TECHNICAL_MONITORING_POINT,Calc-silicate rock,47.42,49.79,2.37,3.398,392.95,MANDRI_STYLE,36.24,,11.42,28.16,42.22,0.783,,,,,16.52,0.105167,0.170375,0.113327,0.044821,0.127567,0.120832,0.133506,0.13684,0.105871,0.103786,SYNTHETIC_SCHEMA_FAITHFUL
GEO-000085,Ukwa,Madhya Pradesh,Balaghat,21.974667,80.46,PUBLIC_TECHNICAL_MONITORING_POINT,Quartz-mica schist,79.91,80.87,0.97,3.42,410.96,MANDRI_STYLE,34.43,,17.14,12.31,36.79,1.144,,,,,6.91,0.20191,0.275652,0.220757,0.172015,0.225936,0.201703,0.231914,0.250162,0.214212,0.226152,SYNTHETIC_SCHEMA_FAITHFUL
GEO-000086,Ukwa,Madhya Pradesh,Balaghat,21.974667,80.46,PUBLIC_TECHNICAL_MONITORING_POINT,Quartz-biotite-muscovite schist,7.99,9.15,1.16,3.43,103.5,HIVRA_STYLE,14.63,19.08,,6.08,54.58,0.681,0.385,6.69,4.22,2.21,,0.043848,0.075039,0.099308,0.061565,0.074454,0.033022,0.108726,0.073769,0.081562,0.081799,SYNTHETIC_SCHEMA_FAITHFUL
GEO-000087,Ukwa,Madhya Pradesh,Balaghat,21.974667,80.46,PUBLIC_TECHNICAL_MONITORING_POINT,Quartz-mica schist,65.06,66.18,1.12,3.444,140.02,HIVRA_STYLE,22.94,29.51,,9.85,37.3,0.847,0.365,9.38,3.38,3.36,,0.121233,0.230148,0.158213,0.136472,0.138675,0.135684,0.17311,0.198537,0.20665,0.156198,SYNTHETIC_SCHEMA_FAITHFUL
GEO-000088,Ukwa,Madhya Pradesh,Balaghat,21.974667,80.46,PUBLIC_TECHNICAL_MONITORING_POINT,Mn ore,115.44,116.02,0.58,3.396,113.8,HIVRA_STYLE,25.78,33.38,,13.35,29.47,1.999,0.515,9.1,4.4,2.02,,0.124972,0.220862,0.198113,0.143042,0.202432,0.123741,0.171771,0.153527,0.176642,0.169612,SYNTHETIC_SCHEMA_FAITHFUL
GEO-000089,Ukwa,Madhya Pradesh,Balaghat,21.974667,80.46,PUBLIC_TECHNICAL_MONITORING_POINT,Calc-silicate rock,54.92,58.04,3.12,3.45,147.74,MANDRI_STYLE,46.48,,26.15,14.56,22.39,0.505,,,,,1.69,0.05665,0.13045,0.090103,0.041673,0.066883,0.050962,0.096029,0.044597,0.064137,0.035114,SYNTHETIC_SCHEMA_FAITHFUL
GEO-000090,Ukwa,Madhya Pradesh,Balaghat,21.974667,80.46,PUBLIC_TECHNICAL_MONITORING_POINT,Quartzite,114.8,115.29,0.49,3.439,144.17,HIVRA_STYLE,34.24,44.64,,10.16,26.74,1.501,0.344,5.86,2.59,2.22,,0.137144,0.186392,0.149432,0.109864,0.156508,0.1321,0.140896,0.129331,0.181123,0.144932,SYNTHETIC_SCHEMA_FAITHFUL
GEO-000091,Ukwa,Madhya Pradesh,Balaghat,21.974667,80.46,PUBLIC_TECHNICAL_MONITORING_POINT,Mn ore,78.3,79.76,1.47,3.418,414.3,MANDRI_STYLE,28.17,,15.92,22.04,26.35,1.143,,,,,4.58,0.091792,0.125837,0.080761,0.050656,0.095007,0.076664,0.123952,0.08285,0.084236,0.112652,SYNTHETIC_SCHEMA_FAITHFUL
GEO-000092,Ukwa,Madhya Pradesh,Balaghat,21.974667,80.46,PUBLIC_TECHNICAL_MONITORING_POINT,Gondite,28.37,28.9,0.53,3.385,379.78,MANDRI_STYLE,30.18,,20.39,17.92,36.12,0.984,,,,,7.81,0.192768,0.259963,0.244305,0.184626,0.209438,0.197187,0.257172,0.181642,0.226293,0.215183,SYNTHETIC_SCHEMA_FAITHFUL
GEO-000093,Ukwa,Madhya Pradesh,Balaghat,21.974667,80.46,PUBLIC_TECHNICAL_MONITORING_POINT,Mn ore,172.66,173.67,1.01,3.475,93.56,HIVRA_STYLE,22.72,29.22,,10.15,37.29,1.17,0.282,8.88,3.19,2.29,,0.117083,0.184421,0.139938,0.108959,0.173987,0.161145,0.154599,0.11394,0.164596,0.137301,SYNTHETIC_SCHEMA_FAITHFUL
GEO-000094,Ukwa,Madhya Pradesh,Balaghat,21.974667,80.46,PUBLIC_TECHNICAL_MONITORING_POINT,Biotite gneiss,30.48,36.98,6.5,3.483,140.57,HIVRA_STYLE,25.45,33.25,,3.01,46.04,0.816,0.345,8.07,3.93,3.04,,0.146477,0.178048,0.177252,0.138654,0.184034,0.115698,0.181518,0.136221,0.147061,0.1572,SYNTHETIC_SCHEMA_FAITHFUL
GEO-000095,Ukwa,Madhya Pradesh,Balaghat,21.974667,80.46,PUBLIC_TECHNICAL_MONITORING_POINT,Mn ore,87.98,90.75,2.77,3.377,145.96,HIVRA_STYLE,30.79,39.62,,9.11,32.83,0.495,0.351,8.12,3.86,2.54,,0.089686,0.188121,0.142074,0.087581,0.117704,0.115828,0.130344,0.123686,0.114747,0.130253,SYNTHETIC_SCHEMA_FAITHFUL
GEO-000096,Ukwa,Madhya Pradesh,Balaghat,21.974667,80.46,PUBLIC_TECHNICAL_MONITORING_POINT,Biotite gneiss,34.6,40.58,5.98,3.415,153.84,HIVRA_STYLE,31.86,41.06,,6.71,29.09,0.662,0.461,8.58,3.59,2.01,,0.169444,0.226025,0.17571,0.123951,0.191263,0.123557,0.158526,0.158209,0.150192,0.136156,SYNTHETIC_SCHEMA_FAITHFUL
GEO-000097,Ukwa,Madhya Pradesh,Balaghat,21.974667,80.46,PUBLIC_TECHNICAL_MONITORING_POINT,Biotite gneiss,79.92,80.45,0.54,3.459,160.2,MANDRI_STYLE,23.31,,12.33,20.24,46.36,0.869,,,,,17.86,0.056377,0.145769,0.111744,0.081959,0.09291,0.087366,0.086562,0.06696,0.117159,0.08887,SYNTHETIC_SCHEMA_FAITHFUL
GEO-000098,Ukwa,Madhya Pradesh,Balaghat,21.974667,80.46,PUBLIC_TECHNICAL_MONITORING_POINT,Quartz-biotite-muscovite schist,150.95,157.18,6.24,3.626,175.45,HIVRA_STYLE,20.45,26.22,,10.78,38.45,3.6,0.304,8.6,4.73,2.3,,0.137298,0.178876,0.163748,0.134988,0.155001,0.127211,0.151806,0.144603,0.166724,0.168082,SYNTHETIC_SCHEMA_FAITHFUL
GEO-000099,Ukwa,Madhya Pradesh,Balaghat,21.974667,80.46,PUBLIC_TECHNICAL_MONITORING_POINT,Quartzite,36.55,38.3,1.75,3.65,372.81,MANDRI_STYLE,20.97,,6.6,23.92,54.47,2.335,,,,,15.6,0.175159,0.248504,0.21752,0.165331,0.199538,0.195764,0.243796,0.179853,0.215323,0.163131,SYNTHETIC_SCHEMA_FAITHFUL
GEO-000100,Tirodi,Madhya Pradesh,Balaghat,21.685556,79.719167,PUBLIC_REFERENCE_POINT_REPLACE,Quartz-mica schist,38.42,39.49,1.07,3.462,91.47,MANDRI_STYLE,27.61,,18.49,20.08,24.1,0.467,,,,,7.75,0.059977,0.148072,0.13986,0.074072,0.151353,0.111297,0.136512,0.111409,0.123403,0.105598,SYNTHETIC_SCHEMA_FAITHFUL
GEO-000101,Tirodi,Madhya Pradesh,Balaghat,21.685556,79.719167,PUBLIC_REFERENCE_POINT_REPLACE,Gondite,16.55,17.64,1.09,3.389,212.15,HIVRA_STYLE,21.57,27.92,,9.06,43.54,0.898,0.509,8.0,3.15,2.95,,0.125414,0.151984,0.140227,0.066379,0.132466,0.138248,0.176954,0.129749,0.124322,0.106633,SYNTHETIC_SCHEMA_FAITHFUL
GEO-000102,Tirodi,Madhya Pradesh,Balaghat,21.685556,79.719167,PUBLIC_REFERENCE_POINT_REPLACE,Mn ore,62.59,63.99,1.4,3.429,416.3,HIVRA_STYLE,42.69,55.5,,5.19,22.36,1.157,0.212,8.04,3.19,1.86,,0.100169,0.156095,0.122669,0.068344,0.106816,0.093264,0.122042,0.0905,0.142648,0.088605,SYNTHETIC_SCHEMA_FAITHFUL
GEO-000103,Tirodi,Madhya Pradesh,Balaghat,21.685556,79.719167,PUBLIC_REFERENCE_POINT_REPLACE,Quartz-mica schist,4.92,5.4,0.49,3.417,200.58,HIVRA_STYLE,16.55,21.56,,13.6,45.42,0.944,0.343,8.45,3.58,2.21,,0.096156,0.150347,0.086487,0.069774,0.114729,0.054452,0.108715,0.058336,0.098816,0.075843,SYNTHETIC_SCHEMA_FAITHFUL
GEO-000104,Tirodi,Madhya Pradesh,Balaghat,21.685556,79.719167,PUBLIC_REFERENCE_POINT_REPLACE,Quartz-biotite-muscovite schist,184.94,186.26,1.32,3.643,165.01,HIVRA_STYLE,38.43,49.62,,7.43,30.93,0.543,0.385,5.22,2.77,1.69,,0.150657,0.206196,0.180182,0.085731,0.177933,0.147544,0.170621,0.148126,0.169231,0.155489,SYNTHETIC_SCHEMA_FAITHFUL
GEO-000105,Tirodi,Madhya Pradesh,Balaghat,21.685556,79.719167,PUBLIC_REFERENCE_POINT_REPLACE,Biotite gneiss,33.58,35.91,2.33,3.657,246.71,MANDRI_STYLE,32.67,,17.6,12.35,27.44,1.656,,,,,12.75,0.061144,0.085821,0.111176,0.069106,0.10242,0.071305,0.080615,0.057442,0.092299,0.045964,SYNTHETIC_SCHEMA_FAITHFUL
GEO-000106,Tirodi,Madhya Pradesh,Balaghat,21.685556,79.719167,PUBLIC_REFERENCE_POINT_REPLACE,Gondite,150.39,155.75,5.36,3.48,336.61,HIVRA_STYLE,27.71,35.38,,10.16,37.98,1.191,0.309,6.05,3.75,1.34,,0.250528,0.336768,0.276907,0.221072,0.271591,0.258365,0.272307,0.238287,0.263156,0.254062,SYNTHETIC_SCHEMA_FAITHFUL
GEO-000107,Tirodi,Madhya Pradesh,Balaghat,21.685556,79.719167,PUBLIC_REFERENCE_POINT_REPLACE,Biotite gneiss,53.55,54.78,1.23,3.439,129.99,HIVRA_STYLE,13.41,16.96,,5.88,52.25,1.056,0.274,10.45,3.68,2.97,,0.061906,0.139635,0.120362,0.03984,0.084128,0.027025,0.086818,0.073234,0.095702,0.08974,SYNTHETIC_SCHEMA_FAITHFUL
GEO-000108,Tirodi,Madhya Pradesh,Balaghat,21.685556,79.719167,PUBLIC_REFERENCE_POINT_REPLACE,Mn ore,92.39,93.62,1.23,3.407,101.77,HIVRA_STYLE,44.08,56.73,,10.62,21.01,0.455,0.243,3.0,2.19,2.16,,0.276508,0.366379,0.306264,0.259873,0.306912,0.271123,0.355862,0.292541,0.321967,0.31778,SYNTHETIC_SCHEMA_FAITHFUL
GEO-000109,Tirodi,Madhya Pradesh,Balaghat,21.685556,79.719167,PUBLIC_REFERENCE_POINT_REPLACE,Gondite,24.92,26.79,1.88,3.459,452.58,MANDRI_STYLE,23.02,,5.36,13.6,48.83,1.086,,,,,13.26,0.076736,0.128087,0.110521,0.077229,0.091837,0.078299,0.079595,0.090691,0.115722,0.073846,SYNTHETIC_SCHEMA_FAITHFUL
GEO-000110,Tirodi,Madhya Pradesh,Balaghat,21.685556,79.719167,PUBLIC_REFERENCE_POINT_REPLACE,Mn ore,37.68,44.18,6.5,3.395,225.15,MANDRI_STYLE,44.87,,12.6,21.44,37.57,0.834,,,,,7.41,0.125771,0.200531,0.175761,0.104229,0.151402,0.096067,0.128476,0.126294,0.158296,0.161612,SYNTHETIC_SCHEMA_FAITHFUL
GEO-000111,Tirodi,Madhya Pradesh,Balaghat,21.685556,79.719167,PUBLIC_REFERENCE_POINT_REPLACE,Quartzite,74.09,75.66,1.58,3.638,351.81,MANDRI_STYLE,24.65,,14.07,13.94,38.53,0.796,,,,,15.32,0.033738,0.083924,0.049143,0.011794,0.052655,0.020731,0.097015,0.041891,0.067663,0.054278,SYNTHETIC_SCHEMA_FAITHFUL
GEO-000112,Tirodi,Madhya Pradesh,Balaghat,21.685556,79.719167,PUBLIC_REFERENCE_POINT_REPLACE,Gondite,71.45,74.25,2.8,3.68,443.55,MANDRI_STYLE,29.19,,16.69,20.34,39.52,0.803,,,,,4.3,0.152963,0.176281,0.161525,0.125282,0.177325,0.128889,0.152484,0.157467,0.138616,0.183908,SYNTHETIC_SCHEMA_FAITHFUL
GEO-000113,Tirodi,Madhya Pradesh,Balaghat,21.685556,79.719167,PUBLIC_REFERENCE_POINT_REPLACE,Quartz-biotite-muscovite schist,163.33,164.97,1.64,3.481,250.86,HIVRA_STYLE,34.06,44.22,,10.17,32.54,1.131,0.354,5.73,2.75,2.11,,0.027216,0.091375,0.072513,0.016494,0.083613,0.103644,0.105589,0.039629,0.076218,0.081882,SYNTHETIC_SCHEMA_FAITHFUL
GEO-000114,Tirodi,Madhya Pradesh,Balaghat,21.685556,79.719167,PUBLIC_REFERENCE_POINT_REPLACE,Calc-silicate rock,21.87,23.41,1.54,3.437,106.58,MANDRI_STYLE,20.57,,1.96,22.3,46.99,1.988,,,,,9.71,0.12636,0.164056,0.129348,0.12039,0.154889,0.122959,0.144405,0.11494,0.155961,0.10589,SYNTHETIC_SCHEMA_FAITHFUL
GEO-000115,Tirodi,Madhya Pradesh,Balaghat,21.685556,79.719167,PUBLIC_REFERENCE_POINT_REPLACE,Mn ore,95.83,98.62,2.79,3.389,466.05,HIVRA_STYLE,20.91,26.97,,13.92,35.53,1.702,0.452,9.83,4.21,1.99,,0.109112,0.199052,0.146838,0.115228,0.150273,0.172806,0.164208,0.156948,0.1145,0.123575,SYNTHETIC_SCHEMA_FAITHFUL
GEO-000116,Tirodi,Madhya Pradesh,Balaghat,21.685556,79.719167,PUBLIC_REFERENCE_POINT_REPLACE,Mn ore,69.61,70.96,1.34,3.665,106.52,MANDRI_STYLE,41.42,,14.85,14.26,27.76,0.528,,,,,5.68,0.089731,0.136674,0.118043,0.084096,0.109029,0.067341,0.081504,0.081732,0.089799,0.080784,SYNTHETIC_SCHEMA_FAITHFUL
GEO-000117,Tirodi,Madhya Pradesh,Balaghat,21.685556,79.719167,PUBLIC_REFERENCE_POINT_REPLACE,Gondite,100.29,102.22,1.92,3.424,399.56,HIVRA_STYLE,23.49,30.58,,7.53,38.24,1.402,0.302,11.95,3.52,2.53,,0.259419,0.358433,0.267397,0.265583,0.293952,0.256345,0.337564,0.277465,0.326339,0.291431,SYNTHETIC_SCHEMA_FAITHFUL
GEO-000118,Tirodi,Madhya Pradesh,Balaghat,21.685556,79.719167,PUBLIC_REFERENCE_POINT_REPLACE,Quartzite,12.67,13.12,0.45,3.47,110.18,HIVRA_STYLE,19.84,25.88,,9.67,41.36,1.166,0.267,9.28,4.06,1.93,,0.161574,0.240839,0.223474,0.18318,0.205477,0.198186,0.17951,0.194373,0.18444,0.195044,SYNTHETIC_SCHEMA_FAITHFUL
GEO-000119,Tirodi,Madhya Pradesh,Balaghat,21.685556,79.719167,PUBLIC_REFERENCE_POINT_REPLACE,Gondite,59.22,61.51,2.29,3.65,82.99,HIVRA_STYLE,36.92,47.52,,9.83,26.7,0.8,0.343,8.61,2.86,2.31,,0.06604,0.126333,0.120962,0.048289,0.08391,0.089605,0.133754,0.085238,0.131392,0.08766,SYNTHETIC_SCHEMA_FAITHFUL
GEO-000120,Tirodi,Madhya Pradesh,Balaghat,21.685556,79.719167,PUBLIC_REFERENCE_POINT_REPLACE,Quartz-biotite-muscovite schist,52.44,53.6,1.16,3.428,264.33,HIVRA_STYLE,40.11,51.67,,3.31,31.78,0.873,0.23,5.61,2.43,0.99,,0.175068,0.212323,0.210532,0.146609,0.200245,0.159775,0.208809,0.161015,0.208995,0.146998,SYNTHETIC_SCHEMA_FAITHFUL
GEO-000121,Tirodi,Madhya Pradesh,Balaghat,21.685556,79.719167,PUBLIC_REFERENCE_POINT_REPLACE,Biotite gneiss,97.79,99.38,1.59,3.433,296.83,HIVRA_STYLE,26.98,34.39,,7.07,44.75,0.505,0.367,6.58,2.85,2.56,,0.117097,0.188463,0.160566,0.12663,0.14916,0.144734,0.108343,0.11624,0.160381,0.1401,SYNTHETIC_SCHEMA_FAITHFUL
GEO-000122,Tirodi,Madhya Pradesh,Balaghat,21.685556,79.719167,PUBLIC_REFERENCE_POINT_REPLACE,Mn ore,37.9,40.8,2.9,3.402,99.66,MANDRI_STYLE,27.72,,19.37,14.25,36.55,1.817,,,,,13.04,0.143479,0.211631,0.184079,0.16369,0.182696,0.149602,0.159554,0.1549,0.15894,0.132991,SYNTHETIC_SCHEMA_FAITHFUL
GEO-000123,Tirodi,Madhya Pradesh,Balaghat,21.685556,79.719167,PUBLIC_REFERENCE_POINT_REPLACE,Quartzite,101.42,101.91,0.48,3.417,189.54,HIVRA_STYLE,25.23,32.79,,6.06,42.25,0.677,0.148,8.01,4.76,3.51,,0.06374,0.169279,0.107514,0.084815,0.118619,0.075935,0.151293,0.073993,0.109765,0.091521,SYNTHETIC_SCHEMA_FAITHFUL
GEO-000124,Tirodi,Madhya Pradesh,Balaghat,21.685556,79.719167,PUBLIC_REFERENCE_POINT_REPLACE,Mn ore,32.93,35.2,2.27,3.403,380.86,HIVRA_STYLE,27.75,35.83,,11.58,34.09,1.69,0.37,4.93,3.49,2.71,,0.202039,0.250116,0.19307,0.151016,0.225192,0.204179,0.231349,0.183345,0.236038,0.188583,SYNTHETIC_SCHEMA_FAITHFUL
GEO-000125,Tirodi,Madhya Pradesh,Balaghat,21.685556,79.719167,PUBLIC_REFERENCE_POINT_REPLACE,Quartzite,121.45,122.57,1.11,3.654,202.86,HIVRA_STYLE,38.15,49.24,,9.65,26.5,0.659,0.279,3.77,3.2,2.19,,0.055983,0.067372,0.094852,0.040371,0.058819,0.01,0.074442,0.01,0.091008,0.033325,SYNTHETIC_SCHEMA_FAITHFUL
GEO-000126,Tirodi,Madhya Pradesh,Balaghat,21.685556,79.719167,PUBLIC_REFERENCE_POINT_REPLACE,Gondite,77.95,81.0,3.05,3.478,156.31,HIVRA_STYLE,36.88,47.88,,2.5,30.94,0.41,0.279,6.76,3.52,2.45,,0.053473,0.160573,0.089171,0.081764,0.095835,0.069045,0.065948,0.049667,0.09554,0.091632,SYNTHETIC_SCHEMA_FAITHFUL
GEO-000127,Tirodi,Madhya Pradesh,Balaghat,21.685556,79.719167,PUBLIC_REFERENCE_POINT_REPLACE,Quartz-biotite-muscovite schist,76.96,78.31,1.36,3.389,256.95,MANDRI_STYLE,22.76,,16.81,20.02,45.34,1.386,,,,,7.41,0.098977,0.166236,0.126159,0.096274,0.091219,0.098967,0.137038,0.113493,0.112702,0.130643,SYNTHETIC_SCHEMA_FAITHFUL
GEO-000128,Tirodi,Madhya Pradesh,Balaghat,21.685556,79.719167,PUBLIC_REFERENCE_POINT_REPLACE,Quartz-mica schist,56.37,62.43,6.06,3.355,281.47,HIVRA_STYLE,25.64,33.27,,13.77,29.43,1.471,0.291,10.86,3.27,3.22,,0.175708,0.284861,0.232247,0.164349,0.186697,0.231283,0.236568,0.176181,0.213811,0.196788,SYNTHETIC_SCHEMA_FAITHFUL
GEO-000129,Tirodi,Madhya Pradesh,Balaghat,21.685556,79.719167,PUBLIC_REFERENCE_POINT_REPLACE,Quartz-mica schist,17.19,18.28,1.09,3.637,517.1,HIVRA_STYLE,28.76,37.0,,9.53,33.99,1.621,0.164,5.66,3.44,2.25,,0.135291,0.182014,0.144852,0.102173,0.137037,0.116717,0.151407,0.147507,0.15948,0.12111,SYNTHETIC_SCHEMA_FAITHFUL
GEO-000130,Tirodi,Madhya Pradesh,Balaghat,21.685556,79.719167,PUBLIC_REFERENCE_POINT_REPLACE,Calc-silicate rock,87.03,87.95,0.92,3.634,206.96,MANDRI_STYLE,30.62,,21.7,6.68,30.72,0.55,,,,,8.86,0.193938,0.266044,0.221394,0.176556,0.20765,0.166312,0.227988,0.197035,0.182307,0.194456,SYNTHETIC_SCHEMA_FAITHFUL
GEO-000131,Tirodi,Madhya Pradesh,Balaghat,21.685556,79.719167,PUBLIC_REFERENCE_POINT_REPLACE,Mn ore,33.68,39.4,5.72,3.42,131.71,HIVRA_STYLE,25.02,32.71,,7.94,44.39,1.169,0.349,5.04,1.61,2.05,,0.251732,0.35653,0.327562,0.276754,0.310772,0.254497,0.298699,0.288735,0.296781,0.308809,SYNTHETIC_SCHEMA_FAITHFUL
GEO-000132,Tirodi,Madhya Pradesh,Balaghat,21.685556,79.719167,PUBLIC_REFERENCE_POINT_REPLACE,Biotite gneiss,46.57,47.75,1.18,3.414,192.91,HIVRA_STYLE,26.82,34.68,,11.14,31.14,0.752,0.265,10.23,4.75,2.26,,0.086676,0.133849,0.067062,0.068526,0.115872,0.097963,0.065095,0.085562,0.096781,0.071563,SYNTHETIC_SCHEMA_FAITHFUL
GEO-000133,Tirodi,Madhya Pradesh,Balaghat,21.685556,79.719167,PUBLIC_REFERENCE_POINT_REPLACE,Quartz-biotite-muscovite schist,155.21,158.0,2.79,3.416,317.6,HIVRA_STYLE,24.88,32.28,,9.82,33.43,1.651,0.258,8.48,3.95,3.11,,0.074799,0.106547,0.073502,0.039687,0.066147,0.0561,0.097312,0.062175,0.055386,0.067513,SYNTHETIC_SCHEMA_FAITHFUL
GEO-000134,Tirodi,Madhya Pradesh,Balaghat,21.685556,79.719167,PUBLIC_REFERENCE_POINT_REPLACE,Gondite,100.82,102.08,1.27,3.661,190.28,MANDRI_STYLE,30.53,,12.64,13.84,23.97,0.38,,,,,10.86,0.127462,0.172693,0.123047,0.11097,0.129894,0.084164,0.137907,0.150824,0.147819,0.106393,SYNTHETIC_SCHEMA_FAITHFUL
GEO-000135,Tirodi,Madhya Pradesh,Balaghat,21.685556,79.719167,PUBLIC_REFERENCE_POINT_REPLACE,Biotite gneiss,150.49,151.0,0.51,3.394,162.72,MANDRI_STYLE,37.31,,10.04,16.31,52.93,0.38,,,,,1.0,0.162488,0.218755,0.168135,0.128233,0.180704,0.153078,0.177746,0.181456,0.162963,0.152162,SYNTHETIC_SCHEMA_FAITHFUL
GEO-000136,Tirodi,Madhya Pradesh,Balaghat,21.685556,79.719167,PUBLIC_REFERENCE_POINT_REPLACE,Mn ore,133.11,135.61,2.5,3.415,252.14,HIVRA_STYLE,42.2,54.32,,2.5,28.39,0.641,0.397,4.02,2.14,2.55,,0.203141,0.316578,0.261853,0.182491,0.255049,0.229976,0.245401,0.222223,0.243178,0.242449,SYNTHETIC_SCHEMA_FAITHFUL
GEO-000137,Tirodi,Madhya Pradesh,Balaghat,21.685556,79.719167,PUBLIC_REFERENCE_POINT_REPLACE,Calc-silicate rock,11.5,13.33,1.82,3.624,121.02,MANDRI_STYLE,31.34,,18.34,20.75,51.41,0.341,,,,,18.73,0.095541,0.149801,0.139055,0.081956,0.106889,0.127205,0.145559,0.104143,0.114018,0.050961,SYNTHETIC_SCHEMA_FAITHFUL
GEO-000138,Tirodi,Madhya Pradesh,Balaghat,21.685556,79.719167,PUBLIC_REFERENCE_POINT_REPLACE,Quartzite,107.1,109.2,2.1,3.478,109.04,MANDRI_STYLE,24.75,,7.9,9.57,35.25,1.458,,,,,7.61,0.070955,0.093825,0.091905,0.056502,0.098813,0.063109,0.081178,0.094567,0.115994,0.100824,SYNTHETIC_SCHEMA_FAITHFUL
GEO-000139,Gumgaon,Maharashtra,Nagpur,21.407941,78.985706,OFFICIAL_PUBLISHED_EXTENT_ENVELOPE,Quartz-mica schist,124.93,127.43,2.5,3.474,83.83,HIVRA_STYLE,14.79,19.0,,6.33,55.62,1.529,0.35,7.55,5.2,1.98,,0.079557,0.125638,0.13901,0.102085,0.147997,0.144406,0.128394,0.13297,0.129793,0.143258,SYNTHETIC_SCHEMA_FAITHFUL
GEO-000140,Gumgaon,Maharashtra,Nagpur,21.407941,78.985706,OFFICIAL_PUBLISHED_EXTENT_ENVELOPE,Mn ore,135.05,136.35,1.29,3.395,167.63,HIVRA_STYLE,34.29,43.88,,8.63,30.5,1.091,0.364,5.66,2.92,2.02,,0.117107,0.151001,0.128654,0.085002,0.122752,0.100786,0.170438,0.142601,0.130986,0.115081,SYNTHETIC_SCHEMA_FAITHFUL
GEO-000141,Gumgaon,Maharashtra,Nagpur,21.407941,78.985706,OFFICIAL_PUBLISHED_EXTENT_ENVELOPE,Mn ore,57.54,58.9,1.36,3.361,126.08,HIVRA_STYLE,22.37,28.67,,7.34,43.5,0.978,0.286,9.08,3.24,2.86,,0.142396,0.197871,0.16921,0.137062,0.160047,0.098711,0.167314,0.132897,0.171902,0.113251,SYNTHETIC_SCHEMA_FAITHFUL
GEO-000142,Gumgaon,Maharashtra,Nagpur,21.407941,78.985706,OFFICIAL_PUBLISHED_EXTENT_ENVELOPE,Calc-silicate rock,46.26,47.4,1.14,3.421,175.45,HIVRA_STYLE,26.59,34.48,,7.54,41.95,0.772,0.445,4.83,4.05,2.45,,0.154653,0.25908,0.209245,0.178002,0.194638,0.183827,0.206409,0.17558,0.197417,0.191019,SYNTHETIC_SCHEMA_FAITHFUL
GEO-000143,Gumgaon,Maharashtra,Nagpur,21.407941,78.985706,OFFICIAL_PUBLISHED_EXTENT_ENVELOPE,Mn ore,55.68,58.68,2.99,3.42,108.06,HIVRA_STYLE,23.4,30.8,,7.77,39.76,2.028,0.347,6.16,4.27,2.15,,0.088067,0.14976,0.093762,0.094245,0.086072,0.125829,0.121795,0.050643,0.102573,0.048226,SYNTHETIC_SCHEMA_FAITHFUL
GEO-000144,Gumgaon,Maharashtra,Nagpur,21.407941,78.985706,OFFICIAL_PUBLISHED_EXTENT_ENVELOPE,Mn ore,191.78,192.94,1.16,3.404,719.77,HIVRA_STYLE,36.38,47.3,,9.98,23.46,0.689,0.343,4.86,3.33,2.17,,0.167686,0.229984,0.204203,0.164888,0.198265,0.179966,0.228591,0.186662,0.202055,0.183528,SYNTHETIC_SCHEMA_FAITHFUL
GEO-000145,Gumgaon,Maharashtra,Nagpur,21.407941,78.985706,OFFICIAL_PUBLISHED_EXTENT_ENVELOPE,Quartz-biotite-muscovite schist,20.73,22.49,1.76,3.438,81.54,HIVRA_STYLE,21.17,27.15,,13.89,38.18,1.589,0.41,6.0,3.69,2.05,,0.092947,0.134625,0.109043,0.103166,0.099757,0.097054,0.102793,0.074108,0.0605,0.089657,SYNTHETIC_SCHEMA_FAITHFUL
GEO-000146,Gumgaon,Maharashtra,Nagpur,21.407941,78.985706,OFFICIAL_PUBLISHED_EXTENT_ENVELOPE,Quartz-biotite-muscovite schist,144.98,146.34,1.37,3.381,283.5,HIVRA_STYLE,15.91,20.81,,14.97,39.82,2.036,0.359,10.23,2.65,2.95,,0.048984,0.10177,0.107312,0.121025,0.107385,0.099365,0.110423,0.10426,0.106232,0.127971,SYNTHETIC_SCHEMA_FAITHFUL
GEO-000147,Gumgaon,Maharashtra,Nagpur,21.407941,78.985706,OFFICIAL_PUBLISHED_EXTENT_ENVELOPE,Quartz-mica schist,129.77,132.12,2.35,3.432,359.34,HIVRA_STYLE,19.78,25.42,,14.8,34.96,1.15,0.24,10.73,3.51,2.99,,0.103666,0.159752,0.126199,0.121264,0.102021,0.124876,0.113731,0.124355,0.13393,0.075085,SYNTHETIC_SCHEMA_FAITHFUL
GEO-000148,Gumgaon,Maharashtra,Nagpur,21.407941,78.985706,OFFICIAL_PUBLISHED_EXTENT_ENVELOPE,Dolomitic marble,17.88,23.96,6.08,3.42,329.67,HIVRA_STYLE,20.23,26.06,,11.21,40.37,1.078,0.259,7.83,3.46,2.84,,0.135396,0.18786,0.183702,0.120593,0.145195,0.160402,0.160699,0.194823,0.176,0.132423,SYNTHETIC_SCHEMA_FAITHFUL
GEO-000149,Gumgaon,Maharashtra,Nagpur,21.407941,78.985706,OFFICIAL_PUBLISHED_EXTENT_ENVELOPE,Mn ore,131.25,137.07,5.82,3.384,296.89,HIVRA_STYLE,25.76,32.9,,8.29,45.86,0.956,0.405,4.47,2.66,1.76,,0.107709,0.191361,0.149015,0.125605,0.162224,0.117493,0.187825,0.159018,0.148184,0.142507,SYNTHETIC_SCHEMA_FAITHFUL
GEO-000150,Gumgaon,Maharashtra,Nagpur,21.407941,78.985706,OFFICIAL_PUBLISHED_EXTENT_ENVELOPE,Quartz-biotite-muscovite schist,116.31,118.01,1.7,3.405,339.55,MANDRI_STYLE,19.34,,7.26,23.41,59.23,2.541,,,,,10.08,0.094402,0.166456,0.130985,0.073415,0.128741,0.142082,0.151844,0.132909,0.144638,0.105128,SYNTHETIC_SCHEMA_FAITHFUL
GEO-000151,Gumgaon,Maharashtra,Nagpur,21.407941,78.985706,OFFICIAL_PUBLISHED_EXTENT_ENVELOPE,Mn ore,39.58,40.86,1.28,3.485,137.09,MANDRI_STYLE,33.37,,9.62,23.42,31.01,1.396,,,,,12.94,0.070817,0.145477,0.118646,0.081188,0.076916,0.094472,0.129829,0.094706,0.071394,0.056338,SYNTHETIC_SCHEMA_FAITHFUL
GEO-000152,Gumgaon,Maharashtra,Nagpur,21.407941,78.985706,OFFICIAL_PUBLISHED_EXTENT_ENVELOPE,Gondite,97.26,103.24,5.98,3.525,154.51,MANDRI_STYLE,36.55,,23.14,15.3,45.21,0.714,,,,,6.25,0.188501,0.229297,0.214546,0.177296,0.237317,0.227278,0.2126,0.147978,0.219907,0.175225,SYNTHETIC_SCHEMA_FAITHFUL
GEO-000153,Gumgaon,Maharashtra,Nagpur,21.407941,78.985706,OFFICIAL_PUBLISHED_EXTENT_ENVELOPE,Gondite,114.16,116.9,2.73,3.39,98.67,HIVRA_STYLE,19.46,25.13,,5.82,53.22,1.765,0.367,6.23,3.27,2.94,,0.067365,0.054839,0.076945,0.016058,0.071279,0.0539,0.026348,0.045952,0.081296,0.064329,SYNTHETIC_SCHEMA_FAITHFUL
GEO-000154,Gumgaon,Maharashtra,Nagpur,21.407941,78.985706,OFFICIAL_PUBLISHED_EXTENT_ENVELOPE,Biotite gneiss,250.0,253.01,3.01,3.39,115.91,HIVRA_STYLE,31.21,40.45,,5.47,37.78,1.514,0.367,8.39,1.92,2.79,,0.130164,0.200149,0.132054,0.116048,0.152176,0.097508,0.14188,0.107434,0.151469,0.119621,SYNTHETIC_SCHEMA_FAITHFUL
GEO-000155,Gumgaon,Maharashtra,Nagpur,21.407941,78.985706,OFFICIAL_PUBLISHED_EXTENT_ENVELOPE,Mn ore,9.19,14.46,5.26,3.634,158.31,MANDRI_STYLE,38.44,,18.81,20.44,22.42,0.287,,,,,9.93,0.1081,0.157601,0.122418,0.087347,0.126723,0.130358,0.135726,0.114079,0.106871,0.114668,SYNTHETIC_SCHEMA_FAITHFUL
GEO-000156,Gumgaon,Maharashtra,Nagpur,21.407941,78.985706,OFFICIAL_PUBLISHED_EXTENT_ENVELOPE,Mn ore,104.53,104.97,0.44,3.392,151.44,HIVRA_STYLE,27.46,35.25,,7.49,41.24,0.589,0.235,8.3,2.99,2.51,,0.035114,0.118316,0.086768,0.034451,0.090965,0.057027,0.084444,0.024617,0.047142,0.07205,SYNTHETIC_SCHEMA_FAITHFUL
GEO-000157,Gumgaon,Maharashtra,Nagpur,21.407941,78.985706,OFFICIAL_PUBLISHED_EXTENT_ENVELOPE,Gondite,17.68,19.67,1.99,3.65,178.51,HIVRA_STYLE,13.94,17.82,,8.44,57.17,1.612,0.339,7.67,3.86,2.44,,0.158664,0.24869,0.206111,0.164234,0.196853,0.18715,0.186382,0.201609,0.188446,0.164789,SYNTHETIC_SCHEMA_FAITHFUL
GEO-000158,Gumgaon,Maharashtra,Nagpur,21.407941,78.985706,OFFICIAL_PUBLISHED_EXTENT_ENVELOPE,Dolomitic marble,180.03,180.99,0.96,3.405,121.48,HIVRA_STYLE,32.67,42.22,,9.63,32.35,0.177,0.329,5.86,3.92,1.34,,0.116644,0.147499,0.120873,0.100638,0.15249,0.147418,0.120165,0.132602,0.168537,0.128031,SYNTHETIC_SCHEMA_FAITHFUL
GEO-000159,Gumgaon,Maharashtra,Nagpur,21.407941,78.985706,OFFICIAL_PUBLISHED_EXTENT_ENVELOPE,Biotite gneiss,75.42,75.86,0.44,3.368,137.69,MANDRI_STYLE,30.08,,8.25,21.28,30.62,2.057,,,,,13.4,0.123307,0.231117,0.153267,0.110571,0.147484,0.144103,0.149087,0.129977,0.134371,0.119146,SYNTHETIC_SCHEMA_FAITHFUL
GEO-000160,Gumgaon,Maharashtra,Nagpur,21.407941,78.985706,OFFICIAL_PUBLISHED_EXTENT_ENVELOPE,Mn ore,6.3,7.37,1.07,3.408,596.07,HIVRA_STYLE,41.21,53.11,,2.66,24.57,0.775,0.368,6.77,2.47,1.81,,0.130742,0.197145,0.183703,0.119443,0.190796,0.131544,0.172442,0.103851,0.143806,0.177003,SYNTHETIC_SCHEMA_FAITHFUL
GEO-000161,Gumgaon,Maharashtra,Nagpur,21.407941,78.985706,OFFICIAL_PUBLISHED_EXTENT_ENVELOPE,Quartzite,46.11,46.98,0.87,3.369,449.26,HIVRA_STYLE,43.72,56.81,,5.49,29.48,0.751,0.303,3.0,1.73,1.82,,0.179977,0.242709,0.214868,0.162329,0.230057,0.175056,0.216041,0.13664,0.21302,0.176069,SYNTHETIC_SCHEMA_FAITHFUL
GEO-000162,Gumgaon,Maharashtra,Nagpur,21.407941,78.985706,OFFICIAL_PUBLISHED_EXTENT_ENVELOPE,Mn ore,80.22,86.72,6.5,3.398,142.69,HIVRA_STYLE,23.86,30.97,,7.82,41.15,1.967,0.428,8.8,2.97,2.75,,0.254999,0.357984,0.326876,0.274928,0.327114,0.283645,0.316554,0.314741,0.33797,0.290854,SYNTHETIC_SCHEMA_FAITHFUL
GEO-000163,Gumgaon,Maharashtra,Nagpur,21.407941,78.985706,OFFICIAL_PUBLISHED_EXTENT_ENVELOPE,Mn ore,69.94,76.2,6.26,3.493,416.4,MANDRI_STYLE,29.14,,14.27,14.0,34.62,0.879,,,,,5.66,0.056088,0.134979,0.092791,0.0629,0.08686,0.065509,0.088254,0.054814,0.08798,0.071478,SYNTHETIC_SCHEMA_FAITHFUL
GEO-000164,Gumgaon,Maharashtra,Nagpur,21.407941,78.985706,OFFICIAL_PUBLISHED_EXTENT_ENVELOPE,Quartz-biotite-muscovite schist,133.85,135.93,2.08,3.401,130.24,HIVRA_STYLE,27.77,36.06,,10.3,37.91,0.983,0.225,7.29,3.53,1.93,,0.1029,0.122749,0.093352,0.107245,0.172021,0.104126,0.135685,0.097809,0.132654,0.099114,SYNTHETIC_SCHEMA_FAITHFUL
GEO-000165,Gumgaon,Maharashtra,Nagpur,21.407941,78.985706,OFFICIAL_PUBLISHED_EXTENT_ENVELOPE,Mn ore,32.14,34.62,2.47,3.658,496.28,MANDRI_STYLE,20.9,,2.88,14.8,31.15,0.779,,,,,14.35,0.20001,0.260965,0.227398,0.18467,0.225913,0.207198,0.25279,0.216448,0.215778,0.216809,SYNTHETIC_SCHEMA_FAITHFUL
GEO-000166,Gumgaon,Maharashtra,Nagpur,21.407941,78.985706,OFFICIAL_PUBLISHED_EXTENT_ENVELOPE,Gondite,143.91,145.02,1.11,3.382,345.42,MANDRI_STYLE,31.43,,10.54,21.67,13.56,2.41,,,,,20.92,0.185925,0.252414,0.220178,0.160668,0.209641,0.210208,0.207249,0.158091,0.200151,0.209421,SYNTHETIC_SCHEMA_FAITHFUL
GEO-000167,Gumgaon,Maharashtra,Nagpur,21.407941,78.985706,OFFICIAL_PUBLISHED_EXTENT_ENVELOPE,Quartz-biotite-muscovite schist,183.19,189.47,6.29,3.646,300.28,HIVRA_STYLE,23.33,30.39,,9.8,40.62,0.564,0.304,7.05,3.64,1.76,,0.121244,0.192037,0.178788,0.119574,0.146753,0.126736,0.157151,0.144163,0.122923,0.133717,SYNTHETIC_SCHEMA_FAITHFUL
GEO-000168,Gumgaon,Maharashtra,Nagpur,21.407941,78.985706,OFFICIAL_PUBLISHED_EXTENT_ENVELOPE,Gondite,27.78,28.92,1.14,3.357,575.78,HIVRA_STYLE,30.8,39.87,,10.67,30.0,0.747,0.346,4.5,3.7,2.64,,0.21344,0.268667,0.232651,0.189223,0.249804,0.197742,0.278683,0.23947,0.252243,0.215101,SYNTHETIC_SCHEMA_FAITHFUL
GEO-000169,Gumgaon,Maharashtra,Nagpur,21.407941,78.985706,OFFICIAL_PUBLISHED_EXTENT_ENVELOPE,Gondite,41.91,43.01,1.1,3.399,150.83,HIVRA_STYLE,38.39,49.31,,4.78,28.66,0.906,0.287,5.76,1.78,2.2,,0.165421,0.221735,0.217142,0.143083,0.22455,0.168048,0.165642,0.178464,0.151568,0.168864,SYNTHETIC_SCHEMA_FAITHFUL
GEO-000170,Gumgaon,Maharashtra,Nagpur,21.407941,78.985706,OFFICIAL_PUBLISHED_EXTENT_ENVELOPE,Quartz-mica schist,10.7,16.87,6.17,3.669,75.22,HIVRA_STYLE,20.66,26.47,,6.78,47.36,0.311,0.23,10.71,3.2,1.35,,0.064753,0.132076,0.091831,0.058028,0.083592,0.103818,0.087403,0.080301,0.100955,0.076162,SYNTHETIC_SCHEMA_FAITHFUL
GEO-000171,Gumgaon,Maharashtra,Nagpur,21.407941,78.985706,OFFICIAL_PUBLISHED_EXTENT_ENVELOPE,Dolomitic marble,33.39,34.95,1.56,3.418,152.07,HIVRA_STYLE,28.3,36.4,,12.33,27.95,0.619,0.356,10.1,3.46,2.73,,0.193055,0.290441,0.231869,0.172592,0.229248,0.182258,0.232479,0.200531,0.227925,0.186602,SYNTHETIC_SCHEMA_FAITHFUL
GEO-000172,Gumgaon,Maharashtra,Nagpur,21.407941,78.985706,OFFICIAL_PUBLISHED_EXTENT_ENVELOPE,Gondite,97.12,102.51,5.39,3.387,264.57,MANDRI_STYLE,18.86,,5.17,12.75,69.98,3.041,,,,,18.33,0.107764,0.157317,0.113848,0.087529,0.110514,0.122894,0.14334,0.088605,0.138643,0.131723,SYNTHETIC_SCHEMA_FAITHFUL
GEO-000173,Gumgaon,Maharashtra,Nagpur,21.407941,78.985706,OFFICIAL_PUBLISHED_EXTENT_ENVELOPE,Mn ore,71.27,72.39,1.12,3.644,163.64,MANDRI_STYLE,39.15,,6.22,22.31,20.72,0.336,,,,,9.38,0.09654,0.112778,0.119339,0.054408,0.117684,0.053014,0.103069,0.088212,0.129321,0.077358,SYNTHETIC_SCHEMA_FAITHFUL
GEO-000174,Gumgaon,Maharashtra,Nagpur,21.407941,78.985706,OFFICIAL_PUBLISHED_EXTENT_ENVELOPE,Quartz-biotite-muscovite schist,19.98,21.84,1.86,3.485,138.18,HIVRA_STYLE,24.27,31.55,,8.02,43.29,0.318,0.332,4.61,3.94,2.05,,0.07423,0.14774,0.089606,0.077917,0.13164,0.051058,0.106151,0.080653,0.08872,0.087996,SYNTHETIC_SCHEMA_FAITHFUL
GEO-000175,Gumgaon,Maharashtra,Nagpur,21.407941,78.985706,OFFICIAL_PUBLISHED_EXTENT_ENVELOPE,Calc-silicate rock,114.19,115.57,1.38,3.635,291.93,MANDRI_STYLE,29.14,,11.58,24.69,14.24,1.241,,,,,12.73,0.074552,0.113495,0.081603,0.030831,0.050192,0.093512,0.099372,0.06083,0.109315,0.083095,SYNTHETIC_SCHEMA_FAITHFUL
GEO-000176,Gumgaon,Maharashtra,Nagpur,21.407941,78.985706,OFFICIAL_PUBLISHED_EXTENT_ENVELOPE,Dolomitic marble,100.35,103.28,2.93,3.412,388.9,HIVRA_STYLE,26.49,34.06,,5.75,34.99,2.004,0.289,10.78,2.46,2.57,,0.132035,0.183226,0.178238,0.108365,0.15292,0.163256,0.138248,0.101711,0.168532,0.132249,SYNTHETIC_SCHEMA_FAITHFUL
GEO-000177,Gumgaon,Maharashtra,Nagpur,21.407941,78.985706,OFFICIAL_PUBLISHED_EXTENT_ENVELOPE,Gondite,250.0,252.54,2.54,3.484,191.16,MANDRI_STYLE,37.56,,22.05,12.6,14.67,0.694,,,,,8.52,0.101712,0.101406,0.126628,0.064042,0.126099,0.100613,0.130466,0.042012,0.133626,0.091522,SYNTHETIC_SCHEMA_FAITHFUL
GEO-000178,Gumgaon,Maharashtra,Nagpur,21.407941,78.985706,OFFICIAL_PUBLISHED_EXTENT_ENVELOPE,Gondite,73.8,75.06,1.26,3.478,335.6,HIVRA_STYLE,24.42,31.22,,4.31,46.17,0.904,0.405,10.13,3.23,2.17,,0.148251,0.237388,0.168623,0.127072,0.168778,0.129633,0.161102,0.137931,0.165227,0.182691,SYNTHETIC_SCHEMA_FAITHFUL
GEO-000179,Gumgaon,Maharashtra,Nagpur,21.407941,78.985706,OFFICIAL_PUBLISHED_EXTENT_ENVELOPE,Mn ore,19.57,22.89,3.32,3.413,169.16,HIVRA_STYLE,39.14,50.38,,8.06,23.56,0.419,0.309,5.83,1.79,2.11,,0.122822,0.185677,0.176806,0.095356,0.124106,0.120266,0.129812,0.127589,0.160982,0.129546,SYNTHETIC_SCHEMA_FAITHFUL
GEO-000180,Gumgaon,Maharashtra,Nagpur,21.407941,78.985706,OFFICIAL_PUBLISHED_EXTENT_ENVELOPE,Quartz-mica schist,119.29,120.2,0.91,3.408,323.05,HIVRA_STYLE,28.97,37.74,,4.94,38.48,0.795,0.432,6.72,3.51,2.21,,0.127918,0.144605,0.168351,0.118972,0.168552,0.109646,0.155574,0.09861,0.171896,0.099124,SYNTHETIC_SCHEMA_FAITHFUL
GEO-000181,Gumgaon,Maharashtra,Nagpur,21.407941,78.985706,OFFICIAL_PUBLISHED_EXTENT_ENVELOPE,Gondite,145.66,147.09,1.43,3.457,189.99,HIVRA_STYLE,24.79,32.24,,11.64,29.46,0.943,0.387,11.09,3.43,3.0,,0.193975,0.319189,0.292174,0.162894,0.247839,0.232038,0.25384,0.214315,0.243458,0.236823,SYNTHETIC_SCHEMA_FAITHFUL
GEO-000182,Gumgaon,Maharashtra,Nagpur,21.407941,78.985706,OFFICIAL_PUBLISHED_EXTENT_ENVELOPE,Gondite,5.12,6.19,1.07,3.431,204.56,HIVRA_STYLE,25.86,33.23,,15.81,31.66,0.59,0.351,5.86,3.85,3.17,,0.062379,0.102846,0.074507,0.028409,0.061099,0.043967,0.057403,0.043364,0.089532,0.034437,SYNTHETIC_SCHEMA_FAITHFUL
GEO-000183,Gumgaon,Maharashtra,Nagpur,21.407941,78.985706,OFFICIAL_PUBLISHED_EXTENT_ENVELOPE,Gondite,146.4,152.4,6.0,3.64,283.15,HIVRA_STYLE,20.66,26.85,,10.31,41.66,2.102,0.295,9.44,2.36,2.59,,0.072463,0.106989,0.090756,0.075886,0.104821,0.080863,0.099993,0.069715,0.103223,0.082416,SYNTHETIC_SCHEMA_FAITHFUL
GEO-000184,Gumgaon,Maharashtra,Nagpur,21.407941,78.985706,OFFICIAL_PUBLISHED_EXTENT_ENVELOPE,Quartz-biotite-muscovite schist,35.04,36.23,1.18,3.468,236.64,HIVRA_STYLE,31.05,40.14,,2.9,41.05,1.227,0.359,7.16,2.45,2.15,,0.12884,0.162251,0.13018,0.092018,0.154921,0.111112,0.150433,0.091496,0.120538,0.115503,SYNTHETIC_SCHEMA_FAITHFUL
GEO-000185,Gumgaon,Maharashtra,Nagpur,21.407941,78.985706,OFFICIAL_PUBLISHED_EXTENT_ENVELOPE,Mn ore,38.62,39.04,0.42,3.42,371.78,HIVRA_STYLE,32.18,41.46,,6.82,34.84,0.638,0.38,4.84,4.42,1.65,,0.067822,0.142413,0.112836,0.105302,0.132709,0.111178,0.132392,0.095553,0.146381,0.097874,SYNTHETIC_SCHEMA_FAITHFUL
GEO-000186,Gumgaon,Maharashtra,Nagpur,21.407941,78.985706,OFFICIAL_PUBLISHED_EXTENT_ENVELOPE,Mn ore,38.33,39.58,1.25,3.41,182.93,HIVRA_STYLE,34.19,44.37,,10.39,27.0,1.088,0.243,7.29,3.4,1.81,,0.123956,0.138441,0.131547,0.091949,0.129601,0.104862,0.106041,0.118669,0.142333,0.132956,SYNTHETIC_SCHEMA_FAITHFUL
GEO-000187,Gumgaon,Maharashtra,Nagpur,21.407941,78.985706,OFFICIAL_PUBLISHED_EXTENT_ENVELOPE,Quartz-mica schist,82.92,84.8,1.89,3.406,106.19,HIVRA_STYLE,40.32,52.03,,9.81,24.01,0.68,0.1,5.91,3.13,2.2,,0.167695,0.265295,0.226172,0.192549,0.215413,0.171582,0.235946,0.176125,0.250105,0.172639,SYNTHETIC_SCHEMA_FAITHFUL
GEO-000188,Gumgaon,Maharashtra,Nagpur,21.407941,78.985706,OFFICIAL_PUBLISHED_EXTENT_ENVELOPE,Biotite gneiss,37.7,41.0,3.3,3.68,108.54,HIVRA_STYLE,36.17,46.37,,8.14,30.16,1.361,0.128,6.93,4.03,1.68,,0.122129,0.148385,0.138771,0.102876,0.108413,0.125266,0.157725,0.088832,0.125686,0.115669,SYNTHETIC_SCHEMA_FAITHFUL
GEO-000189,Gumgaon,Maharashtra,Nagpur,21.407941,78.985706,OFFICIAL_PUBLISHED_EXTENT_ENVELOPE,Calc-silicate rock,121.0,122.06,1.06,3.655,97.16,HIVRA_STYLE,24.32,31.49,,9.31,40.94,1.228,0.169,6.69,3.84,2.6,,0.267963,0.352745,0.325259,0.248057,0.298114,0.252009,0.30064,0.266389,0.290184,0.29427,SYNTHETIC_SCHEMA_FAITHFUL
GEO-000190,Gumgaon,Maharashtra,Nagpur,21.407941,78.985706,OFFICIAL_PUBLISHED_EXTENT_ENVELOPE,Calc-silicate rock,155.12,156.31,1.19,3.627,163.47,HIVRA_STYLE,12.05,15.28,,7.81,56.64,0.724,0.288,7.55,4.69,3.05,,0.159887,0.22614,0.197513,0.161599,0.211474,0.183872,0.233799,0.178075,0.214211,0.20033,SYNTHETIC_SCHEMA_FAITHFUL
GEO-000191,Gumgaon,Maharashtra,Nagpur,21.407941,78.985706,OFFICIAL_PUBLISHED_EXTENT_ENVELOPE,Biotite gneiss,84.62,86.91,2.29,3.657,123.18,HIVRA_STYLE,17.21,22.03,,8.93,44.1,1.616,0.465,12.75,3.24,1.94,,0.207338,0.24973,0.247527,0.192774,0.232235,0.255214,0.258104,0.209289,0.240576,0.204743,SYNTHETIC_SCHEMA_FAITHFUL
GEO-000192,Gumgaon,Maharashtra,Nagpur,21.407941,78.985706,OFFICIAL_PUBLISHED_EXTENT_ENVELOPE,Calc-silicate rock,181.55,182.76,1.2,3.43,99.81,MANDRI_STYLE,32.97,,9.34,28.54,33.62,0.947,,,,,10.49,0.065674,0.128201,0.129295,0.064275,0.157356,0.104722,0.137107,0.071303,0.146195,0.112249,SYNTHETIC_SCHEMA_FAITHFUL
GEO-000193,Gumgaon,Maharashtra,Nagpur,21.407941,78.985706,OFFICIAL_PUBLISHED_EXTENT_ENVELOPE,Gondite,78.79,79.9,1.11,3.406,359.59,HIVRA_STYLE,40.06,51.6,,8.16,23.75,1.581,0.296,7.01,2.48,2.44,,0.072215,0.14032,0.080284,0.023029,0.105761,0.073787,0.074038,0.066769,0.071217,0.076817,SYNTHETIC_SCHEMA_FAITHFUL
GEO-000194,Gumgaon,Maharashtra,Nagpur,21.407941,78.985706,OFFICIAL_PUBLISHED_EXTENT_ENVELOPE,Gondite,68.1,69.42,1.32,3.421,479.53,HIVRA_STYLE,40.17,51.83,,15.61,13.75,0.678,0.448,8.46,1.69,2.13,,0.075279,0.123572,0.12706,0.098223,0.108052,0.070847,0.136663,0.114001,0.145074,0.082502,SYNTHETIC_SCHEMA_FAITHFUL
GEO-000195,Gumgaon,Maharashtra,Nagpur,21.407941,78.985706,OFFICIAL_PUBLISHED_EXTENT_ENVELOPE,Quartz-mica schist,5.28,6.3,1.02,3.421,472.53,MANDRI_STYLE,20.35,,5.97,30.35,42.51,0.624,,,,,7.49,0.136592,0.164029,0.15395,0.120601,0.156353,0.129507,0.137991,0.133228,0.143183,0.119336,SYNTHETIC_SCHEMA_FAITHFUL
GEO-000196,Gumgaon,Maharashtra,Nagpur,21.407941,78.985706,OFFICIAL_PUBLISHED_EXTENT_ENVELOPE,Quartz-biotite-muscovite schist,53.97,55.05,1.09,3.397,174.92,HIVRA_STYLE,22.23,28.49,,9.37,39.64,1.858,0.454,7.59,3.64,2.23,,0.122312,0.174883,0.167628,0.088283,0.109747,0.134453,0.171255,0.125636,0.124457,0.100321,SYNTHETIC_SCHEMA_FAITHFUL
GEO-000197,Gumgaon,Maharashtra,Nagpur,21.407941,78.985706,OFFICIAL_PUBLISHED_EXTENT_ENVELOPE,Mn ore,31.64,32.97,1.33,3.505,328.07,HIVRA_STYLE,24.4,31.84,,8.72,36.14,1.718,0.318,8.23,3.91,1.28,,0.170862,0.209901,0.156452,0.151837,0.159349,0.130956,0.182599,0.166894,0.178917,0.14563,SYNTHETIC_SCHEMA_FAITHFUL
GEO-000198,Gumgaon,Maharashtra,Nagpur,21.407941,78.985706,OFFICIAL_PUBLISHED_EXTENT_ENVELOPE,Mn ore,47.49,49.08,1.58,3.468,176.75,MANDRI_STYLE,20.84,,13.72,8.04,48.91,1.141,,,,,8.4,0.152934,0.225066,0.162516,0.142282,0.145284,0.20612,0.192125,0.187873,0.202167,0.186197,SYNTHETIC_SCHEMA_FAITHFUL
GEO-000199,Gumgaon,Maharashtra,Nagpur,21.407941,78.985706,OFFICIAL_PUBLISHED_EXTENT_ENVELOPE,Quartz-biotite-muscovite schist,70.67,71.68,1.02,3.428,353.87,MANDRI_STYLE,25.56,,13.47,20.0,49.72,0.551,,,,,8.84,0.162425,0.237861,0.18569,0.173643,0.192451,0.190273,0.201791,0.193016,0.17844,0.170016,SYNTHETIC_SCHEMA_FAITHFUL
GEO-000200,Gumgaon,Maharashtra,Nagpur,21.407941,78.985706,OFFICIAL_PUBLISHED_EXTENT_ENVELOPE,Gondite,49.09,50.08,0.99,3.423,267.15,HIVRA_STYLE,35.78,46.47,,6.01,31.75,0.39,0.288,8.13,4.08,1.75,,0.132604,0.144172,0.135606,0.086778,0.139483,0.076764,0.136038,0.146758,0.123599,0.103357,SYNTHETIC_SCHEMA_FAITHFUL
GEO-000201,Gumgaon,Maharashtra,Nagpur,21.407941,78.985706,OFFICIAL_PUBLISHED_EXTENT_ENVELOPE,Quartz-mica schist,160.27,161.5,1.23,3.427,161.83,HIVRA_STYLE,25.54,32.89,,12.37,36.69,2.159,0.325,7.62,2.51,2.21,,0.096315,0.160687,0.118464,0.111884,0.10252,0.124077,0.103996,0.107824,0.151186,0.131089,SYNTHETIC_SCHEMA_FAITHFUL
GEO-000202,Gumgaon,Maharashtra,Nagpur,21.407941,78.985706,OFFICIAL_PUBLISHED_EXTENT_ENVELOPE,Quartz-mica schist,47.9,49.11,1.2,3.376,159.39,HIVRA_STYLE,9.97,13.12,,8.69,49.75,2.737,0.499,11.04,4.21,3.02,,0.189323,0.283463,0.245153,0.200693,0.199899,0.237329,0.228476,0.201596,0.198553,0.215961,SYNTHETIC_SCHEMA_FAITHFUL
GEO-000203,Gumgaon,Maharashtra,Nagpur,21.407941,78.985706,OFFICIAL_PUBLISHED_EXTENT_ENVELOPE,Quartz-biotite-muscovite schist,103.98,106.17,2.19,3.409,94.19,HIVRA_STYLE,30.11,39.19,,6.97,35.35,0.388,0.23,3.87,3.8,2.31,,0.095462,0.145118,0.066086,0.084145,0.109942,0.088727,0.111482,0.10635,0.068524,0.095004,SYNTHETIC_SCHEMA_FAITHFUL
GEO-000204,Gumgaon,Maharashtra,Nagpur,21.407941,78.985706,OFFICIAL_PUBLISHED_EXTENT_ENVELOPE,Dolomitic marble,74.33,76.08,1.75,3.414,135.76,MANDRI_STYLE,11.18,,1.7,29.97,42.04,0.585,,,,,17.28,0.106945,0.13173,0.090382,0.092319,0.095617,0.099452,0.128087,0.102333,0.080282,0.078552,SYNTHETIC_SCHEMA_FAITHFUL
GEO-000205,Gumgaon,Maharashtra,Nagpur,21.407941,78.985706,OFFICIAL_PUBLISHED_EXTENT_ENVELOPE,Quartz-biotite-muscovite schist,37.16,38.23,1.07,3.393,133.32,HIVRA_STYLE,17.64,22.62,,12.78,40.92,1.543,0.308,9.48,3.65,3.35,,0.131945,0.158342,0.145005,0.097665,0.127912,0.134387,0.124255,0.06735,0.095245,0.119736,SYNTHETIC_SCHEMA_FAITHFUL
GEO-000206,Gumgaon,Maharashtra,Nagpur,21.407941,78.985706,OFFICIAL_PUBLISHED_EXTENT_ENVELOPE,Quartzite,160.71,162.83,2.12,3.392,161.52,MANDRI_STYLE,16.07,,3.58,18.62,30.87,1.573,,,,,20.13,0.159642,0.211243,0.191191,0.161837,0.179239,0.215882,0.207183,0.188531,0.210837,0.193292,SYNTHETIC_SCHEMA_FAITHFUL
GEO-000207,Gumgaon,Maharashtra,Nagpur,21.407941,78.985706,OFFICIAL_PUBLISHED_EXTENT_ENVELOPE,Mn ore,53.57,54.77,1.19,3.449,423.87,HIVRA_STYLE,24.41,31.4,,5.55,43.82,0.871,0.304,7.8,2.91,2.54,,0.112043,0.127218,0.125097,0.106057,0.103804,0.092974,0.111946,0.100733,0.111414,0.115371,SYNTHETIC_SCHEMA_FAITHFUL
GEO-000208,Gumgaon,Maharashtra,Nagpur,21.407941,78.985706,OFFICIAL_PUBLISHED_EXTENT_ENVELOPE,Dolomitic marble,138.85,139.88,1.03,3.454,486.02,HIVRA_STYLE,25.3,32.74,,13.62,35.97,0.57,0.336,6.78,2.99,1.79,,0.135809,0.271776,0.206911,0.149312,0.18393,0.146993,0.183727,0.207008,0.176574,0.190415,SYNTHETIC_SCHEMA_FAITHFUL
GEO-000209,Gumgaon,Maharashtra,Nagpur,21.407941,78.985706,OFFICIAL_PUBLISHED_EXTENT_ENVELOPE,Quartzite,20.76,21.73,0.97,3.43,370.36,MANDRI_STYLE,30.51,,2.28,8.74,13.58,1.401,,,,,5.36,0.175025,0.250371,0.248444,0.177203,0.190514,0.229512,0.240513,0.188528,0.239428,0.187815,SYNTHETIC_SCHEMA_FAITHFUL
GEO-000210,Gumgaon,Maharashtra,Nagpur,21.407941,78.985706,OFFICIAL_PUBLISHED_EXTENT_ENVELOPE,Gondite,77.17,78.21,1.04,3.432,200.7,HIVRA_STYLE,14.35,18.61,,16.14,39.28,2.346,0.324,9.13,4.01,2.47,,0.070568,0.125013,0.12098,0.094167,0.134507,0.085536,0.11535,0.073765,0.100237,0.095948,SYNTHETIC_SCHEMA_FAITHFUL
GEO-000211,Gumgaon,Maharashtra,Nagpur,21.407941,78.985706,OFFICIAL_PUBLISHED_EXTENT_ENVELOPE,Mn ore,25.79,27.63,1.84,3.527,222.14,HIVRA_STYLE,30.04,38.88,,4.75,35.65,0.665,0.317,8.07,1.76,2.19,,0.084716,0.184985,0.139346,0.086776,0.122357,0.114895,0.151615,0.131034,0.143553,0.121968,SYNTHETIC_SCHEMA_FAITHFUL
GEO-000212,Gumgaon,Maharashtra,Nagpur,21.407941,78.985706,OFFICIAL_PUBLISHED_EXTENT_ENVELOPE,Quartzite,16.04,17.33,1.29,3.424,124.03,MANDRI_STYLE,17.53,,12.41,28.16,39.38,0.419,,,,,14.63,0.138848,0.171834,0.134863,0.072606,0.123215,0.121678,0.126216,0.082246,0.138553,0.100076,SYNTHETIC_SCHEMA_FAITHFUL
GEO-000213,Gumgaon,Maharashtra,Nagpur,21.407941,78.985706,OFFICIAL_PUBLISHED_EXTENT_ENVELOPE,Biotite gneiss,35.51,36.76,1.26,3.419,185.93,MANDRI_STYLE,19.26,,0.49,25.92,36.82,3.33,,,,,15.03,0.091221,0.143684,0.113256,0.081167,0.096678,0.094784,0.113563,0.120175,0.129596,0.109586,SYNTHETIC_SCHEMA_FAITHFUL
GEO-000214,Gumgaon,Maharashtra,Nagpur,21.407941,78.985706,OFFICIAL_PUBLISHED_EXTENT_ENVELOPE,Mn ore,75.25,77.11,1.86,3.48,102.11,HIVRA_STYLE,31.47,40.19,,8.86,33.12,0.701,0.468,8.75,3.84,2.6,,0.108992,0.1161,0.077987,0.080278,0.094581,0.052021,0.116268,0.084504,0.102133,0.088168,SYNTHETIC_SCHEMA_FAITHFUL
GEO-000215,Gumgaon,Maharashtra,Nagpur,21.407941,78.985706,OFFICIAL_PUBLISHED_EXTENT_ENVELOPE,Quartz-mica schist,129.85,132.91,3.06,3.419,449.19,HIVRA_STYLE,32.51,41.79,,10.24,22.77,0.673,0.357,10.18,2.76,3.37,,0.140308,0.217107,0.197609,0.183421,0.187369,0.142789,0.185006,0.151365,0.188144,0.141755,SYNTHETIC_SCHEMA_FAITHFUL
GEO-000216,Gumgaon,Maharashtra,Nagpur,21.407941,78.985706,OFFICIAL_PUBLISHED_EXTENT_ENVELOPE,Calc-silicate rock,70.96,72.4,1.44,3.439,118.24,HIVRA_STYLE,25.22,32.58,,2.5,50.79,0.744,0.249,5.28,2.69,1.73,,0.070183,0.131688,0.104119,0.011675,0.072764,0.064432,0.08223,0.0568,0.084787,0.08895,SYNTHETIC_SCHEMA_FAITHFUL
GEO-000217,Gumgaon,Maharashtra,Nagpur,21.407941,78.985706,OFFICIAL_PUBLISHED_EXTENT_ENVELOPE,Biotite gneiss,47.0,48.26,1.26,3.395,171.83,MANDRI_STYLE,13.52,,3.06,15.53,62.03,1.138,,,,,15.17,0.034084,0.106479,0.053352,0.048459,0.045421,0.058265,0.069875,0.081626,0.060296,0.060761,SYNTHETIC_SCHEMA_FAITHFUL
GEO-000218,Gumgaon,Maharashtra,Nagpur,21.407941,78.985706,OFFICIAL_PUBLISHED_EXTENT_ENVELOPE,Gondite,250.0,251.09,1.09,3.371,125.06,MANDRI_STYLE,24.24,,10.73,11.9,49.47,1.416,,,,,9.6,0.059905,0.131171,0.120251,0.072845,0.075873,0.077025,0.073386,0.088604,0.078402,0.068205,SYNTHETIC_SCHEMA_FAITHFUL
GEO-000219,Gumgaon,Maharashtra,Nagpur,21.407941,78.985706,OFFICIAL_PUBLISHED_EXTENT_ENVELOPE,Mn ore,57.55,59.55,2.0,3.47,311.64,HIVRA_STYLE,29.14,37.9,,9.42,34.49,1.366,0.408,8.73,4.98,1.31,,0.081494,0.133064,0.11781,0.086689,0.103504,0.097605,0.093898,0.084766,0.104337,0.093764,SYNTHETIC_SCHEMA_FAITHFUL
GEO-000220,Gumgaon,Maharashtra,Nagpur,21.407941,78.985706,OFFICIAL_PUBLISHED_EXTENT_ENVELOPE,Gondite,104.18,106.2,2.02,3.368,468.44,MANDRI_STYLE,27.39,,18.06,26.59,30.61,0.801,,,,,9.8,0.153935,0.225443,0.211044,0.15099,0.161481,0.159792,0.206562,0.174592,0.225626,0.174379,SYNTHETIC_SCHEMA_FAITHFUL
GEO-000221,Gumgaon,Maharashtra,Nagpur,21.407941,78.985706,OFFICIAL_PUBLISHED_EXTENT_ENVELOPE,Mn ore,59.69,60.54,0.85,3.435,211.08,MANDRI_STYLE,24.89,,14.29,10.87,56.82,0.379,,,,,15.95,0.094394,0.175353,0.139111,0.099497,0.097127,0.112558,0.134481,0.074754,0.114873,0.104455,SYNTHETIC_SCHEMA_FAITHFUL
GEO-000222,Gumgaon,Maharashtra,Nagpur,21.407941,78.985706,OFFICIAL_PUBLISHED_EXTENT_ENVELOPE,Quartz-biotite-muscovite schist,58.02,58.55,0.52,3.525,195.5,MANDRI_STYLE,17.98,,10.59,29.79,39.81,1.16,,,,,17.81,0.182933,0.245876,0.226943,0.179734,0.208121,0.177426,0.227661,0.187786,0.21436,0.178048,SYNTHETIC_SCHEMA_FAITHFUL
GEO-000223,Gumgaon,Maharashtra,Nagpur,21.407941,78.985706,OFFICIAL_PUBLISHED_EXTENT_ENVELOPE,Quartz-biotite-muscovite schist,8.12,14.15,6.03,3.65,157.32,HIVRA_STYLE,37.08,48.02,,9.96,25.09,0.681,0.225,8.47,3.25,1.89,,0.092583,0.127345,0.097658,0.085209,0.133078,0.093581,0.10631,0.079164,0.152071,0.097206,SYNTHETIC_SCHEMA_FAITHFUL
GEO-000224,Gumgaon,Maharashtra,Nagpur,21.407941,78.985706,OFFICIAL_PUBLISHED_EXTENT_ENVELOPE,Mn ore,19.04,20.12,1.08,3.47,186.58,HIVRA_STYLE,42.76,55.54,,7.33,23.99,0.551,0.32,6.45,1.29,1.01,,0.098099,0.121286,0.095311,0.088443,0.135706,0.075541,0.081955,0.093939,0.145443,0.105421,SYNTHETIC_SCHEMA_FAITHFUL
GEO-000225,Gumgaon,Maharashtra,Nagpur,21.407941,78.985706,OFFICIAL_PUBLISHED_EXTENT_ENVELOPE,Biotite gneiss,60.07,61.84,1.77,3.68,118.25,HIVRA_STYLE,9.5,12.32,,13.69,54.38,0.672,0.612,9.68,3.69,2.18,,0.19207,0.217725,0.173864,0.186915,0.200528,0.192482,0.185847,0.165261,0.187617,0.197392,SYNTHETIC_SCHEMA_FAITHFUL
GEO-000226,Gumgaon,Maharashtra,Nagpur,21.407941,78.985706,OFFICIAL_PUBLISHED_EXTENT_ENVELOPE,Calc-silicate rock,83.04,84.31,1.28,3.668,162.65,HIVRA_STYLE,35.89,46.4,,9.25,29.8,0.372,0.343,6.4,3.99,2.35,,0.17077,0.193006,0.192545,0.131087,0.179991,0.165332,0.187226,0.183559,0.200652,0.140379,SYNTHETIC_SCHEMA_FAITHFUL
GEO-000227,Gumgaon,Maharashtra,Nagpur,21.407941,78.985706,OFFICIAL_PUBLISHED_EXTENT_ENVELOPE,Biotite gneiss,13.13,14.99,1.86,3.425,334.13,HIVRA_STYLE,38.83,50.52,,4.45,25.93,0.662,0.398,7.6,2.32,1.88,,0.099555,0.209376,0.150584,0.138711,0.138807,0.152667,0.165565,0.110338,0.175796,0.11917,SYNTHETIC_SCHEMA_FAITHFUL
GEO-000228,Gumgaon,Maharashtra,Nagpur,21.407941,78.985706,OFFICIAL_PUBLISHED_EXTENT_ENVELOPE,Gondite,33.09,35.95,2.86,3.412,293.16,HIVRA_STYLE,24.56,31.75,,11.92,31.56,0.752,0.369,9.66,3.83,2.53,,0.171702,0.242205,0.204613,0.160917,0.191453,0.143967,0.190306,0.159325,0.193479,0.153913,SYNTHETIC_SCHEMA_FAITHFUL
GEO-000229,Gumgaon,Maharashtra,Nagpur,21.407941,78.985706,OFFICIAL_PUBLISHED_EXTENT_ENVELOPE,Biotite gneiss,25.37,25.84,0.47,3.403,267.68,HIVRA_STYLE,12.06,15.79,,10.2,51.27,0.408,0.436,9.16,4.31,4.03,,0.163283,0.270083,0.15973,0.15346,0.210656,0.191616,0.178101,0.1748,0.19782,0.166632,SYNTHETIC_SCHEMA_FAITHFUL
GEO-000230,Gumgaon,Maharashtra,Nagpur,21.407941,78.985706,OFFICIAL_PUBLISHED_EXTENT_ENVELOPE,Biotite gneiss,44.86,46.69,1.82,3.634,104.56,HIVRA_STYLE,14.13,18.25,,14.0,38.89,1.887,0.401,12.11,2.99,3.55,,0.120673,0.201685,0.181474,0.134085,0.174673,0.129898,0.144368,0.141178,0.186716,0.160943,SYNTHETIC_SCHEMA_FAITHFUL
GEO-000231,Gumgaon,Maharashtra,Nagpur,21.407941,78.985706,OFFICIAL_PUBLISHED_EXTENT_ENVELOPE,Gondite,38.48,43.6,5.12,3.658,234.69,MANDRI_STYLE,16.48,,2.3,12.18,43.55,1.315,,,,,12.09,0.092559,0.157893,0.136713,0.097188,0.130102,0.117581,0.160088,0.079866,0.113109,0.06444,SYNTHETIC_SCHEMA_FAITHFUL
GEO-000232,Gumgaon,Maharashtra,Nagpur,21.407941,78.985706,OFFICIAL_PUBLISHED_EXTENT_ENVELOPE,Gondite,63.65,66.01,2.36,3.485,291.25,MANDRI_STYLE,15.3,,2.91,29.73,38.45,1.556,,,,,16.24,0.109474,0.180726,0.124522,0.08334,0.107476,0.116722,0.121499,0.105391,0.149076,0.111423,SYNTHETIC_SCHEMA_FAITHFUL
GEO-000233,Gumgaon,Maharashtra,Nagpur,21.407941,78.985706,OFFICIAL_PUBLISHED_EXTENT_ENVELOPE,Quartz-mica schist,84.39,90.37,5.98,3.417,305.65,HIVRA_STYLE,40.48,52.76,,2.91,27.24,0.496,0.312,7.48,3.29,1.96,,0.126619,0.148802,0.143055,0.097794,0.161505,0.081926,0.17912,0.092286,0.127452,0.136002,SYNTHETIC_SCHEMA_FAITHFUL
GEO-000234,Gumgaon,Maharashtra,Nagpur,21.407941,78.985706,OFFICIAL_PUBLISHED_EXTENT_ENVELOPE,Quartz-mica schist,121.82,123.17,1.35,3.668,203.4,HIVRA_STYLE,42.95,55.29,,8.9,21.54,0.773,0.394,3.46,1.85,2.75,,0.203447,0.326725,0.240986,0.161291,0.245424,0.220668,0.269603,0.227344,0.275804,0.220993,SYNTHETIC_SCHEMA_FAITHFUL
GEO-000235,Gumgaon,Maharashtra,Nagpur,21.407941,78.985706,OFFICIAL_PUBLISHED_EXTENT_ENVELOPE,Mn ore,16.16,16.62,0.46,3.473,467.03,HIVRA_STYLE,23.92,31.35,,13.48,36.1,1.157,0.371,9.85,2.3,2.49,,0.115702,0.174437,0.148937,0.090411,0.146113,0.107566,0.134384,0.138042,0.156569,0.091214,SYNTHETIC_SCHEMA_FAITHFUL
GEO-000236,Gumgaon,Maharashtra,Nagpur,21.407941,78.985706,OFFICIAL_PUBLISHED_EXTENT_ENVELOPE,Gondite,59.87,60.87,1.0,3.404,132.94,HIVRA_STYLE,33.05,42.86,,8.24,30.74,1.047,0.233,7.2,2.37,2.06,,0.08659,0.122494,0.138905,0.063684,0.082256,0.095319,0.107768,0.110053,0.088313,0.101468,SYNTHETIC_SCHEMA_FAITHFUL
GEO-000237,Gumgaon,Maharashtra,Nagpur,21.407941,78.985706,OFFICIAL_PUBLISHED_EXTENT_ENVELOPE,Gondite,16.59,17.05,0.46,3.432,125.53,HIVRA_STYLE,31.55,40.79,,10.87,33.69,0.715,0.1,5.28,3.67,2.53,,0.174754,0.172822,0.13498,0.120792,0.171476,0.120743,0.2027,0.133887,0.17373,0.156485,SYNTHETIC_SCHEMA_FAITHFUL
GEO-000238,Gumgaon,Maharashtra,Nagpur,21.407941,78.985706,OFFICIAL_PUBLISHED_EXTENT_ENVELOPE,Quartzite,69.07,71.97,2.9,3.426,159.35,HIVRA_STYLE,31.96,41.14,,10.99,34.77,0.592,0.234,5.06,3.34,1.76,,0.10039,0.096447,0.139463,0.077321,0.129618,0.119893,0.132374,0.086034,0.183619,0.131923,SYNTHETIC_SCHEMA_FAITHFUL
GEO-000239,Gumgaon,Maharashtra,Nagpur,21.407941,78.985706,OFFICIAL_PUBLISHED_EXTENT_ENVELOPE,Quartz-mica schist,40.68,42.75,2.07,3.374,84.61,HIVRA_STYLE,11.45,14.97,,7.24,58.04,3.483,0.336,8.8,3.73,1.72,,0.133807,0.232826,0.108598,0.129199,0.143965,0.144007,0.133862,0.130884,0.153997,0.196083,SYNTHETIC_SCHEMA_FAITHFUL
GEO-000240,Gumgaon,Maharashtra,Nagpur,21.407941,78.985706,OFFICIAL_PUBLISHED_EXTENT_ENVELOPE,Mn ore,71.1,71.6,0.5,3.44,327.28,HIVRA_STYLE,24.22,31.6,,5.49,40.53,2.563,0.293,10.42,5.2,2.6,,0.113486,0.17046,0.152814,0.091803,0.147123,0.147384,0.141383,0.101146,0.136581,0.10599,SYNTHETIC_SCHEMA_FAITHFUL
GEO-000241,Gumgaon,Maharashtra,Nagpur,21.407941,78.985706,OFFICIAL_PUBLISHED_EXTENT_ENVELOPE,Quartz-mica schist,56.1,57.22,1.12,3.441,494.61,MANDRI_STYLE,35.72,,10.62,12.55,14.72,1.116,,,,,2.99,0.076708,0.127373,0.094421,0.052187,0.102033,0.073603,0.111153,0.078159,0.10251,0.054639,SYNTHETIC_SCHEMA_FAITHFUL
GEO-000242,Gumgaon,Maharashtra,Nagpur,21.407941,78.985706,OFFICIAL_PUBLISHED_EXTENT_ENVELOPE,Quartz-biotite-muscovite schist,150.77,151.87,1.1,3.506,149.74,HIVRA_STYLE,33.75,43.75,,5.8,32.78,1.081,0.308,8.51,3.92,1.77,,0.061936,0.136277,0.079632,0.03135,0.094114,0.032794,0.052797,0.05029,0.058563,0.05797,SYNTHETIC_SCHEMA_FAITHFUL
GEO-000243,Gumgaon,Maharashtra,Nagpur,21.407941,78.985706,OFFICIAL_PUBLISHED_EXTENT_ENVELOPE,Quartzite,65.61,66.84,1.23,3.435,474.43,HIVRA_STYLE,29.76,38.2,,6.22,36.61,0.809,0.491,5.31,2.98,2.6,,0.125202,0.188822,0.170577,0.144997,0.196477,0.140519,0.18725,0.122586,0.165076,0.183025,SYNTHETIC_SCHEMA_FAITHFUL
GEO-000244,Gumgaon,Maharashtra,Nagpur,21.407941,78.985706,OFFICIAL_PUBLISHED_EXTENT_ENVELOPE,Quartz-mica schist,13.53,15.53,2.0,3.362,238.9,HIVRA_STYLE,21.61,27.91,,7.13,47.9,1.169,0.366,6.09,2.1,3.2,,0.157145,0.213151,0.199001,0.140606,0.182949,0.169463,0.179588,0.148236,0.1682,0.136326,SYNTHETIC_SCHEMA_FAITHFUL
GEO-000245,Gumgaon,Maharashtra,Nagpur,21.407941,78.985706,OFFICIAL_PUBLISHED_EXTENT_ENVELOPE,Gondite,19.22,19.75,0.52,3.405,136.36,MANDRI_STYLE,32.56,,14.14,6.29,23.63,0.786,,,,,9.55,0.081561,0.162098,0.126462,0.109015,0.08163,0.124524,0.144666,0.098691,0.100961,0.082489,SYNTHETIC_SCHEMA_FAITHFUL
GEO-000246,Gumgaon,Maharashtra,Nagpur,21.407941,78.985706,OFFICIAL_PUBLISHED_EXTENT_ENVELOPE,Quartz-mica schist,122.8,123.91,1.11,3.451,338.27,HIVRA_STYLE,21.75,28.44,,10.9,37.39,1.577,0.434,7.05,3.64,3.13,,0.074577,0.121883,0.12021,0.066764,0.095009,0.08275,0.114286,0.118702,0.114871,0.097561,SYNTHETIC_SCHEMA_FAITHFUL
GEO-000247,Gumgaon,Maharashtra,Nagpur,21.407941,78.985706,OFFICIAL_PUBLISHED_EXTENT_ENVELOPE,Calc-silicate rock,114.77,115.91,1.14,3.463,100.09,HIVRA_STYLE,15.07,19.41,,10.83,53.64,0.368,0.307,6.79,3.8,2.03,,0.082189,0.136356,0.138744,0.107064,0.112899,0.111163,0.109333,0.086748,0.117741,0.079988,SYNTHETIC_SCHEMA_FAITHFUL
GEO-000248,Gumgaon,Maharashtra,Nagpur,21.407941,78.985706,OFFICIAL_PUBLISHED_EXTENT_ENVELOPE,Mn ore,153.78,160.24,6.46,3.38,188.56,HIVRA_STYLE,23.01,29.93,,7.14,46.53,1.273,0.372,7.14,4.18,1.7,,0.178656,0.277959,0.195586,0.170608,0.219419,0.173085,0.179685,0.163593,0.210615,0.220309,SYNTHETIC_SCHEMA_FAITHFUL
GEO-000249,Gumgaon,Maharashtra,Nagpur,21.407941,78.985706,OFFICIAL_PUBLISHED_EXTENT_ENVELOPE,Gondite,37.86,39.0,1.14,3.631,95.21,HIVRA_STYLE,38.62,49.64,,9.3,27.84,0.481,0.352,3.0,3.0,3.2,,0.176221,0.221665,0.204665,0.111714,0.208958,0.183625,0.216812,0.187656,0.240765,0.184796,SYNTHETIC_SCHEMA_FAITHFUL
GEO-000250,Gumgaon,Maharashtra,Nagpur,21.407941,78.985706,OFFICIAL_PUBLISHED_EXTENT_ENVELOPE,Gondite,22.65,23.15,0.5,3.423,161.04,HIVRA_STYLE,44.79,58.19,,5.41,17.31,0.293,0.392,6.54,2.86,1.31,,0.174576,0.242824,0.193973,0.125326,0.18323,0.164871,0.198875,0.136866,0.184118,0.149609,SYNTHETIC_SCHEMA_FAITHFUL
GEO-000251,Gumgaon,Maharashtra,Nagpur,21.407941,78.985706,OFFICIAL_PUBLISHED_EXTENT_ENVELOPE,Gondite,24.03,29.47,5.43,3.661,130.99,HIVRA_STYLE,42.26,54.55,,10.08,18.47,0.785,0.375,7.15,2.35,1.94,,0.044494,0.061537,0.061994,0.030127,0.061565,0.060267,0.072017,0.036538,0.057023,0.049331,SYNTHETIC_SCHEMA_FAITHFUL
GEO-000252,Gumgaon,Maharashtra,Nagpur,21.407941,78.985706,OFFICIAL_PUBLISHED_EXTENT_ENVELOPE,Quartz-biotite-muscovite schist,18.44,19.62,1.18,3.64,226.16,MANDRI_STYLE,31.35,,11.51,20.12,11.91,2.111,,,,,9.86,0.111164,0.207667,0.156772,0.104898,0.143665,0.105647,0.164616,0.144121,0.151952,0.144747,SYNTHETIC_SCHEMA_FAITHFUL
GEO-000253,Gumgaon,Maharashtra,Nagpur,21.407941,78.985706,OFFICIAL_PUBLISHED_EXTENT_ENVELOPE,Mn ore,79.69,80.97,1.28,3.663,116.68,MANDRI_STYLE,23.05,,6.75,17.06,30.49,0.701,,,,,10.3,0.092073,0.160051,0.155155,0.124439,0.171867,0.120394,0.127405,0.118314,0.150429,0.133299,SYNTHETIC_SCHEMA_FAITHFUL
GEO-000254,Gumgaon,Maharashtra,Nagpur,21.407941,78.985706,OFFICIAL_PUBLISHED_EXTENT_ENVELOPE,Mn ore,17.17,18.18,1.01,3.425,235.52,MANDRI_STYLE,16.37,,9.49,30.47,33.38,0.88,,,,,16.3,0.106805,0.132974,0.110267,0.054812,0.089326,0.101896,0.101101,0.098117,0.092968,0.064754,SYNTHETIC_SCHEMA_FAITHFUL
GEO-000255,Gumgaon,Maharashtra,Nagpur,21.407941,78.985706,OFFICIAL_PUBLISHED_EXTENT_ENVELOPE,Mn ore,91.68,92.79,1.11,3.646,330.83,MANDRI_STYLE,26.3,,7.14,25.1,55.87,1.227,,,,,16.83,0.158291,0.206987,0.187753,0.114903,0.168826,0.163692,0.154242,0.18224,0.154112,0.137189,SYNTHETIC_SCHEMA_FAITHFUL
GEO-000256,Gumgaon,Maharashtra,Nagpur,21.407941,78.985706,OFFICIAL_PUBLISHED_EXTENT_ENVELOPE,Quartz-biotite-muscovite schist,71.76,73.04,1.27,3.395,174.2,MANDRI_STYLE,27.19,,17.8,8.86,29.8,0.313,,,,,1.9,0.154207,0.220243,0.206974,0.147427,0.197348,0.151659,0.174523,0.121245,0.18932,0.144738,SYNTHETIC_SCHEMA_FAITHFUL
GEO-000257,Gumgaon,Maharashtra,Nagpur,21.407941,78.985706,OFFICIAL_PUBLISHED_EXTENT_ENVELOPE,Mn ore,8.42,10.47,2.06,3.454,191.21,MANDRI_STYLE,40.44,,17.48,17.95,19.24,1.143,,,,,15.05,0.134791,0.187875,0.148728,0.088775,0.128017,0.130835,0.144782,0.125312,0.196854,0.12567,SYNTHETIC_SCHEMA_FAITHFUL
GEO-000258,Gumgaon,Maharashtra,Nagpur,21.407941,78.985706,OFFICIAL_PUBLISHED_EXTENT_ENVELOPE,Mn ore,66.2,67.25,1.05,3.457,113.29,HIVRA_STYLE,34.95,45.24,,11.27,29.0,0.977,0.325,6.64,3.61,1.52,,0.091934,0.145556,0.071752,0.051667,0.09734,0.082705,0.110055,0.092512,0.146866,0.090857,SYNTHETIC_SCHEMA_FAITHFUL
GEO-000259,Gumgaon,Maharashtra,Nagpur,21.407941,78.985706,OFFICIAL_PUBLISHED_EXTENT_ENVELOPE,Calc-silicate rock,60.49,61.9,1.41,3.424,135.39,HIVRA_STYLE,35.43,46.1,,11.25,29.52,0.809,0.202,5.07,3.03,1.93,,0.135694,0.193292,0.171455,0.144235,0.147766,0.14051,0.120385,0.130078,0.176625,0.131099,SYNTHETIC_SCHEMA_FAITHFUL
GEO-000260,Gumgaon,Maharashtra,Nagpur,21.407941,78.985706,OFFICIAL_PUBLISHED_EXTENT_ENVELOPE,Quartzite,250.0,255.49,5.49,3.386,468.28,HIVRA_STYLE,19.82,25.77,,13.64,38.7,1.221,0.39,4.64,4.98,3.19,,0.177065,0.236849,0.196083,0.140398,0.202029,0.171554,0.194024,0.177348,0.173971,0.1974,SYNTHETIC_SCHEMA_FAITHFUL
GEO-000261,Gumgaon,Maharashtra,Nagpur,21.407941,78.985706,OFFICIAL_PUBLISHED_EXTENT_ENVELOPE,Gondite,9.08,9.56,0.48,3.469,223.14,HIVRA_STYLE,14.27,18.43,,12.94,48.86,1.389,0.376,8.79,3.58,3.07,,0.086025,0.212082,0.14066,0.087403,0.145823,0.157089,0.138953,0.122763,0.145328,0.118385,SYNTHETIC_SCHEMA_FAITHFUL
GEO-000262,Gumgaon,Maharashtra,Nagpur,21.407941,78.985706,OFFICIAL_PUBLISHED_EXTENT_ENVELOPE,Quartz-mica schist,98.15,99.27,1.12,3.423,124.54,HIVRA_STYLE,25.94,33.45,,8.44,42.43,0.691,0.17,5.71,3.41,1.83,,0.088929,0.18597,0.176155,0.120364,0.124904,0.121754,0.187391,0.142188,0.126556,0.133759,SYNTHETIC_SCHEMA_FAITHFUL
GEO-000263,Gumgaon,Maharashtra,Nagpur,21.407941,78.985706,OFFICIAL_PUBLISHED_EXTENT_ENVELOPE,Quartz-mica schist,144.28,144.77,0.49,3.508,251.91,MANDRI_STYLE,17.54,,3.7,20.5,41.14,0.914,,,,,14.42,0.117563,0.20227,0.169322,0.114427,0.142536,0.159617,0.154526,0.147607,0.175455,0.203243,SYNTHETIC_SCHEMA_FAITHFUL
GEO-000264,Gumgaon,Maharashtra,Nagpur,21.407941,78.985706,OFFICIAL_PUBLISHED_EXTENT_ENVELOPE,Quartz-mica schist,197.85,198.33,0.48,3.386,109.22,HIVRA_STYLE,10.25,13.09,,9.16,54.06,2.251,0.286,11.1,4.9,1.93,,0.11585,0.18622,0.150031,0.091756,0.133542,0.134555,0.171238,0.142884,0.167217,0.146886,SYNTHETIC_SCHEMA_FAITHFUL
GEO-000265,Gumgaon,Maharashtra,Nagpur,21.407941,78.985706,OFFICIAL_PUBLISHED_EXTENT_ENVELOPE,Quartz-biotite-muscovite schist,53.21,53.66,0.45,3.386,514.55,HIVRA_STYLE,13.56,17.86,,13.23,51.61,0.721,0.34,7.49,4.42,3.56,,0.114681,0.145176,0.16015,0.096648,0.111826,0.086684,0.15352,0.119095,0.164952,0.160058,SYNTHETIC_SCHEMA_FAITHFUL
GEO-000266,Gumgaon,Maharashtra,Nagpur,21.407941,78.985706,OFFICIAL_PUBLISHED_EXTENT_ENVELOPE,Biotite gneiss,85.35,87.49,2.14,3.663,465.16,MANDRI_STYLE,31.13,,24.36,21.01,11.45,0.93,,,,,1.0,0.128591,0.155102,0.1481,0.130243,0.133987,0.1185,0.179108,0.140456,0.173701,0.160844,SYNTHETIC_SCHEMA_FAITHFUL
GEO-000267,Gumgaon,Maharashtra,Nagpur,21.407941,78.985706,OFFICIAL_PUBLISHED_EXTENT_ENVELOPE,Dolomitic marble,142.33,142.84,0.51,3.419,325.35,HIVRA_STYLE,14.09,18.14,,15.48,48.03,0.777,0.261,9.42,3.57,2.38,,0.181656,0.283005,0.224224,0.173984,0.202051,0.225496,0.211122,0.198755,0.186728,0.20645,SYNTHETIC_SCHEMA_FAITHFUL
GEO-000268,Gumgaon,Maharashtra,Nagpur,21.407941,78.985706,OFFICIAL_PUBLISHED_EXTENT_ENVELOPE,Quartzite,123.67,124.19,0.52,3.455,147.28,HIVRA_STYLE,20.47,26.35,,9.94,44.05,1.277,0.387,10.04,3.6,3.46,,0.061308,0.098995,0.116151,0.076324,0.093634,0.060818,0.087487,0.078478,0.104349,0.072312,SYNTHETIC_SCHEMA_FAITHFUL
GEO-000269,Gumgaon,Maharashtra,Nagpur,21.407941,78.985706,OFFICIAL_PUBLISHED_EXTENT_ENVELOPE,Gondite,104.72,108.11,3.39,3.636,566.03,HIVRA_STYLE,19.44,24.72,,10.82,39.55,2.928,0.357,8.79,4.74,2.2,,0.2422,0.31267,0.285446,0.245981,0.285565,0.272114,0.28028,0.270523,0.284832,0.280936,SYNTHETIC_SCHEMA_FAITHFUL
GEO-000270,Gumgaon,Maharashtra,Nagpur,21.407941,78.985706,OFFICIAL_PUBLISHED_EXTENT_ENVELOPE,Gondite,29.01,31.38,2.38,3.49,110.06,HIVRA_STYLE,13.94,18.08,,10.31,53.75,1.063,0.291,10.09,3.33,1.94,,0.163847,0.209548,0.190425,0.115497,0.159457,0.137603,0.206691,0.172275,0.183024,0.166745,SYNTHETIC_SCHEMA_FAITHFUL
GEO-000271,Gumgaon,Maharashtra,Nagpur,21.407941,78.985706,OFFICIAL_PUBLISHED_EXTENT_ENVELOPE,Quartz-biotite-muscovite schist,107.92,109.05,1.13,3.655,532.35,HIVRA_STYLE,10.97,13.79,,11.89,52.81,0.765,0.432,9.83,4.09,2.35,,0.130938,0.209309,0.17439,0.13121,0.141394,0.16425,0.143604,0.144328,0.158811,0.140241,SYNTHETIC_SCHEMA_FAITHFUL
GEO-000272,Gumgaon,Maharashtra,Nagpur,21.407941,78.985706,OFFICIAL_PUBLISHED_EXTENT_ENVELOPE,Quartz-mica schist,120.8,122.28,1.47,3.498,172.35,HIVRA_STYLE,22.72,29.75,,12.77,34.33,1.265,0.1,8.4,3.56,2.36,,0.104935,0.170941,0.073397,0.078265,0.153198,0.118292,0.137396,0.073531,0.139349,0.120226,SYNTHETIC_SCHEMA_FAITHFUL
GEO-000273,Gumgaon,Maharashtra,Nagpur,21.407941,78.985706,OFFICIAL_PUBLISHED_EXTENT_ENVELOPE,Quartz-mica schist,30.32,31.38,1.06,3.642,337.72,MANDRI_STYLE,37.39,,5.46,18.04,12.78,1.199,,,,,7.2,0.147508,0.210087,0.178571,0.099151,0.143393,0.136294,0.161012,0.153476,0.170933,0.119542,SYNTHETIC_SCHEMA_FAITHFUL
GEO-000274,Gumgaon,Maharashtra,Nagpur,21.407941,78.985706,OFFICIAL_PUBLISHED_EXTENT_ENVELOPE,Quartz-mica schist,14.36,17.17,2.81,3.665,146.48,MANDRI_STYLE,17.93,,9.25,3.13,49.95,1.494,,,,,9.54,0.084906,0.183758,0.126727,0.099743,0.141791,0.120696,0.126736,0.121902,0.166609,0.1126,SYNTHETIC_SCHEMA_FAITHFUL
GEO-000275,Gumgaon,Maharashtra,Nagpur,21.407941,78.985706,OFFICIAL_PUBLISHED_EXTENT_ENVELOPE,Quartzite,28.34,28.82,0.48,3.505,169.45,HIVRA_STYLE,15.94,20.53,,13.43,38.01,2.209,0.388,10.84,4.14,3.57,,0.166,0.228828,0.134354,0.121735,0.180784,0.142805,0.177807,0.144828,0.184777,0.160321,SYNTHETIC_SCHEMA_FAITHFUL
GEO-000276,Gumgaon,Maharashtra,Nagpur,21.407941,78.985706,OFFICIAL_PUBLISHED_EXTENT_ENVELOPE,Mn ore,146.48,149.47,3.0,3.431,486.61,HIVRA_STYLE,20.47,26.44,,8.88,47.67,0.965,0.452,5.91,3.6,2.66,,0.143819,0.201031,0.197089,0.126268,0.180489,0.174117,0.187231,0.154344,0.163916,0.169701,SYNTHETIC_SCHEMA_FAITHFUL
GEO-000277,Gumgaon,Maharashtra,Nagpur,21.407941,78.985706,OFFICIAL_PUBLISHED_EXTENT_ENVELOPE,Gondite,92.55,95.29,2.74,3.423,367.61,MANDRI_STYLE,40.9,,27.02,17.68,39.96,0.59,,,,,10.71,0.129162,0.157956,0.183622,0.118692,0.168392,0.120237,0.143874,0.129031,0.150624,0.129261,SYNTHETIC_SCHEMA_FAITHFUL
GEO-000278,Gumgaon,Maharashtra,Nagpur,21.407941,78.985706,OFFICIAL_PUBLISHED_EXTENT_ENVELOPE,Calc-silicate rock,17.77,22.9,5.13,3.637,186.96,MANDRI_STYLE,12.48,,1.69,15.22,53.2,1.502,,,,,12.18,0.13132,0.19011,0.148171,0.109124,0.143148,0.132932,0.156968,0.165737,0.177937,0.147246,SYNTHETIC_SCHEMA_FAITHFUL
GEO-000279,Gumgaon,Maharashtra,Nagpur,21.407941,78.985706,OFFICIAL_PUBLISHED_EXTENT_ENVELOPE,Gondite,186.66,192.27,5.61,3.416,381.25,HIVRA_STYLE,32.97,42.45,,13.1,26.37,0.445,0.287,6.6,3.08,2.95,,0.04867,0.111128,0.109431,0.078378,0.082641,0.060776,0.087789,0.099937,0.100646,0.048913,SYNTHETIC_SCHEMA_FAITHFUL
GEO-000280,Gumgaon,Maharashtra,Nagpur,21.407941,78.985706,OFFICIAL_PUBLISHED_EXTENT_ENVELOPE,Gondite,40.99,41.49,0.49,3.413,205.95,HIVRA_STYLE,33.11,42.5,,8.53,38.98,0.789,0.434,4.85,1.12,2.17,,0.156231,0.210528,0.176717,0.124186,0.15668,0.152246,0.19964,0.155151,0.153704,0.165928,SYNTHETIC_SCHEMA_FAITHFUL
GEO-000281,Gumgaon,Maharashtra,Nagpur,21.407941,78.985706,OFFICIAL_PUBLISHED_EXTENT_ENVELOPE,Quartz-mica schist,23.12,24.39,1.27,3.397,195.29,MANDRI_STYLE,31.05,,18.67,20.12,28.35,1.741,,,,,16.43,0.080659,0.118929,0.112491,0.068064,0.119907,0.094842,0.082393,0.095607,0.109135,0.071424,SYNTHETIC_SCHEMA_FAITHFUL
GEO-000282,Gumgaon,Maharashtra,Nagpur,21.407941,78.985706,OFFICIAL_PUBLISHED_EXTENT_ENVELOPE,Mn ore,46.53,47.52,0.99,3.367,375.44,MANDRI_STYLE,26.61,,19.21,28.46,46.64,0.763,,,,,15.79,0.11338,0.174088,0.126502,0.113095,0.138689,0.092263,0.116932,0.130611,0.118399,0.124269,SYNTHETIC_SCHEMA_FAITHFUL
GEO-000283,Gumgaon,Maharashtra,Nagpur,21.407941,78.985706,OFFICIAL_PUBLISHED_EXTENT_ENVELOPE,Dolomitic marble,41.89,42.38,0.48,3.409,296.23,HIVRA_STYLE,42.97,56.06,,4.64,24.05,0.812,0.283,3.09,2.21,2.21,,0.091407,0.134535,0.109014,0.097215,0.106022,0.061411,0.128755,0.108027,0.164487,0.058931,SYNTHETIC_SCHEMA_FAITHFUL
GEO-000284,Gumgaon,Maharashtra,Nagpur,21.407941,78.985706,OFFICIAL_PUBLISHED_EXTENT_ENVELOPE,Biotite gneiss,64.12,65.34,1.22,3.425,482.94,HIVRA_STYLE,31.04,40.48,,7.12,30.72,1.965,0.329,6.6,3.05,2.94,,0.048893,0.101393,0.075723,0.054881,0.097553,0.031837,0.066563,0.064754,0.084597,0.063753,SYNTHETIC_SCHEMA_FAITHFUL
GEO-000285,Gumgaon,Maharashtra,Nagpur,21.407941,78.985706,OFFICIAL_PUBLISHED_EXTENT_ENVELOPE,Biotite gneiss,11.61,13.22,1.61,3.383,210.95,HIVRA_STYLE,22.17,28.67,,7.06,44.74,0.566,0.451,9.44,3.23,2.23,,0.033306,0.065979,0.026403,0.028859,0.05677,0.032109,0.078126,0.049687,0.063034,0.086125,SYNTHETIC_SCHEMA_FAITHFUL
GEO-000286,Gumgaon,Maharashtra,Nagpur,21.407941,78.985706,OFFICIAL_PUBLISHED_EXTENT_ENVELOPE,Gondite,97.18,97.65,0.47,3.413,159.3,HIVRA_STYLE,23.3,30.5,,6.42,41.87,0.87,0.184,7.16,2.9,2.37,,0.225684,0.305422,0.25932,0.197518,0.250363,0.242023,0.238738,0.254535,0.268772,0.240754,SYNTHETIC_SCHEMA_FAITHFUL
GEO-000287,Gumgaon,Maharashtra,Nagpur,21.407941,78.985706,OFFICIAL_PUBLISHED_EXTENT_ENVELOPE,Gondite,58.0,59.4,1.4,3.494,178.5,MANDRI_STYLE,43.35,,19.72,28.64,43.23,0.534,,,,,3.44,0.124634,0.154688,0.149713,0.098959,0.127487,0.123307,0.173201,0.14339,0.140894,0.132557,SYNTHETIC_SCHEMA_FAITHFUL
GEO-000288,Gumgaon,Maharashtra,Nagpur,21.407941,78.985706,OFFICIAL_PUBLISHED_EXTENT_ENVELOPE,Quartzite,52.97,54.13,1.16,3.44,151.58,MANDRI_STYLE,23.03,,4.39,8.1,41.08,1.158,,,,,12.04,0.080139,0.143997,0.05617,0.052567,0.123411,0.084747,0.082179,0.084766,0.080126,0.109395,SYNTHETIC_SCHEMA_FAITHFUL
GEO-000289,Gumgaon,Maharashtra,Nagpur,21.407941,78.985706,OFFICIAL_PUBLISHED_EXTENT_ENVELOPE,Quartz-mica schist,107.46,107.95,0.49,3.615,258.81,HIVRA_STYLE,28.21,36.91,,9.48,36.54,0.666,0.293,7.82,2.59,1.05,,0.096338,0.091374,0.103984,0.094164,0.114339,0.101014,0.092772,0.070635,0.139893,0.084744,SYNTHETIC_SCHEMA_FAITHFUL
GEO-000290,Gumgaon,Maharashtra,Nagpur,21.407941,78.985706,OFFICIAL_PUBLISHED_EXTENT_ENVELOPE,Quartz-biotite-muscovite schist,16.68,17.17,0.49,3.476,243.35,MANDRI_STYLE,31.09,,6.2,18.94,39.35,0.749,,,,,13.05,0.110761,0.158221,0.155637,0.083791,0.133528,0.111789,0.189301,0.135826,0.137601,0.132163,SYNTHETIC_SCHEMA_FAITHFUL
GEO-000291,Gumgaon,Maharashtra,Nagpur,21.407941,78.985706,OFFICIAL_PUBLISHED_EXTENT_ENVELOPE,Biotite gneiss,88.12,91.35,3.24,3.4,499.15,HIVRA_STYLE,39.9,51.35,,5.71,26.05,0.54,0.402,7.47,1.82,1.49,,0.177119,0.24213,0.212655,0.143465,0.213883,0.17391,0.196775,0.201597,0.197248,0.196302,SYNTHETIC_SCHEMA_FAITHFUL
GEO-000292,Gumgaon,Maharashtra,Nagpur,21.407941,78.985706,OFFICIAL_PUBLISHED_EXTENT_ENVELOPE,Quartz-mica schist,24.18,25.3,1.12,3.451,138.15,HIVRA_STYLE,28.61,37.04,,9.48,28.53,0.722,0.44,10.65,4.14,1.77,,0.080999,0.211771,0.130075,0.077776,0.137834,0.133665,0.124149,0.122803,0.095602,0.143185,SYNTHETIC_SCHEMA_FAITHFUL
GEO-000293,Gumgaon,Maharashtra,Nagpur,21.407941,78.985706,OFFICIAL_PUBLISHED_EXTENT_ENVELOPE,Dolomitic marble,69.62,70.86,1.24,3.435,662.72,HIVRA_STYLE,36.49,47.25,,10.97,21.98,0.705,0.203,7.23,3.43,2.04,,0.105979,0.12972,0.160965,0.116448,0.107626,0.112732,0.110271,0.116571,0.139656,0.129654,SYNTHETIC_SCHEMA_FAITHFUL
GEO-000294,Gumgaon,Maharashtra,Nagpur,21.407941,78.985706,OFFICIAL_PUBLISHED_EXTENT_ENVELOPE,Quartz-mica schist,60.26,61.42,1.16,3.431,274.12,HIVRA_STYLE,34.96,45.06,,8.18,31.31,0.734,0.378,6.94,3.4,1.57,,0.155092,0.192569,0.203336,0.12304,0.180954,0.16413,0.153258,0.140323,0.190708,0.145624,SYNTHETIC_SCHEMA_FAITHFUL
GEO-000295,Gumgaon,Maharashtra,Nagpur,21.407941,78.985706,OFFICIAL_PUBLISHED_EXTENT_ENVELOPE,Mn ore,51.53,53.84,2.31,3.649,123.52,HIVRA_STYLE,35.95,46.38,,5.94,33.93,0.764,0.217,6.15,2.31,2.04,,0.092951,0.173659,0.156886,0.062253,0.113804,0.084185,0.131194,0.087079,0.140687,0.118148,SYNTHETIC_SCHEMA_FAITHFUL
GEO-000296,Gumgaon,Maharashtra,Nagpur,21.407941,78.985706,OFFICIAL_PUBLISHED_EXTENT_ENVELOPE,Mn ore,230.0,231.25,1.25,3.38,145.95,HIVRA_STYLE,40.45,52.26,,9.21,20.72,1.362,0.346,7.46,2.68,1.65,,0.208951,0.251482,0.235909,0.198163,0.211082,0.201924,0.221902,0.216657,0.247284,0.18123,SYNTHETIC_SCHEMA_FAITHFUL
GEO-000297,Gumgaon,Maharashtra,Nagpur,21.407941,78.985706,OFFICIAL_PUBLISHED_EXTENT_ENVELOPE,Biotite gneiss,206.95,209.4,2.45,3.426,634.12,MANDRI_STYLE,37.81,,18.44,24.8,39.32,2.446,,,,,14.09,0.094563,0.132744,0.11935,0.091462,0.13386,0.110581,0.162237,0.098745,0.124949,0.123591,SYNTHETIC_SCHEMA_FAITHFUL
GEO-000298,Gumgaon,Maharashtra,Nagpur,21.407941,78.985706,OFFICIAL_PUBLISHED_EXTENT_ENVELOPE,Mn ore,49.32,49.74,0.43,3.401,192.29,MANDRI_STYLE,39.32,,7.46,10.19,27.5,1.8,,,,,11.52,0.151736,0.198801,0.175216,0.126467,0.139115,0.139729,0.179254,0.136889,0.121814,0.124577,SYNTHETIC_SCHEMA_FAITHFUL
GEO-000299,Gumgaon,Maharashtra,Nagpur,21.407941,78.985706,OFFICIAL_PUBLISHED_EXTENT_ENVELOPE,Mn ore,2.73,5.96,3.24,3.35,266.6,MANDRI_STYLE,35.42,,6.93,23.45,7.0,1.624,,,,,8.49,0.157103,0.202824,0.166757,0.142571,0.148391,0.13607,0.209338,0.128319,0.177336,0.161343,SYNTHETIC_SCHEMA_FAITHFUL
GEO-000300,Gumgaon,Maharashtra,Nagpur,21.407941,78.985706,OFFICIAL_PUBLISHED_EXTENT_ENVELOPE,Biotite gneiss,56.53,57.87,1.34,3.435,257.64,HIVRA_STYLE,25.58,33.25,,4.8,45.6,1.634,0.404,6.06,3.34,2.02,,0.08651,0.1376,0.100032,0.063772,0.109477,0.097703,0.11468,0.136137,0.094453,0.102667,SYNTHETIC_SCHEMA_FAITHFUL
GEO-000301,Gumgaon,Maharashtra,Nagpur,21.407941,78.985706,OFFICIAL_PUBLISHED_EXTENT_ENVELOPE,Mn ore,51.47,52.39,0.92,3.385,110.66,HIVRA_STYLE,25.01,32.37,,5.72,46.02,1.09,0.349,7.37,4.38,2.13,,0.086971,0.180206,0.1668,0.10352,0.136455,0.100418,0.126107,0.155159,0.123605,0.118867,SYNTHETIC_SCHEMA_FAITHFUL
GEO-000302,Gumgaon,Maharashtra,Nagpur,21.407941,78.985706,OFFICIAL_PUBLISHED_EXTENT_ENVELOPE,Calc-silicate rock,27.37,28.64,1.27,3.437,143.25,MANDRI_STYLE,24.2,,3.83,7.5,26.74,1.242,,,,,4.74,0.084111,0.125707,0.104264,0.079464,0.093355,0.048771,0.126543,0.11182,0.102561,0.097106,SYNTHETIC_SCHEMA_FAITHFUL
GEO-000303,Kandri,Maharashtra,Nagpur,21.4125,79.266667,OFFICIAL_PUBLISHED_MINE_LOCATION,Quartz-mica schist,36.68,37.9,1.22,3.477,131.32,HIVRA_STYLE,46.36,59.78,,5.44,21.73,0.941,0.236,6.09,2.29,2.52,,0.083699,0.141752,0.115285,0.039046,0.10142,0.094365,0.116434,0.061961,0.10454,0.095811,SYNTHETIC_SCHEMA_FAITHFUL
GEO-000304,Kandri,Maharashtra,Nagpur,21.4125,79.266667,OFFICIAL_PUBLISHED_MINE_LOCATION,Dolomitic marble,65.51,71.31,5.8,3.391,265.72,MANDRI_STYLE,20.82,,6.41,18.76,53.3,2.558,,,,,19.39,0.117348,0.136998,0.140266,0.088649,0.120676,0.079223,0.155227,0.118015,0.108915,0.11005,SYNTHETIC_SCHEMA_FAITHFUL
GEO-000305,Kandri,Maharashtra,Nagpur,21.4125,79.266667,OFFICIAL_PUBLISHED_MINE_LOCATION,Mn ore,28.89,29.73,0.84,3.39,202.54,HIVRA_STYLE,12.13,15.62,,8.73,53.04,2.334,0.41,9.2,4.17,1.88,,0.078839,0.122639,0.093147,0.092329,0.105174,0.087323,0.083376,0.110442,0.084206,0.073386,SYNTHETIC_SCHEMA_FAITHFUL
GEO-000306,Kandri,Maharashtra,Nagpur,21.4125,79.266667,OFFICIAL_PUBLISHED_MINE_LOCATION,Quartz-biotite-muscovite schist,23.6,26.45,2.85,3.436,138.1,HIVRA_STYLE,12.97,16.51,,17.29,47.57,1.516,0.325,8.83,3.83,2.71,,0.190442,0.246129,0.211262,0.152435,0.2323,0.196181,0.251622,0.203417,0.211891,0.17609,SYNTHETIC_SCHEMA_FAITHFUL
GEO-000307,Kandri,Maharashtra,Nagpur,21.4125,79.266667,OFFICIAL_PUBLISHED_MINE_LOCATION,Quartz-mica schist,85.51,86.72,1.21,3.433,264.18,MANDRI_STYLE,35.65,,17.8,23.36,34.18,0.835,,,,,5.08,0.087103,0.185162,0.135426,0.076403,0.100777,0.086698,0.118522,0.093401,0.109136,0.089341,SYNTHETIC_SCHEMA_FAITHFUL
GEO-000308,Kandri,Maharashtra,Nagpur,21.4125,79.266667,OFFICIAL_PUBLISHED_MINE_LOCATION,Quartz-mica schist,24.7,25.61,0.9,3.434,243.71,MANDRI_STYLE,33.8,,25.72,30.57,17.99,1.989,,,,,13.89,0.116727,0.118802,0.12757,0.077644,0.131051,0.098107,0.1365,0.106246,0.128904,0.107794,SYNTHETIC_SCHEMA_FAITHFUL
GEO-000309,Kandri,Maharashtra,Nagpur,21.4125,79.266667,OFFICIAL_PUBLISHED_MINE_LOCATION,Dolomitic marble,177.63,178.16,0.53,3.416,95.34,HIVRA_STYLE,40.04,52.12,,8.24,24.98,0.391,0.363,8.01,3.87,1.45,,0.263066,0.344366,0.303347,0.219706,0.299971,0.249704,0.307484,0.281332,0.304432,0.283529,SYNTHETIC_SCHEMA_FAITHFUL
GEO-000310,Kandri,Maharashtra,Nagpur,21.4125,79.266667,OFFICIAL_PUBLISHED_MINE_LOCATION,Quartz-biotite-muscovite schist,32.48,33.46,0.98,3.435,159.68,HIVRA_STYLE,28.53,37.1,,15.42,28.03,2.576,0.5,7.68,3.61,2.14,,0.183708,0.215917,0.192547,0.155166,0.17856,0.152971,0.212978,0.164248,0.214737,0.165326,SYNTHETIC_SCHEMA_FAITHFUL
GEO-000311,Kandri,Maharashtra,Nagpur,21.4125,79.266667,OFFICIAL_PUBLISHED_MINE_LOCATION,Mn ore,87.09,93.27,6.18,3.41,438.72,MANDRI_STYLE,41.97,,13.05,18.23,40.2,0.877,,,,,10.31,0.147155,0.238866,0.193147,0.128384,0.199072,0.170791,0.204638,0.165732,0.19561,0.181989,SYNTHETIC_SCHEMA_FAITHFUL
GEO-000312,Kandri,Maharashtra,Nagpur,21.4125,79.266667,OFFICIAL_PUBLISHED_MINE_LOCATION,Mn ore,51.38,53.11,1.72,3.372,201.5,HIVRA_STYLE,32.2,41.4,,4.51,36.03,1.292,0.403,8.15,2.58,2.55,,0.163919,0.241558,0.206761,0.150806,0.193348,0.148461,0.211942,0.144687,0.193896,0.211068,SYNTHETIC_SCHEMA_FAITHFUL
GEO-000313,Kandri,Maharashtra,Nagpur,21.4125,79.266667,OFFICIAL_PUBLISHED_MINE_LOCATION,Dolomitic marble,81.68,84.65,2.97,3.435,124.76,HIVRA_STYLE,29.25,37.76,,8.06,37.85,1.114,0.356,6.4,3.24,2.31,,0.139149,0.197647,0.131379,0.135995,0.184804,0.14849,0.150241,0.140519,0.133948,0.174609,SYNTHETIC_SCHEMA_FAITHFUL
GEO-000314,Kandri,Maharashtra,Nagpur,21.4125,79.266667,OFFICIAL_PUBLISHED_MINE_LOCATION,Biotite gneiss,85.65,86.18,0.53,3.471,145.08,HIVRA_STYLE,12.91,16.53,,2.5,59.8,1.407,0.238,8.85,3.91,2.21,,0.150858,0.235424,0.159428,0.106393,0.18888,0.195035,0.160552,0.208286,0.162888,0.163948,SYNTHETIC_SCHEMA_FAITHFUL
GEO-000315,Kandri,Maharashtra,Nagpur,21.4125,79.266667,OFFICIAL_PUBLISHED_MINE_LOCATION,Quartz-biotite-muscovite schist,16.78,18.11,1.33,3.432,241.67,MANDRI_STYLE,21.98,,0.38,21.98,49.58,2.041,,,,,17.49,0.101361,0.19459,0.157605,0.12989,0.169729,0.115131,0.175074,0.181743,0.160122,0.099974,SYNTHETIC_SCHEMA_FAITHFUL
GEO-000316,Kandri,Maharashtra,Nagpur,21.4125,79.266667,OFFICIAL_PUBLISHED_MINE_LOCATION,Mn ore,13.04,13.96,0.93,3.389,248.2,HIVRA_STYLE,46.84,59.99,,6.18,13.67,0.438,0.22,8.68,3.5,1.41,,0.161157,0.247748,0.226461,0.158565,0.214509,0.189558,0.201504,0.178372,0.226527,0.191651,SYNTHETIC_SCHEMA_FAITHFUL
GEO-000317,Kandri,Maharashtra,Nagpur,21.4125,79.266667,OFFICIAL_PUBLISHED_MINE_LOCATION,Quartzite,29.2,32.18,2.98,3.432,167.32,HIVRA_STYLE,43.07,55.54,,10.29,18.62,0.912,0.393,3.0,1.95,1.85,,0.109813,0.1633,0.097516,0.097991,0.149298,0.107254,0.135595,0.13678,0.116496,0.127166,SYNTHETIC_SCHEMA_FAITHFUL
GEO-000318,Kandri,Maharashtra,Nagpur,21.4125,79.266667,OFFICIAL_PUBLISHED_MINE_LOCATION,Quartz-mica schist,94.44,94.91,0.47,3.388,131.7,HIVRA_STYLE,42.37,54.82,,8.26,23.26,0.442,0.265,6.72,3.21,1.2,,0.175082,0.235345,0.209414,0.208914,0.210136,0.187183,0.228183,0.193451,0.177772,0.198518,SYNTHETIC_SCHEMA_FAITHFUL
GEO-000319,Kandri,Maharashtra,Nagpur,21.4125,79.266667,OFFICIAL_PUBLISHED_MINE_LOCATION,Quartz-mica schist,54.06,59.74,5.67,3.438,240.27,MANDRI_STYLE,10.47,,6.52,19.57,36.94,0.837,,,,,17.7,0.169009,0.208007,0.19659,0.160933,0.218865,0.169116,0.189695,0.186783,0.190459,0.175517,SYNTHETIC_SCHEMA_FAITHFUL
GEO-000320,Kandri,Maharashtra,Nagpur,21.4125,79.266667,OFFICIAL_PUBLISHED_MINE_LOCATION,Quartz-biotite-muscovite schist,107.42,109.72,2.3,3.439,336.96,MANDRI_STYLE,26.07,,4.95,16.39,28.75,1.454,,,,,16.5,0.177642,0.268396,0.233222,0.182006,0.21857,0.187559,0.221863,0.179869,0.206286,0.174113,SYNTHETIC_SCHEMA_FAITHFUL
GEO-000321,Kandri,Maharashtra,Nagpur,21.4125,79.266667,OFFICIAL_PUBLISHED_MINE_LOCATION,Quartz-mica schist,26.2,27.65,1.45,3.657,155.47,HIVRA_STYLE,16.64,21.62,,14.85,42.8,0.412,0.391,9.91,4.09,1.34,,0.137903,0.2126,0.168337,0.129762,0.168073,0.172,0.167842,0.157857,0.168387,0.198253,SYNTHETIC_SCHEMA_FAITHFUL
GEO-000322,Kandri,Maharashtra,Nagpur,21.4125,79.266667,OFFICIAL_PUBLISHED_MINE_LOCATION,Gondite,45.19,46.84,1.65,3.662,110.77,HIVRA_STYLE,38.11,49.16,,3.39,29.8,0.624,0.406,7.01,2.38,2.58,,0.208161,0.277679,0.285143,0.170752,0.247923,0.213443,0.240065,0.213386,0.261198,0.245906,SYNTHETIC_SCHEMA_FAITHFUL
GEO-000323,Kandri,Maharashtra,Nagpur,21.4125,79.266667,OFFICIAL_PUBLISHED_MINE_LOCATION,Quartz-mica schist,83.69,85.09,1.4,3.417,149.22,MANDRI_STYLE,21.24,,8.25,16.72,49.18,3.6,,,,,15.53,0.150274,0.245298,0.175842,0.158096,0.19596,0.145923,0.20177,0.178816,0.189284,0.195172,SYNTHETIC_SCHEMA_FAITHFUL
GEO-000324,Kandri,Maharashtra,Nagpur,21.4125,79.266667,OFFICIAL_PUBLISHED_MINE_LOCATION,Quartzite,46.7,52.54,5.84,3.357,102.91,MANDRI_STYLE,40.6,,15.87,11.39,41.94,2.28,,,,,11.93,0.139537,0.234262,0.152618,0.12879,0.175153,0.113655,0.152011,0.150448,0.145247,0.148553,SYNTHETIC_SCHEMA_FAITHFUL
GEO-000325,Kandri,Maharashtra,Nagpur,21.4125,79.266667,OFFICIAL_PUBLISHED_MINE_LOCATION,Quartz-biotite-muscovite schist,195.95,197.81,1.86,3.503,193.01,MANDRI_STYLE,15.63,,1.68,15.01,39.44,3.182,,,,,11.16,0.085279,0.142963,0.147047,0.07535,0.09905,0.123935,0.157041,0.093676,0.128307,0.10328,SYNTHETIC_SCHEMA_FAITHFUL
GEO-000326,Kandri,Maharashtra,Nagpur,21.4125,79.266667,OFFICIAL_PUBLISHED_MINE_LOCATION,Quartz-biotite-muscovite schist,24.39,30.37,5.98,3.415,235.27,MANDRI_STYLE,25.7,,15.12,11.34,45.85,2.404,,,,,14.47,0.100947,0.21625,0.117021,0.063761,0.129584,0.088409,0.160483,0.107273,0.154542,0.1342,SYNTHETIC_SCHEMA_FAITHFUL
GEO-000327,Kandri,Maharashtra,Nagpur,21.4125,79.266667,OFFICIAL_PUBLISHED_MINE_LOCATION,Quartz-mica schist,41.41,43.63,2.22,3.392,149.39,MANDRI_STYLE,29.54,,10.12,13.16,35.02,0.634,,,,,11.26,0.199844,0.243426,0.238966,0.149454,0.193362,0.173934,0.227097,0.173736,0.200804,0.193653,SYNTHETIC_SCHEMA_FAITHFUL
GEO-000328,Kandri,Maharashtra,Nagpur,21.4125,79.266667,OFFICIAL_PUBLISHED_MINE_LOCATION,Biotite gneiss,21.07,22.68,1.61,3.461,741.25,HIVRA_STYLE,43.12,55.44,,12.75,17.77,0.731,0.348,4.88,2.7,2.31,,0.190555,0.263392,0.21559,0.172797,0.232604,0.191434,0.222099,0.18239,0.245195,0.212495,SYNTHETIC_SCHEMA_FAITHFUL
GEO-000329,Kandri,Maharashtra,Nagpur,21.4125,79.266667,OFFICIAL_PUBLISHED_MINE_LOCATION,Mn ore,35.25,36.27,1.02,3.429,303.42,HIVRA_STYLE,44.57,57.72,,8.97,20.28,0.594,0.265,4.49,2.49,1.82,,0.170899,0.215428,0.191115,0.16309,0.22548,0.152795,0.199394,0.179419,0.189912,0.1771,SYNTHETIC_SCHEMA_FAITHFUL
GEO-000330,Kandri,Maharashtra,Nagpur,21.4125,79.266667,OFFICIAL_PUBLISHED_MINE_LOCATION,Quartz-biotite-muscovite schist,101.82,103.62,1.79,3.466,282.65,MANDRI_STYLE,31.71,,21.5,8.31,55.87,0.687,,,,,16.7,0.135914,0.206687,0.155398,0.133913,0.173125,0.109432,0.162107,0.138443,0.161643,0.166723,SYNTHETIC_SCHEMA_FAITHFUL
GEO-000331,Kandri,Maharashtra,Nagpur,21.4125,79.266667,OFFICIAL_PUBLISHED_MINE_LOCATION,Quartz-biotite-muscovite schist,79.18,80.82,1.64,3.435,193.89,HIVRA_STYLE,40.17,52.14,,8.84,16.91,0.775,0.471,7.45,2.96,2.47,,0.163145,0.215766,0.219666,0.158882,0.179534,0.191949,0.20443,0.202396,0.203981,0.179445,SYNTHETIC_SCHEMA_FAITHFUL
GEO-000332,Kandri,Maharashtra,Nagpur,21.4125,79.266667,OFFICIAL_PUBLISHED_MINE_LOCATION,Quartzite,60.7,61.89,1.19,3.38,138.83,HIVRA_STYLE,32.85,42.41,,4.75,35.06,1.25,0.199,6.56,2.33,2.7,,0.177347,0.241882,0.237393,0.150887,0.183013,0.176315,0.188821,0.144124,0.20238,0.173747,SYNTHETIC_SCHEMA_FAITHFUL
GEO-000333,Kandri,Maharashtra,Nagpur,21.4125,79.266667,OFFICIAL_PUBLISHED_MINE_LOCATION,Gondite,113.96,115.22,1.27,3.437,150.59,HIVRA_STYLE,45.26,58.08,,8.48,13.8,0.501,0.29,7.84,3.38,1.8,,0.059225,0.107826,0.093847,0.04948,0.075183,0.073222,0.104118,0.090205,0.12717,0.073612,SYNTHETIC_SCHEMA_FAITHFUL
GEO-000334,Kandri,Maharashtra,Nagpur,21.4125,79.266667,OFFICIAL_PUBLISHED_MINE_LOCATION,Quartz-biotite-muscovite schist,114.3,114.76,0.46,3.376,360.15,HIVRA_STYLE,23.8,30.57,,11.69,34.08,0.998,0.206,11.85,3.96,3.49,,0.204198,0.289023,0.275619,0.187903,0.272905,0.237167,0.255321,0.226528,0.264121,0.225029,SYNTHETIC_SCHEMA_FAITHFUL
GEO-000335,Kandri,Maharashtra,Nagpur,21.4125,79.266667,OFFICIAL_PUBLISHED_MINE_LOCATION,Dolomitic marble,68.6,70.04,1.43,3.435,643.81,MANDRI_STYLE,34.73,,20.16,27.07,49.17,0.31,,,,,20.82,0.054104,0.09904,0.094245,0.068085,0.018128,0.057859,0.078778,0.058928,0.097752,0.0643,SYNTHETIC_SCHEMA_FAITHFUL
GEO-000336,Kandri,Maharashtra,Nagpur,21.4125,79.266667,OFFICIAL_PUBLISHED_MINE_LOCATION,Mn ore,44.12,45.67,1.56,3.433,174.94,HIVRA_STYLE,45.55,58.97,,11.06,14.02,0.585,0.327,8.34,1.65,2.98,,0.120252,0.174778,0.153593,0.107272,0.144683,0.111752,0.164833,0.141838,0.179079,0.157477,SYNTHETIC_SCHEMA_FAITHFUL
GEO-000337,Kandri,Maharashtra,Nagpur,21.4125,79.266667,OFFICIAL_PUBLISHED_MINE_LOCATION,Calc-silicate rock,181.04,182.29,1.25,3.417,314.24,HIVRA_STYLE,22.26,28.76,,3.53,41.41,1.036,0.413,9.3,4.93,2.63,,0.200534,0.274055,0.232466,0.203325,0.205565,0.222838,0.245055,0.192798,0.225262,0.222821,SYNTHETIC_SCHEMA_FAITHFUL
GEO-000338,Kandri,Maharashtra,Nagpur,21.4125,79.266667,OFFICIAL_PUBLISHED_MINE_LOCATION,Biotite gneiss,7.21,8.42,1.21,3.665,203.86,HIVRA_STYLE,35.47,46.07,,10.37,29.33,1.699,0.202,5.44,3.34,2.88,,0.144098,0.189173,0.142769,0.090834,0.15483,0.145657,0.165969,0.152407,0.153985,0.152173,SYNTHETIC_SCHEMA_FAITHFUL
GEO-000339,Kandri,Maharashtra,Nagpur,21.4125,79.266667,OFFICIAL_PUBLISHED_MINE_LOCATION,Calc-silicate rock,35.57,36.76,1.19,3.633,116.89,HIVRA_STYLE,24.22,31.2,,10.13,40.54,0.518,0.292,8.29,2.57,2.5,,0.156429,0.206967,0.185239,0.136027,0.187134,0.16611,0.15515,0.184175,0.175474,0.187874,SYNTHETIC_SCHEMA_FAITHFUL
GEO-000340,Kandri,Maharashtra,Nagpur,21.4125,79.266667,OFFICIAL_PUBLISHED_MINE_LOCATION,Gondite,26.11,27.29,1.18,3.465,154.86,HIVRA_STYLE,39.34,50.61,,5.83,21.29,0.789,0.358,10.63,2.46,2.53,,0.094274,0.152391,0.161267,0.071934,0.134306,0.119797,0.153378,0.066978,0.101294,0.112372,SYNTHETIC_SCHEMA_FAITHFUL
GEO-000341,Kandri,Maharashtra,Nagpur,21.4125,79.266667,OFFICIAL_PUBLISHED_MINE_LOCATION,Biotite gneiss,23.92,25.45,1.54,3.451,145.33,HIVRA_STYLE,46.01,59.21,,6.0,19.61,0.978,0.447,6.1,2.67,2.01,,0.092779,0.119517,0.113716,0.074713,0.138171,0.091584,0.114643,0.092125,0.091189,0.091973,SYNTHETIC_SCHEMA_FAITHFUL
GEO-000342,Kandri,Maharashtra,Nagpur,21.4125,79.266667,OFFICIAL_PUBLISHED_MINE_LOCATION,Mn ore,164.18,165.46,1.28,3.46,137.83,HIVRA_STYLE,34.55,44.45,,10.71,30.84,0.363,0.176,6.83,3.15,1.39,,0.124342,0.175494,0.167513,0.119744,0.173506,0.119556,0.152116,0.139542,0.184365,0.160408,SYNTHETIC_SCHEMA_FAITHFUL
GEO-000343,Kandri,Maharashtra,Nagpur,21.4125,79.266667,OFFICIAL_PUBLISHED_MINE_LOCATION,Quartz-mica schist,65.32,67.06,1.74,3.455,226.82,HIVRA_STYLE,37.01,47.98,,7.65,29.04,0.457,0.294,7.98,2.12,3.07,,0.220267,0.286633,0.251363,0.204679,0.265256,0.242511,0.268319,0.243615,0.256623,0.250351,SYNTHETIC_SCHEMA_FAITHFUL
GEO-000344,Kandri,Maharashtra,Nagpur,21.4125,79.266667,OFFICIAL_PUBLISHED_MINE_LOCATION,Quartz-mica schist,40.86,41.87,1.02,3.438,186.65,HIVRA_STYLE,13.35,17.11,,5.56,51.97,1.151,0.349,10.12,4.56,2.15,,0.113996,0.207691,0.151641,0.154504,0.165567,0.151649,0.17205,0.113495,0.17068,0.148927,SYNTHETIC_SCHEMA_FAITHFUL
GEO-000345,Kandri,Maharashtra,Nagpur,21.4125,79.266667,OFFICIAL_PUBLISHED_MINE_LOCATION,Quartz-mica schist,57.6,63.8,6.2,3.672,161.1,HIVRA_STYLE,31.66,41.11,,7.27,28.15,1.453,0.362,9.75,5.05,2.92,,0.072297,0.125118,0.065907,0.071979,0.064539,0.063981,0.09273,0.080191,0.084467,0.043994,SYNTHETIC_SCHEMA_FAITHFUL
GEO-000346,Kandri,Maharashtra,Nagpur,21.4125,79.266667,OFFICIAL_PUBLISHED_MINE_LOCATION,Calc-silicate rock,47.3,48.76,1.46,3.408,560.01,HIVRA_STYLE,14.99,19.27,,9.52,48.05,0.857,0.201,11.73,4.39,2.4,,0.210954,0.305427,0.198188,0.239031,0.216508,0.202291,0.253052,0.232929,0.223862,0.232175,SYNTHETIC_SCHEMA_FAITHFUL
GEO-000347,Kandri,Maharashtra,Nagpur,21.4125,79.266667,OFFICIAL_PUBLISHED_MINE_LOCATION,Biotite gneiss,95.75,96.21,0.46,3.37,204.48,HIVRA_STYLE,13.13,17.08,,6.47,53.24,1.142,0.226,9.58,4.09,2.12,,0.200879,0.305187,0.244383,0.219175,0.202537,0.231303,0.24574,0.222786,0.217713,0.214037,SYNTHETIC_SCHEMA_FAITHFUL
GEO-000348,Kandri,Maharashtra,Nagpur,21.4125,79.266667,OFFICIAL_PUBLISHED_MINE_LOCATION,Biotite gneiss,72.65,73.69,1.04,3.423,403.54,MANDRI_STYLE,19.63,,5.04,32.01,48.21,1.18,,,,,16.96,0.108234,0.170482,0.15777,0.130993,0.181124,0.177793,0.18091,0.128632,0.130058,0.130116,SYNTHETIC_SCHEMA_FAITHFUL
GEO-000349,Kandri,Maharashtra,Nagpur,21.4125,79.266667,OFFICIAL_PUBLISHED_MINE_LOCATION,Mn ore,108.1,108.61,0.51,3.441,121.01,HIVRA_STYLE,22.11,28.62,,6.4,42.7,0.555,0.347,9.78,4.48,2.46,,0.103537,0.191803,0.129893,0.113468,0.138792,0.113395,0.143191,0.111527,0.139175,0.121476,SYNTHETIC_SCHEMA_FAITHFUL
GEO-000350,Kandri,Maharashtra,Nagpur,21.4125,79.266667,OFFICIAL_PUBLISHED_MINE_LOCATION,Calc-silicate rock,25.18,27.03,1.85,3.433,122.92,MANDRI_STYLE,12.66,,3.96,25.78,44.23,1.112,,,,,14.23,0.154742,0.250629,0.181505,0.136931,0.182981,0.167964,0.187542,0.19502,0.177794,0.184161,SYNTHETIC_SCHEMA_FAITHFUL
GEO-000351,Kandri,Maharashtra,Nagpur,21.4125,79.266667,OFFICIAL_PUBLISHED_MINE_LOCATION,Quartz-mica schist,5.26,5.85,0.59,3.401,109.04,MANDRI_STYLE,41.22,,18.91,14.95,24.22,0.253,,,,,14.92,0.195378,0.252488,0.201428,0.185038,0.260616,0.18115,0.194247,0.176237,0.203872,0.191822,SYNTHETIC_SCHEMA_FAITHFUL
GEO-000352,Kandri,Maharashtra,Nagpur,21.4125,79.266667,OFFICIAL_PUBLISHED_MINE_LOCATION,Biotite gneiss,118.9,124.75,5.85,3.384,86.54,MANDRI_STYLE,30.26,,21.59,16.56,35.41,1.152,,,,,13.66,0.17409,0.255112,0.197213,0.15446,0.216126,0.165552,0.228906,0.217376,0.185161,0.199745,SYNTHETIC_SCHEMA_FAITHFUL
GEO-000353,Kandri,Maharashtra,Nagpur,21.4125,79.266667,OFFICIAL_PUBLISHED_MINE_LOCATION,Quartz-biotite-muscovite schist,113.4,113.86,0.45,3.466,304.66,HIVRA_STYLE,24.96,32.13,,16.86,28.21,0.378,0.283,7.96,3.1,3.5,,0.204709,0.262073,0.215521,0.192615,0.25059,0.226267,0.22354,0.214509,0.226585,0.214295,SYNTHETIC_SCHEMA_FAITHFUL
GEO-000354,Kandri,Maharashtra,Nagpur,21.4125,79.266667,OFFICIAL_PUBLISHED_MINE_LOCATION,Quartz-mica schist,43.8,44.9,1.1,3.401,104.28,HIVRA_STYLE,31.98,41.26,,13.34,30.88,1.402,0.557,5.72,3.07,2.43,,0.16118,0.300361,0.251707,0.164133,0.24056,0.206179,0.246605,0.209583,0.253729,0.229676,SYNTHETIC_SCHEMA_FAITHFUL
GEO-000355,Kandri,Maharashtra,Nagpur,21.4125,79.266667,OFFICIAL_PUBLISHED_MINE_LOCATION,Biotite gneiss,43.04,45.99,2.95,3.429,162.26,HIVRA_STYLE,36.28,47.07,,8.23,29.52,2.407,0.384,3.0,2.03,2.49,,0.087542,0.183658,0.137264,0.129093,0.137129,0.14482,0.114969,0.115727,0.111799,0.107782,SYNTHETIC_SCHEMA_FAITHFUL
GEO-000356,Kandri,Maharashtra,Nagpur,21.4125,79.266667,OFFICIAL_PUBLISHED_MINE_LOCATION,Quartz-mica schist,46.4,49.22,2.81,3.428,268.22,HIVRA_STYLE,41.77,53.75,,9.08,16.03,1.45,0.35,6.61,3.21,2.2,,0.228202,0.332071,0.280526,0.246141,0.264147,0.25931,0.313326,0.26799,0.278437,0.305827,SYNTHETIC_SCHEMA_FAITHFUL
GEO-000357,Kandri,Maharashtra,Nagpur,21.4125,79.266667,OFFICIAL_PUBLISHED_MINE_LOCATION,Biotite gneiss,70.03,71.24,1.21,3.463,307.55,HIVRA_STYLE,36.43,47.3,,9.56,27.8,0.816,0.41,7.0,3.59,1.86,,0.134819,0.198161,0.170424,0.123383,0.174646,0.186407,0.181193,0.150631,0.177665,0.188245,SYNTHETIC_SCHEMA_FAITHFUL
GEO-000358,Kandri,Maharashtra,Nagpur,21.4125,79.266667,OFFICIAL_PUBLISHED_MINE_LOCATION,Calc-silicate rock,64.57,65.79,1.22,3.426,80.56,MANDRI_STYLE,28.36,,7.76,18.31,48.79,0.727,,,,,15.14,0.152328,0.230167,0.23075,0.131228,0.196543,0.170187,0.228077,0.159336,0.160321,0.178198,SYNTHETIC_SCHEMA_FAITHFUL
GEO-000359,Kandri,Maharashtra,Nagpur,21.4125,79.266667,OFFICIAL_PUBLISHED_MINE_LOCATION,Gondite,59.93,61.14,1.2,3.419,342.6,MANDRI_STYLE,41.55,,17.4,20.46,28.26,1.438,,,,,10.24,0.08033,0.120708,0.129037,0.112098,0.12636,0.066172,0.11783,0.095759,0.124213,0.091031,SYNTHETIC_SCHEMA_FAITHFUL
GEO-000360,Kandri,Maharashtra,Nagpur,21.4125,79.266667,OFFICIAL_PUBLISHED_MINE_LOCATION,Mn ore,48.13,49.77,1.64,3.44,135.1,HIVRA_STYLE,13.3,17.2,,12.02,50.11,0.922,0.304,6.1,3.56,2.62,,0.118471,0.151998,0.071621,0.10176,0.076263,0.124545,0.098675,0.135936,0.12635,0.119411,SYNTHETIC_SCHEMA_FAITHFUL
GEO-000361,Kandri,Maharashtra,Nagpur,21.4125,79.266667,OFFICIAL_PUBLISHED_MINE_LOCATION,Quartzite,47.04,53.54,6.5,3.673,320.14,HIVRA_STYLE,28.95,37.15,,5.42,40.97,0.978,0.311,8.71,3.79,1.54,,0.119399,0.194598,0.146719,0.10833,0.161634,0.149758,0.127556,0.122113,0.148987,0.08507,SYNTHETIC_SCHEMA_FAITHFUL
GEO-000362,Kandri,Maharashtra,Nagpur,21.4125,79.266667,OFFICIAL_PUBLISHED_MINE_LOCATION,Biotite gneiss,65.97,67.33,1.36,3.43,159.28,MANDRI_STYLE,17.7,,13.14,23.49,38.33,3.009,,,,,19.59,0.150772,0.232733,0.164309,0.110973,0.165169,0.188445,0.169381,0.182615,0.136112,0.114384,SYNTHETIC_SCHEMA_FAITHFUL
GEO-000363,Kandri,Maharashtra,Nagpur,21.4125,79.266667,OFFICIAL_PUBLISHED_MINE_LOCATION,Gondite,37.6,39.06,1.47,3.68,75.0,HIVRA_STYLE,21.02,27.43,,11.34,47.22,1.044,0.303,6.59,3.41,1.78,,0.219682,0.26566,0.239773,0.236659,0.253362,0.221122,0.278616,0.260372,0.27473,0.224653,SYNTHETIC_SCHEMA_FAITHFUL
GEO-000364,Kandri,Maharashtra,Nagpur,21.4125,79.266667,OFFICIAL_PUBLISHED_MINE_LOCATION,Gondite,51.71,53.92,2.21,3.495,188.73,HIVRA_STYLE,29.13,37.59,,7.53,35.73,0.779,0.407,8.14,3.59,1.31,,0.160661,0.247373,0.171264,0.139789,0.193507,0.169012,0.200541,0.156502,0.200305,0.191438,SYNTHETIC_SCHEMA_FAITHFUL
GEO-000365,Kandri,Maharashtra,Nagpur,21.4125,79.266667,OFFICIAL_PUBLISHED_MINE_LOCATION,Gondite,250.0,251.19,1.19,3.425,272.19,MANDRI_STYLE,15.51,,12.54,23.52,10.44,0.907,,,,,7.14,0.119923,0.157236,0.160075,0.103252,0.130904,0.146274,0.144124,0.150491,0.115878,0.118368,SYNTHETIC_SCHEMA_FAITHFUL
GEO-000366,Kandri,Maharashtra,Nagpur,21.4125,79.266667,OFFICIAL_PUBLISHED_MINE_LOCATION,Mn ore,62.84,64.14,1.3,3.435,120.96,HIVRA_STYLE,26.9,34.64,,11.12,33.39,1.096,0.274,7.95,3.64,2.69,,0.082017,0.134669,0.103097,0.057656,0.084224,0.083074,0.130293,0.081148,0.121445,0.077625,SYNTHETIC_SCHEMA_FAITHFUL
GEO-000367,Kandri,Maharashtra,Nagpur,21.4125,79.266667,OFFICIAL_PUBLISHED_MINE_LOCATION,Biotite gneiss,44.3,45.42,1.12,3.398,371.59,HIVRA_STYLE,31.05,40.28,,6.1,30.66,1.604,0.272,9.46,3.53,1.98,,0.057364,0.130496,0.112399,0.093859,0.09556,0.094202,0.065411,0.072237,0.094275,0.121155,SYNTHETIC_SCHEMA_FAITHFUL
GEO-000368,Kandri,Maharashtra,Nagpur,21.4125,79.266667,OFFICIAL_PUBLISHED_MINE_LOCATION,Quartz-mica schist,143.64,144.1,0.46,3.418,189.19,HIVRA_STYLE,24.86,31.83,,8.66,39.89,1.288,0.455,7.61,3.39,1.62,,0.150298,0.225933,0.200187,0.125419,0.196627,0.168126,0.173813,0.175215,0.191516,0.179319,SYNTHETIC_SCHEMA_FAITHFUL
GEO-000369,Kandri,Maharashtra,Nagpur,21.4125,79.266667,OFFICIAL_PUBLISHED_MINE_LOCATION,Mn ore,90.6,92.9,2.3,3.449,158.07,HIVRA_STYLE,49.11,63.46,,10.55,10.33,0.649,0.259,5.08,1.78,2.31,,0.131634,0.203958,0.154232,0.123884,0.155511,0.15163,0.180522,0.1595,0.171276,0.16103,SYNTHETIC_SCHEMA_FAITHFUL
GEO-000370,Kandri,Maharashtra,Nagpur,21.4125,79.266667,OFFICIAL_PUBLISHED_MINE_LOCATION,Quartz-biotite-muscovite schist,57.79,59.61,1.82,3.41,436.12,HIVRA_STYLE,16.39,21.28,,6.27,47.21,1.588,0.156,10.68,3.58,3.36,,0.063071,0.162416,0.130277,0.099177,0.107109,0.098408,0.101174,0.083725,0.12889,0.105291,SYNTHETIC_SCHEMA_FAITHFUL
GEO-000371,Kandri,Maharashtra,Nagpur,21.4125,79.266667,OFFICIAL_PUBLISHED_MINE_LOCATION,Gondite,36.09,37.14,1.05,3.377,420.16,HIVRA_STYLE,30.91,39.97,,7.46,35.7,0.546,0.311,6.21,1.76,2.27,,0.173535,0.21607,0.167316,0.11853,0.151369,0.154959,0.162436,0.159933,0.150359,0.149713,SYNTHETIC_SCHEMA_FAITHFUL
GEO-000372,Kandri,Maharashtra,Nagpur,21.4125,79.266667,OFFICIAL_PUBLISHED_MINE_LOCATION,Quartz-mica schist,36.83,38.01,1.18,3.379,459.64,MANDRI_STYLE,42.85,,18.54,26.19,22.77,1.01,,,,,10.26,0.082099,0.094686,0.099606,0.085601,0.071778,0.092478,0.102104,0.071977,0.096927,0.069909,SYNTHETIC_SCHEMA_FAITHFUL
GEO-000373,Kandri,Maharashtra,Nagpur,21.4125,79.266667,OFFICIAL_PUBLISHED_MINE_LOCATION,Mn ore,95.31,95.77,0.46,3.435,334.22,HIVRA_STYLE,39.41,50.9,,5.19,28.73,0.963,0.389,5.93,2.58,1.8,,0.124132,0.159407,0.151246,0.090043,0.169334,0.116461,0.129475,0.083821,0.113608,0.09604,SYNTHETIC_SCHEMA_FAITHFUL
GEO-000374,Kandri,Maharashtra,Nagpur,21.4125,79.266667,OFFICIAL_PUBLISHED_MINE_LOCATION,Quartz-mica schist,30.16,31.74,1.58,3.468,215.87,HIVRA_STYLE,51.55,66.83,,6.43,13.42,0.435,0.394,6.16,2.79,2.16,,0.137466,0.18106,0.179272,0.149321,0.188502,0.155643,0.201915,0.165118,0.243781,0.17227,SYNTHETIC_SCHEMA_FAITHFUL
GEO-000375,Kandri,Maharashtra,Nagpur,21.4125,79.266667,OFFICIAL_PUBLISHED_MINE_LOCATION,Mn ore,48.76,50.08,1.32,3.391,163.49,MANDRI_STYLE,38.42,,12.75,12.96,41.87,0.897,,,,,13.06,0.149019,0.193132,0.189078,0.153292,0.167764,0.159976,0.157841,0.143195,0.151199,0.126659,SYNTHETIC_SCHEMA_FAITHFUL
GEO-000376,Kandri,Maharashtra,Nagpur,21.4125,79.266667,OFFICIAL_PUBLISHED_MINE_LOCATION,Quartz-mica schist,108.28,108.84,0.56,3.474,120.96,MANDRI_STYLE,9.74,,2.23,18.61,62.96,1.161,,,,,18.3,0.188735,0.261309,0.246048,0.223566,0.226351,0.220615,0.243062,0.191175,0.220314,0.215182,SYNTHETIC_SCHEMA_FAITHFUL
GEO-000377,Kandri,Maharashtra,Nagpur,21.4125,79.266667,OFFICIAL_PUBLISHED_MINE_LOCATION,Gondite,12.27,12.82,0.55,3.369,170.69,HIVRA_STYLE,17.78,23.16,,11.27,47.43,0.686,0.503,8.03,3.52,2.61,,0.055702,0.121076,0.087671,0.079596,0.102942,0.065549,0.057937,0.076878,0.068515,0.060612,SYNTHETIC_SCHEMA_FAITHFUL
GEO-000378,Kandri,Maharashtra,Nagpur,21.4125,79.266667,OFFICIAL_PUBLISHED_MINE_LOCATION,Gondite,74.99,76.13,1.14,3.433,229.97,HIVRA_STYLE,45.52,58.69,,3.86,14.16,0.867,0.383,9.12,3.71,1.97,,0.177917,0.228058,0.178768,0.124243,0.149279,0.16619,0.204534,0.128325,0.154653,0.160395,SYNTHETIC_SCHEMA_FAITHFUL
GEO-000379,Kandri,Maharashtra,Nagpur,21.4125,79.266667,OFFICIAL_PUBLISHED_MINE_LOCATION,Quartz-biotite-muscovite schist,12.48,13.72,1.24,3.617,215.05,MANDRI_STYLE,12.82,,3.62,30.73,50.23,1.898,,,,,16.02,0.130815,0.169987,0.168941,0.121919,0.157923,0.145685,0.182901,0.15207,0.136352,0.127744,SYNTHETIC_SCHEMA_FAITHFUL
GEO-000380,Kandri,Maharashtra,Nagpur,21.4125,79.266667,OFFICIAL_PUBLISHED_MINE_LOCATION,Quartz-mica schist,33.05,33.52,0.48,3.497,315.14,HIVRA_STYLE,35.85,46.53,,11.62,24.23,0.586,0.265,9.68,2.52,2.61,,0.146273,0.214994,0.217296,0.131262,0.197567,0.167607,0.204864,0.151125,0.174068,0.16178,SYNTHETIC_SCHEMA_FAITHFUL
GEO-000381,Kandri,Maharashtra,Nagpur,21.4125,79.266667,OFFICIAL_PUBLISHED_MINE_LOCATION,Calc-silicate rock,94.17,95.15,0.98,3.387,152.18,HIVRA_STYLE,17.66,22.51,,9.8,53.09,1.956,0.439,3.54,4.89,2.59,,0.193672,0.263919,0.237892,0.22977,0.249223,0.257216,0.207863,0.226999,0.237981,0.239374,SYNTHETIC_SCHEMA_FAITHFUL
GEO-000382,Kandri,Maharashtra,Nagpur,21.4125,79.266667,OFFICIAL_PUBLISHED_MINE_LOCATION,Dolomitic marble,29.3,32.46,3.16,3.627,173.42,HIVRA_STYLE,28.36,36.16,,11.87,30.93,1.328,0.256,6.21,2.81,2.83,,0.142156,0.209393,0.178656,0.146352,0.170663,0.143614,0.16567,0.172236,0.193659,0.16119,SYNTHETIC_SCHEMA_FAITHFUL
GEO-000383,Kandri,Maharashtra,Nagpur,21.4125,79.266667,OFFICIAL_PUBLISHED_MINE_LOCATION,Calc-silicate rock,85.82,92.32,6.5,3.388,397.03,HIVRA_STYLE,31.96,41.5,,10.96,29.82,1.321,0.325,8.43,3.12,2.13,,0.241241,0.284023,0.238103,0.172616,0.252552,0.240439,0.247897,0.23669,0.240604,0.233799,SYNTHETIC_SCHEMA_FAITHFUL
GEO-000384,Kandri,Maharashtra,Nagpur,21.4125,79.266667,OFFICIAL_PUBLISHED_MINE_LOCATION,Mn ore,32.32,35.09,2.77,3.655,137.97,HIVRA_STYLE,29.11,37.55,,9.36,27.28,1.22,0.204,10.42,3.53,2.75,,0.142176,0.211308,0.163067,0.126834,0.149778,0.161125,0.166673,0.113152,0.187245,0.13855,SYNTHETIC_SCHEMA_FAITHFUL
GEO-000385,Kandri,Maharashtra,Nagpur,21.4125,79.266667,OFFICIAL_PUBLISHED_MINE_LOCATION,Biotite gneiss,26.91,28.36,1.46,3.425,283.67,MANDRI_STYLE,18.05,,4.76,21.82,39.71,1.121,,,,,10.55,0.108825,0.105036,0.101183,0.06851,0.090729,0.096676,0.109654,0.081466,0.055563,0.04991,SYNTHETIC_SCHEMA_FAITHFUL
GEO-000386,Kandri,Maharashtra,Nagpur,21.4125,79.266667,OFFICIAL_PUBLISHED_MINE_LOCATION,Mn ore,156.52,157.72,1.2,3.452,115.14,MANDRI_STYLE,43.68,,22.11,14.09,39.18,0.957,,,,,10.49,0.127372,0.10697,0.125228,0.084074,0.135656,0.08622,0.160179,0.122073,0.12257,0.087022,SYNTHETIC_SCHEMA_FAITHFUL
GEO-000387,Kandri,Maharashtra,Nagpur,21.4125,79.266667,OFFICIAL_PUBLISHED_MINE_LOCATION,Mn ore,105.8,107.02,1.21,3.373,102.66,HIVRA_STYLE,28.83,37.14,,12.3,29.71,0.818,0.336,10.67,3.84,2.02,,0.171193,0.282928,0.238025,0.17252,0.224536,0.201472,0.225787,0.168941,0.199143,0.190794,SYNTHETIC_SCHEMA_FAITHFUL
GEO-000388,Kandri,Maharashtra,Nagpur,21.4125,79.266667,OFFICIAL_PUBLISHED_MINE_LOCATION,Mn ore,22.03,28.12,6.08,3.401,537.93,MANDRI_STYLE,43.99,,23.59,33.0,39.12,1.403,,,,,8.54,0.088371,0.15422,0.11951,0.074693,0.13652,0.104495,0.16169,0.104999,0.133477,0.078753,SYNTHETIC_SCHEMA_FAITHFUL
GEO-000389,Kandri,Maharashtra,Nagpur,21.4125,79.266667,OFFICIAL_PUBLISHED_MINE_LOCATION,Gondite,112.15,113.16,1.01,3.425,156.41,HIVRA_STYLE,39.07,50.27,,9.79,18.09,0.843,0.46,6.12,3.72,2.88,,0.104733,0.161901,0.119507,0.066795,0.148173,0.100356,0.115629,0.121102,0.112789,0.097762,SYNTHETIC_SCHEMA_FAITHFUL
GEO-000390,Kandri,Maharashtra,Nagpur,21.4125,79.266667,OFFICIAL_PUBLISHED_MINE_LOCATION,Mn ore,134.42,140.79,6.37,3.393,124.96,HIVRA_STYLE,36.54,47.03,,2.5,29.58,0.67,0.353,9.04,4.16,2.03,,0.165857,0.200244,0.196115,0.085932,0.187393,0.14258,0.19314,0.144905,0.175392,0.177928,SYNTHETIC_SCHEMA_FAITHFUL
GEO-000391,Chikla,Maharashtra,Bhandara,21.54169,79.75545,OFFICIAL_PUBLISHED_EXTENT_ENVELOPE,Quartz-biotite-muscovite schist,76.28,76.76,0.48,3.459,129.58,HIVRA_STYLE,29.84,38.41,,7.34,35.49,0.311,0.382,7.33,3.33,1.65,,0.130199,0.129662,0.115314,0.121119,0.131555,0.144802,0.137173,0.122801,0.14291,0.136652,SYNTHETIC_SCHEMA_FAITHFUL
GEO-000392,Chikla,Maharashtra,Bhandara,21.54169,79.75545,OFFICIAL_PUBLISHED_EXTENT_ENVELOPE,Quartz-mica schist,82.03,83.52,1.49,3.442,301.63,HIVRA_STYLE,43.28,55.85,,9.55,18.46,0.546,0.34,3.0,2.8,2.69,,0.225511,0.313565,0.302799,0.248602,0.295062,0.276491,0.271988,0.276178,0.278435,0.238159,SYNTHETIC_SCHEMA_FAITHFUL
GEO-000393,Chikla,Maharashtra,Bhandara,21.54169,79.75545,OFFICIAL_PUBLISHED_EXTENT_ENVELOPE,Mn ore,95.6,96.69,1.1,3.408,109.26,HIVRA_STYLE,45.96,59.25,,8.0,18.6,0.221,0.259,5.05,3.36,1.5,,0.181674,0.210206,0.197084,0.150585,0.209771,0.132356,0.207739,0.150781,0.191046,0.167273,SYNTHETIC_SCHEMA_FAITHFUL
GEO-000394,Chikla,Maharashtra,Bhandara,21.54169,79.75545,OFFICIAL_PUBLISHED_EXTENT_ENVELOPE,Mn ore,29.71,30.8,1.09,3.446,83.92,HIVRA_STYLE,28.82,37.5,,7.84,36.62,0.44,0.3,7.55,3.77,2.56,,0.074567,0.1101,0.077432,0.033458,0.076038,0.067938,0.109324,0.061055,0.062497,0.084787,SYNTHETIC_SCHEMA_FAITHFUL
GEO-000395,Chikla,Maharashtra,Bhandara,21.54169,79.75545,OFFICIAL_PUBLISHED_EXTENT_ENVELOPE,Gondite,72.04,72.51,0.48,3.381,110.5,HIVRA_STYLE,11.33,14.62,,10.2,54.85,0.493,0.338,8.6,4.26,1.95,,0.176377,0.214547,0.197086,0.167418,0.186275,0.177993,0.185999,0.192991,0.182188,0.207688,SYNTHETIC_SCHEMA_FAITHFUL
GEO-000396,Chikla,Maharashtra,Bhandara,21.54169,79.75545,OFFICIAL_PUBLISHED_EXTENT_ENVELOPE,Quartzite,42.23,42.73,0.5,3.654,277.59,HIVRA_STYLE,13.43,16.78,,10.84,49.7,1.629,0.24,6.83,3.93,3.43,,0.081131,0.100778,0.096861,0.082391,0.080656,0.090296,0.092331,0.050731,0.094412,0.08485,SYNTHETIC_SCHEMA_FAITHFUL
GEO-000397,Chikla,Maharashtra,Bhandara,21.54169,79.75545,OFFICIAL_PUBLISHED_EXTENT_ENVELOPE,Dolomitic marble,106.36,107.5,1.14,3.64,395.91,HIVRA_STYLE,33.77,43.24,,4.65,31.23,0.325,0.375,7.75,2.65,2.2,,0.140971,0.185321,0.129415,0.117482,0.165334,0.124918,0.145519,0.130129,0.157891,0.13361,SYNTHETIC_SCHEMA_FAITHFUL
GEO-000398,Chikla,Maharashtra,Bhandara,21.54169,79.75545,OFFICIAL_PUBLISHED_EXTENT_ENVELOPE,Calc-silicate rock,23.54,24.02,0.47,3.393,198.27,HIVRA_STYLE,41.24,53.33,,13.92,18.41,0.531,0.312,3.3,2.73,1.0,,0.202152,0.265829,0.243403,0.191706,0.235135,0.189198,0.273463,0.20708,0.255529,0.216587,SYNTHETIC_SCHEMA_FAITHFUL
GEO-000399,Chikla,Maharashtra,Bhandara,21.54169,79.75545,OFFICIAL_PUBLISHED_EXTENT_ENVELOPE,Mn ore,60.74,66.46,5.72,3.423,199.95,HIVRA_STYLE,32.14,41.52,,10.4,30.19,0.431,0.459,10.2,3.98,1.64,,0.209747,0.214541,0.265843,0.204844,0.20557,0.192773,0.199886,0.235009,0.221749,0.200217,SYNTHETIC_SCHEMA_FAITHFUL
GEO-000400,Chikla,Maharashtra,Bhandara,21.54169,79.75545,OFFICIAL_PUBLISHED_EXTENT_ENVELOPE,Dolomitic marble,11.28,13.59,2.32,3.49,542.85,HIVRA_STYLE,15.54,19.76,,14.94,48.34,0.84,0.473,8.4,3.55,2.96,,0.272808,0.342582,0.31141,0.259738,0.30351,0.282276,0.324931,0.282014,0.298171,0.276795,SYNTHETIC_SCHEMA_FAITHFUL
GEO-000401,Chikla,Maharashtra,Bhandara,21.54169,79.75545,OFFICIAL_PUBLISHED_EXTENT_ENVELOPE,Calc-silicate rock,14.66,16.28,1.62,3.391,407.5,MANDRI_STYLE,27.78,,7.07,19.46,30.31,0.959,,,,,12.3,0.142063,0.200897,0.138314,0.1141,0.127838,0.133284,0.155306,0.121763,0.112897,0.14082,SYNTHETIC_SCHEMA_FAITHFUL
GEO-000402,Chikla,Maharashtra,Bhandara,21.54169,79.75545,OFFICIAL_PUBLISHED_EXTENT_ENVELOPE,Quartz-biotite-muscovite schist,77.55,78.04,0.49,3.465,299.01,HIVRA_STYLE,33.1,42.71,,8.55,27.69,0.384,0.231,11.44,3.03,3.35,,0.14523,0.214417,0.164987,0.133502,0.151506,0.14439,0.169429,0.150888,0.140072,0.168554,SYNTHETIC_SCHEMA_FAITHFUL
GEO-000403,Chikla,Maharashtra,Bhandara,21.54169,79.75545,OFFICIAL_PUBLISHED_EXTENT_ENVELOPE,Mn ore,22.74,28.55,5.82,3.446,248.03,MANDRI_STYLE,25.12,,10.22,10.07,45.86,0.556,,,,,13.44,0.212358,0.293558,0.276174,0.200249,0.290214,0.271499,0.24921,0.248684,0.314652,0.289364,SYNTHETIC_SCHEMA_FAITHFUL
GEO-000404,Chikla,Maharashtra,Bhandara,21.54169,79.75545,OFFICIAL_PUBLISHED_EXTENT_ENVELOPE,Mn ore,87.71,89.42,1.71,3.419,348.49,HIVRA_STYLE,43.25,55.62,,10.78,20.31,0.436,0.29,3.0,3.48,2.19,,0.09123,0.159276,0.128894,0.058835,0.092894,0.08503,0.167534,0.121161,0.15183,0.100285,SYNTHETIC_SCHEMA_FAITHFUL
GEO-000405,Chikla,Maharashtra,Bhandara,21.54169,79.75545,OFFICIAL_PUBLISHED_EXTENT_ENVELOPE,Biotite gneiss,42.47,45.27,2.8,3.364,115.7,HIVRA_STYLE,29.57,38.32,,5.21,31.56,0.946,0.305,11.28,3.45,2.3,,0.087666,0.166722,0.115187,0.108988,0.132657,0.092698,0.12531,0.104823,0.101264,0.092971,SYNTHETIC_SCHEMA_FAITHFUL
GEO-000406,Chikla,Maharashtra,Bhandara,21.54169,79.75545,OFFICIAL_PUBLISHED_EXTENT_ENVELOPE,Dolomitic marble,143.35,144.41,1.06,3.486,97.86,HIVRA_STYLE,24.63,31.72,,12.54,30.77,2.219,0.207,8.49,4.59,2.7,,0.098383,0.164785,0.167557,0.128041,0.118628,0.129067,0.166206,0.121058,0.134071,0.124555,SYNTHETIC_SCHEMA_FAITHFUL
GEO-000407,Chikla,Maharashtra,Bhandara,21.54169,79.75545,OFFICIAL_PUBLISHED_EXTENT_ENVELOPE,Gondite,73.89,75.18,1.29,3.67,337.81,MANDRI_STYLE,19.35,,1.0,25.75,41.79,0.958,,,,,16.28,0.146477,0.159131,0.13132,0.094483,0.159791,0.11013,0.163602,0.153913,0.148915,0.132513,SYNTHETIC_SCHEMA_FAITHFUL
GEO-000408,Chikla,Maharashtra,Bhandara,21.54169,79.75545,OFFICIAL_PUBLISHED_EXTENT_ENVELOPE,Calc-silicate rock,106.75,108.3,1.55,3.418,158.37,HIVRA_STYLE,36.72,47.68,,8.24,23.89,0.622,0.37,5.64,3.88,2.11,,0.153017,0.259542,0.203069,0.142549,0.165685,0.133452,0.147785,0.17081,0.177459,0.147395,SYNTHETIC_SCHEMA_FAITHFUL
GEO-000409,Chikla,Maharashtra,Bhandara,21.54169,79.75545,OFFICIAL_PUBLISHED_EXTENT_ENVELOPE,Mn ore,80.53,81.0,0.47,3.448,244.56,MANDRI_STYLE,37.9,,26.15,26.55,34.86,0.522,,,,,17.29,0.09163,0.211574,0.175802,0.091171,0.150862,0.108893,0.171727,0.120061,0.142634,0.105203,SYNTHETIC_SCHEMA_FAITHFUL
GEO-000410,Chikla,Maharashtra,Bhandara,21.54169,79.75545,OFFICIAL_PUBLISHED_EXTENT_ENVELOPE,Mn ore,60.22,62.3,2.08,3.486,368.13,HIVRA_STYLE,41.66,54.13,,7.29,26.53,0.791,0.523,4.9,2.74,2.37,,0.071016,0.125875,0.108631,0.092845,0.096446,0.106889,0.126868,0.081886,0.09871,0.061166,SYNTHETIC_SCHEMA_FAITHFUL
GEO-000411,Chikla,Maharashtra,Bhandara,21.54169,79.75545,OFFICIAL_PUBLISHED_EXTENT_ENVELOPE,Quartzite,41.68,43.42,1.74,3.399,139.72,HIVRA_STYLE,21.61,27.98,,11.49,36.3,1.258,0.381,11.42,3.12,2.62,,0.107988,0.196053,0.178067,0.151098,0.144888,0.117995,0.167531,0.111676,0.157073,0.13065,SYNTHETIC_SCHEMA_FAITHFUL
GEO-000412,Chikla,Maharashtra,Bhandara,21.54169,79.75545,OFFICIAL_PUBLISHED_EXTENT_ENVELOPE,Gondite,95.18,96.75,1.57,3.663,128.35,MANDRI_STYLE,28.67,,16.49,20.8,37.01,2.376,,,,,7.95,0.150019,0.24987,0.19321,0.205116,0.202665,0.17767,0.234802,0.204702,0.222054,0.170084,SYNTHETIC_SCHEMA_FAITHFUL
GEO-000413,Chikla,Maharashtra,Bhandara,21.54169,79.75545,OFFICIAL_PUBLISHED_EXTENT_ENVELOPE,Quartzite,11.09,12.5,1.41,3.415,220.25,HIVRA_STYLE,19.64,25.46,,9.55,42.5,2.524,0.19,10.5,3.56,3.02,,0.194931,0.303703,0.286589,0.222785,0.229486,0.200132,0.277485,0.224034,0.215155,0.243628,SYNTHETIC_SCHEMA_FAITHFUL
GEO-000414,Chikla,Maharashtra,Bhandara,21.54169,79.75545,OFFICIAL_PUBLISHED_EXTENT_ENVELOPE,Quartzite,37.26,38.49,1.23,3.396,183.37,HIVRA_STYLE,35.34,45.62,,7.73,25.48,1.181,0.53,9.83,3.78,3.09,,0.163609,0.223049,0.213953,0.126127,0.196893,0.185146,0.203706,0.170716,0.212737,0.19344,SYNTHETIC_SCHEMA_FAITHFUL
GEO-000415,Chikla,Maharashtra,Bhandara,21.54169,79.75545,OFFICIAL_PUBLISHED_EXTENT_ENVELOPE,Quartz-mica schist,153.65,154.77,1.12,3.398,157.84,MANDRI_STYLE,24.74,,14.3,3.56,27.63,1.459,,,,,16.78,0.271103,0.349019,0.311742,0.240612,0.276908,0.292012,0.302969,0.26443,0.350474,0.294727,SYNTHETIC_SCHEMA_FAITHFUL
GEO-000416,Chikla,Maharashtra,Bhandara,21.54169,79.75545,OFFICIAL_PUBLISHED_EXTENT_ENVELOPE,Dolomitic marble,21.32,22.77,1.45,3.412,491.02,HIVRA_STYLE,23.88,30.53,,8.35,40.91,1.077,0.43,10.33,4.68,2.15,,0.168458,0.239986,0.18968,0.153943,0.176659,0.178867,0.207749,0.214603,0.185857,0.174509,SYNTHETIC_SCHEMA_FAITHFUL
GEO-000417,Chikla,Maharashtra,Bhandara,21.54169,79.75545,OFFICIAL_PUBLISHED_EXTENT_ENVELOPE,Quartz-mica schist,90.54,92.02,1.48,3.455,218.67,HIVRA_STYLE,25.84,33.04,,13.36,33.76,1.737,0.281,5.76,4.07,1.58,,0.170434,0.182742,0.162919,0.138182,0.211674,0.15228,0.193129,0.169077,0.164573,0.174437,SYNTHETIC_SCHEMA_FAITHFUL
GEO-000418,Chikla,Maharashtra,Bhandara,21.54169,79.75545,OFFICIAL_PUBLISHED_EXTENT_ENVELOPE,Mn ore,48.54,49.77,1.22,3.428,133.78,HIVRA_STYLE,21.2,27.33,,9.23,46.07,1.217,0.259,5.53,3.54,2.67,,0.187096,0.252093,0.260146,0.188836,0.190391,0.215948,0.255533,0.200475,0.241036,0.224167,SYNTHETIC_SCHEMA_FAITHFUL
GEO-000419,Chikla,Maharashtra,Bhandara,21.54169,79.75545,OFFICIAL_PUBLISHED_EXTENT_ENVELOPE,Biotite gneiss,18.68,20.75,2.07,3.45,288.4,HIVRA_STYLE,20.85,26.63,,15.27,36.53,2.507,0.197,5.63,2.97,3.49,,0.132708,0.263079,0.178595,0.166866,0.18962,0.14018,0.173123,0.180422,0.196336,0.183965,SYNTHETIC_SCHEMA_FAITHFUL
GEO-000420,Chikla,Maharashtra,Bhandara,21.54169,79.75545,OFFICIAL_PUBLISHED_EXTENT_ENVELOPE,Quartz-biotite-muscovite schist,43.39,46.56,3.17,3.425,135.01,MANDRI_STYLE,35.52,,19.37,18.48,24.85,2.27,,,,,13.85,0.081993,0.166266,0.102425,0.073703,0.142362,0.090832,0.12197,0.071844,0.086402,0.054612,SYNTHETIC_SCHEMA_FAITHFUL
GEO-000421,Chikla,Maharashtra,Bhandara,21.54169,79.75545,OFFICIAL_PUBLISHED_EXTENT_ENVELOPE,Quartzite,49.3,50.49,1.19,3.422,241.33,MANDRI_STYLE,11.62,,7.4,26.25,55.52,1.621,,,,,14.85,0.108215,0.165499,0.134227,0.056565,0.116617,0.102067,0.110567,0.114373,0.084223,0.116003,SYNTHETIC_SCHEMA_FAITHFUL
GEO-000422,Chikla,Maharashtra,Bhandara,21.54169,79.75545,OFFICIAL_PUBLISHED_EXTENT_ENVELOPE,Dolomitic marble,26.49,29.02,2.52,3.367,153.6,HIVRA_STYLE,21.14,27.19,,8.77,48.99,2.161,0.301,4.31,4.05,1.96,,0.123933,0.185731,0.160758,0.121802,0.168611,0.161095,0.154225,0.145857,0.159973,0.127928,SYNTHETIC_SCHEMA_FAITHFUL
GEO-000423,Chikla,Maharashtra,Bhandara,21.54169,79.75545,OFFICIAL_PUBLISHED_EXTENT_ENVELOPE,Gondite,19.41,20.39,0.97,3.635,92.66,HIVRA_STYLE,26.47,34.22,,8.86,33.84,1.021,0.216,9.55,3.83,2.86,,0.101672,0.13518,0.09886,0.104208,0.106999,0.078347,0.110722,0.095491,0.117089,0.09638,SYNTHETIC_SCHEMA_FAITHFUL
GEO-000424,Chikla,Maharashtra,Bhandara,21.54169,79.75545,OFFICIAL_PUBLISHED_EXTENT_ENVELOPE,Quartz-mica schist,81.97,83.2,1.23,3.404,403.24,HIVRA_STYLE,27.48,35.59,,9.03,35.75,1.688,0.428,9.78,3.85,3.07,,0.207284,0.219519,0.200156,0.124376,0.154524,0.182049,0.205136,0.164054,0.194447,0.183397,SYNTHETIC_SCHEMA_FAITHFUL
GEO-000425,Chikla,Maharashtra,Bhandara,21.54169,79.75545,OFFICIAL_PUBLISHED_EXTENT_ENVELOPE,Quartzite,183.71,184.26,0.54,3.413,302.26,HIVRA_STYLE,30.75,39.7,,2.5,42.79,1.622,0.467,6.92,2.93,1.57,,0.059627,0.165136,0.103645,0.101597,0.091335,0.077675,0.136661,0.094337,0.100495,0.07893,SYNTHETIC_SCHEMA_FAITHFUL
GEO-000426,Chikla,Maharashtra,Bhandara,21.54169,79.75545,OFFICIAL_PUBLISHED_EXTENT_ENVELOPE,Mn ore,7.58,10.39,2.8,3.448,128.07,HIVRA_STYLE,33.78,43.82,,6.12,34.81,1.262,0.423,6.25,2.58,1.35,,0.081044,0.153103,0.125377,0.064789,0.114031,0.079872,0.10119,0.093942,0.114625,0.084588,SYNTHETIC_SCHEMA_FAITHFUL
GEO-000427,Chikla,Maharashtra,Bhandara,21.54169,79.75545,OFFICIAL_PUBLISHED_EXTENT_ENVELOPE,Biotite gneiss,168.13,169.34,1.21,3.387,151.48,HIVRA_STYLE,26.04,33.74,,9.96,40.1,1.225,0.206,5.8,3.0,2.53,,0.106863,0.16822,0.166542,0.097052,0.111132,0.115454,0.128554,0.098121,0.130735,0.091711,SYNTHETIC_SCHEMA_FAITHFUL
GEO-000428,Chikla,Maharashtra,Bhandara,21.54169,79.75545,OFFICIAL_PUBLISHED_EXTENT_ENVELOPE,Mn ore,65.55,68.42,2.87,3.461,110.56,HIVRA_STYLE,19.72,25.67,,8.44,49.34,0.803,0.167,6.35,3.52,2.15,,0.154794,0.190808,0.180485,0.135513,0.153104,0.166937,0.177601,0.167273,0.185706,0.161661,SYNTHETIC_SCHEMA_FAITHFUL
GEO-000429,Chikla,Maharashtra,Bhandara,21.54169,79.75545,OFFICIAL_PUBLISHED_EXTENT_ENVELOPE,Gondite,40.73,42.0,1.28,3.406,203.92,MANDRI_STYLE,39.01,,26.02,30.8,36.42,0.564,,,,,10.96,0.150499,0.244777,0.18272,0.130181,0.17285,0.153708,0.173424,0.130063,0.150585,0.14869,SYNTHETIC_SCHEMA_FAITHFUL
GEO-000430,Chikla,Maharashtra,Bhandara,21.54169,79.75545,OFFICIAL_PUBLISHED_EXTENT_ENVELOPE,Quartz-mica schist,172.04,173.9,1.87,3.387,563.44,HIVRA_STYLE,26.95,34.68,,11.21,35.04,1.255,0.289,9.41,3.32,3.8,,0.142305,0.18229,0.104296,0.106463,0.157759,0.159359,0.135778,0.134965,0.143368,0.142316,SYNTHETIC_SCHEMA_FAITHFUL
GEO-000431,Chikla,Maharashtra,Bhandara,21.54169,79.75545,OFFICIAL_PUBLISHED_EXTENT_ENVELOPE,Dolomitic marble,44.94,46.2,1.26,3.417,180.08,HIVRA_STYLE,37.11,48.15,,9.93,20.61,0.537,0.17,8.19,3.14,2.26,,0.156959,0.249928,0.218737,0.148435,0.159844,0.172654,0.223499,0.194352,0.24484,0.168965,SYNTHETIC_SCHEMA_FAITHFUL
GEO-000432,Chikla,Maharashtra,Bhandara,21.54169,79.75545,OFFICIAL_PUBLISHED_EXTENT_ENVELOPE,Quartz-biotite-muscovite schist,50.89,52.03,1.13,3.68,321.96,HIVRA_STYLE,33.95,43.58,,9.69,28.86,1.413,0.227,9.5,3.17,2.48,,0.098416,0.185219,0.151726,0.096294,0.125682,0.119166,0.131314,0.087289,0.135676,0.100235,SYNTHETIC_SCHEMA_FAITHFUL
GEO-000433,Chikla,Maharashtra,Bhandara,21.54169,79.75545,OFFICIAL_PUBLISHED_EXTENT_ENVELOPE,Quartz-biotite-muscovite schist,28.06,29.08,1.02,3.632,239.91,MANDRI_STYLE,32.09,,14.74,8.43,55.31,0.639,,,,,18.94,0.199996,0.286711,0.232171,0.172198,0.217668,0.190102,0.219501,0.21097,0.228551,0.168414,SYNTHETIC_SCHEMA_FAITHFUL
GEO-000434,Chikla,Maharashtra,Bhandara,21.54169,79.75545,OFFICIAL_PUBLISHED_EXTENT_ENVELOPE,Dolomitic marble,155.21,158.14,2.93,3.65,457.03,MANDRI_STYLE,17.98,,4.06,4.98,26.03,1.758,,,,,11.98,0.115356,0.188432,0.13851,0.095089,0.137004,0.102223,0.134768,0.139089,0.129632,0.087875,SYNTHETIC_SCHEMA_FAITHFUL
GEO-000435,Chikla,Maharashtra,Bhandara,21.54169,79.75545,OFFICIAL_PUBLISHED_EXTENT_ENVELOPE,Quartzite,45.9,48.44,2.54,3.388,125.83,HIVRA_STYLE,17.95,23.29,,13.68,41.27,1.554,0.369,12.54,3.82,2.25,,0.116888,0.121128,0.104555,0.101348,0.101422,0.08219,0.117225,0.11539,0.11899,0.090282,SYNTHETIC_SCHEMA_FAITHFUL
GEO-000436,Chikla,Maharashtra,Bhandara,21.54169,79.75545,OFFICIAL_PUBLISHED_EXTENT_ENVELOPE,Calc-silicate rock,171.47,172.0,0.53,3.456,131.97,HIVRA_STYLE,47.98,62.21,,12.52,6.89,0.986,0.37,5.64,2.35,1.63,,0.207133,0.317611,0.265323,0.177665,0.222525,0.226074,0.249273,0.18158,0.201961,0.175018,SYNTHETIC_SCHEMA_FAITHFUL
GEO-000437,Chikla,Maharashtra,Bhandara,21.54169,79.75545,OFFICIAL_PUBLISHED_EXTENT_ENVELOPE,Gondite,45.62,46.78,1.16,3.662,116.28,HIVRA_STYLE,10.48,13.49,,2.5,57.49,1.889,0.432,10.37,3.91,2.31,,0.222623,0.238286,0.24055,0.199027,0.230656,0.189375,0.216966,0.224074,0.214701,0.209478,SYNTHETIC_SCHEMA_FAITHFUL
GEO-000438,Chikla,Maharashtra,Bhandara,21.54169,79.75545,OFFICIAL_PUBLISHED_EXTENT_ENVELOPE,Mn ore,28.92,30.44,1.51,3.395,186.52,HIVRA_STYLE,32.07,41.53,,7.84,34.07,0.911,0.306,4.55,3.7,2.29,,0.083729,0.182671,0.115885,0.115794,0.124675,0.114697,0.12258,0.124178,0.144673,0.09248,SYNTHETIC_SCHEMA_FAITHFUL
GEO-000439,Chikla,Maharashtra,Bhandara,21.54169,79.75545,OFFICIAL_PUBLISHED_EXTENT_ENVELOPE,Dolomitic marble,76.56,77.84,1.28,3.429,423.92,HIVRA_STYLE,28.24,36.63,,15.06,34.57,1.206,0.314,5.69,3.63,1.49,,0.145832,0.163034,0.189393,0.127057,0.151451,0.181579,0.184179,0.1597,0.199366,0.131687,SYNTHETIC_SCHEMA_FAITHFUL
GEO-000440,Dongri Buzurg,Maharashtra,Bhandara,21.546128,79.686722,PUBLIC_COPY_OF_MOIL_BOUNDARY_POINT_REPLACE,Gondite,88.04,90.55,2.51,3.675,395.32,HIVRA_STYLE,46.84,60.73,,6.18,15.51,0.824,0.237,8.51,2.66,0.85,,0.081075,0.150616,0.109823,0.042698,0.088044,0.066547,0.114931,0.097652,0.082707,0.062685,SYNTHETIC_SCHEMA_FAITHFUL
GEO-000441,Dongri Buzurg,Maharashtra,Bhandara,21.546128,79.686722,PUBLIC_COPY_OF_MOIL_BOUNDARY_POINT_REPLACE,Mn ore,159.47,161.28,1.81,3.407,486.06,MANDRI_STYLE,47.74,,15.18,16.05,47.56,1.119,,,,,8.97,0.114833,0.167612,0.161527,0.093062,0.162979,0.126875,0.139748,0.133041,0.152924,0.118964,SYNTHETIC_SCHEMA_FAITHFUL
GEO-000442,Dongri Buzurg,Maharashtra,Bhandara,21.546128,79.686722,PUBLIC_COPY_OF_MOIL_BOUNDARY_POINT_REPLACE,Dolomitic marble,85.47,86.56,1.1,3.663,140.0,HIVRA_STYLE,18.15,23.36,,7.95,48.79,0.298,0.293,8.14,4.01,1.19,,0.130449,0.199278,0.178105,0.138843,0.173246,0.156634,0.201402,0.148334,0.166892,0.157225,SYNTHETIC_SCHEMA_FAITHFUL
GEO-000443,Dongri Buzurg,Maharashtra,Bhandara,21.546128,79.686722,PUBLIC_COPY_OF_MOIL_BOUNDARY_POINT_REPLACE,Quartz-mica schist,68.25,69.28,1.04,3.459,216.67,MANDRI_STYLE,23.01,,8.23,25.45,27.11,2.494,,,,,15.26,0.122464,0.160764,0.127746,0.095865,0.101549,0.103944,0.137476,0.087385,0.159672,0.133718,SYNTHETIC_SCHEMA_FAITHFUL
GEO-000444,Dongri Buzurg,Maharashtra,Bhandara,21.546128,79.686722,PUBLIC_COPY_OF_MOIL_BOUNDARY_POINT_REPLACE,Gondite,73.99,77.28,3.29,3.418,667.71,MANDRI_STYLE,46.04,,14.65,14.66,18.11,1.476,,,,,12.08,0.137537,0.176177,0.139933,0.024854,0.12887,0.105082,0.136802,0.124646,0.115612,0.106184,SYNTHETIC_SCHEMA_FAITHFUL
GEO-000445,Dongri Buzurg,Maharashtra,Bhandara,21.546128,79.686722,PUBLIC_COPY_OF_MOIL_BOUNDARY_POINT_REPLACE,Biotite gneiss,58.3,59.56,1.26,3.442,363.12,HIVRA_STYLE,24.29,31.19,,8.62,40.11,2.356,0.305,8.9,2.12,2.62,,0.058009,0.125016,0.056949,0.06698,0.083499,0.034122,0.109206,0.03519,0.075484,0.056044,SYNTHETIC_SCHEMA_FAITHFUL
GEO-000446,Dongri Buzurg,Maharashtra,Bhandara,21.546128,79.686722,PUBLIC_COPY_OF_MOIL_BOUNDARY_POINT_REPLACE,Mn ore,18.19,20.53,2.34,3.386,176.86,HIVRA_STYLE,45.05,58.49,,9.3,10.29,0.635,0.437,6.46,3.86,2.93,,0.081363,0.146351,0.108879,0.088106,0.137716,0.089897,0.104407,0.085237,0.157975,0.100649,SYNTHETIC_SCHEMA_FAITHFUL
GEO-000447,Dongri Buzurg,Maharashtra,Bhandara,21.546128,79.686722,PUBLIC_COPY_OF_MOIL_BOUNDARY_POINT_REPLACE,Quartz-mica schist,176.29,177.48,1.2,3.35,103.87,HIVRA_STYLE,18.77,24.16,,12.98,38.64,2.435,0.306,9.92,3.98,2.72,,0.128015,0.166449,0.150496,0.13059,0.165786,0.141421,0.159375,0.134018,0.098617,0.164224,SYNTHETIC_SCHEMA_FAITHFUL
GEO-000448,Dongri Buzurg,Maharashtra,Bhandara,21.546128,79.686722,PUBLIC_COPY_OF_MOIL_BOUNDARY_POINT_REPLACE,Quartz-biotite-muscovite schist,150.08,153.16,3.08,3.404,429.49,HIVRA_STYLE,45.72,59.18,,9.3,11.68,0.713,0.448,8.68,3.43,2.02,,0.180611,0.286864,0.271382,0.20219,0.264236,0.213456,0.252772,0.196614,0.268695,0.217177,SYNTHETIC_SCHEMA_FAITHFUL
GEO-000449,Dongri Buzurg,Maharashtra,Bhandara,21.546128,79.686722,PUBLIC_COPY_OF_MOIL_BOUNDARY_POINT_REPLACE,Calc-silicate rock,54.67,55.82,1.15,3.388,270.78,MANDRI_STYLE,37.54,,11.2,21.69,24.9,0.824,,,,,6.66,0.187262,0.26639,0.237803,0.200528,0.243585,0.228239,0.209161,0.218529,0.19625,0.208606,SYNTHETIC_SCHEMA_FAITHFUL
GEO-000450,Dongri Buzurg,Maharashtra,Bhandara,21.546128,79.686722,PUBLIC_COPY_OF_MOIL_BOUNDARY_POINT_REPLACE,Gondite,138.67,140.48,1.82,3.406,167.5,HIVRA_STYLE,46.83,60.55,,7.65,14.91,0.667,0.42,7.91,2.1,2.46,,0.116899,0.147119,0.119921,0.095287,0.099757,0.067445,0.138511,0.104014,0.097524,0.117886,SYNTHETIC_SCHEMA_FAITHFUL
GEO-000451,Dongri Buzurg,Maharashtra,Bhandara,21.546128,79.686722,PUBLIC_COPY_OF_MOIL_BOUNDARY_POINT_REPLACE,Mn ore,104.7,110.56,5.86,3.42,150.59,MANDRI_STYLE,22.19,,6.91,34.76,47.77,2.412,,,,,13.81,0.094635,0.152499,0.136263,0.077437,0.094008,0.12137,0.101815,0.111585,0.136522,0.075868,SYNTHETIC_SCHEMA_FAITHFUL
GEO-000452,Dongri Buzurg,Maharashtra,Bhandara,21.546128,79.686722,PUBLIC_COPY_OF_MOIL_BOUNDARY_POINT_REPLACE,Mn ore,78.09,79.08,1.0,3.495,157.45,HIVRA_STYLE,52.19,67.42,,7.58,11.37,0.154,0.338,6.2,2.47,1.39,,0.157995,0.220234,0.198586,0.146864,0.168348,0.140138,0.18754,0.139233,0.173912,0.139978,SYNTHETIC_SCHEMA_FAITHFUL
GEO-000453,Dongri Buzurg,Maharashtra,Bhandara,21.546128,79.686722,PUBLIC_COPY_OF_MOIL_BOUNDARY_POINT_REPLACE,Quartz-mica schist,38.18,38.64,0.46,3.385,127.79,HIVRA_STYLE,26.3,33.91,,10.91,36.32,0.742,0.384,8.34,2.5,2.11,,0.113918,0.162812,0.167956,0.069652,0.151264,0.132905,0.172945,0.133595,0.12985,0.153093,SYNTHETIC_SCHEMA_FAITHFUL
GEO-000454,Dongri Buzurg,Maharashtra,Bhandara,21.546128,79.686722,PUBLIC_COPY_OF_MOIL_BOUNDARY_POINT_REPLACE,Quartz-mica schist,8.3,8.87,0.57,3.396,242.61,HIVRA_STYLE,43.94,56.77,,8.75,15.22,0.545,0.338,9.3,2.54,2.31,,0.144713,0.193205,0.168274,0.124583,0.147251,0.156137,0.17849,0.147595,0.151805,0.096049,SYNTHETIC_SCHEMA_FAITHFUL
GEO-000455,Dongri Buzurg,Maharashtra,Bhandara,21.546128,79.686722,PUBLIC_COPY_OF_MOIL_BOUNDARY_POINT_REPLACE,Dolomitic marble,18.05,18.6,0.55,3.411,107.53,HIVRA_STYLE,11.46,15.06,,12.98,54.6,1.465,0.347,9.53,3.37,1.9,,0.066556,0.144854,0.110872,0.123962,0.127352,0.066267,0.099204,0.082191,0.10669,0.077158,SYNTHETIC_SCHEMA_FAITHFUL
GEO-000456,Dongri Buzurg,Maharashtra,Bhandara,21.546128,79.686722,PUBLIC_COPY_OF_MOIL_BOUNDARY_POINT_REPLACE,Mn ore,55.77,56.32,0.55,3.393,95.75,HIVRA_STYLE,33.73,43.37,,12.68,21.81,1.597,0.223,8.46,3.63,1.87,,0.040732,0.092349,0.094719,0.057971,0.081925,0.072544,0.111678,0.077508,0.077968,0.08938,SYNTHETIC_SCHEMA_FAITHFUL
GEO-000457,Dongri Buzurg,Maharashtra,Bhandara,21.546128,79.686722,PUBLIC_COPY_OF_MOIL_BOUNDARY_POINT_REPLACE,Mn ore,96.14,99.37,3.23,3.427,116.33,HIVRA_STYLE,36.62,47.43,,6.4,25.06,1.033,0.218,7.37,3.13,2.35,,0.200103,0.243021,0.242746,0.202053,0.265686,0.188056,0.224259,0.234468,0.211784,0.209566,SYNTHETIC_SCHEMA_FAITHFUL
GEO-000458,Dongri Buzurg,Maharashtra,Bhandara,21.546128,79.686722,PUBLIC_COPY_OF_MOIL_BOUNDARY_POINT_REPLACE,Quartz-biotite-muscovite schist,69.91,71.57,1.66,3.412,262.09,HIVRA_STYLE,21.3,27.32,,7.41,47.47,1.341,0.256,6.16,2.74,2.54,,0.120346,0.137073,0.146391,0.127776,0.147014,0.104867,0.09608,0.0924,0.119421,0.134743,SYNTHETIC_SCHEMA_FAITHFUL
GEO-000459,Dongri Buzurg,Maharashtra,Bhandara,21.546128,79.686722,PUBLIC_COPY_OF_MOIL_BOUNDARY_POINT_REPLACE,Mn ore,24.88,27.72,2.84,3.42,435.54,MANDRI_STYLE,47.24,,23.27,8.82,41.19,0.584,,,,,9.07,0.160638,0.211177,0.191277,0.111806,0.186956,0.145428,0.163172,0.186873,0.200205,0.141313,SYNTHETIC_SCHEMA_FAITHFUL
GEO-000460,Dongri Buzurg,Maharashtra,Bhandara,21.546128,79.686722,PUBLIC_COPY_OF_MOIL_BOUNDARY_POINT_REPLACE,Gondite,40.63,41.71,1.08,3.389,328.7,HIVRA_STYLE,48.96,63.17,,9.16,13.97,1.15,0.141,6.23,2.99,2.02,,0.07472,0.153072,0.099227,0.069884,0.105001,0.0767,0.115916,0.09438,0.117705,0.077685,SYNTHETIC_SCHEMA_FAITHFUL
GEO-000461,Dongri Buzurg,Maharashtra,Bhandara,21.546128,79.686722,PUBLIC_COPY_OF_MOIL_BOUNDARY_POINT_REPLACE,Quartz-mica schist,6.24,12.19,5.95,3.41,325.26,MANDRI_STYLE,25.11,,7.75,20.36,33.03,0.45,,,,,12.67,0.190637,0.271027,0.216821,0.171557,0.200568,0.189925,0.221005,0.220929,0.217507,0.225499,SYNTHETIC_SCHEMA_FAITHFUL
GEO-000462,Dongri Buzurg,Maharashtra,Bhandara,21.546128,79.686722,PUBLIC_COPY_OF_MOIL_BOUNDARY_POINT_REPLACE,Quartz-biotite-muscovite schist,99.22,101.15,1.93,3.449,164.42,MANDRI_STYLE,39.96,,12.79,15.75,47.68,0.542,,,,,7.0,0.13829,0.217717,0.148829,0.087519,0.204334,0.159306,0.166169,0.162677,0.224266,0.163594,SYNTHETIC_SCHEMA_FAITHFUL
GEO-000463,Dongri Buzurg,Maharashtra,Bhandara,21.546128,79.686722,PUBLIC_COPY_OF_MOIL_BOUNDARY_POINT_REPLACE,Mn ore,33.49,34.83,1.34,3.423,127.36,HIVRA_STYLE,38.58,50.06,,5.97,28.38,0.586,0.423,7.75,3.09,2.19,,0.093854,0.151247,0.090407,0.123833,0.103115,0.102803,0.136791,0.093204,0.11162,0.09535,SYNTHETIC_SCHEMA_FAITHFUL
GEO-000464,Dongri Buzurg,Maharashtra,Bhandara,21.546128,79.686722,PUBLIC_COPY_OF_MOIL_BOUNDARY_POINT_REPLACE,Quartzite,62.4,65.15,2.76,3.418,289.11,HIVRA_STYLE,33.28,42.8,,8.35,30.94,1.442,0.334,7.38,2.83,1.36,,0.114235,0.203203,0.136113,0.089517,0.162691,0.110212,0.173847,0.109852,0.166635,0.131719,SYNTHETIC_SCHEMA_FAITHFUL
GEO-000465,Dongri Buzurg,Maharashtra,Bhandara,21.546128,79.686722,PUBLIC_COPY_OF_MOIL_BOUNDARY_POINT_REPLACE,Mn ore,12.49,14.16,1.67,3.408,506.5,HIVRA_STYLE,39.54,51.09,,6.34,22.0,0.488,0.251,10.14,3.73,2.6,,0.060474,0.121997,0.115302,0.068226,0.096527,0.065944,0.112824,0.118325,0.10462,0.095964,SYNTHETIC_SCHEMA_FAITHFUL
GEO-000466,Dongri Buzurg,Maharashtra,Bhandara,21.546128,79.686722,PUBLIC_COPY_OF_MOIL_BOUNDARY_POINT_REPLACE,Biotite gneiss,214.0,214.42,0.42,3.476,184.67,MANDRI_STYLE,46.46,,16.76,31.49,17.99,0.651,,,,,11.4,0.205701,0.305391,0.267692,0.183017,0.24603,0.238317,0.239486,0.256779,0.251832,0.212203,SYNTHETIC_SCHEMA_FAITHFUL
GEO-000467,Dongri Buzurg,Maharashtra,Bhandara,21.546128,79.686722,PUBLIC_COPY_OF_MOIL_BOUNDARY_POINT_REPLACE,Gondite,49.77,50.22,0.45,3.414,199.78,HIVRA_STYLE,25.72,33.47,,5.58,45.01,1.25,0.342,5.92,3.82,3.57,,0.118888,0.169671,0.126976,0.088567,0.150955,0.143206,0.149244,0.095058,0.149933,0.129737,SYNTHETIC_SCHEMA_FAITHFUL
GEO-000468,Dongri Buzurg,Maharashtra,Bhandara,21.546128,79.686722,PUBLIC_COPY_OF_MOIL_BOUNDARY_POINT_REPLACE,Biotite gneiss,109.61,110.54,0.93,3.669,102.2,HIVRA_STYLE,37.09,48.16,,7.73,27.38,1.188,0.418,4.66,3.86,2.17,,0.154641,0.160304,0.160346,0.08739,0.159764,0.121797,0.172277,0.11713,0.163832,0.13436,SYNTHETIC_SCHEMA_FAITHFUL
GEO-000469,Dongri Buzurg,Maharashtra,Bhandara,21.546128,79.686722,PUBLIC_COPY_OF_MOIL_BOUNDARY_POINT_REPLACE,Calc-silicate rock,92.82,94.52,1.7,3.444,127.55,HIVRA_STYLE,19.09,24.82,,11.75,44.04,1.414,0.267,5.35,4.67,3.68,,0.130581,0.195305,0.163191,0.150923,0.155635,0.162861,0.177648,0.143973,0.14617,0.155932,SYNTHETIC_SCHEMA_FAITHFUL
GEO-000470,Dongri Buzurg,Maharashtra,Bhandara,21.546128,79.686722,PUBLIC_COPY_OF_MOIL_BOUNDARY_POINT_REPLACE,Biotite gneiss,46.47,52.58,6.11,3.449,171.8,MANDRI_STYLE,20.75,,11.29,17.79,39.86,2.245,,,,,13.01,0.161027,0.240261,0.175696,0.14442,0.190375,0.177579,0.2021,0.171553,0.166546,0.185746,SYNTHETIC_SCHEMA_FAITHFUL
GEO-000471,Dongri Buzurg,Maharashtra,Bhandara,21.546128,79.686722,PUBLIC_COPY_OF_MOIL_BOUNDARY_POINT_REPLACE,Mn ore,21.7,27.91,6.21,3.426,201.61,HIVRA_STYLE,23.39,29.92,,8.19,38.25,0.473,0.332,10.52,3.14,2.79,,0.097648,0.14133,0.095377,0.101468,0.103763,0.101529,0.10874,0.092945,0.147285,0.116034,SYNTHETIC_SCHEMA_FAITHFUL
GEO-000472,Dongri Buzurg,Maharashtra,Bhandara,21.546128,79.686722,PUBLIC_COPY_OF_MOIL_BOUNDARY_POINT_REPLACE,Mn ore,93.35,93.83,0.48,3.423,167.21,HIVRA_STYLE,27.52,35.35,,10.71,32.51,1.2,0.427,8.59,4.04,2.0,,0.138887,0.177681,0.161904,0.12853,0.168537,0.093535,0.198459,0.174405,0.209575,0.172492,SYNTHETIC_SCHEMA_FAITHFUL
GEO-000473,Dongri Buzurg,Maharashtra,Bhandara,21.546128,79.686722,PUBLIC_COPY_OF_MOIL_BOUNDARY_POINT_REPLACE,Biotite gneiss,159.17,160.33,1.16,3.429,177.45,HIVRA_STYLE,24.91,32.05,,8.53,40.21,0.713,0.351,6.67,3.64,3.14,,0.048688,0.083759,0.075987,0.039355,0.081382,0.06251,0.042503,0.043609,0.070428,0.033496,SYNTHETIC_SCHEMA_FAITHFUL
GEO-000474,Dongri Buzurg,Maharashtra,Bhandara,21.546128,79.686722,PUBLIC_COPY_OF_MOIL_BOUNDARY_POINT_REPLACE,Quartzite,20.95,22.1,1.14,3.637,198.73,HIVRA_STYLE,32.31,41.72,,5.99,35.17,0.738,0.262,7.39,2.93,2.38,,0.148041,0.185512,0.1434,0.10583,0.155844,0.161813,0.169267,0.133513,0.177055,0.129765,SYNTHETIC_SCHEMA_FAITHFUL
GEO-000475,Dongri Buzurg,Maharashtra,Bhandara,21.546128,79.686722,PUBLIC_COPY_OF_MOIL_BOUNDARY_POINT_REPLACE,Mn ore,46.76,48.78,2.01,3.413,167.82,MANDRI_STYLE,38.09,,15.53,28.51,28.3,0.685,,,,,14.88,0.253588,0.344853,0.303847,0.236668,0.275865,0.279075,0.274074,0.253013,0.291826,0.247123,SYNTHETIC_SCHEMA_FAITHFUL
GEO-000476,Dongri Buzurg,Maharashtra,Bhandara,21.546128,79.686722,PUBLIC_COPY_OF_MOIL_BOUNDARY_POINT_REPLACE,Quartzite,75.61,77.55,1.94,3.417,533.57,HIVRA_STYLE,14.9,18.93,,5.67,55.39,1.406,0.144,10.03,3.67,1.43,,0.110806,0.144176,0.104851,0.077007,0.157654,0.109147,0.134757,0.118222,0.12201,0.093434,SYNTHETIC_SCHEMA_FAITHFUL
GEO-000477,Dongri Buzurg,Maharashtra,Bhandara,21.546128,79.686722,PUBLIC_COPY_OF_MOIL_BOUNDARY_POINT_REPLACE,Quartz-biotite-muscovite schist,6.8,9.17,2.37,3.403,123.83,MANDRI_STYLE,39.25,,18.23,22.47,34.22,1.011,,,,,13.24,0.137919,0.187738,0.171608,0.092715,0.150836,0.12684,0.148768,0.130948,0.158184,0.132484,SYNTHETIC_SCHEMA_FAITHFUL
GEO-000478,Dongri Buzurg,Maharashtra,Bhandara,21.546128,79.686722,PUBLIC_COPY_OF_MOIL_BOUNDARY_POINT_REPLACE,Dolomitic marble,67.47,68.85,1.38,3.675,177.89,HIVRA_STYLE,15.93,20.19,,6.2,50.16,0.993,0.547,6.98,4.76,2.83,,0.102132,0.130916,0.135197,0.132541,0.092972,0.106189,0.132301,0.113776,0.124467,0.093165,SYNTHETIC_SCHEMA_FAITHFUL
GEO-000479,Dongri Buzurg,Maharashtra,Bhandara,21.546128,79.686722,PUBLIC_COPY_OF_MOIL_BOUNDARY_POINT_REPLACE,Biotite gneiss,52.66,55.71,3.06,3.399,130.4,HIVRA_STYLE,30.24,39.04,,8.79,28.77,1.675,0.318,7.64,4.34,2.34,,0.100746,0.143185,0.109369,0.055728,0.116944,0.065034,0.100961,0.086881,0.082465,0.083074,SYNTHETIC_SCHEMA_FAITHFUL
GEO-000480,Dongri Buzurg,Maharashtra,Bhandara,21.546128,79.686722,PUBLIC_COPY_OF_MOIL_BOUNDARY_POINT_REPLACE,Mn ore,29.61,30.91,1.31,3.403,395.98,HIVRA_STYLE,43.31,56.33,,8.4,18.13,0.629,0.257,8.06,1.62,1.23,,0.152604,0.204923,0.197365,0.164153,0.173864,0.187564,0.16981,0.144969,0.144312,0.150337,SYNTHETIC_SCHEMA_FAITHFUL
GEO-000481,Dongri Buzurg,Maharashtra,Bhandara,21.546128,79.686722,PUBLIC_COPY_OF_MOIL_BOUNDARY_POINT_REPLACE,Biotite gneiss,24.21,29.41,5.2,3.423,352.51,MANDRI_STYLE,28.12,,13.7,11.69,41.41,1.303,,,,,19.49,0.150261,0.208915,0.20628,0.176244,0.211562,0.179691,0.246194,0.199977,0.226957,0.163335,SYNTHETIC_SCHEMA_FAITHFUL
GEO-000482,Dongri Buzurg,Maharashtra,Bhandara,21.546128,79.686722,PUBLIC_COPY_OF_MOIL_BOUNDARY_POINT_REPLACE,Quartz-mica schist,29.5,30.01,0.51,3.461,158.8,HIVRA_STYLE,16.31,20.95,,7.94,51.64,1.893,0.332,7.87,3.27,3.62,,0.202103,0.341283,0.281679,0.220524,0.256287,0.247654,0.243573,0.266813,0.259243,0.276989,SYNTHETIC_SCHEMA_FAITHFUL
GEO-000483,Dongri Buzurg,Maharashtra,Bhandara,21.546128,79.686722,PUBLIC_COPY_OF_MOIL_BOUNDARY_POINT_REPLACE,Gondite,28.0,33.81,5.82,3.419,133.58,MANDRI_STYLE,36.82,,15.16,6.4,45.02,0.808,,,,,10.43,0.129848,0.193337,0.204031,0.116483,0.168941,0.154424,0.157769,0.145903,0.181865,0.164314,SYNTHETIC_SCHEMA_FAITHFUL
GEO-000484,Dongri Buzurg,Maharashtra,Bhandara,21.546128,79.686722,PUBLIC_COPY_OF_MOIL_BOUNDARY_POINT_REPLACE,Gondite,75.91,76.41,0.5,3.392,250.48,HIVRA_STYLE,22.88,29.52,,11.1,40.12,1.007,0.439,6.37,2.58,2.95,,0.162504,0.179698,0.180778,0.142432,0.170679,0.156457,0.147528,0.155653,0.16854,0.176184,SYNTHETIC_SCHEMA_FAITHFUL
GEO-000485,Dongri Buzurg,Maharashtra,Bhandara,21.546128,79.686722,PUBLIC_COPY_OF_MOIL_BOUNDARY_POINT_REPLACE,Quartz-biotite-muscovite schist,84.76,86.58,1.82,3.443,368.27,HIVRA_STYLE,27.72,36.13,,7.9,37.41,1.177,0.353,7.73,3.51,3.39,,0.064774,0.125132,0.094515,0.05241,0.089869,0.034754,0.071321,0.054435,0.110451,0.073113,SYNTHETIC_SCHEMA_FAITHFUL
GEO-000486,Dongri Buzurg,Maharashtra,Bhandara,21.546128,79.686722,PUBLIC_COPY_OF_MOIL_BOUNDARY_POINT_REPLACE,Quartz-mica schist,20.43,22.78,2.35,3.415,109.39,HIVRA_STYLE,36.76,47.79,,10.76,24.38,0.73,0.589,6.17,3.48,2.2,,0.118001,0.169887,0.12642,0.126676,0.113669,0.101814,0.122073,0.118921,0.142343,0.148235,SYNTHETIC_SCHEMA_FAITHFUL
GEO-000487,Dongri Buzurg,Maharashtra,Bhandara,21.546128,79.686722,PUBLIC_COPY_OF_MOIL_BOUNDARY_POINT_REPLACE,Gondite,39.63,40.9,1.27,3.418,150.85,HIVRA_STYLE,22.46,29.23,,9.64,37.32,0.748,0.221,9.95,3.13,1.94,,0.075525,0.13246,0.11885,0.109166,0.11451,0.064883,0.123076,0.08792,0.102801,0.101168,SYNTHETIC_SCHEMA_FAITHFUL
GEO-000488,Dongri Buzurg,Maharashtra,Bhandara,21.546128,79.686722,PUBLIC_COPY_OF_MOIL_BOUNDARY_POINT_REPLACE,Dolomitic marble,128.66,130.51,1.85,3.471,527.23,HIVRA_STYLE,22.15,28.43,,4.17,45.74,1.065,0.264,9.99,3.92,2.64,,0.123147,0.210625,0.145991,0.106774,0.170038,0.162224,0.155199,0.088951,0.177198,0.109725,SYNTHETIC_SCHEMA_FAITHFUL
GEO-000489,Dongri Buzurg,Maharashtra,Bhandara,21.546128,79.686722,PUBLIC_COPY_OF_MOIL_BOUNDARY_POINT_REPLACE,Quartzite,20.36,20.92,0.56,3.41,179.56,MANDRI_STYLE,27.03,,16.43,8.73,26.45,2.459,,,,,11.4,0.062977,0.087652,0.052167,0.022852,0.060861,0.080112,0.078366,0.047929,0.064266,0.046233,SYNTHETIC_SCHEMA_FAITHFUL
GEO-000490,Dongri Buzurg,Maharashtra,Bhandara,21.546128,79.686722,PUBLIC_COPY_OF_MOIL_BOUNDARY_POINT_REPLACE,Quartzite,119.07,120.24,1.18,3.39,311.28,HIVRA_STYLE,34.06,43.97,,6.26,36.38,0.732,0.394,3.0,3.49,1.95,,0.158959,0.201529,0.19344,0.166158,0.146843,0.162847,0.18863,0.163235,0.207051,0.158001,SYNTHETIC_SCHEMA_FAITHFUL
GEO-000491,Dongri Buzurg,Maharashtra,Bhandara,21.546128,79.686722,PUBLIC_COPY_OF_MOIL_BOUNDARY_POINT_REPLACE,Quartzite,73.85,75.06,1.21,3.482,222.62,HIVRA_STYLE,31.61,40.91,,10.12,27.68,0.521,0.357,9.52,2.97,2.32,,0.1501,0.214149,0.152789,0.117089,0.184357,0.13014,0.194605,0.190109,0.177477,0.178532,SYNTHETIC_SCHEMA_FAITHFUL
GEO-000492,Dongri Buzurg,Maharashtra,Bhandara,21.546128,79.686722,PUBLIC_COPY_OF_MOIL_BOUNDARY_POINT_REPLACE,Biotite gneiss,110.7,112.06,1.36,3.425,428.67,HIVRA_STYLE,10.11,12.79,,8.48,53.26,1.762,0.484,8.08,4.19,3.49,,0.133554,0.229545,0.144319,0.135959,0.13639,0.17574,0.190426,0.175329,0.125466,0.143263,SYNTHETIC_SCHEMA_FAITHFUL
GEO-000493,Dongri Buzurg,Maharashtra,Bhandara,21.546128,79.686722,PUBLIC_COPY_OF_MOIL_BOUNDARY_POINT_REPLACE,Quartz-mica schist,89.25,90.21,0.96,3.423,155.07,MANDRI_STYLE,19.45,,4.4,28.95,64.79,1.088,,,,,14.11,0.278342,0.352684,0.323946,0.307833,0.31139,0.261221,0.297086,0.302349,0.305914,0.320005,SYNTHETIC_SCHEMA_FAITHFUL
GEO-000494,Dongri Buzurg,Maharashtra,Bhandara,21.546128,79.686722,PUBLIC_COPY_OF_MOIL_BOUNDARY_POINT_REPLACE,Quartzite,35.83,37.25,1.41,3.403,126.21,HIVRA_STYLE,31.04,40.21,,4.37,30.93,1.29,0.287,9.61,3.08,2.25,,0.035323,0.102401,0.083024,0.048176,0.04013,0.11553,0.067475,0.065437,0.064587,0.076995,SYNTHETIC_SCHEMA_FAITHFUL
GEO-000495,Dongri Buzurg,Maharashtra,Bhandara,21.546128,79.686722,PUBLIC_COPY_OF_MOIL_BOUNDARY_POINT_REPLACE,Biotite gneiss,15.5,16.75,1.24,3.674,245.0,MANDRI_STYLE,16.19,,5.13,9.54,47.27,2.548,,,,,9.98,0.058685,0.183014,0.07229,0.024845,0.120073,0.099034,0.077726,0.111186,0.101846,0.083222,SYNTHETIC_SCHEMA_FAITHFUL
GEO-000496,Dongri Buzurg,Maharashtra,Bhandara,21.546128,79.686722,PUBLIC_COPY_OF_MOIL_BOUNDARY_POINT_REPLACE,Quartz-biotite-muscovite schist,40.53,43.17,2.64,3.437,128.75,HIVRA_STYLE,32.4,41.89,,2.99,31.98,1.153,0.45,8.85,2.87,2.68,,0.09358,0.156299,0.085465,0.064702,0.115622,0.076034,0.086551,0.088551,0.111949,0.134385,SYNTHETIC_SCHEMA_FAITHFUL
GEO-000497,Dongri Buzurg,Maharashtra,Bhandara,21.546128,79.686722,PUBLIC_COPY_OF_MOIL_BOUNDARY_POINT_REPLACE,Quartz-mica schist,69.56,70.83,1.28,3.605,267.37,MANDRI_STYLE,40.71,,23.91,23.86,45.16,0.972,,,,,4.54,0.070395,0.115342,0.127974,0.06012,0.145833,0.091175,0.085611,0.112319,0.098752,0.071063,SYNTHETIC_SCHEMA_FAITHFUL
GEO-000498,Dongri Buzurg,Maharashtra,Bhandara,21.546128,79.686722,PUBLIC_COPY_OF_MOIL_BOUNDARY_POINT_REPLACE,Gondite,35.41,36.61,1.2,3.478,398.73,HIVRA_STYLE,51.22,66.18,,6.2,10.79,1.063,0.281,6.13,3.05,2.34,,0.097536,0.20426,0.152814,0.079257,0.165513,0.093335,0.152793,0.110745,0.184733,0.101219,SYNTHETIC_SCHEMA_FAITHFUL
GEO-000499,Dongri Buzurg,Maharashtra,Bhandara,21.546128,79.686722,PUBLIC_COPY_OF_MOIL_BOUNDARY_POINT_REPLACE,Mn ore,10.4,12.27,1.86,3.403,121.65,HIVRA_STYLE,35.63,46.08,,6.45,30.0,0.483,0.23,5.21,4.29,2.47,,0.118119,0.120633,0.16549,0.080873,0.121005,0.115388,0.146644,0.119859,0.149271,0.125761,SYNTHETIC_SCHEMA_FAITHFUL
GEO-000500,Dongri Buzurg,Maharashtra,Bhandara,21.546128,79.686722,PUBLIC_COPY_OF_MOIL_BOUNDARY_POINT_REPLACE,Quartz-biotite-muscovite schist,144.82,146.5,1.68,3.38,195.61,HIVRA_STYLE,42.92,55.59,,7.17,22.09,1.099,0.527,3.47,2.96,2.43,,0.208702,0.266079,0.236332,0.160328,0.223293,0.224921,0.223326,0.221128,0.257871,0.199722,SYNTHETIC_SCHEMA_FAITHFUL
