record_id,date,mine_name,state,district,mine_latitude,mine_longitude,target_rom_tonnes,actual_rom_tonnes,equipment_downtime_hours,blast_delay_minutes,rainfall_mm,target_basis,calibration_quality,data_status
PROD-0000001,2022-04-01,Balaghat,Madhya Pradesh,Balaghat,21.833333,80.233333,839.3,784.35,3.35,0,0.0,OFFICIAL_ANNUAL_PLAN,OFFICIAL_SAME_PERIOD,SYNTHETIC_DAILY_CALIBRATED_TO_PUBLIC_ANNUAL_REFERENCE
PROD-0000002,2022-04-02,Balaghat,Madhya Pradesh,Balaghat,21.833333,80.233333,860.53,827.78,0.0,0,0.0,OFFICIAL_ANNUAL_PLAN,OFFICIAL_SAME_PERIOD,SYNTHETIC_DAILY_CALIBRATED_TO_PUBLIC_ANNUAL_REFERENCE
PROD-0000003,2022-04-03,Balaghat,Madhya Pradesh,Balaghat,21.833333,80.233333,950.33,857.82,5.12,0,0.0,OFFICIAL_ANNUAL_PLAN,OFFICIAL_SAME_PERIOD,SYNTHETIC_DAILY_CALIBRATED_TO_PUBLIC_ANNUAL_REFERENCE
PROD-0000004,2022-04-04,Balaghat,Madhya Pradesh,Balaghat,21.833333,80.233333,948.65,850.32,3.86,0,0.0,OFFICIAL_ANNUAL_PLAN,OFFICIAL_SAME_PERIOD,SYNTHETIC_DAILY_CALIBRATED_TO_PUBLIC_ANNUAL_REFERENCE
PROD-0000005,2022-04-05,Balaghat,Madhya Pradesh,Balaghat,21.833333,80.233333,986.56,905.9,2.05,0,0.0,OFFICIAL_ANNUAL_PLAN,OFFICIAL_SAME_PERIOD,SYNTHETIC_DAILY_CALIBRATED_TO_PUBLIC_ANNUAL_REFERENCE
PROD-0000006,2022-04-06,Balaghat,Madhya Pradesh,Balaghat,21.833333,80.233333,986.75,936.09,1.19,0,8.3,OFFICIAL_ANNUAL_PLAN,OFFICIAL_SAME_PERIOD,SYNTHETIC_DAILY_CALIBRATED_TO_PUBLIC_ANNUAL_REFERENCE
PROD-0000007,2022-04-07,Balaghat,Madhya Pradesh,Balaghat,21.833333,80.233333,954.6,898.34,1.31,0,0.0,OFFICIAL_ANNUAL_PLAN,OFFICIAL_SAME_PERIOD,SYNTHETIC_DAILY_CALIBRATED_TO_PUBLIC_ANNUAL_REFERENCE
PROD-0000008,2022-04-08,Balaghat,Madhya Pradesh,Balaghat,21.833333,80.233333,923.88,888.0,0.0,0,0.0,OFFICIAL_ANNUAL_PLAN,OFFICIAL_SAME_PERIOD,SYNTHETIC_DAILY_CALIBRATED_TO_PUBLIC_ANNUAL_REFERENCE
PROD-0000009,2022-04-09,Balaghat,Madhya Pradesh,Balaghat,21.833333,80.233333,1032.17,980.9,0.0,0,0.0,OFFICIAL_ANNUAL_PLAN,OFFICIAL_SAME_PERIOD,SYNTHETIC_DAILY_CALIBRATED_TO_PUBLIC_ANNUAL_REFERENCE
PROD-0000010,2022-04-10,Balaghat,Madhya Pradesh,Balaghat,21.833333,80.233333,956.81,909.84,0.17,0,2.04,OFFICIAL_ANNUAL_PLAN,OFFICIAL_SAME_PERIOD,SYNTHETIC_DAILY_CALIBRATED_TO_PUBLIC_ANNUAL_REFERENCE
PROD-0000011,2022-04-11,Balaghat,Madhya Pradesh,Balaghat,21.833333,80.233333,1049.75,989.91,1.22,0,6.28,OFFICIAL_ANNUAL_PLAN,OFFICIAL_SAME_PERIOD,SYNTHETIC_DAILY_CALIBRATED_TO_PUBLIC_ANNUAL_REFERENCE
PROD-0000012,2022-04-12,Balaghat,Madhya Pradesh,Balaghat,21.833333,80.233333,928.46,879.24,1.32,0,0.0,OFFICIAL_ANNUAL_PLAN,OFFICIAL_SAME_PERIOD,SYNTHETIC_DAILY_CALIBRATED_TO_PUBLIC_ANNUAL_REFERENCE
PROD-0000013,2022-04-13,Balaghat,Madhya Pradesh,Balaghat,21.833333,80.233333,960.88,884.89,2.74,0,0.0,OFFICIAL_ANNUAL_PLAN,OFFICIAL_SAME_PERIOD,SYNTHETIC_DAILY_CALIBRATED_TO_PUBLIC_ANNUAL_REFERENCE
PROD-0000014,2022-04-14,Balaghat,Madhya Pradesh,Balaghat,21.833333,80.233333,1060.71,1026.55,2.97,0,0.0,OFFICIAL_ANNUAL_PLAN,OFFICIAL_SAME_PERIOD,SYNTHETIC_DAILY_CALIBRATED_TO_PUBLIC_ANNUAL_REFERENCE
PROD-0000015,2022-04-15,Balaghat,Madhya Pradesh,Balaghat,21.833333,80.233333,935.16,880.49,2.82,0,0.0,OFFICIAL_ANNUAL_PLAN,OFFICIAL_SAME_PERIOD,SYNTHETIC_DAILY_CALIBRATED_TO_PUBLIC_ANNUAL_REFERENCE
PROD-0000016,2022-04-16,Balaghat,Madhya Pradesh,Balaghat,21.833333,80.233333,856.9,830.94,0.63,0,3.86,OFFICIAL_ANNUAL_PLAN,OFFICIAL_SAME_PERIOD,SYNTHETIC_DAILY_CALIBRATED_TO_PUBLIC_ANNUAL_REFERENCE
PROD-0000017,2022-04-17,Balaghat,Madhya Pradesh,Balaghat,21.833333,80.233333,877.53,841.08,0.0,26,0.0,OFFICIAL_ANNUAL_PLAN,OFFICIAL_SAME_PERIOD,SYNTHETIC_DAILY_CALIBRATED_TO_PUBLIC_ANNUAL_REFERENCE
PROD-0000018,2022-04-18,Balaghat,Madhya Pradesh,Balaghat,21.833333,80.233333,908.27,767.29,1.58,47,0.0,OFFICIAL_ANNUAL_PLAN,OFFICIAL_SAME_PERIOD,SYNTHETIC_DAILY_CALIBRATED_TO_PUBLIC_ANNUAL_REFERENCE
PROD-0000019,2022-04-19,Balaghat,Madhya Pradesh,Balaghat,21.833333,80.233333,1081.19,1040.27,0.13,0,8.87,OFFICIAL_ANNUAL_PLAN,OFFICIAL_SAME_PERIOD,SYNTHETIC_DAILY_CALIBRATED_TO_PUBLIC_ANNUAL_REFERENCE
PROD-0000020,2022-04-20,Balaghat,Madhya Pradesh,Balaghat,21.833333,80.233333,1005.41,893.7,1.33,50,0.0,OFFICIAL_ANNUAL_PLAN,OFFICIAL_SAME_PERIOD,SYNTHETIC_DAILY_CALIBRATED_TO_PUBLIC_ANNUAL_REFERENCE
PROD-0000021,2022-04-21,Balaghat,Madhya Pradesh,Balaghat,21.833333,80.233333,914.97,859.3,0.03,0,1.9,OFFICIAL_ANNUAL_PLAN,OFFICIAL_SAME_PERIOD,SYNTHETIC_DAILY_CALIBRATED_TO_PUBLIC_ANNUAL_REFERENCE
PROD-0000022,2022-04-22,Balaghat,Madhya Pradesh,Balaghat,21.833333,80.233333,1142.5,1137.97,0.0,0,0.0,OFFICIAL_ANNUAL_PLAN,OFFICIAL_SAME_PERIOD,SYNTHETIC_DAILY_CALIBRATED_TO_PUBLIC_ANNUAL_REFERENCE
PROD-0000023,2022-04-23,Balaghat,Madhya Pradesh,Balaghat,21.833333,80.233333,928.11,857.64,1.22,155,0.0,OFFICIAL_ANNUAL_PLAN,OFFICIAL_SAME_PERIOD,SYNTHETIC_DAILY_CALIBRATED_TO_PUBLIC_ANNUAL_REFERENCE
PROD-0000024,2022-04-24,Balaghat,Madhya Pradesh,Balaghat,21.833333,80.233333,1027.51,1008.0,0.0,0,0.0,OFFICIAL_ANNUAL_PLAN,OFFICIAL_SAME_PERIOD,SYNTHETIC_DAILY_CALIBRATED_TO_PUBLIC_ANNUAL_REFERENCE
PROD-0000025,2022-04-25,Balaghat,Madhya Pradesh,Balaghat,21.833333,80.233333,994.12,948.41,0.0,37,0.0,OFFICIAL_ANNUAL_PLAN,OFFICIAL_SAME_PERIOD,SYNTHETIC_DAILY_CALIBRATED_TO_PUBLIC_ANNUAL_REFERENCE
PROD-0000026,2022-04-26,Balaghat,Madhya Pradesh,Balaghat,21.833333,80.233333,930.01,869.78,0.0,0,0.0,OFFICIAL_ANNUAL_PLAN,OFFICIAL_SAME_PERIOD,SYNTHETIC_DAILY_CALIBRATED_TO_PUBLIC_ANNUAL_REFERENCE
PROD-0000027,2022-04-27,Balaghat,Madhya Pradesh,Balaghat,21.833333,80.233333,861.47,854.94,0.11,0,7.55,OFFICIAL_ANNUAL_PLAN,OFFICIAL_SAME_PERIOD,SYNTHETIC_DAILY_CALIBRATED_TO_PUBLIC_ANNUAL_REFERENCE
PROD-0000028,2022-04-28,Balaghat,Madhya Pradesh,Balaghat,21.833333,80.233333,1139.54,1061.86,1.04,0,1.08,OFFICIAL_ANNUAL_PLAN,OFFICIAL_SAME_PERIOD,SYNTHETIC_DAILY_CALIBRATED_TO_PUBLIC_ANNUAL_REFERENCE
PROD-0000029,2022-04-29,Balaghat,Madhya Pradesh,Balaghat,21.833333,80.233333,995.25,953.32,0.0,0,0.0,OFFICIAL_ANNUAL_PLAN,OFFICIAL_SAME_PERIOD,SYNTHETIC_DAILY_CALIBRATED_TO_PUBLIC_ANNUAL_REFERENCE
PROD-0000030,2022-04-30,Balaghat,Madhya Pradesh,Balaghat,21.833333,80.233333,957.36,919.71,4.3,0,0.0,OFFICIAL_ANNUAL_PLAN,OFFICIAL_SAME_PERIOD,SYNTHETIC_DAILY_CALIBRATED_TO_PUBLIC_ANNUAL_REFERENCE
PROD-0000031,2022-05-01,Balaghat,Madhya Pradesh,Balaghat,21.833333,80.233333,1029.38,1024.96,0.13,0,8.66,OFFICIAL_ANNUAL_PLAN,OFFICIAL_SAME_PERIOD,SYNTHETIC_DAILY_CALIBRATED_TO_PUBLIC_ANNUAL_REFERENCE
PROD-0000032,2022-05-02,Balaghat,Madhya Pradesh,Balaghat,21.833333,80.233333,1062.01,995.32,3.76,0,0.0,OFFICIAL_ANNUAL_PLAN,OFFICIAL_SAME_PERIOD,SYNTHETIC_DAILY_CALIBRATED_TO_PUBLIC_ANNUAL_REFERENCE
PROD-0000033,2022-05-03,Balaghat,Madhya Pradesh,Balaghat,21.833333,80.233333,837.98,770.52,0.33,0,22.29,OFFICIAL_ANNUAL_PLAN,OFFICIAL_SAME_PERIOD,SYNTHETIC_DAILY_CALIBRATED_TO_PUBLIC_ANNUAL_REFERENCE
PROD-0000034,2022-05-04,Balaghat,Madhya Pradesh,Balaghat,21.833333,80.233333,946.12,901.44,0.11,0,7.31,OFFICIAL_ANNUAL_PLAN,OFFICIAL_SAME_PERIOD,SYNTHETIC_DAILY_CALIBRATED_TO_PUBLIC_ANNUAL_REFERENCE
PROD-0000035,2022-05-05,Balaghat,Madhya Pradesh,Balaghat,21.833333,80.233333,938.25,852.27,1.05,0,0.0,OFFICIAL_ANNUAL_PLAN,OFFICIAL_SAME_PERIOD,SYNTHETIC_DAILY_CALIBRATED_TO_PUBLIC_ANNUAL_REFERENCE
PROD-0000036,2022-05-06,Balaghat,Madhya Pradesh,Balaghat,21.833333,80.233333,1029.97,889.84,6.4,0,0.0,OFFICIAL_ANNUAL_PLAN,OFFICIAL_SAME_PERIOD,SYNTHETIC_DAILY_CALIBRATED_TO_PUBLIC_ANNUAL_REFERENCE
PROD-0000037,2022-05-07,Balaghat,Madhya Pradesh,Balaghat,21.833333,80.233333,1002.38,942.16,1.4,0,0.0,OFFICIAL_ANNUAL_PLAN,OFFICIAL_SAME_PERIOD,SYNTHETIC_DAILY_CALIBRATED_TO_PUBLIC_ANNUAL_REFERENCE
PROD-0000038,2022-05-08,Balaghat,Madhya Pradesh,Balaghat,21.833333,80.233333,948.75,886.43,0.38,0,0.0,OFFICIAL_ANNUAL_PLAN,OFFICIAL_SAME_PERIOD,SYNTHETIC_DAILY_CALIBRATED_TO_PUBLIC_ANNUAL_REFERENCE
PROD-0000039,2022-05-09,Balaghat,Madhya Pradesh,Balaghat,21.833333,80.233333,974.49,935.74,0.39,0,0.0,OFFICIAL_ANNUAL_PLAN,OFFICIAL_SAME_PERIOD,SYNTHETIC_DAILY_CALIBRATED_TO_PUBLIC_ANNUAL_REFERENCE
PROD-0000040,2022-05-10,Balaghat,Madhya Pradesh,Balaghat,21.833333,80.233333,911.77,826.84,2.3,0,0.0,OFFICIAL_ANNUAL_PLAN,OFFICIAL_SAME_PERIOD,SYNTHETIC_DAILY_CALIBRATED_TO_PUBLIC_ANNUAL_REFERENCE
PROD-0000041,2022-05-11,Balaghat,Madhya Pradesh,Balaghat,21.833333,80.233333,940.15,884.26,0.0,0,0.0,OFFICIAL_ANNUAL_PLAN,OFFICIAL_SAME_PERIOD,SYNTHETIC_DAILY_CALIBRATED_TO_PUBLIC_ANNUAL_REFERENCE
PROD-0000042,2022-05-12,Balaghat,Madhya Pradesh,Balaghat,21.833333,80.233333,1125.22,997.3,7.27,0,0.0,OFFICIAL_ANNUAL_PLAN,OFFICIAL_SAME_PERIOD,SYNTHETIC_DAILY_CALIBRATED_TO_PUBLIC_ANNUAL_REFERENCE
PROD-0000043,2022-05-13,Balaghat,Madhya Pradesh,Balaghat,21.833333,80.233333,986.26,953.84,1.85,0,5.59,OFFICIAL_ANNUAL_PLAN,OFFICIAL_SAME_PERIOD,SYNTHETIC_DAILY_CALIBRATED_TO_PUBLIC_ANNUAL_REFERENCE
PROD-0000044,2022-05-14,Balaghat,Madhya Pradesh,Balaghat,21.833333,80.233333,934.81,826.29,2.95,0,0.0,OFFICIAL_ANNUAL_PLAN,OFFICIAL_SAME_PERIOD,SYNTHETIC_DAILY_CALIBRATED_TO_PUBLIC_ANNUAL_REFERENCE
PROD-0000045,2022-05-15,Balaghat,Madhya Pradesh,Balaghat,21.833333,80.233333,977.85,930.55,2.24,0,0.0,OFFICIAL_ANNUAL_PLAN,OFFICIAL_SAME_PERIOD,SYNTHETIC_DAILY_CALIBRATED_TO_PUBLIC_ANNUAL_REFERENCE
PROD-0000046,2022-05-16,Balaghat,Madhya Pradesh,Balaghat,21.833333,80.233333,1029.03,940.93,0.71,59,0.0,OFFICIAL_ANNUAL_PLAN,OFFICIAL_SAME_PERIOD,SYNTHETIC_DAILY_CALIBRATED_TO_PUBLIC_ANNUAL_REFERENCE
PROD-0000047,2022-05-17,Balaghat,Madhya Pradesh,Balaghat,21.833333,80.233333,1087.44,994.74,2.41,0,0.0,OFFICIAL_ANNUAL_PLAN,OFFICIAL_SAME_PERIOD,SYNTHETIC_DAILY_CALIBRATED_TO_PUBLIC_ANNUAL_REFERENCE
PROD-0000048,2022-05-18,Balaghat,Madhya Pradesh,Balaghat,21.833333,80.233333,1045.41,980.17,1.09,60,0.0,OFFICIAL_ANNUAL_PLAN,OFFICIAL_SAME_PERIOD,SYNTHETIC_DAILY_CALIBRATED_TO_PUBLIC_ANNUAL_REFERENCE
PROD-0000049,2022-05-19,Balaghat,Madhya Pradesh,Balaghat,21.833333,80.233333,898.32,898.67,0.0,0,0.0,OFFICIAL_ANNUAL_PLAN,OFFICIAL_SAME_PERIOD,SYNTHETIC_DAILY_CALIBRATED_TO_PUBLIC_ANNUAL_REFERENCE
PROD-0000050,2022-05-20,Balaghat,Madhya Pradesh,Balaghat,21.833333,80.233333,908.13,866.63,0.88,30,0.0,OFFICIAL_ANNUAL_PLAN,OFFICIAL_SAME_PERIOD,SYNTHETIC_DAILY_CALIBRATED_TO_PUBLIC_ANNUAL_REFERENCE
PROD-0000051,2022-05-21,Balaghat,Madhya Pradesh,Balaghat,21.833333,80.233333,877.11,866.78,0.0,0,0.0,OFFICIAL_ANNUAL_PLAN,OFFICIAL_SAME_PERIOD,SYNTHETIC_DAILY_CALIBRATED_TO_PUBLIC_ANNUAL_REFERENCE
PROD-0000052,2022-05-22,Balaghat,Madhya Pradesh,Balaghat,21.833333,80.233333,939.54,921.37,0.08,0,5.14,OFFICIAL_ANNUAL_PLAN,OFFICIAL_SAME_PERIOD,SYNTHETIC_DAILY_CALIBRATED_TO_PUBLIC_ANNUAL_REFERENCE
PROD-0000053,2022-05-23,Balaghat,Madhya Pradesh,Balaghat,21.833333,80.233333,1005.01,957.19,2.72,0,0.0,OFFICIAL_ANNUAL_PLAN,OFFICIAL_SAME_PERIOD,SYNTHETIC_DAILY_CALIBRATED_TO_PUBLIC_ANNUAL_REFERENCE
PROD-0000054,2022-05-24,Balaghat,Madhya Pradesh,Balaghat,21.833333,80.233333,876.43,829.37,0.0,0,0.0,OFFICIAL_ANNUAL_PLAN,OFFICIAL_SAME_PERIOD,SYNTHETIC_DAILY_CALIBRATED_TO_PUBLIC_ANNUAL_REFERENCE
PROD-0000055,2022-05-25,Balaghat,Madhya Pradesh,Balaghat,21.833333,80.233333,1025.3,968.53,1.73,0,0.0,OFFICIAL_ANNUAL_PLAN,OFFICIAL_SAME_PERIOD,SYNTHETIC_DAILY_CALIBRATED_TO_PUBLIC_ANNUAL_REFERENCE
PROD-0000056,2022-05-26,Balaghat,Madhya Pradesh,Balaghat,21.833333,80.233333,1008.09,965.22,1.0,0,0.0,OFFICIAL_ANNUAL_PLAN,OFFICIAL_SAME_PERIOD,SYNTHETIC_DAILY_CALIBRATED_TO_PUBLIC_ANNUAL_REFERENCE
PROD-0000057,2022-05-27,Balaghat,Madhya Pradesh,Balaghat,21.833333,80.233333,1033.46,937.53,2.95,0,0.0,OFFICIAL_ANNUAL_PLAN,OFFICIAL_SAME_PERIOD,SYNTHETIC_DAILY_CALIBRATED_TO_PUBLIC_ANNUAL_REFERENCE
PROD-0000058,2022-05-28,Balaghat,Madhya Pradesh,Balaghat,21.833333,80.233333,915.93,871.15,1.67,18,0.0,OFFICIAL_ANNUAL_PLAN,OFFICIAL_SAME_PERIOD,SYNTHETIC_DAILY_CALIBRATED_TO_PUBLIC_ANNUAL_REFERENCE
PROD-0000059,2022-05-29,Balaghat,Madhya Pradesh,Balaghat,21.833333,80.233333,1018.81,919.02,1.47,0,0.0,OFFICIAL_ANNUAL_PLAN,OFFICIAL_SAME_PERIOD,SYNTHETIC_DAILY_CALIBRATED_TO_PUBLIC_ANNUAL_REFERENCE
PROD-0000060,2022-05-30,Balaghat,Madhya Pradesh,Balaghat,21.833333,80.233333,1064.56,983.0,1.74,14,0.0,OFFICIAL_ANNUAL_PLAN,OFFICIAL_SAME_PERIOD,SYNTHETIC_DAILY_CALIBRATED_TO_PUBLIC_ANNUAL_REFERENCE
PROD-0000061,2022-05-31,Balaghat,Madhya Pradesh,Balaghat,21.833333,80.233333,905.41,877.76,0.74,0,0.0,OFFICIAL_ANNUAL_PLAN,OFFICIAL_SAME_PERIOD,SYNTHETIC_DAILY_CALIBRATED_TO_PUBLIC_ANNUAL_REFERENCE
PROD-0000062,2022-06-01,Balaghat,Madhya Pradesh,Balaghat,21.833333,80.233333,1093.72,957.6,3.81,0,34.58,OFFICIAL_ANNUAL_PLAN,OFFICIAL_SAME_PERIOD,SYNTHETIC_DAILY_CALIBRATED_TO_PUBLIC_ANNUAL_REFERENCE
PROD-0000063,2022-06-02,Balaghat,Madhya Pradesh,Balaghat,21.833333,80.233333,886.42,844.02,0.19,0,12.45,OFFICIAL_ANNUAL_PLAN,OFFICIAL_SAME_PERIOD,SYNTHETIC_DAILY_CALIBRATED_TO_PUBLIC_ANNUAL_REFERENCE
PROD-0000064,2022-06-03,Balaghat,Madhya Pradesh,Balaghat,21.833333,80.233333,857.7,738.69,5.17,64,73.59,OFFICIAL_ANNUAL_PLAN,OFFICIAL_SAME_PERIOD,SYNTHETIC_DAILY_CALIBRATED_TO_PUBLIC_ANNUAL_REFERENCE
PROD-0000065,2022-06-04,Balaghat,Madhya Pradesh,Balaghat,21.833333,80.233333,973.21,906.6,3.54,0,27.05,OFFICIAL_ANNUAL_PLAN,OFFICIAL_SAME_PERIOD,SYNTHETIC_DAILY_CALIBRATED_TO_PUBLIC_ANNUAL_REFERENCE
PROD-0000066,2022-06-05,Balaghat,Madhya Pradesh,Balaghat,21.833333,80.233333,985.36,955.36,0.73,0,0.0,OFFICIAL_ANNUAL_PLAN,OFFICIAL_SAME_PERIOD,SYNTHETIC_DAILY_CALIBRATED_TO_PUBLIC_ANNUAL_REFERENCE
PROD-0000067,2022-06-06,Balaghat,Madhya Pradesh,Balaghat,21.833333,80.233333,1093.79,1044.3,0.0,0,0.0,OFFICIAL_ANNUAL_PLAN,OFFICIAL_SAME_PERIOD,SYNTHETIC_DAILY_CALIBRATED_TO_PUBLIC_ANNUAL_REFERENCE
PROD-0000068,2022-06-07,Balaghat,Madhya Pradesh,Balaghat,21.833333,80.233333,957.21,850.45,3.87,0,0.0,OFFICIAL_ANNUAL_PLAN,OFFICIAL_SAME_PERIOD,SYNTHETIC_DAILY_CALIBRATED_TO_PUBLIC_ANNUAL_REFERENCE
PROD-0000069,2022-06-08,Balaghat,Madhya Pradesh,Balaghat,21.833333,80.233333,964.51,909.0,0.46,0,30.98,OFFICIAL_ANNUAL_PLAN,OFFICIAL_SAME_PERIOD,SYNTHETIC_DAILY_CALIBRATED_TO_PUBLIC_ANNUAL_REFERENCE
PROD-0000070,2022-06-09,Balaghat,Madhya Pradesh,Balaghat,21.833333,80.233333,997.45,924.63,0.46,35,30.39,OFFICIAL_ANNUAL_PLAN,OFFICIAL_SAME_PERIOD,SYNTHETIC_DAILY_CALIBRATED_TO_PUBLIC_ANNUAL_REFERENCE
PROD-0000071,2022-06-10,Balaghat,Madhya Pradesh,Balaghat,21.833333,80.233333,924.08,810.1,0.94,151,62.8,OFFICIAL_ANNUAL_PLAN,OFFICIAL_SAME_PERIOD,SYNTHETIC_DAILY_CALIBRATED_TO_PUBLIC_ANNUAL_REFERENCE
PROD-0000072,2022-06-11,Balaghat,Madhya Pradesh,Balaghat,21.833333,80.233333,858.97,809.68,1.98,0,0.0,OFFICIAL_ANNUAL_PLAN,OFFICIAL_SAME_PERIOD,SYNTHETIC_DAILY_CALIBRATED_TO_PUBLIC_ANNUAL_REFERENCE
PROD-0000073,2022-06-12,Balaghat,Madhya Pradesh,Balaghat,21.833333,80.233333,999.84,853.71,5.82,40,15.06,OFFICIAL_ANNUAL_PLAN,OFFICIAL_SAME_PERIOD,SYNTHETIC_DAILY_CALIBRATED_TO_PUBLIC_ANNUAL_REFERENCE
PROD-0000074,2022-06-13,Balaghat,Madhya Pradesh,Balaghat,21.833333,80.233333,873.44,776.97,2.17,0,22.69,OFFICIAL_ANNUAL_PLAN,OFFICIAL_SAME_PERIOD,SYNTHETIC_DAILY_CALIBRATED_TO_PUBLIC_ANNUAL_REFERENCE
PROD-0000075,2022-06-14,Balaghat,Madhya Pradesh,Balaghat,21.833333,80.233333,970.18,909.1,2.02,0,0.0,OFFICIAL_ANNUAL_PLAN,OFFICIAL_SAME_PERIOD,SYNTHETIC_DAILY_CALIBRATED_TO_PUBLIC_ANNUAL_REFERENCE
PROD-0000076,2022-06-15,Balaghat,Madhya Pradesh,Balaghat,21.833333,80.233333,902.17,868.74,0.56,0,37.07,OFFICIAL_ANNUAL_PLAN,OFFICIAL_SAME_PERIOD,SYNTHETIC_DAILY_CALIBRATED_TO_PUBLIC_ANNUAL_REFERENCE
PROD-0000077,2022-06-16,Balaghat,Madhya Pradesh,Balaghat,21.833333,80.233333,1073.29,1063.38,1.78,0,0.0,OFFICIAL_ANNUAL_PLAN,OFFICIAL_SAME_PERIOD,SYNTHETIC_DAILY_CALIBRATED_TO_PUBLIC_ANNUAL_REFERENCE
PROD-0000078,2022-06-17,Balaghat,Madhya Pradesh,Balaghat,21.833333,80.233333,932.64,908.77,0.0,39,0.0,OFFICIAL_ANNUAL_PLAN,OFFICIAL_SAME_PERIOD,SYNTHETIC_DAILY_CALIBRATED_TO_PUBLIC_ANNUAL_REFERENCE
PROD-0000079,2022-06-18,Balaghat,Madhya Pradesh,Balaghat,21.833333,80.233333,1033.48,1049.46,0.0,0,0.0,OFFICIAL_ANNUAL_PLAN,OFFICIAL_SAME_PERIOD,SYNTHETIC_DAILY_CALIBRATED_TO_PUBLIC_ANNUAL_REFERENCE
PROD-0000080,2022-06-19,Balaghat,Madhya Pradesh,Balaghat,21.833333,80.233333,1048.87,984.03,0.41,0,27.3,OFFICIAL_ANNUAL_PLAN,OFFICIAL_SAME_PERIOD,SYNTHETIC_DAILY_CALIBRATED_TO_PUBLIC_ANNUAL_REFERENCE
PROD-0000081,2022-06-20,Balaghat,Madhya Pradesh,Balaghat,21.833333,80.233333,969.53,918.21,0.18,35,11.93,OFFICIAL_ANNUAL_PLAN,OFFICIAL_SAME_PERIOD,SYNTHETIC_DAILY_CALIBRATED_TO_PUBLIC_ANNUAL_REFERENCE
PROD-0000082,2022-06-21,Balaghat,Madhya Pradesh,Balaghat,21.833333,80.233333,952.92,855.53,2.56,51,48.13,OFFICIAL_ANNUAL_PLAN,OFFICIAL_SAME_PERIOD,SYNTHETIC_DAILY_CALIBRATED_TO_PUBLIC_ANNUAL_REFERENCE
PROD-0000083,2022-06-22,Balaghat,Madhya Pradesh,Balaghat,21.833333,80.233333,1007.13,983.69,0.0,0,0.0,OFFICIAL_ANNUAL_PLAN,OFFICIAL_SAME_PERIOD,SYNTHETIC_DAILY_CALIBRATED_TO_PUBLIC_ANNUAL_REFERENCE
PROD-0000084,2022-06-23,Balaghat,Madhya Pradesh,Balaghat,21.833333,80.233333,908.58,828.9,2.75,0,32.02,OFFICIAL_ANNUAL_PLAN,OFFICIAL_SAME_PERIOD,SYNTHETIC_DAILY_CALIBRATED_TO_PUBLIC_ANNUAL_REFERENCE
PROD-0000085,2022-06-24,Balaghat,Madhya Pradesh,Balaghat,21.833333,80.233333,1043.26,1012.0,0.12,0,8.02,OFFICIAL_ANNUAL_PLAN,OFFICIAL_SAME_PERIOD,SYNTHETIC_DAILY_CALIBRATED_TO_PUBLIC_ANNUAL_REFERENCE
PROD-0000086,2022-06-25,Balaghat,Madhya Pradesh,Balaghat,21.833333,80.233333,927.88,912.3,0.0,0,0.0,OFFICIAL_ANNUAL_PLAN,OFFICIAL_SAME_PERIOD,SYNTHETIC_DAILY_CALIBRATED_TO_PUBLIC_ANNUAL_REFERENCE
PROD-0000087,2022-06-26,Balaghat,Madhya Pradesh,Balaghat,21.833333,80.233333,895.53,861.18,0.09,0,5.9,OFFICIAL_ANNUAL_PLAN,OFFICIAL_SAME_PERIOD,SYNTHETIC_DAILY_CALIBRATED_TO_PUBLIC_ANNUAL_REFERENCE
PROD-0000088,2022-06-27,Balaghat,Madhya Pradesh,Balaghat,21.833333,80.233333,1018.79,981.04,0.02,5,1.1,OFFICIAL_ANNUAL_PLAN,OFFICIAL_SAME_PERIOD,SYNTHETIC_DAILY_CALIBRATED_TO_PUBLIC_ANNUAL_REFERENCE
PROD-0000089,2022-06-28,Balaghat,Madhya Pradesh,Balaghat,21.833333,80.233333,872.14,857.23,0.0,0,0.0,OFFICIAL_ANNUAL_PLAN,OFFICIAL_SAME_PERIOD,SYNTHETIC_DAILY_CALIBRATED_TO_PUBLIC_ANNUAL_REFERENCE
PROD-0000090,2022-06-29,Balaghat,Madhya Pradesh,Balaghat,21.833333,80.233333,825.94,773.66,2.21,0,21.69,OFFICIAL_ANNUAL_PLAN,OFFICIAL_SAME_PERIOD,SYNTHETIC_DAILY_CALIBRATED_TO_PUBLIC_ANNUAL_REFERENCE
PROD-0000091,2022-06-30,Balaghat,Madhya Pradesh,Balaghat,21.833333,80.233333,1007.53,927.07,2.42,0,0.0,OFFICIAL_ANNUAL_PLAN,OFFICIAL_SAME_PERIOD,SYNTHETIC_DAILY_CALIBRATED_TO_PUBLIC_ANNUAL_REFERENCE
PROD-0000092,2022-07-01,Balaghat,Madhya Pradesh,Balaghat,21.833333,80.233333,1013.06,939.94,0.21,0,14.3,OFFICIAL_ANNUAL_PLAN,OFFICIAL_SAME_PERIOD,SYNTHETIC_DAILY_CALIBRATED_TO_PUBLIC_ANNUAL_REFERENCE
PROD-0000093,2022-07-02,Balaghat,Madhya Pradesh,Balaghat,21.833333,80.233333,916.11,870.51,0.12,0,8.18,OFFICIAL_ANNUAL_PLAN,OFFICIAL_SAME_PERIOD,SYNTHETIC_DAILY_CALIBRATED_TO_PUBLIC_ANNUAL_REFERENCE
PROD-0000094,2022-07-03,Balaghat,Madhya Pradesh,Balaghat,21.833333,80.233333,994.07,978.37,0.65,0,10.24,OFFICIAL_ANNUAL_PLAN,OFFICIAL_SAME_PERIOD,SYNTHETIC_DAILY_CALIBRATED_TO_PUBLIC_ANNUAL_REFERENCE
PROD-0000095,2022-07-04,Balaghat,Madhya Pradesh,Balaghat,21.833333,80.233333,935.33,907.32,0.0,0,0.0,OFFICIAL_ANNUAL_PLAN,OFFICIAL_SAME_PERIOD,SYNTHETIC_DAILY_CALIBRATED_TO_PUBLIC_ANNUAL_REFERENCE
PROD-0000096,2022-07-05,Balaghat,Madhya Pradesh,Balaghat,21.833333,80.233333,843.45,794.41,0.26,0,17.06,OFFICIAL_ANNUAL_PLAN,OFFICIAL_SAME_PERIOD,SYNTHETIC_DAILY_CALIBRATED_TO_PUBLIC_ANNUAL_REFERENCE
PROD-0000097,2022-07-06,Balaghat,Madhya Pradesh,Balaghat,21.833333,80.233333,1100.39,1023.34,2.54,0,0.0,OFFICIAL_ANNUAL_PLAN,OFFICIAL_SAME_PERIOD,SYNTHETIC_DAILY_CALIBRATED_TO_PUBLIC_ANNUAL_REFERENCE
PROD-0000098,2022-07-07,Balaghat,Madhya Pradesh,Balaghat,21.833333,80.233333,959.97,895.06,0.11,29,7.01,OFFICIAL_ANNUAL_PLAN,OFFICIAL_SAME_PERIOD,SYNTHETIC_DAILY_CALIBRATED_TO_PUBLIC_ANNUAL_REFERENCE
PROD-0000099,2022-07-08,Balaghat,Madhya Pradesh,Balaghat,21.833333,80.233333,937.48,848.35,2.19,0,0.0,OFFICIAL_ANNUAL_PLAN,OFFICIAL_SAME_PERIOD,SYNTHETIC_DAILY_CALIBRATED_TO_PUBLIC_ANNUAL_REFERENCE
PROD-0000100,2022-07-09,Balaghat,Madhya Pradesh,Balaghat,21.833333,80.233333,964.04,893.74,0.53,0,35.37,OFFICIAL_ANNUAL_PLAN,OFFICIAL_SAME_PERIOD,SYNTHETIC_DAILY_CALIBRATED_TO_PUBLIC_ANNUAL_REFERENCE
PROD-0000101,2022-07-10,Balaghat,Madhya Pradesh,Balaghat,21.833333,80.233333,963.78,921.26,0.81,0,0.0,OFFICIAL_ANNUAL_PLAN,OFFICIAL_SAME_PERIOD,SYNTHETIC_DAILY_CALIBRATED_TO_PUBLIC_ANNUAL_REFERENCE
PROD-0000102,2022-07-11,Balaghat,Madhya Pradesh,Balaghat,21.833333,80.233333,987.86,936.08,0.96,0,2.1,OFFICIAL_ANNUAL_PLAN,OFFICIAL_SAME_PERIOD,SYNTHETIC_DAILY_CALIBRATED_TO_PUBLIC_ANNUAL_REFERENCE
PROD-0000103,2022-07-12,Balaghat,Madhya Pradesh,Balaghat,21.833333,80.233333,1035.81,954.62,2.63,32,0.0,OFFICIAL_ANNUAL_PLAN,OFFICIAL_SAME_PERIOD,SYNTHETIC_DAILY_CALIBRATED_TO_PUBLIC_ANNUAL_REFERENCE
PROD-0000104,2022-07-13,Balaghat,Madhya Pradesh,Balaghat,21.833333,80.233333,935.06,878.12,3.44,0,0.0,OFFICIAL_ANNUAL_PLAN,OFFICIAL_SAME_PERIOD,SYNTHETIC_DAILY_CALIBRATED_TO_PUBLIC_ANNUAL_REFERENCE
PROD-0000105,2022-07-14,Balaghat,Madhya Pradesh,Balaghat,21.833333,80.233333,934.01,867.87,2.54,0,21.74,OFFICIAL_ANNUAL_PLAN,OFFICIAL_SAME_PERIOD,SYNTHETIC_DAILY_CALIBRATED_TO_PUBLIC_ANNUAL_REFERENCE
PROD-0000106,2022-07-15,Balaghat,Madhya Pradesh,Balaghat,21.833333,80.233333,924.46,842.14,0.91,0,14.63,OFFICIAL_ANNUAL_PLAN,OFFICIAL_SAME_PERIOD,SYNTHETIC_DAILY_CALIBRATED_TO_PUBLIC_ANNUAL_REFERENCE
PROD-0000107,2022-07-16,Balaghat,Madhya Pradesh,Balaghat,21.833333,80.233333,942.35,888.25,0.0,0,0.0,OFFICIAL_ANNUAL_PLAN,OFFICIAL_SAME_PERIOD,SYNTHETIC_DAILY_CALIBRATED_TO_PUBLIC_ANNUAL_REFERENCE
PROD-0000108,2022-07-17,Balaghat,Madhya Pradesh,Balaghat,21.833333,80.233333,951.94,910.29,0.28,105,18.49,OFFICIAL_ANNUAL_PLAN,OFFICIAL_SAME_PERIOD,SYNTHETIC_DAILY_CALIBRATED_TO_PUBLIC_ANNUAL_REFERENCE
PROD-0000109,2022-07-18,Balaghat,Madhya Pradesh,Balaghat,21.833333,80.233333,933.36,851.07,0.07,58,4.42,OFFICIAL_ANNUAL_PLAN,OFFICIAL_SAME_PERIOD,SYNTHETIC_DAILY_CALIBRATED_TO_PUBLIC_ANNUAL_REFERENCE
PROD-0000110,2022-07-19,Balaghat,Madhya Pradesh,Balaghat,21.833333,80.233333,929.82,911.27,0.7,0,0.0,OFFICIAL_ANNUAL_PLAN,OFFICIAL_SAME_PERIOD,SYNTHETIC_DAILY_CALIBRATED_TO_PUBLIC_ANNUAL_REFERENCE
PROD-0000111,2022-07-20,Balaghat,Madhya Pradesh,Balaghat,21.833333,80.233333,892.23,879.68,0.44,0,7.07,OFFICIAL_ANNUAL_PLAN,OFFICIAL_SAME_PERIOD,SYNTHETIC_DAILY_CALIBRATED_TO_PUBLIC_ANNUAL_REFERENCE
PROD-0000112,2022-07-21,Balaghat,Madhya Pradesh,Balaghat,21.833333,80.233333,901.43,809.29,5.61,0,0.0,OFFICIAL_ANNUAL_PLAN,OFFICIAL_SAME_PERIOD,SYNTHETIC_DAILY_CALIBRATED_TO_PUBLIC_ANNUAL_REFERENCE
PROD-0000113,2022-07-22,Balaghat,Madhya Pradesh,Balaghat,21.833333,80.233333,933.2,864.25,1.67,0,32.74,OFFICIAL_ANNUAL_PLAN,OFFICIAL_SAME_PERIOD,SYNTHETIC_DAILY_CALIBRATED_TO_PUBLIC_ANNUAL_REFERENCE
PROD-0000114,2022-07-23,Balaghat,Madhya Pradesh,Balaghat,21.833333,80.233333,1124.29,1130.42,0.0,0,0.0,OFFICIAL_ANNUAL_PLAN,OFFICIAL_SAME_PERIOD,SYNTHETIC_DAILY_CALIBRATED_TO_PUBLIC_ANNUAL_REFERENCE
PROD-0000115,2022-07-24,Balaghat,Madhya Pradesh,Balaghat,21.833333,80.233333,1063.02,1020.37,0.0,65,0.0,OFFICIAL_ANNUAL_PLAN,OFFICIAL_SAME_PERIOD,SYNTHETIC_DAILY_CALIBRATED_TO_PUBLIC_ANNUAL_REFERENCE
PROD-0000116,2022-07-25,Balaghat,Madhya Pradesh,Balaghat,21.833333,80.233333,880.1,812.41,1.46,0,23.47,OFFICIAL_ANNUAL_PLAN,OFFICIAL_SAME_PERIOD,SYNTHETIC_DAILY_CALIBRATED_TO_PUBLIC_ANNUAL_REFERENCE
PROD-0000117,2022-07-26,Balaghat,Madhya Pradesh,Balaghat,21.833333,80.233333,1064.22,1037.29,0.0,26,0.0,OFFICIAL_ANNUAL_PLAN,OFFICIAL_SAME_PERIOD,SYNTHETIC_DAILY_CALIBRATED_TO_PUBLIC_ANNUAL_REFERENCE
PROD-0000118,2022-07-27,Balaghat,Madhya Pradesh,Balaghat,21.833333,80.233333,993.14,936.37,2.81,0,20.43,OFFICIAL_ANNUAL_PLAN,OFFICIAL_SAME_PERIOD,SYNTHETIC_DAILY_CALIBRATED_TO_PUBLIC_ANNUAL_REFERENCE
PROD-0000119,2022-07-28,Balaghat,Madhya Pradesh,Balaghat,21.833333,80.233333,866.05,813.95,0.79,0,52.97,OFFICIAL_ANNUAL_PLAN,OFFICIAL_SAME_PERIOD,SYNTHETIC_DAILY_CALIBRATED_TO_PUBLIC_ANNUAL_REFERENCE
PROD-0000120,2022-07-29,Balaghat,Madhya Pradesh,Balaghat,21.833333,80.233333,880.27,823.73,3.08,0,13.59,OFFICIAL_ANNUAL_PLAN,OFFICIAL_SAME_PERIOD,SYNTHETIC_DAILY_CALIBRATED_TO_PUBLIC_ANNUAL_REFERENCE
PROD-0000121,2022-07-30,Balaghat,Madhya Pradesh,Balaghat,21.833333,80.233333,1002.64,947.66,2.09,0,5.76,OFFICIAL_ANNUAL_PLAN,OFFICIAL_SAME_PERIOD,SYNTHETIC_DAILY_CALIBRATED_TO_PUBLIC_ANNUAL_REFERENCE
PROD-0000122,2022-07-31,Balaghat,Madhya Pradesh,Balaghat,21.833333,80.233333,917.03,903.14,1.43,0,22.98,OFFICIAL_ANNUAL_PLAN,OFFICIAL_SAME_PERIOD,SYNTHETIC_DAILY_CALIBRATED_TO_PUBLIC_ANNUAL_REFERENCE
PROD-0000123,2022-08-01,Balaghat,Madhya Pradesh,Balaghat,21.833333,80.233333,1027.21,931.29,3.38,0,0.0,OFFICIAL_ANNUAL_PLAN,OFFICIAL_SAME_PERIOD,SYNTHETIC_DAILY_CALIBRATED_TO_PUBLIC_ANNUAL_REFERENCE
PROD-0000124,2022-08-02,Balaghat,Madhya Pradesh,Balaghat,21.833333,80.233333,916.83,881.39,2.47,0,0.0,OFFICIAL_ANNUAL_PLAN,OFFICIAL_SAME_PERIOD,SYNTHETIC_DAILY_CALIBRATED_TO_PUBLIC_ANNUAL_REFERENCE
PROD-0000125,2022-08-03,Balaghat,Madhya Pradesh,Balaghat,21.833333,80.233333,1014.21,977.47,0.0,0,0.0,OFFICIAL_ANNUAL_PLAN,OFFICIAL_SAME_PERIOD,SYNTHETIC_DAILY_CALIBRATED_TO_PUBLIC_ANNUAL_REFERENCE
PROD-0000126,2022-08-04,Balaghat,Madhya Pradesh,Balaghat,21.833333,80.233333,864.81,798.25,2.94,0,26.9,OFFICIAL_ANNUAL_PLAN,OFFICIAL_SAME_PERIOD,SYNTHETIC_DAILY_CALIBRATED_TO_PUBLIC_ANNUAL_REFERENCE
PROD-0000127,2022-08-05,Balaghat,Madhya Pradesh,Balaghat,21.833333,80.233333,1020.34,1009.72,0.69,0,45.82,OFFICIAL_ANNUAL_PLAN,OFFICIAL_SAME_PERIOD,SYNTHETIC_DAILY_CALIBRATED_TO_PUBLIC_ANNUAL_REFERENCE
PROD-0000128,2022-08-06,Balaghat,Madhya Pradesh,Balaghat,21.833333,80.233333,1028.85,961.84,0.03,0,1.93,OFFICIAL_ANNUAL_PLAN,OFFICIAL_SAME_PERIOD,SYNTHETIC_DAILY_CALIBRATED_TO_PUBLIC_ANNUAL_REFERENCE
PROD-0000129,2022-08-07,Balaghat,Madhya Pradesh,Balaghat,21.833333,80.233333,1045.86,976.9,3.05,0,35.5,OFFICIAL_ANNUAL_PLAN,OFFICIAL_SAME_PERIOD,SYNTHETIC_DAILY_CALIBRATED_TO_PUBLIC_ANNUAL_REFERENCE
PROD-0000130,2022-08-08,Balaghat,Madhya Pradesh,Balaghat,21.833333,80.233333,910.09,871.86,0.26,0,17.24,OFFICIAL_ANNUAL_PLAN,OFFICIAL_SAME_PERIOD,SYNTHETIC_DAILY_CALIBRATED_TO_PUBLIC_ANNUAL_REFERENCE
PROD-0000131,2022-08-09,Balaghat,Madhya Pradesh,Balaghat,21.833333,80.233333,969.29,933.54,0.58,0,38.75,OFFICIAL_ANNUAL_PLAN,OFFICIAL_SAME_PERIOD,SYNTHETIC_DAILY_CALIBRATED_TO_PUBLIC_ANNUAL_REFERENCE
PROD-0000132,2022-08-10,Balaghat,Madhya Pradesh,Balaghat,21.833333,80.233333,1078.77,968.74,4.58,0,0.0,OFFICIAL_ANNUAL_PLAN,OFFICIAL_SAME_PERIOD,SYNTHETIC_DAILY_CALIBRATED_TO_PUBLIC_ANNUAL_REFERENCE
PROD-0000133,2022-08-11,Balaghat,Madhya Pradesh,Balaghat,21.833333,80.233333,946.07,923.97,0.02,0,1.63,OFFICIAL_ANNUAL_PLAN,OFFICIAL_SAME_PERIOD,SYNTHETIC_DAILY_CALIBRATED_TO_PUBLIC_ANNUAL_REFERENCE
PROD-0000134,2022-08-12,Balaghat,Madhya Pradesh,Balaghat,21.833333,80.233333,997.92,887.28,3.06,0,0.0,OFFICIAL_ANNUAL_PLAN,OFFICIAL_SAME_PERIOD,SYNTHETIC_DAILY_CALIBRATED_TO_PUBLIC_ANNUAL_REFERENCE
PROD-0000135,2022-08-13,Balaghat,Madhya Pradesh,Balaghat,21.833333,80.233333,796.64,743.1,1.33,0,10.52,OFFICIAL_ANNUAL_PLAN,OFFICIAL_SAME_PERIOD,SYNTHETIC_DAILY_CALIBRATED_TO_PUBLIC_ANNUAL_REFERENCE
PROD-0000136,2022-08-14,Balaghat,Madhya Pradesh,Balaghat,21.833333,80.233333,945.19,932.57,0.0,0,0.0,OFFICIAL_ANNUAL_PLAN,OFFICIAL_SAME_PERIOD,SYNTHETIC_DAILY_CALIBRATED_TO_PUBLIC_ANNUAL_REFERENCE
PROD-0000137,2022-08-15,Balaghat,Madhya Pradesh,Balaghat,21.833333,80.233333,894.75,809.13,2.96,0,3.35,OFFICIAL_ANNUAL_PLAN,OFFICIAL_SAME_PERIOD,SYNTHETIC_DAILY_CALIBRATED_TO_PUBLIC_ANNUAL_REFERENCE
PROD-0000138,2022-08-16,Balaghat,Madhya Pradesh,Balaghat,21.833333,80.233333,928.17,881.36,1.56,0,0.0,OFFICIAL_ANNUAL_PLAN,OFFICIAL_SAME_PERIOD,SYNTHETIC_DAILY_CALIBRATED_TO_PUBLIC_ANNUAL_REFERENCE
PROD-0000139,2022-08-17,Balaghat,Madhya Pradesh,Balaghat,21.833333,80.233333,979.07,956.24,0.26,0,0.0,OFFICIAL_ANNUAL_PLAN,OFFICIAL_SAME_PERIOD,SYNTHETIC_DAILY_CALIBRATED_TO_PUBLIC_ANNUAL_REFERENCE
PROD-0000140,2022-08-18,Balaghat,Madhya Pradesh,Balaghat,21.833333,80.233333,914.35,867.7,0.66,0,26.62,OFFICIAL_ANNUAL_PLAN,OFFICIAL_SAME_PERIOD,SYNTHETIC_DAILY_CALIBRATED_TO_PUBLIC_ANNUAL_REFERENCE
PROD-0000141,2022-08-19,Balaghat,Madhya Pradesh,Balaghat,21.833333,80.233333,998.51,942.45,2.28,0,0.0,OFFICIAL_ANNUAL_PLAN,OFFICIAL_SAME_PERIOD,SYNTHETIC_DAILY_CALIBRATED_TO_PUBLIC_ANNUAL_REFERENCE
PROD-0000142,2022-08-20,Balaghat,Madhya Pradesh,Balaghat,21.833333,80.233333,1002.69,973.29,0.28,0,18.56,OFFICIAL_ANNUAL_PLAN,OFFICIAL_SAME_PERIOD,SYNTHETIC_DAILY_CALIBRATED_TO_PUBLIC_ANNUAL_REFERENCE
PROD-0000143,2022-08-21,Balaghat,Madhya Pradesh,Balaghat,21.833333,80.233333,905.67,898.01,0.09,28,6.02,OFFICIAL_ANNUAL_PLAN,OFFICIAL_SAME_PERIOD,SYNTHETIC_DAILY_CALIBRATED_TO_PUBLIC_ANNUAL_REFERENCE
PROD-0000144,2022-08-22,Balaghat,Madhya Pradesh,Balaghat,21.833333,80.233333,867.82,844.1,0.0,0,0.0,OFFICIAL_ANNUAL_PLAN,OFFICIAL_SAME_PERIOD,SYNTHETIC_DAILY_CALIBRATED_TO_PUBLIC_ANNUAL_REFERENCE
PROD-0000145,2022-08-23,Balaghat,Madhya Pradesh,Balaghat,21.833333,80.233333,949.4,902.11,0.66,0,0.0,OFFICIAL_ANNUAL_PLAN,OFFICIAL_SAME_PERIOD,SYNTHETIC_DAILY_CALIBRATED_TO_PUBLIC_ANNUAL_REFERENCE
PROD-0000146,2022-08-24,Balaghat,Madhya Pradesh,Balaghat,21.833333,80.233333,870.48,803.3,1.78,0,15.49,OFFICIAL_ANNUAL_PLAN,OFFICIAL_SAME_PERIOD,SYNTHETIC_DAILY_CALIBRATED_TO_PUBLIC_ANNUAL_REFERENCE
PROD-0000147,2022-08-25,Balaghat,Madhya Pradesh,Balaghat,21.833333,80.233333,1083.39,978.43,0.66,75,44.14,OFFICIAL_ANNUAL_PLAN,OFFICIAL_SAME_PERIOD,SYNTHETIC_DAILY_CALIBRATED_TO_PUBLIC_ANNUAL_REFERENCE
PROD-0000148,2022-08-26,Balaghat,Madhya Pradesh,Balaghat,21.833333,80.233333,999.02,972.03,0.0,19,0.0,OFFICIAL_ANNUAL_PLAN,OFFICIAL_SAME_PERIOD,SYNTHETIC_DAILY_CALIBRATED_TO_PUBLIC_ANNUAL_REFERENCE
PROD-0000149,2022-08-27,Balaghat,Madhya Pradesh,Balaghat,21.833333,80.233333,910.36,888.33,0.21,0,14.13,OFFICIAL_ANNUAL_PLAN,OFFICIAL_SAME_PERIOD,SYNTHETIC_DAILY_CALIBRATED_TO_PUBLIC_ANNUAL_REFERENCE
PROD-0000150,2022-08-28,Balaghat,Madhya Pradesh,Balaghat,21.833333,80.233333,882.74,817.31,4.66,0,16.21,OFFICIAL_ANNUAL_PLAN,OFFICIAL_SAME_PERIOD,SYNTHETIC_DAILY_CALIBRATED_TO_PUBLIC_ANNUAL_REFERENCE
PROD-0000151,2022-08-29,Balaghat,Madhya Pradesh,Balaghat,21.833333,80.233333,1007.05,985.99,1.09,0,18.89,OFFICIAL_ANNUAL_PLAN,OFFICIAL_SAME_PERIOD,SYNTHETIC_DAILY_CALIBRATED_TO_PUBLIC_ANNUAL_REFERENCE
PROD-0000152,2022-08-30,Balaghat,Madhya Pradesh,Balaghat,21.833333,80.233333,960.67,887.51,0.97,21,0.0,OFFICIAL_ANNUAL_PLAN,OFFICIAL_SAME_PERIOD,SYNTHETIC_DAILY_CALIBRATED_TO_PUBLIC_ANNUAL_REFERENCE
PROD-0000153,2022-08-31,Balaghat,Madhya Pradesh,Balaghat,21.833333,80.233333,859.15,862.2,0.0,0,0.0,OFFICIAL_ANNUAL_PLAN,OFFICIAL_SAME_PERIOD,SYNTHETIC_DAILY_CALIBRATED_TO_PUBLIC_ANNUAL_REFERENCE
PROD-0000154,2022-09-01,Balaghat,Madhya Pradesh,Balaghat,21.833333,80.233333,1034.04,949.17,1.65,75,9.67,OFFICIAL_ANNUAL_PLAN,OFFICIAL_SAME_PERIOD,SYNTHETIC_DAILY_CALIBRATED_TO_PUBLIC_ANNUAL_REFERENCE
PROD-0000155,2022-09-02,Balaghat,Madhya Pradesh,Balaghat,21.833333,80.233333,972.67,908.42,2.58,35,14.69,OFFICIAL_ANNUAL_PLAN,OFFICIAL_SAME_PERIOD,SYNTHETIC_DAILY_CALIBRATED_TO_PUBLIC_ANNUAL_REFERENCE
PROD-0000156,2022-09-03,Balaghat,Madhya Pradesh,Balaghat,21.833333,80.233333,967.68,920.47,0.18,0,12.33,OFFICIAL_ANNUAL_PLAN,OFFICIAL_SAME_PERIOD,SYNTHETIC_DAILY_CALIBRATED_TO_PUBLIC_ANNUAL_REFERENCE
PROD-0000157,2022-09-04,Balaghat,Madhya Pradesh,Balaghat,21.833333,80.233333,986.13,902.73,2.12,0,9.08,OFFICIAL_ANNUAL_PLAN,OFFICIAL_SAME_PERIOD,SYNTHETIC_DAILY_CALIBRATED_TO_PUBLIC_ANNUAL_REFERENCE
PROD-0000158,2022-09-05,Balaghat,Madhya Pradesh,Balaghat,21.833333,80.233333,961.44,883.16,1.12,33,32.95,OFFICIAL_ANNUAL_PLAN,OFFICIAL_SAME_PERIOD,SYNTHETIC_DAILY_CALIBRATED_TO_PUBLIC_ANNUAL_REFERENCE
PROD-0000159,2022-09-06,Balaghat,Madhya Pradesh,Balaghat,21.833333,80.233333,857.37,830.84,1.62,0,0.0,OFFICIAL_ANNUAL_PLAN,OFFICIAL_SAME_PERIOD,SYNTHETIC_DAILY_CALIBRATED_TO_PUBLIC_ANNUAL_REFERENCE
PROD-0000160,2022-09-07,Balaghat,Madhya Pradesh,Balaghat,21.833333,80.233333,930.77,860.04,0.4,0,26.94,OFFICIAL_ANNUAL_PLAN,OFFICIAL_SAME_PERIOD,SYNTHETIC_DAILY_CALIBRATED_TO_PUBLIC_ANNUAL_REFERENCE
PROD-0000161,2022-09-08,Balaghat,Madhya Pradesh,Balaghat,21.833333,80.233333,967.99,901.38,0.5,0,0.0,OFFICIAL_ANNUAL_PLAN,OFFICIAL_SAME_PERIOD,SYNTHETIC_DAILY_CALIBRATED_TO_PUBLIC_ANNUAL_REFERENCE
PROD-0000162,2022-09-09,Balaghat,Madhya Pradesh,Balaghat,21.833333,80.233333,928.96,845.03,2.02,0,8.25,OFFICIAL_ANNUAL_PLAN,OFFICIAL_SAME_PERIOD,SYNTHETIC_DAILY_CALIBRATED_TO_PUBLIC_ANNUAL_REFERENCE
PROD-0000163,2022-09-10,Balaghat,Madhya Pradesh,Balaghat,21.833333,80.233333,874.75,795.72,2.97,21,4.17,OFFICIAL_ANNUAL_PLAN,OFFICIAL_SAME_PERIOD,SYNTHETIC_DAILY_CALIBRATED_TO_PUBLIC_ANNUAL_REFERENCE
PROD-0000164,2022-09-11,Balaghat,Madhya Pradesh,Balaghat,21.833333,80.233333,1004.2,939.09,3.17,0,4.65,OFFICIAL_ANNUAL_PLAN,OFFICIAL_SAME_PERIOD,SYNTHETIC_DAILY_CALIBRATED_TO_PUBLIC_ANNUAL_REFERENCE
PROD-0000165,2022-09-12,Balaghat,Madhya Pradesh,Balaghat,21.833333,80.233333,965.76,913.01,2.47,0,22.72,OFFICIAL_ANNUAL_PLAN,OFFICIAL_SAME_PERIOD,SYNTHETIC_DAILY_CALIBRATED_TO_PUBLIC_ANNUAL_REFERENCE
PROD-0000166,2022-09-13,Balaghat,Madhya Pradesh,Balaghat,21.833333,80.233333,919.43,830.35,2.04,0,0.0,OFFICIAL_ANNUAL_PLAN,OFFICIAL_SAME_PERIOD,SYNTHETIC_DAILY_CALIBRATED_TO_PUBLIC_ANNUAL_REFERENCE
PROD-0000167,2022-09-14,Balaghat,Madhya Pradesh,Balaghat,21.833333,80.233333,877.65,857.81,0.0,0,0.0,OFFICIAL_ANNUAL_PLAN,OFFICIAL_SAME_PERIOD,SYNTHETIC_DAILY_CALIBRATED_TO_PUBLIC_ANNUAL_REFERENCE
PROD-0000168,2022-09-15,Balaghat,Madhya Pradesh,Balaghat,21.833333,80.233333,1023.41,906.95,3.23,0,45.16,OFFICIAL_ANNUAL_PLAN,OFFICIAL_SAME_PERIOD,SYNTHETIC_DAILY_CALIBRATED_TO_PUBLIC_ANNUAL_REFERENCE
PROD-0000169,2022-09-16,Balaghat,Madhya Pradesh,Balaghat,21.833333,80.233333,1038.63,930.98,1.97,41,12.86,OFFICIAL_ANNUAL_PLAN,OFFICIAL_SAME_PERIOD,SYNTHETIC_DAILY_CALIBRATED_TO_PUBLIC_ANNUAL_REFERENCE
PROD-0000170,2022-09-17,Balaghat,Madhya Pradesh,Balaghat,21.833333,80.233333,891.41,831.28,2.74,40,40.02,OFFICIAL_ANNUAL_PLAN,OFFICIAL_SAME_PERIOD,SYNTHETIC_DAILY_CALIBRATED_TO_PUBLIC_ANNUAL_REFERENCE
PROD-0000171,2022-09-18,Balaghat,Madhya Pradesh,Balaghat,21.833333,80.233333,866.83,805.52,1.27,0,1.72,OFFICIAL_ANNUAL_PLAN,OFFICIAL_SAME_PERIOD,SYNTHETIC_DAILY_CALIBRATED_TO_PUBLIC_ANNUAL_REFERENCE
PROD-0000172,2022-09-19,Balaghat,Madhya Pradesh,Balaghat,21.833333,80.233333,953.63,924.68,0.0,0,0.0,OFFICIAL_ANNUAL_PLAN,OFFICIAL_SAME_PERIOD,SYNTHETIC_DAILY_CALIBRATED_TO_PUBLIC_ANNUAL_REFERENCE
PROD-0000173,2022-09-20,Balaghat,Madhya Pradesh,Balaghat,21.833333,80.233333,1018.02,952.98,2.14,0,3.59,OFFICIAL_ANNUAL_PLAN,OFFICIAL_SAME_PERIOD,SYNTHETIC_DAILY_CALIBRATED_TO_PUBLIC_ANNUAL_REFERENCE
PROD-0000174,2022-09-21,Balaghat,Madhya Pradesh,Balaghat,21.833333,80.233333,963.18,953.86,0.16,0,10.42,OFFICIAL_ANNUAL_PLAN,OFFICIAL_SAME_PERIOD,SYNTHETIC_DAILY_CALIBRATED_TO_PUBLIC_ANNUAL_REFERENCE
PROD-0000175,2022-09-22,Balaghat,Madhya Pradesh,Balaghat,21.833333,80.233333,833.13,786.36,0.0,0,0.0,OFFICIAL_ANNUAL_PLAN,OFFICIAL_SAME_PERIOD,SYNTHETIC_DAILY_CALIBRATED_TO_PUBLIC_ANNUAL_REFERENCE
PROD-0000176,2022-09-23,Balaghat,Madhya Pradesh,Balaghat,21.833333,80.233333,967.85,898.42,3.21,0,8.99,OFFICIAL_ANNUAL_PLAN,OFFICIAL_SAME_PERIOD,SYNTHETIC_DAILY_CALIBRATED_TO_PUBLIC_ANNUAL_REFERENCE
PROD-0000177,2022-09-24,Balaghat,Madhya Pradesh,Balaghat,21.833333,80.233333,962.75,885.65,1.43,0,38.92,OFFICIAL_ANNUAL_PLAN,OFFICIAL_SAME_PERIOD,SYNTHETIC_DAILY_CALIBRATED_TO_PUBLIC_ANNUAL_REFERENCE
PROD-0000178,2022-09-25,Balaghat,Madhya Pradesh,Balaghat,21.833333,80.233333,968.72,879.22,1.92,0,0.0,OFFICIAL_ANNUAL_PLAN,OFFICIAL_SAME_PERIOD,SYNTHETIC_DAILY_CALIBRATED_TO_PUBLIC_ANNUAL_REFERENCE
PROD-0000179,2022-09-26,Balaghat,Madhya Pradesh,Balaghat,21.833333,80.233333,889.26,853.47,0.74,16,21.09,OFFICIAL_ANNUAL_PLAN,OFFICIAL_SAME_PERIOD,SYNTHETIC_DAILY_CALIBRATED_TO_PUBLIC_ANNUAL_REFERENCE
PROD-0000180,2022-09-27,Balaghat,Madhya Pradesh,Balaghat,21.833333,80.233333,834.66,708.84,5.98,39,0.0,OFFICIAL_ANNUAL_PLAN,OFFICIAL_SAME_PERIOD,SYNTHETIC_DAILY_CALIBRATED_TO_PUBLIC_ANNUAL_REFERENCE
PROD-0000181,2022-09-28,Balaghat,Madhya Pradesh,Balaghat,21.833333,80.233333,981.35,910.55,2.59,0,0.0,OFFICIAL_ANNUAL_PLAN,OFFICIAL_SAME_PERIOD,SYNTHETIC_DAILY_CALIBRATED_TO_PUBLIC_ANNUAL_REFERENCE
PROD-0000182,2022-09-29,Balaghat,Madhya Pradesh,Balaghat,21.833333,80.233333,969.81,898.15,4.6,0,0.0,OFFICIAL_ANNUAL_PLAN,OFFICIAL_SAME_PERIOD,SYNTHETIC_DAILY_CALIBRATED_TO_PUBLIC_ANNUAL_REFERENCE
PROD-0000183,2022-09-30,Balaghat,Madhya Pradesh,Balaghat,21.833333,80.233333,967.01,855.06,4.96,0,0.0,OFFICIAL_ANNUAL_PLAN,OFFICIAL_SAME_PERIOD,SYNTHETIC_DAILY_CALIBRATED_TO_PUBLIC_ANNUAL_REFERENCE
PROD-0000184,2022-10-01,Balaghat,Madhya Pradesh,Balaghat,21.833333,80.233333,961.61,867.33,2.19,0,20.39,OFFICIAL_ANNUAL_PLAN,OFFICIAL_SAME_PERIOD,SYNTHETIC_DAILY_CALIBRATED_TO_PUBLIC_ANNUAL_REFERENCE
PROD-0000185,2022-10-02,Balaghat,Madhya Pradesh,Balaghat,21.833333,80.233333,972.96,914.68,0.25,29,0.0,OFFICIAL_ANNUAL_PLAN,OFFICIAL_SAME_PERIOD,SYNTHETIC_DAILY_CALIBRATED_TO_PUBLIC_ANNUAL_REFERENCE
PROD-0000186,2022-10-03,Balaghat,Madhya Pradesh,Balaghat,21.833333,80.233333,855.91,784.3,2.2,21,0.0,OFFICIAL_ANNUAL_PLAN,OFFICIAL_SAME_PERIOD,SYNTHETIC_DAILY_CALIBRATED_TO_PUBLIC_ANNUAL_REFERENCE
PROD-0000187,2022-10-04,Balaghat,Madhya Pradesh,Balaghat,21.833333,80.233333,993.75,941.47,0.17,0,11.16,OFFICIAL_ANNUAL_PLAN,OFFICIAL_SAME_PERIOD,SYNTHETIC_DAILY_CALIBRATED_TO_PUBLIC_ANNUAL_REFERENCE
PROD-0000188,2022-10-05,Balaghat,Madhya Pradesh,Balaghat,21.833333,80.233333,907.39,785.3,6.55,31,20.37,OFFICIAL_ANNUAL_PLAN,OFFICIAL_SAME_PERIOD,SYNTHETIC_DAILY_CALIBRATED_TO_PUBLIC_ANNUAL_REFERENCE
PROD-0000189,2022-10-06,Balaghat,Madhya Pradesh,Balaghat,21.833333,80.233333,864.28,783.47,2.62,0,0.0,OFFICIAL_ANNUAL_PLAN,OFFICIAL_SAME_PERIOD,SYNTHETIC_DAILY_CALIBRATED_TO_PUBLIC_ANNUAL_REFERENCE
PROD-0000190,2022-10-07,Balaghat,Madhya Pradesh,Balaghat,21.833333,80.233333,927.63,853.61,2.69,49,0.0,OFFICIAL_ANNUAL_PLAN,OFFICIAL_SAME_PERIOD,SYNTHETIC_DAILY_CALIBRATED_TO_PUBLIC_ANNUAL_REFERENCE
PROD-0000191,2022-10-08,Balaghat,Madhya Pradesh,Balaghat,21.833333,80.233333,973.41,914.95,0.79,0,17.52,OFFICIAL_ANNUAL_PLAN,OFFICIAL_SAME_PERIOD,SYNTHETIC_DAILY_CALIBRATED_TO_PUBLIC_ANNUAL_REFERENCE
PROD-0000192,2022-10-09,Balaghat,Madhya Pradesh,Balaghat,21.833333,80.233333,995.81,929.78,2.22,0,0.0,OFFICIAL_ANNUAL_PLAN,OFFICIAL_SAME_PERIOD,SYNTHETIC_DAILY_CALIBRATED_TO_PUBLIC_ANNUAL_REFERENCE
PROD-0000193,2022-10-10,Balaghat,Madhya Pradesh,Balaghat,21.833333,80.233333,1059.19,991.33,0.67,0,6.56,OFFICIAL_ANNUAL_PLAN,OFFICIAL_SAME_PERIOD,SYNTHETIC_DAILY_CALIBRATED_TO_PUBLIC_ANNUAL_REFERENCE
PROD-0000194,2022-10-11,Balaghat,Madhya Pradesh,Balaghat,21.833333,80.233333,916.33,860.01,2.83,0,0.0,OFFICIAL_ANNUAL_PLAN,OFFICIAL_SAME_PERIOD,SYNTHETIC_DAILY_CALIBRATED_TO_PUBLIC_ANNUAL_REFERENCE
PROD-0000195,2022-10-12,Balaghat,Madhya Pradesh,Balaghat,21.833333,80.233333,835.76,798.38,0.5,0,0.0,OFFICIAL_ANNUAL_PLAN,OFFICIAL_SAME_PERIOD,SYNTHETIC_DAILY_CALIBRATED_TO_PUBLIC_ANNUAL_REFERENCE
PROD-0000196,2022-10-13,Balaghat,Madhya Pradesh,Balaghat,21.833333,80.233333,945.1,861.66,1.31,0,0.0,OFFICIAL_ANNUAL_PLAN,OFFICIAL_SAME_PERIOD,SYNTHETIC_DAILY_CALIBRATED_TO_PUBLIC_ANNUAL_REFERENCE
PROD-0000197,2022-10-14,Balaghat,Madhya Pradesh,Balaghat,21.833333,80.233333,910.62,823.59,1.95,0,0.0,OFFICIAL_ANNUAL_PLAN,OFFICIAL_SAME_PERIOD,SYNTHETIC_DAILY_CALIBRATED_TO_PUBLIC_ANNUAL_REFERENCE
PROD-0000198,2022-10-15,Balaghat,Madhya Pradesh,Balaghat,21.833333,80.233333,901.39,791.56,6.64,0,0.0,OFFICIAL_ANNUAL_PLAN,OFFICIAL_SAME_PERIOD,SYNTHETIC_DAILY_CALIBRATED_TO_PUBLIC_ANNUAL_REFERENCE
PROD-0000199,2022-10-16,Balaghat,Madhya Pradesh,Balaghat,21.833333,80.233333,1031.5,981.7,2.93,0,0.0,OFFICIAL_ANNUAL_PLAN,OFFICIAL_SAME_PERIOD,SYNTHETIC_DAILY_CALIBRATED_TO_PUBLIC_ANNUAL_REFERENCE
PROD-0000200,2022-10-17,Balaghat,Madhya Pradesh,Balaghat,21.833333,80.233333,849.54,851.58,0.0,0,0.0,OFFICIAL_ANNUAL_PLAN,OFFICIAL_SAME_PERIOD,SYNTHETIC_DAILY_CALIBRATED_TO_PUBLIC_ANNUAL_REFERENCE
PROD-0000201,2022-10-18,Balaghat,Madhya Pradesh,Balaghat,21.833333,80.233333,953.98,879.56,3.47,0,5.17,OFFICIAL_ANNUAL_PLAN,OFFICIAL_SAME_PERIOD,SYNTHETIC_DAILY_CALIBRATED_TO_PUBLIC_ANNUAL_REFERENCE
PROD-0000202,2022-10-19,Balaghat,Madhya Pradesh,Balaghat,21.833333,80.233333,975.61,916.45,0.0,0,0.0,OFFICIAL_ANNUAL_PLAN,OFFICIAL_SAME_PERIOD,SYNTHETIC_DAILY_CALIBRATED_TO_PUBLIC_ANNUAL_REFERENCE
PROD-0000203,2022-10-20,Balaghat,Madhya Pradesh,Balaghat,21.833333,80.233333,903.16,864.35,0.84,0,0.0,OFFICIAL_ANNUAL_PLAN,OFFICIAL_SAME_PERIOD,SYNTHETIC_DAILY_CALIBRATED_TO_PUBLIC_ANNUAL_REFERENCE
PROD-0000204,2022-10-21,Balaghat,Madhya Pradesh,Balaghat,21.833333,80.233333,967.76,931.42,0.99,0,0.0,OFFICIAL_ANNUAL_PLAN,OFFICIAL_SAME_PERIOD,SYNTHETIC_DAILY_CALIBRATED_TO_PUBLIC_ANNUAL_REFERENCE
PROD-0000205,2022-10-22,Balaghat,Madhya Pradesh,Balaghat,21.833333,80.233333,911.43,867.2,0.0,0,0.0,OFFICIAL_ANNUAL_PLAN,OFFICIAL_SAME_PERIOD,SYNTHETIC_DAILY_CALIBRATED_TO_PUBLIC_ANNUAL_REFERENCE
PROD-0000206,2022-10-23,Balaghat,Madhya Pradesh,Balaghat,21.833333,80.233333,945.88,886.54,0.43,0,0.0,OFFICIAL_ANNUAL_PLAN,OFFICIAL_SAME_PERIOD,SYNTHETIC_DAILY_CALIBRATED_TO_PUBLIC_ANNUAL_REFERENCE
PROD-0000207,2022-10-24,Balaghat,Madhya Pradesh,Balaghat,21.833333,80.233333,1040.44,988.64,0.22,34,14.49,OFFICIAL_ANNUAL_PLAN,OFFICIAL_SAME_PERIOD,SYNTHETIC_DAILY_CALIBRATED_TO_PUBLIC_ANNUAL_REFERENCE
PROD-0000208,2022-10-25,Balaghat,Madhya Pradesh,Balaghat,21.833333,80.233333,989.31,948.16,1.27,0,0.0,OFFICIAL_ANNUAL_PLAN,OFFICIAL_SAME_PERIOD,SYNTHETIC_DAILY_CALIBRATED_TO_PUBLIC_ANNUAL_REFERENCE
PROD-0000209,2022-10-26,Balaghat,Madhya Pradesh,Balaghat,21.833333,80.233333,988.87,958.12,0.47,0,0.0,OFFICIAL_ANNUAL_PLAN,OFFICIAL_SAME_PERIOD,SYNTHETIC_DAILY_CALIBRATED_TO_PUBLIC_ANNUAL_REFERENCE
PROD-0000210,2022-10-27,Balaghat,Madhya Pradesh,Balaghat,21.833333,80.233333,941.36,866.05,0.0,0,0.0,OFFICIAL_ANNUAL_PLAN,OFFICIAL_SAME_PERIOD,SYNTHETIC_DAILY_CALIBRATED_TO_PUBLIC_ANNUAL_REFERENCE
PROD-0000211,2022-10-28,Balaghat,Madhya Pradesh,Balaghat,21.833333,80.233333,1085.2,992.09,4.22,25,0.0,OFFICIAL_ANNUAL_PLAN,OFFICIAL_SAME_PERIOD,SYNTHETIC_DAILY_CALIBRATED_TO_PUBLIC_ANNUAL_REFERENCE
PROD-0000212,2022-10-29,Balaghat,Madhya Pradesh,Balaghat,21.833333,80.233333,917.96,888.51,0.0,0,0.0,OFFICIAL_ANNUAL_PLAN,OFFICIAL_SAME_PERIOD,SYNTHETIC_DAILY_CALIBRATED_TO_PUBLIC_ANNUAL_REFERENCE
PROD-0000213,2022-10-30,Balaghat,Madhya Pradesh,Balaghat,21.833333,80.233333,870.28,820.79,1.65,35,0.0,OFFICIAL_ANNUAL_PLAN,OFFICIAL_SAME_PERIOD,SYNTHETIC_DAILY_CALIBRATED_TO_PUBLIC_ANNUAL_REFERENCE
PROD-0000214,2022-10-31,Balaghat,Madhya Pradesh,Balaghat,21.833333,80.233333,971.75,983.44,0.12,0,0.0,OFFICIAL_ANNUAL_PLAN,OFFICIAL_SAME_PERIOD,SYNTHETIC_DAILY_CALIBRATED_TO_PUBLIC_ANNUAL_REFERENCE
PROD-0000215,2022-11-01,Balaghat,Madhya Pradesh,Balaghat,21.833333,80.233333,944.63,897.05,0.0,0,0.0,OFFICIAL_ANNUAL_PLAN,OFFICIAL_SAME_PERIOD,SYNTHETIC_DAILY_CALIBRATED_TO_PUBLIC_ANNUAL_REFERENCE
PROD-0000216,2022-11-02,Balaghat,Madhya Pradesh,Balaghat,21.833333,80.233333,1069.15,1058.5,0.0,0,0.0,OFFICIAL_ANNUAL_PLAN,OFFICIAL_SAME_PERIOD,SYNTHETIC_DAILY_CALIBRATED_TO_PUBLIC_ANNUAL_REFERENCE
PROD-0000217,2022-11-03,Balaghat,Madhya Pradesh,Balaghat,21.833333,80.233333,814.56,760.2,0.0,0,0.0,OFFICIAL_ANNUAL_PLAN,OFFICIAL_SAME_PERIOD,SYNTHETIC_DAILY_CALIBRATED_TO_PUBLIC_ANNUAL_REFERENCE
PROD-0000218,2022-11-04,Balaghat,Madhya Pradesh,Balaghat,21.833333,80.233333,1085.97,938.11,7.06,0,0.0,OFFICIAL_ANNUAL_PLAN,OFFICIAL_SAME_PERIOD,SYNTHETIC_DAILY_CALIBRATED_TO_PUBLIC_ANNUAL_REFERENCE
PROD-0000219,2022-11-05,Balaghat,Madhya Pradesh,Balaghat,21.833333,80.233333,987.06,972.01,0.2,0,0.0,OFFICIAL_ANNUAL_PLAN,OFFICIAL_SAME_PERIOD,SYNTHETIC_DAILY_CALIBRATED_TO_PUBLIC_ANNUAL_REFERENCE
PROD-0000220,2022-11-06,Balaghat,Madhya Pradesh,Balaghat,21.833333,80.233333,1118.2,1054.08,5.01,0,0.0,OFFICIAL_ANNUAL_PLAN,OFFICIAL_SAME_PERIOD,SYNTHETIC_DAILY_CALIBRATED_TO_PUBLIC_ANNUAL_REFERENCE
PROD-0000221,2022-11-07,Balaghat,Madhya Pradesh,Balaghat,21.833333,80.233333,792.07,778.12,2.08,0,0.0,OFFICIAL_ANNUAL_PLAN,OFFICIAL_SAME_PERIOD,SYNTHETIC_DAILY_CALIBRATED_TO_PUBLIC_ANNUAL_REFERENCE
PROD-0000222,2022-11-08,Balaghat,Madhya Pradesh,Balaghat,21.833333,80.233333,1005.27,944.23,1.29,0,0.0,OFFICIAL_ANNUAL_PLAN,OFFICIAL_SAME_PERIOD,SYNTHETIC_DAILY_CALIBRATED_TO_PUBLIC_ANNUAL_REFERENCE
PROD-0000223,2022-11-09,Balaghat,Madhya Pradesh,Balaghat,21.833333,80.233333,949.77,856.51,1.08,35,9.93,OFFICIAL_ANNUAL_PLAN,OFFICIAL_SAME_PERIOD,SYNTHETIC_DAILY_CALIBRATED_TO_PUBLIC_ANNUAL_REFERENCE
PROD-0000224,2022-11-10,Balaghat,Madhya Pradesh,Balaghat,21.833333,80.233333,893.23,883.61,0.0,0,0.0,OFFICIAL_ANNUAL_PLAN,OFFICIAL_SAME_PERIOD,SYNTHETIC_DAILY_CALIBRATED_TO_PUBLIC_ANNUAL_REFERENCE
PROD-0000225,2022-11-11,Balaghat,Madhya Pradesh,Balaghat,21.833333,80.233333,865.54,837.64,0.0,0,0.0,OFFICIAL_ANNUAL_PLAN,OFFICIAL_SAME_PERIOD,SYNTHETIC_DAILY_CALIBRATED_TO_PUBLIC_ANNUAL_REFERENCE
PROD-0000226,2022-11-12,Balaghat,Madhya Pradesh,Balaghat,21.833333,80.233333,1070.64,1000.45,0.51,0,16.69,OFFICIAL_ANNUAL_PLAN,OFFICIAL_SAME_PERIOD,SYNTHETIC_DAILY_CALIBRATED_TO_PUBLIC_ANNUAL_REFERENCE
PROD-0000227,2022-11-13,Balaghat,Madhya Pradesh,Balaghat,21.833333,80.233333,1004.87,942.95,1.33,0,0.0,OFFICIAL_ANNUAL_PLAN,OFFICIAL_SAME_PERIOD,SYNTHETIC_DAILY_CALIBRATED_TO_PUBLIC_ANNUAL_REFERENCE
PROD-0000228,2022-11-14,Balaghat,Madhya Pradesh,Balaghat,21.833333,80.233333,864.13,755.95,5.02,32,10.11,OFFICIAL_ANNUAL_PLAN,OFFICIAL_SAME_PERIOD,SYNTHETIC_DAILY_CALIBRATED_TO_PUBLIC_ANNUAL_REFERENCE
PROD-0000229,2022-11-15,Balaghat,Madhya Pradesh,Balaghat,21.833333,80.233333,988.54,892.24,6.38,9,0.0,OFFICIAL_ANNUAL_PLAN,OFFICIAL_SAME_PERIOD,SYNTHETIC_DAILY_CALIBRATED_TO_PUBLIC_ANNUAL_REFERENCE
PROD-0000230,2022-11-16,Balaghat,Madhya Pradesh,Balaghat,21.833333,80.233333,1022.57,946.66,5.23,0,7.91,OFFICIAL_ANNUAL_PLAN,OFFICIAL_SAME_PERIOD,SYNTHETIC_DAILY_CALIBRATED_TO_PUBLIC_ANNUAL_REFERENCE
PROD-0000231,2022-11-17,Balaghat,Madhya Pradesh,Balaghat,21.833333,80.233333,851.33,808.14,0.15,0,10.22,OFFICIAL_ANNUAL_PLAN,OFFICIAL_SAME_PERIOD,SYNTHETIC_DAILY_CALIBRATED_TO_PUBLIC_ANNUAL_REFERENCE
PROD-0000232,2022-11-18,Balaghat,Madhya Pradesh,Balaghat,21.833333,80.233333,950.45,881.15,2.37,0,0.0,OFFICIAL_ANNUAL_PLAN,OFFICIAL_SAME_PERIOD,SYNTHETIC_DAILY_CALIBRATED_TO_PUBLIC_ANNUAL_REFERENCE
PROD-0000233,2022-11-19,Balaghat,Madhya Pradesh,Balaghat,21.833333,80.233333,935.15,884.73,0.4,43,0.28,OFFICIAL_ANNUAL_PLAN,OFFICIAL_SAME_PERIOD,SYNTHETIC_DAILY_CALIBRATED_TO_PUBLIC_ANNUAL_REFERENCE
PROD-0000234,2022-11-20,Balaghat,Madhya Pradesh,Balaghat,21.833333,80.233333,1032.9,998.37,0.32,0,0.0,OFFICIAL_ANNUAL_PLAN,OFFICIAL_SAME_PERIOD,SYNTHETIC_DAILY_CALIBRATED_TO_PUBLIC_ANNUAL_REFERENCE
PROD-0000235,2022-11-21,Balaghat,Madhya Pradesh,Balaghat,21.833333,80.233333,965.11,958.74,2.38,7,0.0,OFFICIAL_ANNUAL_PLAN,OFFICIAL_SAME_PERIOD,SYNTHETIC_DAILY_CALIBRATED_TO_PUBLIC_ANNUAL_REFERENCE
PROD-0000236,2022-11-22,Balaghat,Madhya Pradesh,Balaghat,21.833333,80.233333,896.18,850.02,0.12,0,0.0,OFFICIAL_ANNUAL_PLAN,OFFICIAL_SAME_PERIOD,SYNTHETIC_DAILY_CALIBRATED_TO_PUBLIC_ANNUAL_REFERENCE
PROD-0000237,2022-11-23,Balaghat,Madhya Pradesh,Balaghat,21.833333,80.233333,964.18,937.41,0.0,0,0.0,OFFICIAL_ANNUAL_PLAN,OFFICIAL_SAME_PERIOD,SYNTHETIC_DAILY_CALIBRATED_TO_PUBLIC_ANNUAL_REFERENCE
PROD-0000238,2022-11-24,Balaghat,Madhya Pradesh,Balaghat,21.833333,80.233333,910.97,879.37,0.0,0,0.0,OFFICIAL_ANNUAL_PLAN,OFFICIAL_SAME_PERIOD,SYNTHETIC_DAILY_CALIBRATED_TO_PUBLIC_ANNUAL_REFERENCE
PROD-0000239,2022-11-25,Balaghat,Madhya Pradesh,Balaghat,21.833333,80.233333,1019.86,963.46,2.28,0,0.0,OFFICIAL_ANNUAL_PLAN,OFFICIAL_SAME_PERIOD,SYNTHETIC_DAILY_CALIBRATED_TO_PUBLIC_ANNUAL_REFERENCE
PROD-0000240,2022-11-26,Balaghat,Madhya Pradesh,Balaghat,21.833333,80.233333,935.97,890.19,0.55,0,36.49,OFFICIAL_ANNUAL_PLAN,OFFICIAL_SAME_PERIOD,SYNTHETIC_DAILY_CALIBRATED_TO_PUBLIC_ANNUAL_REFERENCE
PROD-0000241,2022-11-27,Balaghat,Madhya Pradesh,Balaghat,21.833333,80.233333,895.8,862.15,1.16,0,0.0,OFFICIAL_ANNUAL_PLAN,OFFICIAL_SAME_PERIOD,SYNTHETIC_DAILY_CALIBRATED_TO_PUBLIC_ANNUAL_REFERENCE
PROD-0000242,2022-11-28,Balaghat,Madhya Pradesh,Balaghat,21.833333,80.233333,925.13,922.75,0.0,0,0.0,OFFICIAL_ANNUAL_PLAN,OFFICIAL_SAME_PERIOD,SYNTHETIC_DAILY_CALIBRATED_TO_PUBLIC_ANNUAL_REFERENCE
PROD-0000243,2022-11-29,Balaghat,Madhya Pradesh,Balaghat,21.833333,80.233333,964.26,928.57,1.03,0,0.0,OFFICIAL_ANNUAL_PLAN,OFFICIAL_SAME_PERIOD,SYNTHETIC_DAILY_CALIBRATED_TO_PUBLIC_ANNUAL_REFERENCE
PROD-0000244,2022-11-30,Balaghat,Madhya Pradesh,Balaghat,21.833333,80.233333,947.55,872.75,0.78,0,7.31,OFFICIAL_ANNUAL_PLAN,OFFICIAL_SAME_PERIOD,SYNTHETIC_DAILY_CALIBRATED_TO_PUBLIC_ANNUAL_REFERENCE
PROD-0000245,2022-12-01,Balaghat,Madhya Pradesh,Balaghat,21.833333,80.233333,976.33,865.52,5.28,0,0.0,OFFICIAL_ANNUAL_PLAN,OFFICIAL_SAME_PERIOD,SYNTHETIC_DAILY_CALIBRATED_TO_PUBLIC_ANNUAL_REFERENCE
PROD-0000246,2022-12-02,Balaghat,Madhya Pradesh,Balaghat,21.833333,80.233333,1018.64,967.02,2.17,0,0.0,OFFICIAL_ANNUAL_PLAN,OFFICIAL_SAME_PERIOD,SYNTHETIC_DAILY_CALIBRATED_TO_PUBLIC_ANNUAL_REFERENCE
PROD-0000247,2022-12-03,Balaghat,Madhya Pradesh,Balaghat,21.833333,80.233333,899.95,874.27,0.0,35,0.0,OFFICIAL_ANNUAL_PLAN,OFFICIAL_SAME_PERIOD,SYNTHETIC_DAILY_CALIBRATED_TO_PUBLIC_ANNUAL_REFERENCE
PROD-0000248,2022-12-04,Balaghat,Madhya Pradesh,Balaghat,21.833333,80.233333,975.57,905.63,3.04,0,0.0,OFFICIAL_ANNUAL_PLAN,OFFICIAL_SAME_PERIOD,SYNTHETIC_DAILY_CALIBRATED_TO_PUBLIC_ANNUAL_REFERENCE
PROD-0000249,2022-12-05,Balaghat,Madhya Pradesh,Balaghat,21.833333,80.233333,879.7,816.88,0.0,0,0.0,OFFICIAL_ANNUAL_PLAN,OFFICIAL_SAME_PERIOD,SYNTHETIC_DAILY_CALIBRATED_TO_PUBLIC_ANNUAL_REFERENCE
PROD-0000250,2022-12-06,Balaghat,Madhya Pradesh,Balaghat,21.833333,80.233333,939.56,883.05,0.0,0,0.0,OFFICIAL_ANNUAL_PLAN,OFFICIAL_SAME_PERIOD,SYNTHETIC_DAILY_CALIBRATED_TO_PUBLIC_ANNUAL_REFERENCE
PROD-0000251,2022-12-07,Balaghat,Madhya Pradesh,Balaghat,21.833333,80.233333,938.78,913.76,1.62,0,3.17,OFFICIAL_ANNUAL_PLAN,OFFICIAL_SAME_PERIOD,SYNTHETIC_DAILY_CALIBRATED_TO_PUBLIC_ANNUAL_REFERENCE
PROD-0000252,2022-12-08,Balaghat,Madhya Pradesh,Balaghat,21.833333,80.233333,940.59,891.67,0.54,0,0.21,OFFICIAL_ANNUAL_PLAN,OFFICIAL_SAME_PERIOD,SYNTHETIC_DAILY_CALIBRATED_TO_PUBLIC_ANNUAL_REFERENCE
PROD-0000253,2022-12-09,Balaghat,Madhya Pradesh,Balaghat,21.833333,80.233333,1018.26,967.38,0.08,0,5.36,OFFICIAL_ANNUAL_PLAN,OFFICIAL_SAME_PERIOD,SYNTHETIC_DAILY_CALIBRATED_TO_PUBLIC_ANNUAL_REFERENCE
PROD-0000254,2022-12-10,Balaghat,Madhya Pradesh,Balaghat,21.833333,80.233333,975.28,842.75,1.04,23,0.0,OFFICIAL_ANNUAL_PLAN,OFFICIAL_SAME_PERIOD,SYNTHETIC_DAILY_CALIBRATED_TO_PUBLIC_ANNUAL_REFERENCE
PROD-0000255,2022-12-11,Balaghat,Madhya Pradesh,Balaghat,21.833333,80.233333,959.88,900.79,2.67,0,0.0,OFFICIAL_ANNUAL_PLAN,OFFICIAL_SAME_PERIOD,SYNTHETIC_DAILY_CALIBRATED_TO_PUBLIC_ANNUAL_REFERENCE
PROD-0000256,2022-12-12,Balaghat,Madhya Pradesh,Balaghat,21.833333,80.233333,946.55,823.16,5.04,37,0.0,OFFICIAL_ANNUAL_PLAN,OFFICIAL_SAME_PERIOD,SYNTHETIC_DAILY_CALIBRATED_TO_PUBLIC_ANNUAL_REFERENCE
PROD-0000257,2022-12-13,Balaghat,Madhya Pradesh,Balaghat,21.833333,80.233333,871.27,851.05,0.89,0,0.0,OFFICIAL_ANNUAL_PLAN,OFFICIAL_SAME_PERIOD,SYNTHETIC_DAILY_CALIBRATED_TO_PUBLIC_ANNUAL_REFERENCE
PROD-0000258,2022-12-14,Balaghat,Madhya Pradesh,Balaghat,21.833333,80.233333,1027.17,951.02,2.51,0,0.0,OFFICIAL_ANNUAL_PLAN,OFFICIAL_SAME_PERIOD,SYNTHETIC_DAILY_CALIBRATED_TO_PUBLIC_ANNUAL_REFERENCE
PROD-0000259,2022-12-15,Balaghat,Madhya Pradesh,Balaghat,21.833333,80.233333,840.95,788.69,1.64,0,13.63,OFFICIAL_ANNUAL_PLAN,OFFICIAL_SAME_PERIOD,SYNTHETIC_DAILY_CALIBRATED_TO_PUBLIC_ANNUAL_REFERENCE
PROD-0000260,2022-12-16,Balaghat,Madhya Pradesh,Balaghat,21.833333,80.233333,882.82,791.19,4.99,0,0.0,OFFICIAL_ANNUAL_PLAN,OFFICIAL_SAME_PERIOD,SYNTHETIC_DAILY_CALIBRATED_TO_PUBLIC_ANNUAL_REFERENCE
PROD-0000261,2022-12-17,Balaghat,Madhya Pradesh,Balaghat,21.833333,80.233333,985.62,950.79,0.0,0,0.0,OFFICIAL_ANNUAL_PLAN,OFFICIAL_SAME_PERIOD,SYNTHETIC_DAILY_CALIBRATED_TO_PUBLIC_ANNUAL_REFERENCE
PROD-0000262,2022-12-18,Balaghat,Madhya Pradesh,Balaghat,21.833333,80.233333,965.37,897.09,2.03,0,0.9,OFFICIAL_ANNUAL_PLAN,OFFICIAL_SAME_PERIOD,SYNTHETIC_DAILY_CALIBRATED_TO_PUBLIC_ANNUAL_REFERENCE
PROD-0000263,2022-12-19,Balaghat,Madhya Pradesh,Balaghat,21.833333,80.233333,897.58,833.38,0.6,0,0.0,OFFICIAL_ANNUAL_PLAN,OFFICIAL_SAME_PERIOD,SYNTHETIC_DAILY_CALIBRATED_TO_PUBLIC_ANNUAL_REFERENCE
PROD-0000264,2022-12-20,Balaghat,Madhya Pradesh,Balaghat,21.833333,80.233333,832.05,807.81,2.36,0,0.0,OFFICIAL_ANNUAL_PLAN,OFFICIAL_SAME_PERIOD,SYNTHETIC_DAILY_CALIBRATED_TO_PUBLIC_ANNUAL_REFERENCE
PROD-0000265,2022-12-21,Balaghat,Madhya Pradesh,Balaghat,21.833333,80.233333,856.59,796.16,1.48,17,0.0,OFFICIAL_ANNUAL_PLAN,OFFICIAL_SAME_PERIOD,SYNTHETIC_DAILY_CALIBRATED_TO_PUBLIC_ANNUAL_REFERENCE
PROD-0000266,2022-12-22,Balaghat,Madhya Pradesh,Balaghat,21.833333,80.233333,1046.35,992.54,0.7,2,0.0,OFFICIAL_ANNUAL_PLAN,OFFICIAL_SAME_PERIOD,SYNTHETIC_DAILY_CALIBRATED_TO_PUBLIC_ANNUAL_REFERENCE
PROD-0000267,2022-12-23,Balaghat,Madhya Pradesh,Balaghat,21.833333,80.233333,1027.14,1000.8,0.28,0,0.0,OFFICIAL_ANNUAL_PLAN,OFFICIAL_SAME_PERIOD,SYNTHETIC_DAILY_CALIBRATED_TO_PUBLIC_ANNUAL_REFERENCE
PROD-0000268,2022-12-24,Balaghat,Madhya Pradesh,Balaghat,21.833333,80.233333,972.3,917.31,2.56,46,2.13,OFFICIAL_ANNUAL_PLAN,OFFICIAL_SAME_PERIOD,SYNTHETIC_DAILY_CALIBRATED_TO_PUBLIC_ANNUAL_REFERENCE
PROD-0000269,2022-12-25,Balaghat,Madhya Pradesh,Balaghat,21.833333,80.233333,985.94,930.43,0.0,0,0.0,OFFICIAL_ANNUAL_PLAN,OFFICIAL_SAME_PERIOD,SYNTHETIC_DAILY_CALIBRATED_TO_PUBLIC_ANNUAL_REFERENCE
PROD-0000270,2022-12-26,Balaghat,Madhya Pradesh,Balaghat,21.833333,80.233333,1035.03,937.81,2.21,12,0.0,OFFICIAL_ANNUAL_PLAN,OFFICIAL_SAME_PERIOD,SYNTHETIC_DAILY_CALIBRATED_TO_PUBLIC_ANNUAL_REFERENCE
PROD-0000271,2022-12-27,Balaghat,Madhya Pradesh,Balaghat,21.833333,80.233333,909.95,851.03,0.0,0,0.0,OFFICIAL_ANNUAL_PLAN,OFFICIAL_SAME_PERIOD,SYNTHETIC_DAILY_CALIBRATED_TO_PUBLIC_ANNUAL_REFERENCE
PROD-0000272,2022-12-28,Balaghat,Madhya Pradesh,Balaghat,21.833333,80.233333,1027.27,1007.6,1.82,0,0.0,OFFICIAL_ANNUAL_PLAN,OFFICIAL_SAME_PERIOD,SYNTHETIC_DAILY_CALIBRATED_TO_PUBLIC_ANNUAL_REFERENCE
PROD-0000273,2022-12-29,Balaghat,Madhya Pradesh,Balaghat,21.833333,80.233333,911.22,886.45,1.23,0,0.0,OFFICIAL_ANNUAL_PLAN,OFFICIAL_SAME_PERIOD,SYNTHETIC_DAILY_CALIBRATED_TO_PUBLIC_ANNUAL_REFERENCE
PROD-0000274,2022-12-30,Balaghat,Madhya Pradesh,Balaghat,21.833333,80.233333,885.13,827.1,3.35,0,0.0,OFFICIAL_ANNUAL_PLAN,OFFICIAL_SAME_PERIOD,SYNTHETIC_DAILY_CALIBRATED_TO_PUBLIC_ANNUAL_REFERENCE
PROD-0000275,2022-12-31,Balaghat,Madhya Pradesh,Balaghat,21.833333,80.233333,964.77,886.28,3.0,0,0.0,OFFICIAL_ANNUAL_PLAN,OFFICIAL_SAME_PERIOD,SYNTHETIC_DAILY_CALIBRATED_TO_PUBLIC_ANNUAL_REFERENCE
PROD-0000276,2023-01-01,Balaghat,Madhya Pradesh,Balaghat,21.833333,80.233333,899.41,847.09,1.33,0,0.0,OFFICIAL_ANNUAL_PLAN,OFFICIAL_SAME_PERIOD,SYNTHETIC_DAILY_CALIBRATED_TO_PUBLIC_ANNUAL_REFERENCE
PROD-0000277,2023-01-02,Balaghat,Madhya Pradesh,Balaghat,21.833333,80.233333,1026.05,991.28,0.76,0,0.0,OFFICIAL_ANNUAL_PLAN,OFFICIAL_SAME_PERIOD,SYNTHETIC_DAILY_CALIBRATED_TO_PUBLIC_ANNUAL_REFERENCE
PROD-0000278,2023-01-03,Balaghat,Madhya Pradesh,Balaghat,21.833333,80.233333,914.14,865.63,0.0,0,0.0,OFFICIAL_ANNUAL_PLAN,OFFICIAL_SAME_PERIOD,SYNTHETIC_DAILY_CALIBRATED_TO_PUBLIC_ANNUAL_REFERENCE
PROD-0000279,2023-01-04,Balaghat,Madhya Pradesh,Balaghat,21.833333,80.233333,967.93,901.83,4.54,0,0.0,OFFICIAL_ANNUAL_PLAN,OFFICIAL_SAME_PERIOD,SYNTHETIC_DAILY_CALIBRATED_TO_PUBLIC_ANNUAL_REFERENCE
PROD-0000280,2023-01-05,Balaghat,Madhya Pradesh,Balaghat,21.833333,80.233333,1022.81,917.22,3.31,0,0.0,OFFICIAL_ANNUAL_PLAN,OFFICIAL_SAME_PERIOD,SYNTHETIC_DAILY_CALIBRATED_TO_PUBLIC_ANNUAL_REFERENCE
PROD-0000281,2023-01-06,Balaghat,Madhya Pradesh,Balaghat,21.833333,80.233333,971.63,926.99,0.77,0,0.0,OFFICIAL_ANNUAL_PLAN,OFFICIAL_SAME_PERIOD,SYNTHETIC_DAILY_CALIBRATED_TO_PUBLIC_ANNUAL_REFERENCE
PROD-0000282,2023-01-07,Balaghat,Madhya Pradesh,Balaghat,21.833333,80.233333,991.24,901.23,3.11,0,1.71,OFFICIAL_ANNUAL_PLAN,OFFICIAL_SAME_PERIOD,SYNTHETIC_DAILY_CALIBRATED_TO_PUBLIC_ANNUAL_REFERENCE
PROD-0000283,2023-01-08,Balaghat,Madhya Pradesh,Balaghat,21.833333,80.233333,974.03,973.51,1.74,0,0.0,OFFICIAL_ANNUAL_PLAN,OFFICIAL_SAME_PERIOD,SYNTHETIC_DAILY_CALIBRATED_TO_PUBLIC_ANNUAL_REFERENCE
PROD-0000284,2023-01-09,Balaghat,Madhya Pradesh,Balaghat,21.833333,80.233333,1036.89,998.76,1.52,0,0.0,OFFICIAL_ANNUAL_PLAN,OFFICIAL_SAME_PERIOD,SYNTHETIC_DAILY_CALIBRATED_TO_PUBLIC_ANNUAL_REFERENCE
PROD-0000285,2023-01-10,Balaghat,Madhya Pradesh,Balaghat,21.833333,80.233333,921.58,842.12,0.63,0,2.19,OFFICIAL_ANNUAL_PLAN,OFFICIAL_SAME_PERIOD,SYNTHETIC_DAILY_CALIBRATED_TO_PUBLIC_ANNUAL_REFERENCE
PROD-0000286,2023-01-11,Balaghat,Madhya Pradesh,Balaghat,21.833333,80.233333,940.52,910.53,0.0,0,0.0,OFFICIAL_ANNUAL_PLAN,OFFICIAL_SAME_PERIOD,SYNTHETIC_DAILY_CALIBRATED_TO_PUBLIC_ANNUAL_REFERENCE
PROD-0000287,2023-01-12,Balaghat,Madhya Pradesh,Balaghat,21.833333,80.233333,932.15,880.38,2.07,0,0.0,OFFICIAL_ANNUAL_PLAN,OFFICIAL_SAME_PERIOD,SYNTHETIC_DAILY_CALIBRATED_TO_PUBLIC_ANNUAL_REFERENCE
PROD-0000288,2023-01-13,Balaghat,Madhya Pradesh,Balaghat,21.833333,80.233333,924.88,860.25,1.88,0,0.0,OFFICIAL_ANNUAL_PLAN,OFFICIAL_SAME_PERIOD,SYNTHETIC_DAILY_CALIBRATED_TO_PUBLIC_ANNUAL_REFERENCE
PROD-0000289,2023-01-14,Balaghat,Madhya Pradesh,Balaghat,21.833333,80.233333,905.84,881.38,4.56,0,0.0,OFFICIAL_ANNUAL_PLAN,OFFICIAL_SAME_PERIOD,SYNTHETIC_DAILY_CALIBRATED_TO_PUBLIC_ANNUAL_REFERENCE
PROD-0000290,2023-01-15,Balaghat,Madhya Pradesh,Balaghat,21.833333,80.233333,928.66,883.02,1.68,0,0.0,OFFICIAL_ANNUAL_PLAN,OFFICIAL_SAME_PERIOD,SYNTHETIC_DAILY_CALIBRATED_TO_PUBLIC_ANNUAL_REFERENCE
PROD-0000291,2023-01-16,Balaghat,Madhya Pradesh,Balaghat,21.833333,80.233333,868.34,842.02,1.55,0,0.0,OFFICIAL_ANNUAL_PLAN,OFFICIAL_SAME_PERIOD,SYNTHETIC_DAILY_CALIBRATED_TO_PUBLIC_ANNUAL_REFERENCE
PROD-0000292,2023-01-17,Balaghat,Madhya Pradesh,Balaghat,21.833333,80.233333,1017.33,934.65,0.0,0,0.0,OFFICIAL_ANNUAL_PLAN,OFFICIAL_SAME_PERIOD,SYNTHETIC_DAILY_CALIBRATED_TO_PUBLIC_ANNUAL_REFERENCE
PROD-0000293,2023-01-18,Balaghat,Madhya Pradesh,Balaghat,21.833333,80.233333,887.14,834.08,0.0,46,0.0,OFFICIAL_ANNUAL_PLAN,OFFICIAL_SAME_PERIOD,SYNTHETIC_DAILY_CALIBRATED_TO_PUBLIC_ANNUAL_REFERENCE
PROD-0000294,2023-01-19,Balaghat,Madhya Pradesh,Balaghat,21.833333,80.233333,1016.37,974.24,1.62,0,0.0,OFFICIAL_ANNUAL_PLAN,OFFICIAL_SAME_PERIOD,SYNTHETIC_DAILY_CALIBRATED_TO_PUBLIC_ANNUAL_REFERENCE
PROD-0000295,2023-01-20,Balaghat,Madhya Pradesh,Balaghat,21.833333,80.233333,994.9,910.42,1.89,3,0.0,OFFICIAL_ANNUAL_PLAN,OFFICIAL_SAME_PERIOD,SYNTHETIC_DAILY_CALIBRATED_TO_PUBLIC_ANNUAL_REFERENCE
PROD-0000296,2023-01-21,Balaghat,Madhya Pradesh,Balaghat,21.833333,80.233333,992.24,899.59,1.6,0,8.34,OFFICIAL_ANNUAL_PLAN,OFFICIAL_SAME_PERIOD,SYNTHETIC_DAILY_CALIBRATED_TO_PUBLIC_ANNUAL_REFERENCE
PROD-0000297,2023-01-22,Balaghat,Madhya Pradesh,Balaghat,21.833333,80.233333,947.6,890.29,0.84,0,0.0,OFFICIAL_ANNUAL_PLAN,OFFICIAL_SAME_PERIOD,SYNTHETIC_DAILY_CALIBRATED_TO_PUBLIC_ANNUAL_REFERENCE
PROD-0000298,2023-01-23,Balaghat,Madhya Pradesh,Balaghat,21.833333,80.233333,964.85,919.9,1.42,0,0.0,OFFICIAL_ANNUAL_PLAN,OFFICIAL_SAME_PERIOD,SYNTHETIC_DAILY_CALIBRATED_TO_PUBLIC_ANNUAL_REFERENCE
PROD-0000299,2023-01-24,Balaghat,Madhya Pradesh,Balaghat,21.833333,80.233333,1016.25,1013.3,0.0,0,0.0,OFFICIAL_ANNUAL_PLAN,OFFICIAL_SAME_PERIOD,SYNTHETIC_DAILY_CALIBRATED_TO_PUBLIC_ANNUAL_REFERENCE
PROD-0000300,2023-01-25,Balaghat,Madhya Pradesh,Balaghat,21.833333,80.233333,925.08,827.37,5.18,0,0.0,OFFICIAL_ANNUAL_PLAN,OFFICIAL_SAME_PERIOD,SYNTHETIC_DAILY_CALIBRATED_TO_PUBLIC_ANNUAL_REFERENCE
PROD-0000301,2023-01-26,Balaghat,Madhya Pradesh,Balaghat,21.833333,80.233333,880.34,824.33,0.58,0,4.51,OFFICIAL_ANNUAL_PLAN,OFFICIAL_SAME_PERIOD,SYNTHETIC_DAILY_CALIBRATED_TO_PUBLIC_ANNUAL_REFERENCE
PROD-0000302,2023-01-27,Balaghat,Madhya Pradesh,Balaghat,21.833333,80.233333,897.42,875.66,0.37,0,0.0,OFFICIAL_ANNUAL_PLAN,OFFICIAL_SAME_PERIOD,SYNTHETIC_DAILY_CALIBRATED_TO_PUBLIC_ANNUAL_REFERENCE
PROD-0000303,2023-01-28,Balaghat,Madhya Pradesh,Balaghat,21.833333,80.233333,1035.72,997.14,0.0,0,0.0,OFFICIAL_ANNUAL_PLAN,OFFICIAL_SAME_PERIOD,SYNTHETIC_DAILY_CALIBRATED_TO_PUBLIC_ANNUAL_REFERENCE
PROD-0000304,2023-01-29,Balaghat,Madhya Pradesh,Balaghat,21.833333,80.233333,1026.13,987.87,0.72,0,0.0,OFFICIAL_ANNUAL_PLAN,OFFICIAL_SAME_PERIOD,SYNTHETIC_DAILY_CALIBRATED_TO_PUBLIC_ANNUAL_REFERENCE
PROD-0000305,2023-01-30,Balaghat,Madhya Pradesh,Balaghat,21.833333,80.233333,942.4,899.15,0.0,37,0.0,OFFICIAL_ANNUAL_PLAN,OFFICIAL_SAME_PERIOD,SYNTHETIC_DAILY_CALIBRATED_TO_PUBLIC_ANNUAL_REFERENCE
PROD-0000306,2023-01-31,Balaghat,Madhya Pradesh,Balaghat,21.833333,80.233333,1007.21,942.12,0.0,92,0.0,OFFICIAL_ANNUAL_PLAN,OFFICIAL_SAME_PERIOD,SYNTHETIC_DAILY_CALIBRATED_TO_PUBLIC_ANNUAL_REFERENCE
PROD-0000307,2023-02-01,Balaghat,Madhya Pradesh,Balaghat,21.833333,80.233333,1002.12,928.19,0.68,11,0.0,OFFICIAL_ANNUAL_PLAN,OFFICIAL_SAME_PERIOD,SYNTHETIC_DAILY_CALIBRATED_TO_PUBLIC_ANNUAL_REFERENCE
PROD-0000308,2023-02-02,Balaghat,Madhya Pradesh,Balaghat,21.833333,80.233333,891.07,841.39,2.08,0,0.0,OFFICIAL_ANNUAL_PLAN,OFFICIAL_SAME_PERIOD,SYNTHETIC_DAILY_CALIBRATED_TO_PUBLIC_ANNUAL_REFERENCE
PROD-0000309,2023-02-03,Balaghat,Madhya Pradesh,Balaghat,21.833333,80.233333,993.0,945.45,0.0,0,0.0,OFFICIAL_ANNUAL_PLAN,OFFICIAL_SAME_PERIOD,SYNTHETIC_DAILY_CALIBRATED_TO_PUBLIC_ANNUAL_REFERENCE
PROD-0000310,2023-02-04,Balaghat,Madhya Pradesh,Balaghat,21.833333,80.233333,981.43,936.18,0.0,0,0.0,OFFICIAL_ANNUAL_PLAN,OFFICIAL_SAME_PERIOD,SYNTHETIC_DAILY_CALIBRATED_TO_PUBLIC_ANNUAL_REFERENCE
PROD-0000311,2023-02-05,Balaghat,Madhya Pradesh,Balaghat,21.833333,80.233333,1007.3,941.08,1.57,0,0.0,OFFICIAL_ANNUAL_PLAN,OFFICIAL_SAME_PERIOD,SYNTHETIC_DAILY_CALIBRATED_TO_PUBLIC_ANNUAL_REFERENCE
PROD-0000312,2023-02-06,Balaghat,Madhya Pradesh,Balaghat,21.833333,80.233333,885.46,806.75,2.74,0,0.0,OFFICIAL_ANNUAL_PLAN,OFFICIAL_SAME_PERIOD,SYNTHETIC_DAILY_CALIBRATED_TO_PUBLIC_ANNUAL_REFERENCE
PROD-0000313,2023-02-07,Balaghat,Madhya Pradesh,Balaghat,21.833333,80.233333,970.18,909.15,0.0,0,0.0,OFFICIAL_ANNUAL_PLAN,OFFICIAL_SAME_PERIOD,SYNTHETIC_DAILY_CALIBRATED_TO_PUBLIC_ANNUAL_REFERENCE
PROD-0000314,2023-02-08,Balaghat,Madhya Pradesh,Balaghat,21.833333,80.233333,851.76,802.68,0.0,0,0.0,OFFICIAL_ANNUAL_PLAN,OFFICIAL_SAME_PERIOD,SYNTHETIC_DAILY_CALIBRATED_TO_PUBLIC_ANNUAL_REFERENCE
PROD-0000315,2023-02-09,Balaghat,Madhya Pradesh,Balaghat,21.833333,80.233333,976.74,937.13,0.35,0,0.0,OFFICIAL_ANNUAL_PLAN,OFFICIAL_SAME_PERIOD,SYNTHETIC_DAILY_CALIBRATED_TO_PUBLIC_ANNUAL_REFERENCE
PROD-0000316,2023-02-10,Balaghat,Madhya Pradesh,Balaghat,21.833333,80.233333,1024.99,956.67,0.0,0,0.0,OFFICIAL_ANNUAL_PLAN,OFFICIAL_SAME_PERIOD,SYNTHETIC_DAILY_CALIBRATED_TO_PUBLIC_ANNUAL_REFERENCE
PROD-0000317,2023-02-11,Balaghat,Madhya Pradesh,Balaghat,21.833333,80.233333,1002.44,929.93,1.64,0,0.0,OFFICIAL_ANNUAL_PLAN,OFFICIAL_SAME_PERIOD,SYNTHETIC_DAILY_CALIBRATED_TO_PUBLIC_ANNUAL_REFERENCE
PROD-0000318,2023-02-12,Balaghat,Madhya Pradesh,Balaghat,21.833333,80.233333,1083.11,1057.28,0.0,0,0.0,OFFICIAL_ANNUAL_PLAN,OFFICIAL_SAME_PERIOD,SYNTHETIC_DAILY_CALIBRATED_TO_PUBLIC_ANNUAL_REFERENCE
PROD-0000319,2023-02-13,Balaghat,Madhya Pradesh,Balaghat,21.833333,80.233333,960.45,842.57,6.28,0,0.0,OFFICIAL_ANNUAL_PLAN,OFFICIAL_SAME_PERIOD,SYNTHETIC_DAILY_CALIBRATED_TO_PUBLIC_ANNUAL_REFERENCE
PROD-0000320,2023-02-14,Balaghat,Madhya Pradesh,Balaghat,21.833333,80.233333,877.92,821.31,1.7,0,0.0,OFFICIAL_ANNUAL_PLAN,OFFICIAL_SAME_PERIOD,SYNTHETIC_DAILY_CALIBRATED_TO_PUBLIC_ANNUAL_REFERENCE
PROD-0000321,2023-02-15,Balaghat,Madhya Pradesh,Balaghat,21.833333,80.233333,976.14,911.57,1.76,6,0.0,OFFICIAL_ANNUAL_PLAN,OFFICIAL_SAME_PERIOD,SYNTHETIC_DAILY_CALIBRATED_TO_PUBLIC_ANNUAL_REFERENCE
PROD-0000322,2023-02-16,Balaghat,Madhya Pradesh,Balaghat,21.833333,80.233333,916.91,831.88,0.78,0,0.0,OFFICIAL_ANNUAL_PLAN,OFFICIAL_SAME_PERIOD,SYNTHETIC_DAILY_CALIBRATED_TO_PUBLIC_ANNUAL_REFERENCE
PROD-0000323,2023-02-17,Balaghat,Madhya Pradesh,Balaghat,21.833333,80.233333,1024.7,987.07,0.0,0,0.0,OFFICIAL_ANNUAL_PLAN,OFFICIAL_SAME_PERIOD,SYNTHETIC_DAILY_CALIBRATED_TO_PUBLIC_ANNUAL_REFERENCE
PROD-0000324,2023-02-18,Balaghat,Madhya Pradesh,Balaghat,21.833333,80.233333,948.45,893.71,0.0,8,0.0,OFFICIAL_ANNUAL_PLAN,OFFICIAL_SAME_PERIOD,SYNTHETIC_DAILY_CALIBRATED_TO_PUBLIC_ANNUAL_REFERENCE
PROD-0000325,2023-02-19,Balaghat,Madhya Pradesh,Balaghat,21.833333,80.233333,808.86,764.44,1.5,0,0.0,OFFICIAL_ANNUAL_PLAN,OFFICIAL_SAME_PERIOD,SYNTHETIC_DAILY_CALIBRATED_TO_PUBLIC_ANNUAL_REFERENCE
PROD-0000326,2023-02-20,Balaghat,Madhya Pradesh,Balaghat,21.833333,80.233333,869.24,836.9,1.59,13,0.0,OFFICIAL_ANNUAL_PLAN,OFFICIAL_SAME_PERIOD,SYNTHETIC_DAILY_CALIBRATED_TO_PUBLIC_ANNUAL_REFERENCE
PROD-0000327,2023-02-21,Balaghat,Madhya Pradesh,Balaghat,21.833333,80.233333,1020.12,928.73,4.34,0,0.0,OFFICIAL_ANNUAL_PLAN,OFFICIAL_SAME_PERIOD,SYNTHETIC_DAILY_CALIBRATED_TO_PUBLIC_ANNUAL_REFERENCE
PROD-0000328,2023-02-22,Balaghat,Madhya Pradesh,Balaghat,21.833333,80.233333,1081.13,994.76,1.43,0,0.0,OFFICIAL_ANNUAL_PLAN,OFFICIAL_SAME_PERIOD,SYNTHETIC_DAILY_CALIBRATED_TO_PUBLIC_ANNUAL_REFERENCE
PROD-0000329,2023-02-23,Balaghat,Madhya Pradesh,Balaghat,21.833333,80.233333,999.28,945.81,0.0,0,0.0,OFFICIAL_ANNUAL_PLAN,OFFICIAL_SAME_PERIOD,SYNTHETIC_DAILY_CALIBRATED_TO_PUBLIC_ANNUAL_REFERENCE
PROD-0000330,2023-02-24,Balaghat,Madhya Pradesh,Balaghat,21.833333,80.233333,1038.93,1020.21,0.9,0,0.0,OFFICIAL_ANNUAL_PLAN,OFFICIAL_SAME_PERIOD,SYNTHETIC_DAILY_CALIBRATED_TO_PUBLIC_ANNUAL_REFERENCE
PROD-0000331,2023-02-25,Balaghat,Madhya Pradesh,Balaghat,21.833333,80.233333,941.17,914.45,1.19,0,0.0,OFFICIAL_ANNUAL_PLAN,OFFICIAL_SAME_PERIOD,SYNTHETIC_DAILY_CALIBRATED_TO_PUBLIC_ANNUAL_REFERENCE
PROD-0000332,2023-02-26,Balaghat,Madhya Pradesh,Balaghat,21.833333,80.233333,915.18,829.99,3.1,0,0.88,OFFICIAL_ANNUAL_PLAN,OFFICIAL_SAME_PERIOD,SYNTHETIC_DAILY_CALIBRATED_TO_PUBLIC_ANNUAL_REFERENCE
PROD-0000333,2023-02-27,Balaghat,Madhya Pradesh,Balaghat,21.833333,80.233333,1019.21,968.23,2.46,0,0.0,OFFICIAL_ANNUAL_PLAN,OFFICIAL_SAME_PERIOD,SYNTHETIC_DAILY_CALIBRATED_TO_PUBLIC_ANNUAL_REFERENCE
PROD-0000334,2023-02-28,Balaghat,Madhya Pradesh,Balaghat,21.833333,80.233333,911.9,852.5,2.25,59,0.0,OFFICIAL_ANNUAL_PLAN,OFFICIAL_SAME_PERIOD,SYNTHETIC_DAILY_CALIBRATED_TO_PUBLIC_ANNUAL_REFERENCE
PROD-0000335,2023-03-01,Balaghat,Madhya Pradesh,Balaghat,21.833333,80.233333,936.06,904.88,3.29,0,0.0,OFFICIAL_ANNUAL_PLAN,OFFICIAL_SAME_PERIOD,SYNTHETIC_DAILY_CALIBRATED_TO_PUBLIC_ANNUAL_REFERENCE
PROD-0000336,2023-03-02,Balaghat,Madhya Pradesh,Balaghat,21.833333,80.233333,1086.98,1058.34,0.97,0,0.0,OFFICIAL_ANNUAL_PLAN,OFFICIAL_SAME_PERIOD,SYNTHETIC_DAILY_CALIBRATED_TO_PUBLIC_ANNUAL_REFERENCE
PROD-0000337,2023-03-03,Balaghat,Madhya Pradesh,Balaghat,21.833333,80.233333,960.41,913.67,0.0,16,0.0,OFFICIAL_ANNUAL_PLAN,OFFICIAL_SAME_PERIOD,SYNTHETIC_DAILY_CALIBRATED_TO_PUBLIC_ANNUAL_REFERENCE
PROD-0000338,2023-03-04,Balaghat,Madhya Pradesh,Balaghat,21.833333,80.233333,1007.77,908.82,3.08,0,0.0,OFFICIAL_ANNUAL_PLAN,OFFICIAL_SAME_PERIOD,SYNTHETIC_DAILY_CALIBRATED_TO_PUBLIC_ANNUAL_REFERENCE
PROD-0000339,2023-03-05,Balaghat,Madhya Pradesh,Balaghat,21.833333,80.233333,978.53,925.08,0.0,0,0.0,OFFICIAL_ANNUAL_PLAN,OFFICIAL_SAME_PERIOD,SYNTHETIC_DAILY_CALIBRATED_TO_PUBLIC_ANNUAL_REFERENCE
PROD-0000340,2023-03-06,Balaghat,Madhya Pradesh,Balaghat,21.833333,80.233333,989.85,944.86,1.63,0,0.0,OFFICIAL_ANNUAL_PLAN,OFFICIAL_SAME_PERIOD,SYNTHETIC_DAILY_CALIBRATED_TO_PUBLIC_ANNUAL_REFERENCE
PROD-0000341,2023-03-07,Balaghat,Madhya Pradesh,Balaghat,21.833333,80.233333,1022.5,897.39,6.59,0,0.55,OFFICIAL_ANNUAL_PLAN,OFFICIAL_SAME_PERIOD,SYNTHETIC_DAILY_CALIBRATED_TO_PUBLIC_ANNUAL_REFERENCE
PROD-0000342,2023-03-08,Balaghat,Madhya Pradesh,Balaghat,21.833333,80.233333,1007.03,953.97,3.41,0,0.0,OFFICIAL_ANNUAL_PLAN,OFFICIAL_SAME_PERIOD,SYNTHETIC_DAILY_CALIBRATED_TO_PUBLIC_ANNUAL_REFERENCE
PROD-0000343,2023-03-09,Balaghat,Madhya Pradesh,Balaghat,21.833333,80.233333,768.92,725.35,0.0,0,0.0,OFFICIAL_ANNUAL_PLAN,OFFICIAL_SAME_PERIOD,SYNTHETIC_DAILY_CALIBRATED_TO_PUBLIC_ANNUAL_REFERENCE
PROD-0000344,2023-03-10,Balaghat,Madhya Pradesh,Balaghat,21.833333,80.233333,870.57,860.46,0.04,0,2.45,OFFICIAL_ANNUAL_PLAN,OFFICIAL_SAME_PERIOD,SYNTHETIC_DAILY_CALIBRATED_TO_PUBLIC_ANNUAL_REFERENCE
PROD-0000345,2023-03-11,Balaghat,Madhya Pradesh,Balaghat,21.833333,80.233333,1034.65,914.89,6.44,7,0.0,OFFICIAL_ANNUAL_PLAN,OFFICIAL_SAME_PERIOD,SYNTHETIC_DAILY_CALIBRATED_TO_PUBLIC_ANNUAL_REFERENCE
PROD-0000346,2023-03-12,Balaghat,Madhya Pradesh,Balaghat,21.833333,80.233333,901.54,848.27,1.34,0,0.0,OFFICIAL_ANNUAL_PLAN,OFFICIAL_SAME_PERIOD,SYNTHETIC_DAILY_CALIBRATED_TO_PUBLIC_ANNUAL_REFERENCE
PROD-0000347,2023-03-13,Balaghat,Madhya Pradesh,Balaghat,21.833333,80.233333,914.49,859.17,0.0,0,0.0,OFFICIAL_ANNUAL_PLAN,OFFICIAL_SAME_PERIOD,SYNTHETIC_DAILY_CALIBRATED_TO_PUBLIC_ANNUAL_REFERENCE
PROD-0000348,2023-03-14,Balaghat,Madhya Pradesh,Balaghat,21.833333,80.233333,993.33,930.51,3.58,0,0.0,OFFICIAL_ANNUAL_PLAN,OFFICIAL_SAME_PERIOD,SYNTHETIC_DAILY_CALIBRATED_TO_PUBLIC_ANNUAL_REFERENCE
PROD-0000349,2023-03-15,Balaghat,Madhya Pradesh,Balaghat,21.833333,80.233333,995.61,942.72,0.0,0,0.0,OFFICIAL_ANNUAL_PLAN,OFFICIAL_SAME_PERIOD,SYNTHETIC_DAILY_CALIBRATED_TO_PUBLIC_ANNUAL_REFERENCE
PROD-0000350,2023-03-16,Balaghat,Madhya Pradesh,Balaghat,21.833333,80.233333,1000.88,979.54,0.0,0,0.0,OFFICIAL_ANNUAL_PLAN,OFFICIAL_SAME_PERIOD,SYNTHETIC_DAILY_CALIBRATED_TO_PUBLIC_ANNUAL_REFERENCE
PROD-0000351,2023-03-17,Balaghat,Madhya Pradesh,Balaghat,21.833333,80.233333,948.32,828.41,6.19,0,0.0,OFFICIAL_ANNUAL_PLAN,OFFICIAL_SAME_PERIOD,SYNTHETIC_DAILY_CALIBRATED_TO_PUBLIC_ANNUAL_REFERENCE
PROD-0000352,2023-03-18,Balaghat,Madhya Pradesh,Balaghat,21.833333,80.233333,843.97,795.34,0.56,0,0.0,OFFICIAL_ANNUAL_PLAN,OFFICIAL_SAME_PERIOD,SYNTHETIC_DAILY_CALIBRATED_TO_PUBLIC_ANNUAL_REFERENCE
PROD-0000353,2023-03-19,Balaghat,Madhya Pradesh,Balaghat,21.833333,80.233333,935.11,887.53,1.77,0,0.0,OFFICIAL_ANNUAL_PLAN,OFFICIAL_SAME_PERIOD,SYNTHETIC_DAILY_CALIBRATED_TO_PUBLIC_ANNUAL_REFERENCE
PROD-0000354,2023-03-20,Balaghat,Madhya Pradesh,Balaghat,21.833333,80.233333,998.21,944.69,0.0,0,0.0,OFFICIAL_ANNUAL_PLAN,OFFICIAL_SAME_PERIOD,SYNTHETIC_DAILY_CALIBRATED_TO_PUBLIC_ANNUAL_REFERENCE
PROD-0000355,2023-03-21,Balaghat,Madhya Pradesh,Balaghat,21.833333,80.233333,837.29,787.97,0.0,0,0.0,OFFICIAL_ANNUAL_PLAN,OFFICIAL_SAME_PERIOD,SYNTHETIC_DAILY_CALIBRATED_TO_PUBLIC_ANNUAL_REFERENCE
PROD-0000356,2023-03-22,Balaghat,Madhya Pradesh,Balaghat,21.833333,80.233333,955.4,891.11,1.56,6,0.0,OFFICIAL_ANNUAL_PLAN,OFFICIAL_SAME_PERIOD,SYNTHETIC_DAILY_CALIBRATED_TO_PUBLIC_ANNUAL_REFERENCE
PROD-0000357,2023-03-23,Balaghat,Madhya Pradesh,Balaghat,21.833333,80.233333,1014.22,981.46,0.0,0,0.0,OFFICIAL_ANNUAL_PLAN,OFFICIAL_SAME_PERIOD,SYNTHETIC_DAILY_CALIBRATED_TO_PUBLIC_ANNUAL_REFERENCE
PROD-0000358,2023-03-24,Balaghat,Madhya Pradesh,Balaghat,21.833333,80.233333,910.81,896.22,0.0,28,0.0,OFFICIAL_ANNUAL_PLAN,OFFICIAL_SAME_PERIOD,SYNTHETIC_DAILY_CALIBRATED_TO_PUBLIC_ANNUAL_REFERENCE
PROD-0000359,2023-03-25,Balaghat,Madhya Pradesh,Balaghat,21.833333,80.233333,930.55,891.0,0.32,0,21.15,OFFICIAL_ANNUAL_PLAN,OFFICIAL_SAME_PERIOD,SYNTHETIC_DAILY_CALIBRATED_TO_PUBLIC_ANNUAL_REFERENCE
PROD-0000360,2023-03-26,Balaghat,Madhya Pradesh,Balaghat,21.833333,80.233333,996.45,920.56,6.11,0,0.0,OFFICIAL_ANNUAL_PLAN,OFFICIAL_SAME_PERIOD,SYNTHETIC_DAILY_CALIBRATED_TO_PUBLIC_ANNUAL_REFERENCE
PROD-0000361,2023-03-27,Balaghat,Madhya Pradesh,Balaghat,21.833333,80.233333,961.23,926.38,0.0,0,0.0,OFFICIAL_ANNUAL_PLAN,OFFICIAL_SAME_PERIOD,SYNTHETIC_DAILY_CALIBRATED_TO_PUBLIC_ANNUAL_REFERENCE
PROD-0000362,2023-03-28,Balaghat,Madhya Pradesh,Balaghat,21.833333,80.233333,934.33,844.87,3.72,0,4.3,OFFICIAL_ANNUAL_PLAN,OFFICIAL_SAME_PERIOD,SYNTHETIC_DAILY_CALIBRATED_TO_PUBLIC_ANNUAL_REFERENCE
PROD-0000363,2023-03-29,Balaghat,Madhya Pradesh,Balaghat,21.833333,80.233333,951.58,884.29,4.16,0,13.75,OFFICIAL_ANNUAL_PLAN,OFFICIAL_SAME_PERIOD,SYNTHETIC_DAILY_CALIBRATED_TO_PUBLIC_ANNUAL_REFERENCE
PROD-0000364,2023-03-30,Balaghat,Madhya Pradesh,Balaghat,21.833333,80.233333,1098.35,1046.71,0.61,19,0.0,OFFICIAL_ANNUAL_PLAN,OFFICIAL_SAME_PERIOD,SYNTHETIC_DAILY_CALIBRATED_TO_PUBLIC_ANNUAL_REFERENCE
PROD-0000365,2023-03-31,Balaghat,Madhya Pradesh,Balaghat,21.833333,80.233333,976.5300000000001,859.62,4.78,0,0.0,OFFICIAL_ANNUAL_PLAN,OFFICIAL_SAME_PERIOD,SYNTHETIC_DAILY_CALIBRATED_TO_PUBLIC_ANNUAL_REFERENCE
PROD-0000366,2023-04-01,Ukwa,Madhya Pradesh,Balaghat,21.974667,80.46,354.39,345.65,2.04,0,4.07,OFFICIAL_ANNUAL_PLAN,OFFICIAL_SAME_PERIOD,SYNTHETIC_DAILY_CALIBRATED_TO_PUBLIC_ANNUAL_REFERENCE
PROD-0000367,2023-04-02,Ukwa,Madhya Pradesh,Balaghat,21.974667,80.46,294.71,272.62,5.38,0,0.0,OFFICIAL_ANNUAL_PLAN,OFFICIAL_SAME_PERIOD,SYNTHETIC_DAILY_CALIBRATED_TO_PUBLIC_ANNUAL_REFERENCE
PROD-0000368,2023-04-03,Ukwa,Madhya Pradesh,Balaghat,21.974667,80.46,261.75,274.94,0.0,0,0.0,OFFICIAL_ANNUAL_PLAN,OFFICIAL_SAME_PERIOD,SYNTHETIC_DAILY_CALIBRATED_TO_PUBLIC_ANNUAL_REFERENCE
PROD-0000369,2023-04-04,Ukwa,Madhya Pradesh,Balaghat,21.974667,80.46,332.17,344.74,0.67,0,0.0,OFFICIAL_ANNUAL_PLAN,OFFICIAL_SAME_PERIOD,SYNTHETIC_DAILY_CALIBRATED_TO_PUBLIC_ANNUAL_REFERENCE
PROD-0000370,2023-04-05,Ukwa,Madhya Pradesh,Balaghat,21.974667,80.46,324.76,330.96,0.9,0,0.0,OFFICIAL_ANNUAL_PLAN,OFFICIAL_SAME_PERIOD,SYNTHETIC_DAILY_CALIBRATED_TO_PUBLIC_ANNUAL_REFERENCE
PROD-0000371,2023-04-06,Ukwa,Madhya Pradesh,Balaghat,21.974667,80.46,301.37,297.02,1.84,0,0.0,OFFICIAL_ANNUAL_PLAN,OFFICIAL_SAME_PERIOD,SYNTHETIC_DAILY_CALIBRATED_TO_PUBLIC_ANNUAL_REFERENCE
PROD-0000372,2023-04-07,Ukwa,Madhya Pradesh,Balaghat,21.974667,80.46,296.92,304.5,2.14,0,7.87,OFFICIAL_ANNUAL_PLAN,OFFICIAL_SAME_PERIOD,SYNTHETIC_DAILY_CALIBRATED_TO_PUBLIC_ANNUAL_REFERENCE
PROD-0000373,2023-04-08,Ukwa,Madhya Pradesh,Balaghat,21.974667,80.46,279.14,292.68,0.0,0,0.0,OFFICIAL_ANNUAL_PLAN,OFFICIAL_SAME_PERIOD,SYNTHETIC_DAILY_CALIBRATED_TO_PUBLIC_ANNUAL_REFERENCE
PROD-0000374,2023-04-09,Ukwa,Madhya Pradesh,Balaghat,21.974667,80.46,305.1,294.8,5.79,0,0.0,OFFICIAL_ANNUAL_PLAN,OFFICIAL_SAME_PERIOD,SYNTHETIC_DAILY_CALIBRATED_TO_PUBLIC_ANNUAL_REFERENCE
PROD-0000375,2023-04-10,Ukwa,Madhya Pradesh,Balaghat,21.974667,80.46,341.44,346.55,1.12,0,0.0,OFFICIAL_ANNUAL_PLAN,OFFICIAL_SAME_PERIOD,SYNTHETIC_DAILY_CALIBRATED_TO_PUBLIC_ANNUAL_REFERENCE
PROD-0000376,2023-04-11,Ukwa,Madhya Pradesh,Balaghat,21.974667,80.46,304.04,295.03,5.75,0,0.0,OFFICIAL_ANNUAL_PLAN,OFFICIAL_SAME_PERIOD,SYNTHETIC_DAILY_CALIBRATED_TO_PUBLIC_ANNUAL_REFERENCE
PROD-0000377,2023-04-12,Ukwa,Madhya Pradesh,Balaghat,21.974667,80.46,291.29,290.6,0.0,0,0.0,OFFICIAL_ANNUAL_PLAN,OFFICIAL_SAME_PERIOD,SYNTHETIC_DAILY_CALIBRATED_TO_PUBLIC_ANNUAL_REFERENCE
PROD-0000378,2023-04-13,Ukwa,Madhya Pradesh,Balaghat,21.974667,80.46,280.04,287.72,0.0,0,0.0,OFFICIAL_ANNUAL_PLAN,OFFICIAL_SAME_PERIOD,SYNTHETIC_DAILY_CALIBRATED_TO_PUBLIC_ANNUAL_REFERENCE
PROD-0000379,2023-04-14,Ukwa,Madhya Pradesh,Balaghat,21.974667,80.46,305.92,312.54,1.76,0,0.0,OFFICIAL_ANNUAL_PLAN,OFFICIAL_SAME_PERIOD,SYNTHETIC_DAILY_CALIBRATED_TO_PUBLIC_ANNUAL_REFERENCE
PROD-0000380,2023-04-15,Ukwa,Madhya Pradesh,Balaghat,21.974667,80.46,310.13,320.19,0.31,0,0.0,OFFICIAL_ANNUAL_PLAN,OFFICIAL_SAME_PERIOD,SYNTHETIC_DAILY_CALIBRATED_TO_PUBLIC_ANNUAL_REFERENCE
PROD-0000381,2023-04-16,Ukwa,Madhya Pradesh,Balaghat,21.974667,80.46,298.57,300.81,0.11,51,7.33,OFFICIAL_ANNUAL_PLAN,OFFICIAL_SAME_PERIOD,SYNTHETIC_DAILY_CALIBRATED_TO_PUBLIC_ANNUAL_REFERENCE
PROD-0000382,2023-04-17,Ukwa,Madhya Pradesh,Balaghat,21.974667,80.46,291.52,302.8,0.0,0,0.0,OFFICIAL_ANNUAL_PLAN,OFFICIAL_SAME_PERIOD,SYNTHETIC_DAILY_CALIBRATED_TO_PUBLIC_ANNUAL_REFERENCE
PROD-0000383,2023-04-18,Ukwa,Madhya Pradesh,Balaghat,21.974667,80.46,340.23,343.82,0.0,37,0.0,OFFICIAL_ANNUAL_PLAN,OFFICIAL_SAME_PERIOD,SYNTHETIC_DAILY_CALIBRATED_TO_PUBLIC_ANNUAL_REFERENCE
PROD-0000384,2023-04-19,Ukwa,Madhya Pradesh,Balaghat,21.974667,80.46,310.42,321.74,0.48,0,0.0,OFFICIAL_ANNUAL_PLAN,OFFICIAL_SAME_PERIOD,SYNTHETIC_DAILY_CALIBRATED_TO_PUBLIC_ANNUAL_REFERENCE
PROD-0000385,2023-04-20,Ukwa,Madhya Pradesh,Balaghat,21.974667,80.46,303.01,286.27,0.0,0,0.0,OFFICIAL_ANNUAL_PLAN,OFFICIAL_SAME_PERIOD,SYNTHETIC_DAILY_CALIBRATED_TO_PUBLIC_ANNUAL_REFERENCE
PROD-0000386,2023-04-21,Ukwa,Madhya Pradesh,Balaghat,21.974667,80.46,313.91,324.35,0.01,0,0.99,OFFICIAL_ANNUAL_PLAN,OFFICIAL_SAME_PERIOD,SYNTHETIC_DAILY_CALIBRATED_TO_PUBLIC_ANNUAL_REFERENCE
PROD-0000387,2023-04-22,Ukwa,Madhya Pradesh,Balaghat,21.974667,80.46,335.99,351.34,0.03,0,2.01,OFFICIAL_ANNUAL_PLAN,OFFICIAL_SAME_PERIOD,SYNTHETIC_DAILY_CALIBRATED_TO_PUBLIC_ANNUAL_REFERENCE
PROD-0000388,2023-04-23,Ukwa,Madhya Pradesh,Balaghat,21.974667,80.46,289.88,288.51,0.0,0,0.0,OFFICIAL_ANNUAL_PLAN,OFFICIAL_SAME_PERIOD,SYNTHETIC_DAILY_CALIBRATED_TO_PUBLIC_ANNUAL_REFERENCE
PROD-0000389,2023-04-24,Ukwa,Madhya Pradesh,Balaghat,21.974667,80.46,348.53,340.25,2.36,13,0.0,OFFICIAL_ANNUAL_PLAN,OFFICIAL_SAME_PERIOD,SYNTHETIC_DAILY_CALIBRATED_TO_PUBLIC_ANNUAL_REFERENCE
PROD-0000390,2023-04-25,Ukwa,Madhya Pradesh,Balaghat,21.974667,80.46,348.18,346.31,4.55,0,0.0,OFFICIAL_ANNUAL_PLAN,OFFICIAL_SAME_PERIOD,SYNTHETIC_DAILY_CALIBRATED_TO_PUBLIC_ANNUAL_REFERENCE
PROD-0000391,2023-04-26,Ukwa,Madhya Pradesh,Balaghat,21.974667,80.46,333.29,327.09,6.69,15,0.0,OFFICIAL_ANNUAL_PLAN,OFFICIAL_SAME_PERIOD,SYNTHETIC_DAILY_CALIBRATED_TO_PUBLIC_ANNUAL_REFERENCE
PROD-0000392,2023-04-27,Ukwa,Madhya Pradesh,Balaghat,21.974667,80.46,273.94,270.39,2.13,0,0.0,OFFICIAL_ANNUAL_PLAN,OFFICIAL_SAME_PERIOD,SYNTHETIC_DAILY_CALIBRATED_TO_PUBLIC_ANNUAL_REFERENCE
PROD-0000393,2023-04-28,Ukwa,Madhya Pradesh,Balaghat,21.974667,80.46,298.47,305.37,0.0,115,0.0,OFFICIAL_ANNUAL_PLAN,OFFICIAL_SAME_PERIOD,SYNTHETIC_DAILY_CALIBRATED_TO_PUBLIC_ANNUAL_REFERENCE
PROD-0000394,2023-04-29,Ukwa,Madhya Pradesh,Balaghat,21.974667,80.46,312.56,303.58,3.86,0,0.0,OFFICIAL_ANNUAL_PLAN,OFFICIAL_SAME_PERIOD,SYNTHETIC_DAILY_CALIBRATED_TO_PUBLIC_ANNUAL_REFERENCE
PROD-0000395,2023-04-30,Ukwa,Madhya Pradesh,Balaghat,21.974667,80.46,329.63,331.5,3.51,0,0.0,OFFICIAL_ANNUAL_PLAN,OFFICIAL_SAME_PERIOD,SYNTHETIC_DAILY_CALIBRATED_TO_PUBLIC_ANNUAL_REFERENCE
PROD-0000396,2023-05-01,Ukwa,Madhya Pradesh,Balaghat,21.974667,80.46,322.58,332.43,2.98,0,0.0,OFFICIAL_ANNUAL_PLAN,OFFICIAL_SAME_PERIOD,SYNTHETIC_DAILY_CALIBRATED_TO_PUBLIC_ANNUAL_REFERENCE
PROD-0000397,2023-05-02,Ukwa,Madhya Pradesh,Balaghat,21.974667,80.46,264.23,281.84,2.95,0,0.0,OFFICIAL_ANNUAL_PLAN,OFFICIAL_SAME_PERIOD,SYNTHETIC_DAILY_CALIBRATED_TO_PUBLIC_ANNUAL_REFERENCE
PROD-0000398,2023-05-03,Ukwa,Madhya Pradesh,Balaghat,21.974667,80.46,319.54,318.44,0.66,0,0.0,OFFICIAL_ANNUAL_PLAN,OFFICIAL_SAME_PERIOD,SYNTHETIC_DAILY_CALIBRATED_TO_PUBLIC_ANNUAL_REFERENCE
PROD-0000399,2023-05-04,Ukwa,Madhya Pradesh,Balaghat,21.974667,80.46,284.0,294.15,0.56,0,0.0,OFFICIAL_ANNUAL_PLAN,OFFICIAL_SAME_PERIOD,SYNTHETIC_DAILY_CALIBRATED_TO_PUBLIC_ANNUAL_REFERENCE
PROD-0000400,2023-05-05,Ukwa,Madhya Pradesh,Balaghat,21.974667,80.46,339.39,346.32,0.0,0,0.0,OFFICIAL_ANNUAL_PLAN,OFFICIAL_SAME_PERIOD,SYNTHETIC_DAILY_CALIBRATED_TO_PUBLIC_ANNUAL_REFERENCE
PROD-0000401,2023-05-06,Ukwa,Madhya Pradesh,Balaghat,21.974667,80.46,291.14,278.66,2.71,0,0.0,OFFICIAL_ANNUAL_PLAN,OFFICIAL_SAME_PERIOD,SYNTHETIC_DAILY_CALIBRATED_TO_PUBLIC_ANNUAL_REFERENCE
PROD-0000402,2023-05-07,Ukwa,Madhya Pradesh,Balaghat,21.974667,80.46,302.6,311.54,2.24,0,0.0,OFFICIAL_ANNUAL_PLAN,OFFICIAL_SAME_PERIOD,SYNTHETIC_DAILY_CALIBRATED_TO_PUBLIC_ANNUAL_REFERENCE
PROD-0000403,2023-05-08,Ukwa,Madhya Pradesh,Balaghat,21.974667,80.46,322.92,328.63,2.46,0,7.66,OFFICIAL_ANNUAL_PLAN,OFFICIAL_SAME_PERIOD,SYNTHETIC_DAILY_CALIBRATED_TO_PUBLIC_ANNUAL_REFERENCE
PROD-0000404,2023-05-09,Ukwa,Madhya Pradesh,Balaghat,21.974667,80.46,305.07,322.59,1.37,0,0.0,OFFICIAL_ANNUAL_PLAN,OFFICIAL_SAME_PERIOD,SYNTHETIC_DAILY_CALIBRATED_TO_PUBLIC_ANNUAL_REFERENCE
PROD-0000405,2023-05-10,Ukwa,Madhya Pradesh,Balaghat,21.974667,80.46,304.79,302.3,0.0,0,0.0,OFFICIAL_ANNUAL_PLAN,OFFICIAL_SAME_PERIOD,SYNTHETIC_DAILY_CALIBRATED_TO_PUBLIC_ANNUAL_REFERENCE
PROD-0000406,2023-05-11,Ukwa,Madhya Pradesh,Balaghat,21.974667,80.46,291.85,306.02,0.78,0,0.0,OFFICIAL_ANNUAL_PLAN,OFFICIAL_SAME_PERIOD,SYNTHETIC_DAILY_CALIBRATED_TO_PUBLIC_ANNUAL_REFERENCE
PROD-0000407,2023-05-12,Ukwa,Madhya Pradesh,Balaghat,21.974667,80.46,311.26,319.06,0.93,0,0.0,OFFICIAL_ANNUAL_PLAN,OFFICIAL_SAME_PERIOD,SYNTHETIC_DAILY_CALIBRATED_TO_PUBLIC_ANNUAL_REFERENCE
PROD-0000408,2023-05-13,Ukwa,Madhya Pradesh,Balaghat,21.974667,80.46,339.97,342.99,1.23,0,0.0,OFFICIAL_ANNUAL_PLAN,OFFICIAL_SAME_PERIOD,SYNTHETIC_DAILY_CALIBRATED_TO_PUBLIC_ANNUAL_REFERENCE
PROD-0000409,2023-05-14,Ukwa,Madhya Pradesh,Balaghat,21.974667,80.46,317.61,329.02,0.0,0,0.0,OFFICIAL_ANNUAL_PLAN,OFFICIAL_SAME_PERIOD,SYNTHETIC_DAILY_CALIBRATED_TO_PUBLIC_ANNUAL_REFERENCE
PROD-0000410,2023-05-15,Ukwa,Madhya Pradesh,Balaghat,21.974667,80.46,299.22,299.01,2.55,0,0.0,OFFICIAL_ANNUAL_PLAN,OFFICIAL_SAME_PERIOD,SYNTHETIC_DAILY_CALIBRATED_TO_PUBLIC_ANNUAL_REFERENCE
PROD-0000411,2023-05-16,Ukwa,Madhya Pradesh,Balaghat,21.974667,80.46,301.2,300.98,0.0,0,0.0,OFFICIAL_ANNUAL_PLAN,OFFICIAL_SAME_PERIOD,SYNTHETIC_DAILY_CALIBRATED_TO_PUBLIC_ANNUAL_REFERENCE
PROD-0000412,2023-05-17,Ukwa,Madhya Pradesh,Balaghat,21.974667,80.46,292.1,294.81,2.36,0,0.0,OFFICIAL_ANNUAL_PLAN,OFFICIAL_SAME_PERIOD,SYNTHETIC_DAILY_CALIBRATED_TO_PUBLIC_ANNUAL_REFERENCE
PROD-0000413,2023-05-18,Ukwa,Madhya Pradesh,Balaghat,21.974667,80.46,296.17,286.99,2.39,0,0.0,OFFICIAL_ANNUAL_PLAN,OFFICIAL_SAME_PERIOD,SYNTHETIC_DAILY_CALIBRATED_TO_PUBLIC_ANNUAL_REFERENCE
PROD-0000414,2023-05-19,Ukwa,Madhya Pradesh,Balaghat,21.974667,80.46,307.04,271.57,7.83,0,0.0,OFFICIAL_ANNUAL_PLAN,OFFICIAL_SAME_PERIOD,SYNTHETIC_DAILY_CALIBRATED_TO_PUBLIC_ANNUAL_REFERENCE
PROD-0000415,2023-05-20,Ukwa,Madhya Pradesh,Balaghat,21.974667,80.46,314.34,318.87,3.3,43,0.0,OFFICIAL_ANNUAL_PLAN,OFFICIAL_SAME_PERIOD,SYNTHETIC_DAILY_CALIBRATED_TO_PUBLIC_ANNUAL_REFERENCE
PROD-0000416,2023-05-21,Ukwa,Madhya Pradesh,Balaghat,21.974667,80.46,324.83,332.77,2.5,9,8.13,OFFICIAL_ANNUAL_PLAN,OFFICIAL_SAME_PERIOD,SYNTHETIC_DAILY_CALIBRATED_TO_PUBLIC_ANNUAL_REFERENCE
PROD-0000417,2023-05-22,Ukwa,Madhya Pradesh,Balaghat,21.974667,80.46,311.81,315.54,0.49,11,0.0,OFFICIAL_ANNUAL_PLAN,OFFICIAL_SAME_PERIOD,SYNTHETIC_DAILY_CALIBRATED_TO_PUBLIC_ANNUAL_REFERENCE
PROD-0000418,2023-05-23,Ukwa,Madhya Pradesh,Balaghat,21.974667,80.46,280.05,280.17,2.08,0,0.0,OFFICIAL_ANNUAL_PLAN,OFFICIAL_SAME_PERIOD,SYNTHETIC_DAILY_CALIBRATED_TO_PUBLIC_ANNUAL_REFERENCE
PROD-0000419,2023-05-24,Ukwa,Madhya Pradesh,Balaghat,21.974667,80.46,323.16,337.96,0.0,0,0.0,OFFICIAL_ANNUAL_PLAN,OFFICIAL_SAME_PERIOD,SYNTHETIC_DAILY_CALIBRATED_TO_PUBLIC_ANNUAL_REFERENCE
PROD-0000420,2023-05-25,Ukwa,Madhya Pradesh,Balaghat,21.974667,80.46,302.23,308.05,0.0,37,0.0,OFFICIAL_ANNUAL_PLAN,OFFICIAL_SAME_PERIOD,SYNTHETIC_DAILY_CALIBRATED_TO_PUBLIC_ANNUAL_REFERENCE
PROD-0000421,2023-05-26,Ukwa,Madhya Pradesh,Balaghat,21.974667,80.46,279.29,275.53,0.24,0,15.9,OFFICIAL_ANNUAL_PLAN,OFFICIAL_SAME_PERIOD,SYNTHETIC_DAILY_CALIBRATED_TO_PUBLIC_ANNUAL_REFERENCE
PROD-0000422,2023-05-27,Ukwa,Madhya Pradesh,Balaghat,21.974667,80.46,313.92,322.58,0.0,0,0.0,OFFICIAL_ANNUAL_PLAN,OFFICIAL_SAME_PERIOD,SYNTHETIC_DAILY_CALIBRATED_TO_PUBLIC_ANNUAL_REFERENCE
PROD-0000423,2023-05-28,Ukwa,Madhya Pradesh,Balaghat,21.974667,80.46,297.04,303.67,0.86,0,0.0,OFFICIAL_ANNUAL_PLAN,OFFICIAL_SAME_PERIOD,SYNTHETIC_DAILY_CALIBRATED_TO_PUBLIC_ANNUAL_REFERENCE
PROD-0000424,2023-05-29,Ukwa,Madhya Pradesh,Balaghat,21.974667,80.46,302.99,304.83,2.34,0,4.13,OFFICIAL_ANNUAL_PLAN,OFFICIAL_SAME_PERIOD,SYNTHETIC_DAILY_CALIBRATED_TO_PUBLIC_ANNUAL_REFERENCE
PROD-0000425,2023-05-30,Ukwa,Madhya Pradesh,Balaghat,21.974667,80.46,295.42,312.38,0.0,0,0.0,OFFICIAL_ANNUAL_PLAN,OFFICIAL_SAME_PERIOD,SYNTHETIC_DAILY_CALIBRATED_TO_PUBLIC_ANNUAL_REFERENCE
PROD-0000426,2023-05-31,Ukwa,Madhya Pradesh,Balaghat,21.974667,80.46,315.44,323.5,0.0,0,0.0,OFFICIAL_ANNUAL_PLAN,OFFICIAL_SAME_PERIOD,SYNTHETIC_DAILY_CALIBRATED_TO_PUBLIC_ANNUAL_REFERENCE
PROD-0000427,2023-06-01,Ukwa,Madhya Pradesh,Balaghat,21.974667,80.46,311.67,324.52,0.48,0,31.94,OFFICIAL_ANNUAL_PLAN,OFFICIAL_SAME_PERIOD,SYNTHETIC_DAILY_CALIBRATED_TO_PUBLIC_ANNUAL_REFERENCE
PROD-0000428,2023-06-02,Ukwa,Madhya Pradesh,Balaghat,21.974667,80.46,337.85,332.77,0.08,0,5.32,OFFICIAL_ANNUAL_PLAN,OFFICIAL_SAME_PERIOD,SYNTHETIC_DAILY_CALIBRATED_TO_PUBLIC_ANNUAL_REFERENCE
PROD-0000429,2023-06-03,Ukwa,Madhya Pradesh,Balaghat,21.974667,80.46,261.53,261.85,1.98,0,3.62,OFFICIAL_ANNUAL_PLAN,OFFICIAL_SAME_PERIOD,SYNTHETIC_DAILY_CALIBRATED_TO_PUBLIC_ANNUAL_REFERENCE
PROD-0000430,2023-06-04,Ukwa,Madhya Pradesh,Balaghat,21.974667,80.46,318.44,303.29,3.33,12,8.45,OFFICIAL_ANNUAL_PLAN,OFFICIAL_SAME_PERIOD,SYNTHETIC_DAILY_CALIBRATED_TO_PUBLIC_ANNUAL_REFERENCE
PROD-0000431,2023-06-05,Ukwa,Madhya Pradesh,Balaghat,21.974667,80.46,292.76,274.63,2.71,0,23.5,OFFICIAL_ANNUAL_PLAN,OFFICIAL_SAME_PERIOD,SYNTHETIC_DAILY_CALIBRATED_TO_PUBLIC_ANNUAL_REFERENCE
PROD-0000432,2023-06-06,Ukwa,Madhya Pradesh,Balaghat,21.974667,80.46,296.71,310.83,0.38,0,25.26,OFFICIAL_ANNUAL_PLAN,OFFICIAL_SAME_PERIOD,SYNTHETIC_DAILY_CALIBRATED_TO_PUBLIC_ANNUAL_REFERENCE
PROD-0000433,2023-06-07,Ukwa,Madhya Pradesh,Balaghat,21.974667,80.46,302.53,300.35,0.68,0,45.47,OFFICIAL_ANNUAL_PLAN,OFFICIAL_SAME_PERIOD,SYNTHETIC_DAILY_CALIBRATED_TO_PUBLIC_ANNUAL_REFERENCE
PROD-0000434,2023-06-08,Ukwa,Madhya Pradesh,Balaghat,21.974667,80.46,316.68,303.66,1.52,32,37.48,OFFICIAL_ANNUAL_PLAN,OFFICIAL_SAME_PERIOD,SYNTHETIC_DAILY_CALIBRATED_TO_PUBLIC_ANNUAL_REFERENCE
PROD-0000435,2023-06-09,Ukwa,Madhya Pradesh,Balaghat,21.974667,80.46,327.58,340.12,0.25,0,16.49,OFFICIAL_ANNUAL_PLAN,OFFICIAL_SAME_PERIOD,SYNTHETIC_DAILY_CALIBRATED_TO_PUBLIC_ANNUAL_REFERENCE
PROD-0000436,2023-06-10,Ukwa,Madhya Pradesh,Balaghat,21.974667,80.46,329.4,343.76,0.0,0,0.0,OFFICIAL_ANNUAL_PLAN,OFFICIAL_SAME_PERIOD,SYNTHETIC_DAILY_CALIBRATED_TO_PUBLIC_ANNUAL_REFERENCE
PROD-0000437,2023-06-11,Ukwa,Madhya Pradesh,Balaghat,21.974667,80.46,334.48,327.48,3.36,22,62.9,OFFICIAL_ANNUAL_PLAN,OFFICIAL_SAME_PERIOD,SYNTHETIC_DAILY_CALIBRATED_TO_PUBLIC_ANNUAL_REFERENCE
PROD-0000438,2023-06-12,Ukwa,Madhya Pradesh,Balaghat,21.974667,80.46,333.59,340.6,1.86,0,18.41,OFFICIAL_ANNUAL_PLAN,OFFICIAL_SAME_PERIOD,SYNTHETIC_DAILY_CALIBRATED_TO_PUBLIC_ANNUAL_REFERENCE
PROD-0000439,2023-06-13,Ukwa,Madhya Pradesh,Balaghat,21.974667,80.46,345.21,357.72,0.93,0,13.99,OFFICIAL_ANNUAL_PLAN,OFFICIAL_SAME_PERIOD,SYNTHETIC_DAILY_CALIBRATED_TO_PUBLIC_ANNUAL_REFERENCE
PROD-0000440,2023-06-14,Ukwa,Madhya Pradesh,Balaghat,21.974667,80.46,335.92,333.04,2.08,38,48.46,OFFICIAL_ANNUAL_PLAN,OFFICIAL_SAME_PERIOD,SYNTHETIC_DAILY_CALIBRATED_TO_PUBLIC_ANNUAL_REFERENCE
PROD-0000441,2023-06-15,Ukwa,Madhya Pradesh,Balaghat,21.974667,80.46,248.48,235.41,1.15,39,59.8,OFFICIAL_ANNUAL_PLAN,OFFICIAL_SAME_PERIOD,SYNTHETIC_DAILY_CALIBRATED_TO_PUBLIC_ANNUAL_REFERENCE
PROD-0000442,2023-06-16,Ukwa,Madhya Pradesh,Balaghat,21.974667,80.46,300.57,308.42,1.7,0,17.41,OFFICIAL_ANNUAL_PLAN,OFFICIAL_SAME_PERIOD,SYNTHETIC_DAILY_CALIBRATED_TO_PUBLIC_ANNUAL_REFERENCE
PROD-0000443,2023-06-17,Ukwa,Madhya Pradesh,Balaghat,21.974667,80.46,309.4,313.24,1.9,0,15.62,OFFICIAL_ANNUAL_PLAN,OFFICIAL_SAME_PERIOD,SYNTHETIC_DAILY_CALIBRATED_TO_PUBLIC_ANNUAL_REFERENCE
PROD-0000444,2023-06-18,Ukwa,Madhya Pradesh,Balaghat,21.974667,80.46,325.34,338.56,0.25,0,0.0,OFFICIAL_ANNUAL_PLAN,OFFICIAL_SAME_PERIOD,SYNTHETIC_DAILY_CALIBRATED_TO_PUBLIC_ANNUAL_REFERENCE
PROD-0000445,2023-06-19,Ukwa,Madhya Pradesh,Balaghat,21.974667,80.46,297.06,297.04,0.34,12,2.78,OFFICIAL_ANNUAL_PLAN,OFFICIAL_SAME_PERIOD,SYNTHETIC_DAILY_CALIBRATED_TO_PUBLIC_ANNUAL_REFERENCE
PROD-0000446,2023-06-20,Ukwa,Madhya Pradesh,Balaghat,21.974667,80.46,316.42,315.8,0.21,108,13.8,OFFICIAL_ANNUAL_PLAN,OFFICIAL_SAME_PERIOD,SYNTHETIC_DAILY_CALIBRATED_TO_PUBLIC_ANNUAL_REFERENCE
PROD-0000447,2023-06-21,Ukwa,Madhya Pradesh,Balaghat,21.974667,80.46,286.94,290.52,0.7,61,0.0,OFFICIAL_ANNUAL_PLAN,OFFICIAL_SAME_PERIOD,SYNTHETIC_DAILY_CALIBRATED_TO_PUBLIC_ANNUAL_REFERENCE
PROD-0000448,2023-06-22,Ukwa,Madhya Pradesh,Balaghat,21.974667,80.46,309.25,314.7,0.32,0,21.0,OFFICIAL_ANNUAL_PLAN,OFFICIAL_SAME_PERIOD,SYNTHETIC_DAILY_CALIBRATED_TO_PUBLIC_ANNUAL_REFERENCE
PROD-0000449,2023-06-23,Ukwa,Madhya Pradesh,Balaghat,21.974667,80.46,311.24,318.09,1.48,29,0.0,OFFICIAL_ANNUAL_PLAN,OFFICIAL_SAME_PERIOD,SYNTHETIC_DAILY_CALIBRATED_TO_PUBLIC_ANNUAL_REFERENCE
PROD-0000450,2023-06-24,Ukwa,Madhya Pradesh,Balaghat,21.974667,80.46,339.08,337.91,1.85,0,0.0,OFFICIAL_ANNUAL_PLAN,OFFICIAL_SAME_PERIOD,SYNTHETIC_DAILY_CALIBRATED_TO_PUBLIC_ANNUAL_REFERENCE
PROD-0000451,2023-06-25,Ukwa,Madhya Pradesh,Balaghat,21.974667,80.46,300.25,287.64,2.02,47,11.64,OFFICIAL_ANNUAL_PLAN,OFFICIAL_SAME_PERIOD,SYNTHETIC_DAILY_CALIBRATED_TO_PUBLIC_ANNUAL_REFERENCE
PROD-0000452,2023-06-26,Ukwa,Madhya Pradesh,Balaghat,21.974667,80.46,250.75,228.04,5.53,0,14.54,OFFICIAL_ANNUAL_PLAN,OFFICIAL_SAME_PERIOD,SYNTHETIC_DAILY_CALIBRATED_TO_PUBLIC_ANNUAL_REFERENCE
PROD-0000453,2023-06-27,Ukwa,Madhya Pradesh,Balaghat,21.974667,80.46,334.54,313.91,5.3,0,16.51,OFFICIAL_ANNUAL_PLAN,OFFICIAL_SAME_PERIOD,SYNTHETIC_DAILY_CALIBRATED_TO_PUBLIC_ANNUAL_REFERENCE
PROD-0000454,2023-06-28,Ukwa,Madhya Pradesh,Balaghat,21.974667,80.46,327.56,312.87,0.75,110,49.89,OFFICIAL_ANNUAL_PLAN,OFFICIAL_SAME_PERIOD,SYNTHETIC_DAILY_CALIBRATED_TO_PUBLIC_ANNUAL_REFERENCE
PROD-0000455,2023-06-29,Ukwa,Madhya Pradesh,Balaghat,21.974667,80.46,297.7,288.03,4.15,0,58.97,OFFICIAL_ANNUAL_PLAN,OFFICIAL_SAME_PERIOD,SYNTHETIC_DAILY_CALIBRATED_TO_PUBLIC_ANNUAL_REFERENCE
PROD-0000456,2023-06-30,Ukwa,Madhya Pradesh,Balaghat,21.974667,80.46,311.58,310.95,1.89,0,12.29,OFFICIAL_ANNUAL_PLAN,OFFICIAL_SAME_PERIOD,SYNTHETIC_DAILY_CALIBRATED_TO_PUBLIC_ANNUAL_REFERENCE
PROD-0000457,2023-07-01,Ukwa,Madhya Pradesh,Balaghat,21.974667,80.46,332.92,331.98,2.97,33,25.94,OFFICIAL_ANNUAL_PLAN,OFFICIAL_SAME_PERIOD,SYNTHETIC_DAILY_CALIBRATED_TO_PUBLIC_ANNUAL_REFERENCE
PROD-0000458,2023-07-02,Ukwa,Madhya Pradesh,Balaghat,21.974667,80.46,328.81,311.46,2.09,21,53.39,OFFICIAL_ANNUAL_PLAN,OFFICIAL_SAME_PERIOD,SYNTHETIC_DAILY_CALIBRATED_TO_PUBLIC_ANNUAL_REFERENCE
PROD-0000459,2023-07-03,Ukwa,Madhya Pradesh,Balaghat,21.974667,80.46,320.57,342.07,1.56,0,12.22,OFFICIAL_ANNUAL_PLAN,OFFICIAL_SAME_PERIOD,SYNTHETIC_DAILY_CALIBRATED_TO_PUBLIC_ANNUAL_REFERENCE
PROD-0000460,2023-07-04,Ukwa,Madhya Pradesh,Balaghat,21.974667,80.46,332.56,325.55,0.27,115,18.17,OFFICIAL_ANNUAL_PLAN,OFFICIAL_SAME_PERIOD,SYNTHETIC_DAILY_CALIBRATED_TO_PUBLIC_ANNUAL_REFERENCE
PROD-0000461,2023-07-05,Ukwa,Madhya Pradesh,Balaghat,21.974667,80.46,295.14,296.07,0.12,0,8.04,OFFICIAL_ANNUAL_PLAN,OFFICIAL_SAME_PERIOD,SYNTHETIC_DAILY_CALIBRATED_TO_PUBLIC_ANNUAL_REFERENCE
PROD-0000462,2023-07-06,Ukwa,Madhya Pradesh,Balaghat,21.974667,80.46,293.37,296.42,0.98,0,7.91,OFFICIAL_ANNUAL_PLAN,OFFICIAL_SAME_PERIOD,SYNTHETIC_DAILY_CALIBRATED_TO_PUBLIC_ANNUAL_REFERENCE
PROD-0000463,2023-07-07,Ukwa,Madhya Pradesh,Balaghat,21.974667,80.46,329.88,332.23,0.65,44,0.0,OFFICIAL_ANNUAL_PLAN,OFFICIAL_SAME_PERIOD,SYNTHETIC_DAILY_CALIBRATED_TO_PUBLIC_ANNUAL_REFERENCE
PROD-0000464,2023-07-08,Ukwa,Madhya Pradesh,Balaghat,21.974667,80.46,295.85,278.12,3.45,27,32.93,OFFICIAL_ANNUAL_PLAN,OFFICIAL_SAME_PERIOD,SYNTHETIC_DAILY_CALIBRATED_TO_PUBLIC_ANNUAL_REFERENCE
PROD-0000465,2023-07-09,Ukwa,Madhya Pradesh,Balaghat,21.974667,80.46,299.8,303.63,2.27,36,14.52,OFFICIAL_ANNUAL_PLAN,OFFICIAL_SAME_PERIOD,SYNTHETIC_DAILY_CALIBRATED_TO_PUBLIC_ANNUAL_REFERENCE
PROD-0000466,2023-07-10,Ukwa,Madhya Pradesh,Balaghat,21.974667,80.46,320.81,326.6,0.55,27,0.0,OFFICIAL_ANNUAL_PLAN,OFFICIAL_SAME_PERIOD,SYNTHETIC_DAILY_CALIBRATED_TO_PUBLIC_ANNUAL_REFERENCE
PROD-0000467,2023-07-11,Ukwa,Madhya Pradesh,Balaghat,21.974667,80.46,286.84,280.43,3.87,0,0.0,OFFICIAL_ANNUAL_PLAN,OFFICIAL_SAME_PERIOD,SYNTHETIC_DAILY_CALIBRATED_TO_PUBLIC_ANNUAL_REFERENCE
PROD-0000468,2023-07-12,Ukwa,Madhya Pradesh,Balaghat,21.974667,80.46,274.44,275.08,0.71,0,0.0,OFFICIAL_ANNUAL_PLAN,OFFICIAL_SAME_PERIOD,SYNTHETIC_DAILY_CALIBRATED_TO_PUBLIC_ANNUAL_REFERENCE
PROD-0000469,2023-07-13,Ukwa,Madhya Pradesh,Balaghat,21.974667,80.46,288.77,294.08,1.68,0,0.0,OFFICIAL_ANNUAL_PLAN,OFFICIAL_SAME_PERIOD,SYNTHETIC_DAILY_CALIBRATED_TO_PUBLIC_ANNUAL_REFERENCE
PROD-0000470,2023-07-14,Ukwa,Madhya Pradesh,Balaghat,21.974667,80.46,348.17,345.66,1.02,16,4.47,OFFICIAL_ANNUAL_PLAN,OFFICIAL_SAME_PERIOD,SYNTHETIC_DAILY_CALIBRATED_TO_PUBLIC_ANNUAL_REFERENCE
PROD-0000471,2023-07-15,Ukwa,Madhya Pradesh,Balaghat,21.974667,80.46,301.42,300.17,2.6,0,0.0,OFFICIAL_ANNUAL_PLAN,OFFICIAL_SAME_PERIOD,SYNTHETIC_DAILY_CALIBRATED_TO_PUBLIC_ANNUAL_REFERENCE
PROD-0000472,2023-07-16,Ukwa,Madhya Pradesh,Balaghat,21.974667,80.46,291.53,274.91,4.61,0,29.86,OFFICIAL_ANNUAL_PLAN,OFFICIAL_SAME_PERIOD,SYNTHETIC_DAILY_CALIBRATED_TO_PUBLIC_ANNUAL_REFERENCE
PROD-0000473,2023-07-17,Ukwa,Madhya Pradesh,Balaghat,21.974667,80.46,314.69,309.72,2.31,0,0.0,OFFICIAL_ANNUAL_PLAN,OFFICIAL_SAME_PERIOD,SYNTHETIC_DAILY_CALIBRATED_TO_PUBLIC_ANNUAL_REFERENCE
PROD-0000474,2023-07-18,Ukwa,Madhya Pradesh,Balaghat,21.974667,80.46,325.03,331.39,0.15,0,9.83,OFFICIAL_ANNUAL_PLAN,OFFICIAL_SAME_PERIOD,SYNTHETIC_DAILY_CALIBRATED_TO_PUBLIC_ANNUAL_REFERENCE
PROD-0000475,2023-07-19,Ukwa,Madhya Pradesh,Balaghat,21.974667,80.46,294.2,288.5,2.77,0,18.03,OFFICIAL_ANNUAL_PLAN,OFFICIAL_SAME_PERIOD,SYNTHETIC_DAILY_CALIBRATED_TO_PUBLIC_ANNUAL_REFERENCE
PROD-0000476,2023-07-20,Ukwa,Madhya Pradesh,Balaghat,21.974667,80.46,286.08,289.8,2.39,15,0.0,OFFICIAL_ANNUAL_PLAN,OFFICIAL_SAME_PERIOD,SYNTHETIC_DAILY_CALIBRATED_TO_PUBLIC_ANNUAL_REFERENCE
PROD-0000477,2023-07-21,Ukwa,Madhya Pradesh,Balaghat,21.974667,80.46,284.91,295.07,0.46,0,30.7,OFFICIAL_ANNUAL_PLAN,OFFICIAL_SAME_PERIOD,SYNTHETIC_DAILY_CALIBRATED_TO_PUBLIC_ANNUAL_REFERENCE
PROD-0000478,2023-07-22,Ukwa,Madhya Pradesh,Balaghat,21.974667,80.46,292.7,290.17,2.45,0,26.25,OFFICIAL_ANNUAL_PLAN,OFFICIAL_SAME_PERIOD,SYNTHETIC_DAILY_CALIBRATED_TO_PUBLIC_ANNUAL_REFERENCE
PROD-0000479,2023-07-23,Ukwa,Madhya Pradesh,Balaghat,21.974667,80.46,287.75,278.25,4.71,0,31.17,OFFICIAL_ANNUAL_PLAN,OFFICIAL_SAME_PERIOD,SYNTHETIC_DAILY_CALIBRATED_TO_PUBLIC_ANNUAL_REFERENCE
PROD-0000480,2023-07-24,Ukwa,Madhya Pradesh,Balaghat,21.974667,80.46,297.32,306.82,0.0,0,0.0,OFFICIAL_ANNUAL_PLAN,OFFICIAL_SAME_PERIOD,SYNTHETIC_DAILY_CALIBRATED_TO_PUBLIC_ANNUAL_REFERENCE
PROD-0000481,2023-07-25,Ukwa,Madhya Pradesh,Balaghat,21.974667,80.46,353.05,351.41,1.62,0,0.0,OFFICIAL_ANNUAL_PLAN,OFFICIAL_SAME_PERIOD,SYNTHETIC_DAILY_CALIBRATED_TO_PUBLIC_ANNUAL_REFERENCE
PROD-0000482,2023-07-26,Ukwa,Madhya Pradesh,Balaghat,21.974667,80.46,300.23,310.42,1.17,0,5.11,OFFICIAL_ANNUAL_PLAN,OFFICIAL_SAME_PERIOD,SYNTHETIC_DAILY_CALIBRATED_TO_PUBLIC_ANNUAL_REFERENCE
PROD-0000483,2023-07-27,Ukwa,Madhya Pradesh,Balaghat,21.974667,80.46,307.84,306.64,0.0,0,0.0,OFFICIAL_ANNUAL_PLAN,OFFICIAL_SAME_PERIOD,SYNTHETIC_DAILY_CALIBRATED_TO_PUBLIC_ANNUAL_REFERENCE
PROD-0000484,2023-07-28,Ukwa,Madhya Pradesh,Balaghat,21.974667,80.46,326.42,333.75,0.16,0,10.56,OFFICIAL_ANNUAL_PLAN,OFFICIAL_SAME_PERIOD,SYNTHETIC_DAILY_CALIBRATED_TO_PUBLIC_ANNUAL_REFERENCE
PROD-0000485,2023-07-29,Ukwa,Madhya Pradesh,Balaghat,21.974667,80.46,300.63,296.1,0.62,0,41.18,OFFICIAL_ANNUAL_PLAN,OFFICIAL_SAME_PERIOD,SYNTHETIC_DAILY_CALIBRATED_TO_PUBLIC_ANNUAL_REFERENCE
PROD-0000486,2023-07-30,Ukwa,Madhya Pradesh,Balaghat,21.974667,80.46,321.97,307.22,3.72,37,15.55,OFFICIAL_ANNUAL_PLAN,OFFICIAL_SAME_PERIOD,SYNTHETIC_DAILY_CALIBRATED_TO_PUBLIC_ANNUAL_REFERENCE
PROD-0000487,2023-07-31,Ukwa,Madhya Pradesh,Balaghat,21.974667,80.46,304.24,313.21,2.82,0,0.0,OFFICIAL_ANNUAL_PLAN,OFFICIAL_SAME_PERIOD,SYNTHETIC_DAILY_CALIBRATED_TO_PUBLIC_ANNUAL_REFERENCE
PROD-0000488,2023-08-01,Ukwa,Madhya Pradesh,Balaghat,21.974667,80.46,320.32,315.9,0.0,25,0.0,OFFICIAL_ANNUAL_PLAN,OFFICIAL_SAME_PERIOD,SYNTHETIC_DAILY_CALIBRATED_TO_PUBLIC_ANNUAL_REFERENCE
PROD-0000489,2023-08-02,Ukwa,Madhya Pradesh,Balaghat,21.974667,80.46,331.28,327.91,1.79,0,16.89,OFFICIAL_ANNUAL_PLAN,OFFICIAL_SAME_PERIOD,SYNTHETIC_DAILY_CALIBRATED_TO_PUBLIC_ANNUAL_REFERENCE
PROD-0000490,2023-08-03,Ukwa,Madhya Pradesh,Balaghat,21.974667,80.46,291.5,287.97,0.71,0,0.0,OFFICIAL_ANNUAL_PLAN,OFFICIAL_SAME_PERIOD,SYNTHETIC_DAILY_CALIBRATED_TO_PUBLIC_ANNUAL_REFERENCE
PROD-0000491,2023-08-04,Ukwa,Madhya Pradesh,Balaghat,21.974667,80.46,318.45,319.54,0.93,0,0.0,OFFICIAL_ANNUAL_PLAN,OFFICIAL_SAME_PERIOD,SYNTHETIC_DAILY_CALIBRATED_TO_PUBLIC_ANNUAL_REFERENCE
PROD-0000492,2023-08-05,Ukwa,Madhya Pradesh,Balaghat,21.974667,80.46,302.42,295.72,2.78,33,21.66,OFFICIAL_ANNUAL_PLAN,OFFICIAL_SAME_PERIOD,SYNTHETIC_DAILY_CALIBRATED_TO_PUBLIC_ANNUAL_REFERENCE
PROD-0000493,2023-08-06,Ukwa,Madhya Pradesh,Balaghat,21.974667,80.46,309.21,291.73,0.6,0,39.87,OFFICIAL_ANNUAL_PLAN,OFFICIAL_SAME_PERIOD,SYNTHETIC_DAILY_CALIBRATED_TO_PUBLIC_ANNUAL_REFERENCE
PROD-0000494,2023-08-07,Ukwa,Madhya Pradesh,Balaghat,21.974667,80.46,352.31,358.76,0.23,28,15.64,OFFICIAL_ANNUAL_PLAN,OFFICIAL_SAME_PERIOD,SYNTHETIC_DAILY_CALIBRATED_TO_PUBLIC_ANNUAL_REFERENCE
PROD-0000495,2023-08-08,Ukwa,Madhya Pradesh,Balaghat,21.974667,80.46,274.86,289.95,0.0,0,0.0,OFFICIAL_ANNUAL_PLAN,OFFICIAL_SAME_PERIOD,SYNTHETIC_DAILY_CALIBRATED_TO_PUBLIC_ANNUAL_REFERENCE
PROD-0000496,2023-08-09,Ukwa,Madhya Pradesh,Balaghat,21.974667,80.46,328.38,336.48,0.24,0,0.0,OFFICIAL_ANNUAL_PLAN,OFFICIAL_SAME_PERIOD,SYNTHETIC_DAILY_CALIBRATED_TO_PUBLIC_ANNUAL_REFERENCE
PROD-0000497,2023-08-10,Ukwa,Madhya Pradesh,Balaghat,21.974667,80.46,317.68,332.04,0.0,0,0.0,OFFICIAL_ANNUAL_PLAN,OFFICIAL_SAME_PERIOD,SYNTHETIC_DAILY_CALIBRATED_TO_PUBLIC_ANNUAL_REFERENCE
PROD-0000498,2023-08-11,Ukwa,Madhya Pradesh,Balaghat,21.974667,80.46,353.56,343.05,3.6,0,0.0,OFFICIAL_ANNUAL_PLAN,OFFICIAL_SAME_PERIOD,SYNTHETIC_DAILY_CALIBRATED_TO_PUBLIC_ANNUAL_REFERENCE
PROD-0000499,2023-08-12,Ukwa,Madhya Pradesh,Balaghat,21.974667,80.46,341.42,351.28,0.31,0,20.89,OFFICIAL_ANNUAL_PLAN,OFFICIAL_SAME_PERIOD,SYNTHETIC_DAILY_CALIBRATED_TO_PUBLIC_ANNUAL_REFERENCE
PROD-0000500,2023-08-13,Ukwa,Madhya Pradesh,Balaghat,21.974667,80.46,338.81,334.19,3.16,0,15.01,OFFICIAL_ANNUAL_PLAN,OFFICIAL_SAME_PERIOD,SYNTHETIC_DAILY_CALIBRATED_TO_PUBLIC_ANNUAL_REFERENCE
PROD-0000501,2023-08-14,Ukwa,Madhya Pradesh,Balaghat,21.974667,80.46,297.46,297.14,3.55,0,4.25,OFFICIAL_ANNUAL_PLAN,OFFICIAL_SAME_PERIOD,SYNTHETIC_DAILY_CALIBRATED_TO_PUBLIC_ANNUAL_REFERENCE
PROD-0000502,2023-08-15,Ukwa,Madhya Pradesh,Balaghat,21.974667,80.46,336.08,357.43,0.88,0,21.03,OFFICIAL_ANNUAL_PLAN,OFFICIAL_SAME_PERIOD,SYNTHETIC_DAILY_CALIBRATED_TO_PUBLIC_ANNUAL_REFERENCE
PROD-0000503,2023-08-16,Ukwa,Madhya Pradesh,Balaghat,21.974667,80.46,329.76,328.8,3.65,0,0.0,OFFICIAL_ANNUAL_PLAN,OFFICIAL_SAME_PERIOD,SYNTHETIC_DAILY_CALIBRATED_TO_PUBLIC_ANNUAL_REFERENCE
PROD-0000504,2023-08-17,Ukwa,Madhya Pradesh,Balaghat,21.974667,80.46,292.15,293.23,0.4,43,26.79,OFFICIAL_ANNUAL_PLAN,OFFICIAL_SAME_PERIOD,SYNTHETIC_DAILY_CALIBRATED_TO_PUBLIC_ANNUAL_REFERENCE
PROD-0000505,2023-08-18,Ukwa,Madhya Pradesh,Balaghat,21.974667,80.46,292.27,278.35,1.81,0,24.16,OFFICIAL_ANNUAL_PLAN,OFFICIAL_SAME_PERIOD,SYNTHETIC_DAILY_CALIBRATED_TO_PUBLIC_ANNUAL_REFERENCE
PROD-0000506,2023-08-19,Ukwa,Madhya Pradesh,Balaghat,21.974667,80.46,269.03,251.46,2.95,0,12.93,OFFICIAL_ANNUAL_PLAN,OFFICIAL_SAME_PERIOD,SYNTHETIC_DAILY_CALIBRATED_TO_PUBLIC_ANNUAL_REFERENCE
PROD-0000507,2023-08-20,Ukwa,Madhya Pradesh,Balaghat,21.974667,80.46,333.84,327.52,3.48,0,0.0,OFFICIAL_ANNUAL_PLAN,OFFICIAL_SAME_PERIOD,SYNTHETIC_DAILY_CALIBRATED_TO_PUBLIC_ANNUAL_REFERENCE
PROD-0000508,2023-08-21,Ukwa,Madhya Pradesh,Balaghat,21.974667,80.46,275.63,280.44,4.49,0,0.0,OFFICIAL_ANNUAL_PLAN,OFFICIAL_SAME_PERIOD,SYNTHETIC_DAILY_CALIBRATED_TO_PUBLIC_ANNUAL_REFERENCE
PROD-0000509,2023-08-22,Ukwa,Madhya Pradesh,Balaghat,21.974667,80.46,300.46,317.76,0.2,0,0.0,OFFICIAL_ANNUAL_PLAN,OFFICIAL_SAME_PERIOD,SYNTHETIC_DAILY_CALIBRATED_TO_PUBLIC_ANNUAL_REFERENCE
PROD-0000510,2023-08-23,Ukwa,Madhya Pradesh,Balaghat,21.974667,80.46,298.62,301.89,0.05,0,3.59,OFFICIAL_ANNUAL_PLAN,OFFICIAL_SAME_PERIOD,SYNTHETIC_DAILY_CALIBRATED_TO_PUBLIC_ANNUAL_REFERENCE
PROD-0000511,2023-08-24,Ukwa,Madhya Pradesh,Balaghat,21.974667,80.46,336.59,328.62,1.95,0,0.0,OFFICIAL_ANNUAL_PLAN,OFFICIAL_SAME_PERIOD,SYNTHETIC_DAILY_CALIBRATED_TO_PUBLIC_ANNUAL_REFERENCE
PROD-0000512,2023-08-25,Ukwa,Madhya Pradesh,Balaghat,21.974667,80.46,307.06,291.91,2.51,0,8.04,OFFICIAL_ANNUAL_PLAN,OFFICIAL_SAME_PERIOD,SYNTHETIC_DAILY_CALIBRATED_TO_PUBLIC_ANNUAL_REFERENCE
PROD-0000513,2023-08-26,Ukwa,Madhya Pradesh,Balaghat,21.974667,80.46,326.87,318.36,1.27,0,0.0,OFFICIAL_ANNUAL_PLAN,OFFICIAL_SAME_PERIOD,SYNTHETIC_DAILY_CALIBRATED_TO_PUBLIC_ANNUAL_REFERENCE
PROD-0000514,2023-08-27,Ukwa,Madhya Pradesh,Balaghat,21.974667,80.46,275.95,252.63,3.84,0,0.0,OFFICIAL_ANNUAL_PLAN,OFFICIAL_SAME_PERIOD,SYNTHETIC_DAILY_CALIBRATED_TO_PUBLIC_ANNUAL_REFERENCE
PROD-0000515,2023-08-28,Ukwa,Madhya Pradesh,Balaghat,21.974667,80.46,320.05,335.38,0.0,0,0.0,OFFICIAL_ANNUAL_PLAN,OFFICIAL_SAME_PERIOD,SYNTHETIC_DAILY_CALIBRATED_TO_PUBLIC_ANNUAL_REFERENCE
PROD-0000516,2023-08-29,Ukwa,Madhya Pradesh,Balaghat,21.974667,80.46,308.45,286.14,0.52,55,34.71,OFFICIAL_ANNUAL_PLAN,OFFICIAL_SAME_PERIOD,SYNTHETIC_DAILY_CALIBRATED_TO_PUBLIC_ANNUAL_REFERENCE
PROD-0000517,2023-08-30,Ukwa,Madhya Pradesh,Balaghat,21.974667,80.46,313.94,303.31,4.51,0,0.0,OFFICIAL_ANNUAL_PLAN,OFFICIAL_SAME_PERIOD,SYNTHETIC_DAILY_CALIBRATED_TO_PUBLIC_ANNUAL_REFERENCE
PROD-0000518,2023-08-31,Ukwa,Madhya Pradesh,Balaghat,21.974667,80.46,320.41,329.09,0.0,0,0.0,OFFICIAL_ANNUAL_PLAN,OFFICIAL_SAME_PERIOD,SYNTHETIC_DAILY_CALIBRATED_TO_PUBLIC_ANNUAL_REFERENCE
PROD-0000519,2023-09-01,Ukwa,Madhya Pradesh,Balaghat,21.974667,80.46,313.27,317.65,2.22,0,0.0,OFFICIAL_ANNUAL_PLAN,OFFICIAL_SAME_PERIOD,SYNTHETIC_DAILY_CALIBRATED_TO_PUBLIC_ANNUAL_REFERENCE
PROD-0000520,2023-09-02,Ukwa,Madhya Pradesh,Balaghat,21.974667,80.46,271.88,270.79,0.67,0,44.64,OFFICIAL_ANNUAL_PLAN,OFFICIAL_SAME_PERIOD,SYNTHETIC_DAILY_CALIBRATED_TO_PUBLIC_ANNUAL_REFERENCE
PROD-0000521,2023-09-03,Ukwa,Madhya Pradesh,Balaghat,21.974667,80.46,288.7,272.14,4.54,0,22.97,OFFICIAL_ANNUAL_PLAN,OFFICIAL_SAME_PERIOD,SYNTHETIC_DAILY_CALIBRATED_TO_PUBLIC_ANNUAL_REFERENCE
PROD-0000522,2023-09-04,Ukwa,Madhya Pradesh,Balaghat,21.974667,80.46,366.25,332.93,4.19,47,32.21,OFFICIAL_ANNUAL_PLAN,OFFICIAL_SAME_PERIOD,SYNTHETIC_DAILY_CALIBRATED_TO_PUBLIC_ANNUAL_REFERENCE
PROD-0000523,2023-09-05,Ukwa,Madhya Pradesh,Balaghat,21.974667,80.46,286.12,277.56,0.89,44,59.53,OFFICIAL_ANNUAL_PLAN,OFFICIAL_SAME_PERIOD,SYNTHETIC_DAILY_CALIBRATED_TO_PUBLIC_ANNUAL_REFERENCE
PROD-0000524,2023-09-06,Ukwa,Madhya Pradesh,Balaghat,21.974667,80.46,281.72,278.0,0.73,0,10.16,OFFICIAL_ANNUAL_PLAN,OFFICIAL_SAME_PERIOD,SYNTHETIC_DAILY_CALIBRATED_TO_PUBLIC_ANNUAL_REFERENCE
PROD-0000525,2023-09-07,Ukwa,Madhya Pradesh,Balaghat,21.974667,80.46,372.71,355.26,2.6,0,0.0,OFFICIAL_ANNUAL_PLAN,OFFICIAL_SAME_PERIOD,SYNTHETIC_DAILY_CALIBRATED_TO_PUBLIC_ANNUAL_REFERENCE
PROD-0000526,2023-09-08,Ukwa,Madhya Pradesh,Balaghat,21.974667,80.46,315.87,331.09,0.4,0,0.0,OFFICIAL_ANNUAL_PLAN,OFFICIAL_SAME_PERIOD,SYNTHETIC_DAILY_CALIBRATED_TO_PUBLIC_ANNUAL_REFERENCE
PROD-0000527,2023-09-09,Ukwa,Madhya Pradesh,Balaghat,21.974667,80.46,293.94,307.59,0.27,0,17.85,OFFICIAL_ANNUAL_PLAN,OFFICIAL_SAME_PERIOD,SYNTHETIC_DAILY_CALIBRATED_TO_PUBLIC_ANNUAL_REFERENCE
PROD-0000528,2023-09-10,Ukwa,Madhya Pradesh,Balaghat,21.974667,80.46,316.86,306.57,1.08,0,1.92,OFFICIAL_ANNUAL_PLAN,OFFICIAL_SAME_PERIOD,SYNTHETIC_DAILY_CALIBRATED_TO_PUBLIC_ANNUAL_REFERENCE
PROD-0000529,2023-09-11,Ukwa,Madhya Pradesh,Balaghat,21.974667,80.46,331.36,322.53,2.5,0,18.4,OFFICIAL_ANNUAL_PLAN,OFFICIAL_SAME_PERIOD,SYNTHETIC_DAILY_CALIBRATED_TO_PUBLIC_ANNUAL_REFERENCE
PROD-0000530,2023-09-12,Ukwa,Madhya Pradesh,Balaghat,21.974667,80.46,294.96,287.23,2.05,0,0.0,OFFICIAL_ANNUAL_PLAN,OFFICIAL_SAME_PERIOD,SYNTHETIC_DAILY_CALIBRATED_TO_PUBLIC_ANNUAL_REFERENCE
PROD-0000531,2023-09-13,Ukwa,Madhya Pradesh,Balaghat,21.974667,80.46,322.87,326.59,0.54,41,36.3,OFFICIAL_ANNUAL_PLAN,OFFICIAL_SAME_PERIOD,SYNTHETIC_DAILY_CALIBRATED_TO_PUBLIC_ANNUAL_REFERENCE
PROD-0000532,2023-09-14,Ukwa,Madhya Pradesh,Balaghat,21.974667,80.46,322.54,328.38,0.0,0,0.0,OFFICIAL_ANNUAL_PLAN,OFFICIAL_SAME_PERIOD,SYNTHETIC_DAILY_CALIBRATED_TO_PUBLIC_ANNUAL_REFERENCE
PROD-0000533,2023-09-15,Ukwa,Madhya Pradesh,Balaghat,21.974667,80.46,304.64,320.44,0.0,0,0.0,OFFICIAL_ANNUAL_PLAN,OFFICIAL_SAME_PERIOD,SYNTHETIC_DAILY_CALIBRATED_TO_PUBLIC_ANNUAL_REFERENCE
PROD-0000534,2023-09-16,Ukwa,Madhya Pradesh,Balaghat,21.974667,80.46,276.45,275.95,0.47,0,31.06,OFFICIAL_ANNUAL_PLAN,OFFICIAL_SAME_PERIOD,SYNTHETIC_DAILY_CALIBRATED_TO_PUBLIC_ANNUAL_REFERENCE
PROD-0000535,2023-09-17,Ukwa,Madhya Pradesh,Balaghat,21.974667,80.46,278.1,274.15,1.6,0,0.0,OFFICIAL_ANNUAL_PLAN,OFFICIAL_SAME_PERIOD,SYNTHETIC_DAILY_CALIBRATED_TO_PUBLIC_ANNUAL_REFERENCE
PROD-0000536,2023-09-18,Ukwa,Madhya Pradesh,Balaghat,21.974667,80.46,322.81,326.44,0.68,0,45.58,OFFICIAL_ANNUAL_PLAN,OFFICIAL_SAME_PERIOD,SYNTHETIC_DAILY_CALIBRATED_TO_PUBLIC_ANNUAL_REFERENCE
PROD-0000537,2023-09-19,Ukwa,Madhya Pradesh,Balaghat,21.974667,80.46,308.78,314.36,0.0,0,0.0,OFFICIAL_ANNUAL_PLAN,OFFICIAL_SAME_PERIOD,SYNTHETIC_DAILY_CALIBRATED_TO_PUBLIC_ANNUAL_REFERENCE
PROD-0000538,2023-09-20,Ukwa,Madhya Pradesh,Balaghat,21.974667,80.46,303.34,299.95,0.62,9,17.43,OFFICIAL_ANNUAL_PLAN,OFFICIAL_SAME_PERIOD,SYNTHETIC_DAILY_CALIBRATED_TO_PUBLIC_ANNUAL_REFERENCE
PROD-0000539,2023-09-21,Ukwa,Madhya Pradesh,Balaghat,21.974667,80.46,289.41,294.07,0.0,0,0.0,OFFICIAL_ANNUAL_PLAN,OFFICIAL_SAME_PERIOD,SYNTHETIC_DAILY_CALIBRATED_TO_PUBLIC_ANNUAL_REFERENCE
PROD-0000540,2023-09-22,Ukwa,Madhya Pradesh,Balaghat,21.974667,80.46,306.43,302.05,2.1,0,23.47,OFFICIAL_ANNUAL_PLAN,OFFICIAL_SAME_PERIOD,SYNTHETIC_DAILY_CALIBRATED_TO_PUBLIC_ANNUAL_REFERENCE
PROD-0000541,2023-09-23,Ukwa,Madhya Pradesh,Balaghat,21.974667,80.46,299.7,299.31,4.01,0,6.75,OFFICIAL_ANNUAL_PLAN,OFFICIAL_SAME_PERIOD,SYNTHETIC_DAILY_CALIBRATED_TO_PUBLIC_ANNUAL_REFERENCE
PROD-0000542,2023-09-24,Ukwa,Madhya Pradesh,Balaghat,21.974667,80.46,299.27,292.88,1.15,0,30.99,OFFICIAL_ANNUAL_PLAN,OFFICIAL_SAME_PERIOD,SYNTHETIC_DAILY_CALIBRATED_TO_PUBLIC_ANNUAL_REFERENCE
PROD-0000543,2023-09-25,Ukwa,Madhya Pradesh,Balaghat,21.974667,80.46,336.48,332.15,2.79,0,5.61,OFFICIAL_ANNUAL_PLAN,OFFICIAL_SAME_PERIOD,SYNTHETIC_DAILY_CALIBRATED_TO_PUBLIC_ANNUAL_REFERENCE
PROD-0000544,2023-09-26,Ukwa,Madhya Pradesh,Balaghat,21.974667,80.46,334.5,339.68,0.39,0,0.0,OFFICIAL_ANNUAL_PLAN,OFFICIAL_SAME_PERIOD,SYNTHETIC_DAILY_CALIBRATED_TO_PUBLIC_ANNUAL_REFERENCE
PROD-0000545,2023-09-27,Ukwa,Madhya Pradesh,Balaghat,21.974667,80.46,313.8,308.85,2.06,0,0.0,OFFICIAL_ANNUAL_PLAN,OFFICIAL_SAME_PERIOD,SYNTHETIC_DAILY_CALIBRATED_TO_PUBLIC_ANNUAL_REFERENCE
PROD-0000546,2023-09-28,Ukwa,Madhya Pradesh,Balaghat,21.974667,80.46,269.14,274.89,0.0,0,0.0,OFFICIAL_ANNUAL_PLAN,OFFICIAL_SAME_PERIOD,SYNTHETIC_DAILY_CALIBRATED_TO_PUBLIC_ANNUAL_REFERENCE
PROD-0000547,2023-09-29,Ukwa,Madhya Pradesh,Balaghat,21.974667,80.46,299.31,302.92,0.0,0,0.0,OFFICIAL_ANNUAL_PLAN,OFFICIAL_SAME_PERIOD,SYNTHETIC_DAILY_CALIBRATED_TO_PUBLIC_ANNUAL_REFERENCE
PROD-0000548,2023-09-30,Ukwa,Madhya Pradesh,Balaghat,21.974667,80.46,266.81,273.98,0.0,0,0.0,OFFICIAL_ANNUAL_PLAN,OFFICIAL_SAME_PERIOD,SYNTHETIC_DAILY_CALIBRATED_TO_PUBLIC_ANNUAL_REFERENCE
PROD-0000549,2023-10-01,Ukwa,Madhya Pradesh,Balaghat,21.974667,80.46,312.71,314.03,1.89,0,0.0,OFFICIAL_ANNUAL_PLAN,OFFICIAL_SAME_PERIOD,SYNTHETIC_DAILY_CALIBRATED_TO_PUBLIC_ANNUAL_REFERENCE
PROD-0000550,2023-10-02,Ukwa,Madhya Pradesh,Balaghat,21.974667,80.46,281.57,281.9,0.82,0,0.0,OFFICIAL_ANNUAL_PLAN,OFFICIAL_SAME_PERIOD,SYNTHETIC_DAILY_CALIBRATED_TO_PUBLIC_ANNUAL_REFERENCE
PROD-0000551,2023-10-03,Ukwa,Madhya Pradesh,Balaghat,21.974667,80.46,316.08,321.36,0.0,0,0.0,OFFICIAL_ANNUAL_PLAN,OFFICIAL_SAME_PERIOD,SYNTHETIC_DAILY_CALIBRATED_TO_PUBLIC_ANNUAL_REFERENCE
PROD-0000552,2023-10-04,Ukwa,Madhya Pradesh,Balaghat,21.974667,80.46,347.34,344.84,0.82,0,0.0,OFFICIAL_ANNUAL_PLAN,OFFICIAL_SAME_PERIOD,SYNTHETIC_DAILY_CALIBRATED_TO_PUBLIC_ANNUAL_REFERENCE
PROD-0000553,2023-10-05,Ukwa,Madhya Pradesh,Balaghat,21.974667,80.46,313.89,320.22,0.0,0,0.0,OFFICIAL_ANNUAL_PLAN,OFFICIAL_SAME_PERIOD,SYNTHETIC_DAILY_CALIBRATED_TO_PUBLIC_ANNUAL_REFERENCE
PROD-0000554,2023-10-06,Ukwa,Madhya Pradesh,Balaghat,21.974667,80.46,308.64,298.04,2.65,0,0.0,OFFICIAL_ANNUAL_PLAN,OFFICIAL_SAME_PERIOD,SYNTHETIC_DAILY_CALIBRATED_TO_PUBLIC_ANNUAL_REFERENCE
PROD-0000555,2023-10-07,Ukwa,Madhya Pradesh,Balaghat,21.974667,80.46,323.03,305.88,2.97,0,0.0,OFFICIAL_ANNUAL_PLAN,OFFICIAL_SAME_PERIOD,SYNTHETIC_DAILY_CALIBRATED_TO_PUBLIC_ANNUAL_REFERENCE
PROD-0000556,2023-10-08,Ukwa,Madhya Pradesh,Balaghat,21.974667,80.46,337.31,346.31,0.0,0,0.0,OFFICIAL_ANNUAL_PLAN,OFFICIAL_SAME_PERIOD,SYNTHETIC_DAILY_CALIBRATED_TO_PUBLIC_ANNUAL_REFERENCE
PROD-0000557,2023-10-09,Ukwa,Madhya Pradesh,Balaghat,21.974667,80.46,329.97,339.48,0.0,6,0.0,OFFICIAL_ANNUAL_PLAN,OFFICIAL_SAME_PERIOD,SYNTHETIC_DAILY_CALIBRATED_TO_PUBLIC_ANNUAL_REFERENCE
PROD-0000558,2023-10-10,Ukwa,Madhya Pradesh,Balaghat,21.974667,80.46,341.15,359.77,0.0,42,0.0,OFFICIAL_ANNUAL_PLAN,OFFICIAL_SAME_PERIOD,SYNTHETIC_DAILY_CALIBRATED_TO_PUBLIC_ANNUAL_REFERENCE
PROD-0000559,2023-10-11,Ukwa,Madhya Pradesh,Balaghat,21.974667,80.46,347.83,361.08,0.0,0,0.0,OFFICIAL_ANNUAL_PLAN,OFFICIAL_SAME_PERIOD,SYNTHETIC_DAILY_CALIBRATED_TO_PUBLIC_ANNUAL_REFERENCE
PROD-0000560,2023-10-12,Ukwa,Madhya Pradesh,Balaghat,21.974667,80.46,337.21,357.71,0.14,0,9.02,OFFICIAL_ANNUAL_PLAN,OFFICIAL_SAME_PERIOD,SYNTHETIC_DAILY_CALIBRATED_TO_PUBLIC_ANNUAL_REFERENCE
PROD-0000561,2023-10-13,Ukwa,Madhya Pradesh,Balaghat,21.974667,80.46,361.93,383.55,1.22,0,0.0,OFFICIAL_ANNUAL_PLAN,OFFICIAL_SAME_PERIOD,SYNTHETIC_DAILY_CALIBRATED_TO_PUBLIC_ANNUAL_REFERENCE
PROD-0000562,2023-10-14,Ukwa,Madhya Pradesh,Balaghat,21.974667,80.46,308.23,320.0,2.04,0,0.0,OFFICIAL_ANNUAL_PLAN,OFFICIAL_SAME_PERIOD,SYNTHETIC_DAILY_CALIBRATED_TO_PUBLIC_ANNUAL_REFERENCE
PROD-0000563,2023-10-15,Ukwa,Madhya Pradesh,Balaghat,21.974667,80.46,296.8,286.48,4.29,0,26.06,OFFICIAL_ANNUAL_PLAN,OFFICIAL_SAME_PERIOD,SYNTHETIC_DAILY_CALIBRATED_TO_PUBLIC_ANNUAL_REFERENCE
PROD-0000564,2023-10-16,Ukwa,Madhya Pradesh,Balaghat,21.974667,80.46,314.45,306.75,2.19,0,0.0,OFFICIAL_ANNUAL_PLAN,OFFICIAL_SAME_PERIOD,SYNTHETIC_DAILY_CALIBRATED_TO_PUBLIC_ANNUAL_REFERENCE
PROD-0000565,2023-10-17,Ukwa,Madhya Pradesh,Balaghat,21.974667,80.46,272.31,280.77,0.0,0,0.0,OFFICIAL_ANNUAL_PLAN,OFFICIAL_SAME_PERIOD,SYNTHETIC_DAILY_CALIBRATED_TO_PUBLIC_ANNUAL_REFERENCE
PROD-0000566,2023-10-18,Ukwa,Madhya Pradesh,Balaghat,21.974667,80.46,304.5,319.43,0.0,0,0.0,OFFICIAL_ANNUAL_PLAN,OFFICIAL_SAME_PERIOD,SYNTHETIC_DAILY_CALIBRATED_TO_PUBLIC_ANNUAL_REFERENCE
PROD-0000567,2023-10-19,Ukwa,Madhya Pradesh,Balaghat,21.974667,80.46,305.35,313.33,0.0,0,0.0,OFFICIAL_ANNUAL_PLAN,OFFICIAL_SAME_PERIOD,SYNTHETIC_DAILY_CALIBRATED_TO_PUBLIC_ANNUAL_REFERENCE
PROD-0000568,2023-10-20,Ukwa,Madhya Pradesh,Balaghat,21.974667,80.46,281.69,280.28,1.9,0,1.78,OFFICIAL_ANNUAL_PLAN,OFFICIAL_SAME_PERIOD,SYNTHETIC_DAILY_CALIBRATED_TO_PUBLIC_ANNUAL_REFERENCE
PROD-0000569,2023-10-21,Ukwa,Madhya Pradesh,Balaghat,21.974667,80.46,273.7,270.14,0.0,0,0.0,OFFICIAL_ANNUAL_PLAN,OFFICIAL_SAME_PERIOD,SYNTHETIC_DAILY_CALIBRATED_TO_PUBLIC_ANNUAL_REFERENCE
PROD-0000570,2023-10-22,Ukwa,Madhya Pradesh,Balaghat,21.974667,80.46,322.89,318.17,0.62,98,0.0,OFFICIAL_ANNUAL_PLAN,OFFICIAL_SAME_PERIOD,SYNTHETIC_DAILY_CALIBRATED_TO_PUBLIC_ANNUAL_REFERENCE
PROD-0000571,2023-10-23,Ukwa,Madhya Pradesh,Balaghat,21.974667,80.46,297.82,297.74,0.11,0,7.2,OFFICIAL_ANNUAL_PLAN,OFFICIAL_SAME_PERIOD,SYNTHETIC_DAILY_CALIBRATED_TO_PUBLIC_ANNUAL_REFERENCE
PROD-0000572,2023-10-24,Ukwa,Madhya Pradesh,Balaghat,21.974667,80.46,285.45,291.57,0.0,0,0.0,OFFICIAL_ANNUAL_PLAN,OFFICIAL_SAME_PERIOD,SYNTHETIC_DAILY_CALIBRATED_TO_PUBLIC_ANNUAL_REFERENCE
PROD-0000573,2023-10-25,Ukwa,Madhya Pradesh,Balaghat,21.974667,80.46,282.55,289.42,2.27,0,0.0,OFFICIAL_ANNUAL_PLAN,OFFICIAL_SAME_PERIOD,SYNTHETIC_DAILY_CALIBRATED_TO_PUBLIC_ANNUAL_REFERENCE
PROD-0000574,2023-10-26,Ukwa,Madhya Pradesh,Balaghat,21.974667,80.46,282.17,294.76,0.0,0,0.0,OFFICIAL_ANNUAL_PLAN,OFFICIAL_SAME_PERIOD,SYNTHETIC_DAILY_CALIBRATED_TO_PUBLIC_ANNUAL_REFERENCE
PROD-0000575,2023-10-27,Ukwa,Madhya Pradesh,Balaghat,21.974667,80.46,314.37,308.91,3.94,0,0.0,OFFICIAL_ANNUAL_PLAN,OFFICIAL_SAME_PERIOD,SYNTHETIC_DAILY_CALIBRATED_TO_PUBLIC_ANNUAL_REFERENCE
PROD-0000576,2023-10-28,Ukwa,Madhya Pradesh,Balaghat,21.974667,80.46,321.22,339.12,0.73,0,7.22,OFFICIAL_ANNUAL_PLAN,OFFICIAL_SAME_PERIOD,SYNTHETIC_DAILY_CALIBRATED_TO_PUBLIC_ANNUAL_REFERENCE
PROD-0000577,2023-10-29,Ukwa,Madhya Pradesh,Balaghat,21.974667,80.46,334.71,335.38,0.13,0,8.92,OFFICIAL_ANNUAL_PLAN,OFFICIAL_SAME_PERIOD,SYNTHETIC_DAILY_CALIBRATED_TO_PUBLIC_ANNUAL_REFERENCE
PROD-0000578,2023-10-30,Ukwa,Madhya Pradesh,Balaghat,21.974667,80.46,275.32,292.33,0.53,0,0.0,OFFICIAL_ANNUAL_PLAN,OFFICIAL_SAME_PERIOD,SYNTHETIC_DAILY_CALIBRATED_TO_PUBLIC_ANNUAL_REFERENCE
PROD-0000579,2023-10-31,Ukwa,Madhya Pradesh,Balaghat,21.974667,80.46,298.16,302.64,0.62,0,4.56,OFFICIAL_ANNUAL_PLAN,OFFICIAL_SAME_PERIOD,SYNTHETIC_DAILY_CALIBRATED_TO_PUBLIC_ANNUAL_REFERENCE
PROD-0000580,2023-11-01,Ukwa,Madhya Pradesh,Balaghat,21.974667,80.46,304.45,300.03,0.79,0,8.15,OFFICIAL_ANNUAL_PLAN,OFFICIAL_SAME_PERIOD,SYNTHETIC_DAILY_CALIBRATED_TO_PUBLIC_ANNUAL_REFERENCE
PROD-0000581,2023-11-02,Ukwa,Madhya Pradesh,Balaghat,21.974667,80.46,340.34,356.79,0.97,0,0.0,OFFICIAL_ANNUAL_PLAN,OFFICIAL_SAME_PERIOD,SYNTHETIC_DAILY_CALIBRATED_TO_PUBLIC_ANNUAL_REFERENCE
PROD-0000582,2023-11-03,Ukwa,Madhya Pradesh,Balaghat,21.974667,80.46,304.98,294.42,1.07,55,14.83,OFFICIAL_ANNUAL_PLAN,OFFICIAL_SAME_PERIOD,SYNTHETIC_DAILY_CALIBRATED_TO_PUBLIC_ANNUAL_REFERENCE
PROD-0000583,2023-11-04,Ukwa,Madhya Pradesh,Balaghat,21.974667,80.46,303.77,314.19,1.47,0,0.0,OFFICIAL_ANNUAL_PLAN,OFFICIAL_SAME_PERIOD,SYNTHETIC_DAILY_CALIBRATED_TO_PUBLIC_ANNUAL_REFERENCE
PROD-0000584,2023-11-05,Ukwa,Madhya Pradesh,Balaghat,21.974667,80.46,275.17,277.45,0.8,0,0.0,OFFICIAL_ANNUAL_PLAN,OFFICIAL_SAME_PERIOD,SYNTHETIC_DAILY_CALIBRATED_TO_PUBLIC_ANNUAL_REFERENCE
PROD-0000585,2023-11-06,Ukwa,Madhya Pradesh,Balaghat,21.974667,80.46,309.16,311.81,1.72,0,0.0,OFFICIAL_ANNUAL_PLAN,OFFICIAL_SAME_PERIOD,SYNTHETIC_DAILY_CALIBRATED_TO_PUBLIC_ANNUAL_REFERENCE
PROD-0000586,2023-11-07,Ukwa,Madhya Pradesh,Balaghat,21.974667,80.46,283.09,298.11,0.0,0,0.0,OFFICIAL_ANNUAL_PLAN,OFFICIAL_SAME_PERIOD,SYNTHETIC_DAILY_CALIBRATED_TO_PUBLIC_ANNUAL_REFERENCE
PROD-0000587,2023-11-08,Ukwa,Madhya Pradesh,Balaghat,21.974667,80.46,281.01,282.38,0.0,0,0.0,OFFICIAL_ANNUAL_PLAN,OFFICIAL_SAME_PERIOD,SYNTHETIC_DAILY_CALIBRATED_TO_PUBLIC_ANNUAL_REFERENCE
PROD-0000588,2023-11-09,Ukwa,Madhya Pradesh,Balaghat,21.974667,80.46,325.29,351.01,0.0,0,0.0,OFFICIAL_ANNUAL_PLAN,OFFICIAL_SAME_PERIOD,SYNTHETIC_DAILY_CALIBRATED_TO_PUBLIC_ANNUAL_REFERENCE
PROD-0000589,2023-11-10,Ukwa,Madhya Pradesh,Balaghat,21.974667,80.46,317.07,325.93,3.04,0,23.85,OFFICIAL_ANNUAL_PLAN,OFFICIAL_SAME_PERIOD,SYNTHETIC_DAILY_CALIBRATED_TO_PUBLIC_ANNUAL_REFERENCE
PROD-0000590,2023-11-11,Ukwa,Madhya Pradesh,Balaghat,21.974667,80.46,354.18,375.72,0.0,0,0.0,OFFICIAL_ANNUAL_PLAN,OFFICIAL_SAME_PERIOD,SYNTHETIC_DAILY_CALIBRATED_TO_PUBLIC_ANNUAL_REFERENCE
PROD-0000591,2023-11-12,Ukwa,Madhya Pradesh,Balaghat,21.974667,80.46,346.7,345.52,0.0,0,0.0,OFFICIAL_ANNUAL_PLAN,OFFICIAL_SAME_PERIOD,SYNTHETIC_DAILY_CALIBRATED_TO_PUBLIC_ANNUAL_REFERENCE
PROD-0000592,2023-11-13,Ukwa,Madhya Pradesh,Balaghat,21.974667,80.46,336.74,329.72,3.6,0,15.97,OFFICIAL_ANNUAL_PLAN,OFFICIAL_SAME_PERIOD,SYNTHETIC_DAILY_CALIBRATED_TO_PUBLIC_ANNUAL_REFERENCE
PROD-0000593,2023-11-14,Ukwa,Madhya Pradesh,Balaghat,21.974667,80.46,316.11,314.88,0.0,34,0.0,OFFICIAL_ANNUAL_PLAN,OFFICIAL_SAME_PERIOD,SYNTHETIC_DAILY_CALIBRATED_TO_PUBLIC_ANNUAL_REFERENCE
PROD-0000594,2023-11-15,Ukwa,Madhya Pradesh,Balaghat,21.974667,80.46,280.4,294.63,1.62,0,0.0,OFFICIAL_ANNUAL_PLAN,OFFICIAL_SAME_PERIOD,SYNTHETIC_DAILY_CALIBRATED_TO_PUBLIC_ANNUAL_REFERENCE
PROD-0000595,2023-11-16,Ukwa,Madhya Pradesh,Balaghat,21.974667,80.46,307.09,324.78,0.39,17,25.7,OFFICIAL_ANNUAL_PLAN,OFFICIAL_SAME_PERIOD,SYNTHETIC_DAILY_CALIBRATED_TO_PUBLIC_ANNUAL_REFERENCE
PROD-0000596,2023-11-17,Ukwa,Madhya Pradesh,Balaghat,21.974667,80.46,290.67,290.05,2.11,32,0.0,OFFICIAL_ANNUAL_PLAN,OFFICIAL_SAME_PERIOD,SYNTHETIC_DAILY_CALIBRATED_TO_PUBLIC_ANNUAL_REFERENCE
PROD-0000597,2023-11-18,Ukwa,Madhya Pradesh,Balaghat,21.974667,80.46,317.56,320.91,0.19,0,12.95,OFFICIAL_ANNUAL_PLAN,OFFICIAL_SAME_PERIOD,SYNTHETIC_DAILY_CALIBRATED_TO_PUBLIC_ANNUAL_REFERENCE
PROD-0000598,2023-11-19,Ukwa,Madhya Pradesh,Balaghat,21.974667,80.46,252.85,259.45,0.0,0,0.0,OFFICIAL_ANNUAL_PLAN,OFFICIAL_SAME_PERIOD,SYNTHETIC_DAILY_CALIBRATED_TO_PUBLIC_ANNUAL_REFERENCE
PROD-0000599,2023-11-20,Ukwa,Madhya Pradesh,Balaghat,21.974667,80.46,327.74,331.92,0.82,0,0.0,OFFICIAL_ANNUAL_PLAN,OFFICIAL_SAME_PERIOD,SYNTHETIC_DAILY_CALIBRATED_TO_PUBLIC_ANNUAL_REFERENCE
PROD-0000600,2023-11-21,Ukwa,Madhya Pradesh,Balaghat,21.974667,80.46,310.27,300.67,1.55,17,4.19,OFFICIAL_ANNUAL_PLAN,OFFICIAL_SAME_PERIOD,SYNTHETIC_DAILY_CALIBRATED_TO_PUBLIC_ANNUAL_REFERENCE
PROD-0000601,2023-11-22,Ukwa,Madhya Pradesh,Balaghat,21.974667,80.46,308.96,330.2,0.46,0,0.0,OFFICIAL_ANNUAL_PLAN,OFFICIAL_SAME_PERIOD,SYNTHETIC_DAILY_CALIBRATED_TO_PUBLIC_ANNUAL_REFERENCE
PROD-0000602,2023-11-23,Ukwa,Madhya Pradesh,Balaghat,21.974667,80.46,334.52,347.93,0.13,0,8.96,OFFICIAL_ANNUAL_PLAN,OFFICIAL_SAME_PERIOD,SYNTHETIC_DAILY_CALIBRATED_TO_PUBLIC_ANNUAL_REFERENCE
PROD-0000603,2023-11-24,Ukwa,Madhya Pradesh,Balaghat,21.974667,80.46,297.98,300.72,0.1,0,0.0,OFFICIAL_ANNUAL_PLAN,OFFICIAL_SAME_PERIOD,SYNTHETIC_DAILY_CALIBRATED_TO_PUBLIC_ANNUAL_REFERENCE
PROD-0000604,2023-11-25,Ukwa,Madhya Pradesh,Balaghat,21.974667,80.46,326.98,319.46,1.82,0,9.6,OFFICIAL_ANNUAL_PLAN,OFFICIAL_SAME_PERIOD,SYNTHETIC_DAILY_CALIBRATED_TO_PUBLIC_ANNUAL_REFERENCE
PROD-0000605,2023-11-26,Ukwa,Madhya Pradesh,Balaghat,21.974667,80.46,293.19,300.52,0.0,0,0.0,OFFICIAL_ANNUAL_PLAN,OFFICIAL_SAME_PERIOD,SYNTHETIC_DAILY_CALIBRATED_TO_PUBLIC_ANNUAL_REFERENCE
PROD-0000606,2023-11-27,Ukwa,Madhya Pradesh,Balaghat,21.974667,80.46,311.57,317.79,2.24,0,0.0,OFFICIAL_ANNUAL_PLAN,OFFICIAL_SAME_PERIOD,SYNTHETIC_DAILY_CALIBRATED_TO_PUBLIC_ANNUAL_REFERENCE
PROD-0000607,2023-11-28,Ukwa,Madhya Pradesh,Balaghat,21.974667,80.46,355.48,365.93,0.48,0,0.0,OFFICIAL_ANNUAL_PLAN,OFFICIAL_SAME_PERIOD,SYNTHETIC_DAILY_CALIBRATED_TO_PUBLIC_ANNUAL_REFERENCE
PROD-0000608,2023-11-29,Ukwa,Madhya Pradesh,Balaghat,21.974667,80.46,283.21,283.48,3.46,0,0.0,OFFICIAL_ANNUAL_PLAN,OFFICIAL_SAME_PERIOD,SYNTHETIC_DAILY_CALIBRATED_TO_PUBLIC_ANNUAL_REFERENCE
PROD-0000609,2023-11-30,Ukwa,Madhya Pradesh,Balaghat,21.974667,80.46,303.88,298.73,3.9,0,0.0,OFFICIAL_ANNUAL_PLAN,OFFICIAL_SAME_PERIOD,SYNTHETIC_DAILY_CALIBRATED_TO_PUBLIC_ANNUAL_REFERENCE
PROD-0000610,2023-12-01,Ukwa,Madhya Pradesh,Balaghat,21.974667,80.46,290.19,280.88,2.07,0,0.0,OFFICIAL_ANNUAL_PLAN,OFFICIAL_SAME_PERIOD,SYNTHETIC_DAILY_CALIBRATED_TO_PUBLIC_ANNUAL_REFERENCE
PROD-0000611,2023-12-02,Ukwa,Madhya Pradesh,Balaghat,21.974667,80.46,301.21,288.55,1.67,57,0.0,OFFICIAL_ANNUAL_PLAN,OFFICIAL_SAME_PERIOD,SYNTHETIC_DAILY_CALIBRATED_TO_PUBLIC_ANNUAL_REFERENCE
PROD-0000612,2023-12-03,Ukwa,Madhya Pradesh,Balaghat,21.974667,80.46,295.42,283.17,1.74,0,0.0,OFFICIAL_ANNUAL_PLAN,OFFICIAL_SAME_PERIOD,SYNTHETIC_DAILY_CALIBRATED_TO_PUBLIC_ANNUAL_REFERENCE
PROD-0000613,2023-12-04,Ukwa,Madhya Pradesh,Balaghat,21.974667,80.46,323.36,333.55,0.0,0,0.0,OFFICIAL_ANNUAL_PLAN,OFFICIAL_SAME_PERIOD,SYNTHETIC_DAILY_CALIBRATED_TO_PUBLIC_ANNUAL_REFERENCE
PROD-0000614,2023-12-05,Ukwa,Madhya Pradesh,Balaghat,21.974667,80.46,336.3,333.38,1.52,0,0.0,OFFICIAL_ANNUAL_PLAN,OFFICIAL_SAME_PERIOD,SYNTHETIC_DAILY_CALIBRATED_TO_PUBLIC_ANNUAL_REFERENCE
PROD-0000615,2023-12-06,Ukwa,Madhya Pradesh,Balaghat,21.974667,80.46,319.85,323.21,0.81,0,0.0,OFFICIAL_ANNUAL_PLAN,OFFICIAL_SAME_PERIOD,SYNTHETIC_DAILY_CALIBRATED_TO_PUBLIC_ANNUAL_REFERENCE
PROD-0000616,2023-12-07,Ukwa,Madhya Pradesh,Balaghat,21.974667,80.46,319.54,325.06,1.86,0,0.0,OFFICIAL_ANNUAL_PLAN,OFFICIAL_SAME_PERIOD,SYNTHETIC_DAILY_CALIBRATED_TO_PUBLIC_ANNUAL_REFERENCE
PROD-0000617,2023-12-08,Ukwa,Madhya Pradesh,Balaghat,21.974667,80.46,341.64,346.72,0.49,67,1.68,OFFICIAL_ANNUAL_PLAN,OFFICIAL_SAME_PERIOD,SYNTHETIC_DAILY_CALIBRATED_TO_PUBLIC_ANNUAL_REFERENCE
PROD-0000618,2023-12-09,Ukwa,Madhya Pradesh,Balaghat,21.974667,80.46,313.08,315.98,0.0,0,0.0,OFFICIAL_ANNUAL_PLAN,OFFICIAL_SAME_PERIOD,SYNTHETIC_DAILY_CALIBRATED_TO_PUBLIC_ANNUAL_REFERENCE
PROD-0000619,2023-12-10,Ukwa,Madhya Pradesh,Balaghat,21.974667,80.46,316.3,311.92,0.0,0,0.0,OFFICIAL_ANNUAL_PLAN,OFFICIAL_SAME_PERIOD,SYNTHETIC_DAILY_CALIBRATED_TO_PUBLIC_ANNUAL_REFERENCE
PROD-0000620,2023-12-11,Ukwa,Madhya Pradesh,Balaghat,21.974667,80.46,288.33,290.04,0.0,0,0.0,OFFICIAL_ANNUAL_PLAN,OFFICIAL_SAME_PERIOD,SYNTHETIC_DAILY_CALIBRATED_TO_PUBLIC_ANNUAL_REFERENCE
PROD-0000621,2023-12-12,Ukwa,Madhya Pradesh,Balaghat,21.974667,80.46,309.58,313.58,0.99,55,0.0,OFFICIAL_ANNUAL_PLAN,OFFICIAL_SAME_PERIOD,SYNTHETIC_DAILY_CALIBRATED_TO_PUBLIC_ANNUAL_REFERENCE
PROD-0000622,2023-12-13,Ukwa,Madhya Pradesh,Balaghat,21.974667,80.46,307.53,305.84,0.05,0,3.64,OFFICIAL_ANNUAL_PLAN,OFFICIAL_SAME_PERIOD,SYNTHETIC_DAILY_CALIBRATED_TO_PUBLIC_ANNUAL_REFERENCE
PROD-0000623,2023-12-14,Ukwa,Madhya Pradesh,Balaghat,21.974667,80.46,299.73,287.61,2.17,0,0.0,OFFICIAL_ANNUAL_PLAN,OFFICIAL_SAME_PERIOD,SYNTHETIC_DAILY_CALIBRATED_TO_PUBLIC_ANNUAL_REFERENCE
PROD-0000624,2023-12-15,Ukwa,Madhya Pradesh,Balaghat,21.974667,80.46,277.76,287.89,1.51,24,0.31,OFFICIAL_ANNUAL_PLAN,OFFICIAL_SAME_PERIOD,SYNTHETIC_DAILY_CALIBRATED_TO_PUBLIC_ANNUAL_REFERENCE
PROD-0000625,2023-12-16,Ukwa,Madhya Pradesh,Balaghat,21.974667,80.46,351.75,347.35,3.61,0,0.0,OFFICIAL_ANNUAL_PLAN,OFFICIAL_SAME_PERIOD,SYNTHETIC_DAILY_CALIBRATED_TO_PUBLIC_ANNUAL_REFERENCE
PROD-0000626,2023-12-17,Ukwa,Madhya Pradesh,Balaghat,21.974667,80.46,286.28,279.7,0.0,64,0.0,OFFICIAL_ANNUAL_PLAN,OFFICIAL_SAME_PERIOD,SYNTHETIC_DAILY_CALIBRATED_TO_PUBLIC_ANNUAL_REFERENCE
PROD-0000627,2023-12-18,Ukwa,Madhya Pradesh,Balaghat,21.974667,80.46,291.33,283.94,4.01,29,0.0,OFFICIAL_ANNUAL_PLAN,OFFICIAL_SAME_PERIOD,SYNTHETIC_DAILY_CALIBRATED_TO_PUBLIC_ANNUAL_REFERENCE
PROD-0000628,2023-12-19,Ukwa,Madhya Pradesh,Balaghat,21.974667,80.46,357.04,357.79,1.57,0,0.0,OFFICIAL_ANNUAL_PLAN,OFFICIAL_SAME_PERIOD,SYNTHETIC_DAILY_CALIBRATED_TO_PUBLIC_ANNUAL_REFERENCE
PROD-0000629,2023-12-20,Ukwa,Madhya Pradesh,Balaghat,21.974667,80.46,353.67,332.04,5.81,0,0.0,OFFICIAL_ANNUAL_PLAN,OFFICIAL_SAME_PERIOD,SYNTHETIC_DAILY_CALIBRATED_TO_PUBLIC_ANNUAL_REFERENCE
PROD-0000630,2023-12-21,Ukwa,Madhya Pradesh,Balaghat,21.974667,80.46,318.83,311.77,4.78,0,0.0,OFFICIAL_ANNUAL_PLAN,OFFICIAL_SAME_PERIOD,SYNTHETIC_DAILY_CALIBRATED_TO_PUBLIC_ANNUAL_REFERENCE
PROD-0000631,2023-12-22,Ukwa,Madhya Pradesh,Balaghat,21.974667,80.46,334.52,333.25,0.67,21,0.0,OFFICIAL_ANNUAL_PLAN,OFFICIAL_SAME_PERIOD,SYNTHETIC_DAILY_CALIBRATED_TO_PUBLIC_ANNUAL_REFERENCE
PROD-0000632,2023-12-23,Ukwa,Madhya Pradesh,Balaghat,21.974667,80.46,296.08,295.54,0.02,0,1.44,OFFICIAL_ANNUAL_PLAN,OFFICIAL_SAME_PERIOD,SYNTHETIC_DAILY_CALIBRATED_TO_PUBLIC_ANNUAL_REFERENCE
PROD-0000633,2023-12-24,Ukwa,Madhya Pradesh,Balaghat,21.974667,80.46,290.59,311.9,0.0,0,0.0,OFFICIAL_ANNUAL_PLAN,OFFICIAL_SAME_PERIOD,SYNTHETIC_DAILY_CALIBRATED_TO_PUBLIC_ANNUAL_REFERENCE
PROD-0000634,2023-12-25,Ukwa,Madhya Pradesh,Balaghat,21.974667,80.46,297.23,298.42,0.14,0,0.0,OFFICIAL_ANNUAL_PLAN,OFFICIAL_SAME_PERIOD,SYNTHETIC_DAILY_CALIBRATED_TO_PUBLIC_ANNUAL_REFERENCE
PROD-0000635,2023-12-26,Ukwa,Madhya Pradesh,Balaghat,21.974667,80.46,306.04,308.28,0.96,0,0.0,OFFICIAL_ANNUAL_PLAN,OFFICIAL_SAME_PERIOD,SYNTHETIC_DAILY_CALIBRATED_TO_PUBLIC_ANNUAL_REFERENCE
PROD-0000636,2023-12-27,Ukwa,Madhya Pradesh,Balaghat,21.974667,80.46,364.83,361.03,1.59,0,0.0,OFFICIAL_ANNUAL_PLAN,OFFICIAL_SAME_PERIOD,SYNTHETIC_DAILY_CALIBRATED_TO_PUBLIC_ANNUAL_REFERENCE
PROD-0000637,2023-12-28,Ukwa,Madhya Pradesh,Balaghat,21.974667,80.46,299.8,302.99,2.02,0,1.45,OFFICIAL_ANNUAL_PLAN,OFFICIAL_SAME_PERIOD,SYNTHETIC_DAILY_CALIBRATED_TO_PUBLIC_ANNUAL_REFERENCE
PROD-0000638,2023-12-29,Ukwa,Madhya Pradesh,Balaghat,21.974667,80.46,310.52,309.43,1.91,0,0.0,OFFICIAL_ANNUAL_PLAN,OFFICIAL_SAME_PERIOD,SYNTHETIC_DAILY_CALIBRATED_TO_PUBLIC_ANNUAL_REFERENCE
PROD-0000639,2023-12-30,Ukwa,Madhya Pradesh,Balaghat,21.974667,80.46,331.14,340.88,0.2,0,0.0,OFFICIAL_ANNUAL_PLAN,OFFICIAL_SAME_PERIOD,SYNTHETIC_DAILY_CALIBRATED_TO_PUBLIC_ANNUAL_REFERENCE
PROD-0000640,2023-12-31,Ukwa,Madhya Pradesh,Balaghat,21.974667,80.46,302.61,302.36,2.02,0,0.0,OFFICIAL_ANNUAL_PLAN,OFFICIAL_SAME_PERIOD,SYNTHETIC_DAILY_CALIBRATED_TO_PUBLIC_ANNUAL_REFERENCE
PROD-0000641,2024-01-01,Ukwa,Madhya Pradesh,Balaghat,21.974667,80.46,285.85,278.28,2.78,97,0.0,OFFICIAL_ANNUAL_PLAN,OFFICIAL_SAME_PERIOD,SYNTHETIC_DAILY_CALIBRATED_TO_PUBLIC_ANNUAL_REFERENCE
PROD-0000642,2024-01-02,Ukwa,Madhya Pradesh,Balaghat,21.974667,80.46,278.43,285.44,1.39,78,0.0,OFFICIAL_ANNUAL_PLAN,OFFICIAL_SAME_PERIOD,SYNTHETIC_DAILY_CALIBRATED_TO_PUBLIC_ANNUAL_REFERENCE
PROD-0000643,2024-01-03,Ukwa,Madhya Pradesh,Balaghat,21.974667,80.46,309.98,309.24,1.85,0,0.0,OFFICIAL_ANNUAL_PLAN,OFFICIAL_SAME_PERIOD,SYNTHETIC_DAILY_CALIBRATED_TO_PUBLIC_ANNUAL_REFERENCE
PROD-0000644,2024-01-04,Ukwa,Madhya Pradesh,Balaghat,21.974667,80.46,269.49,278.14,0.0,0,0.0,OFFICIAL_ANNUAL_PLAN,OFFICIAL_SAME_PERIOD,SYNTHETIC_DAILY_CALIBRATED_TO_PUBLIC_ANNUAL_REFERENCE
PROD-0000645,2024-01-05,Ukwa,Madhya Pradesh,Balaghat,21.974667,80.46,339.4,359.85,0.23,0,0.0,OFFICIAL_ANNUAL_PLAN,OFFICIAL_SAME_PERIOD,SYNTHETIC_DAILY_CALIBRATED_TO_PUBLIC_ANNUAL_REFERENCE
PROD-0000646,2024-01-06,Ukwa,Madhya Pradesh,Balaghat,21.974667,80.46,310.63,328.52,1.08,0,0.0,OFFICIAL_ANNUAL_PLAN,OFFICIAL_SAME_PERIOD,SYNTHETIC_DAILY_CALIBRATED_TO_PUBLIC_ANNUAL_REFERENCE
PROD-0000647,2024-01-07,Ukwa,Madhya Pradesh,Balaghat,21.974667,80.46,308.47,311.57,2.19,0,0.0,OFFICIAL_ANNUAL_PLAN,OFFICIAL_SAME_PERIOD,SYNTHETIC_DAILY_CALIBRATED_TO_PUBLIC_ANNUAL_REFERENCE
PROD-0000648,2024-01-08,Ukwa,Madhya Pradesh,Balaghat,21.974667,80.46,284.79,287.74,0.18,0,0.0,OFFICIAL_ANNUAL_PLAN,OFFICIAL_SAME_PERIOD,SYNTHETIC_DAILY_CALIBRATED_TO_PUBLIC_ANNUAL_REFERENCE
PROD-0000649,2024-01-09,Ukwa,Madhya Pradesh,Balaghat,21.974667,80.46,298.64,301.96,0.34,0,0.0,OFFICIAL_ANNUAL_PLAN,OFFICIAL_SAME_PERIOD,SYNTHETIC_DAILY_CALIBRATED_TO_PUBLIC_ANNUAL_REFERENCE
PROD-0000650,2024-01-10,Ukwa,Madhya Pradesh,Balaghat,21.974667,80.46,311.03,302.8,0.14,0,0.0,OFFICIAL_ANNUAL_PLAN,OFFICIAL_SAME_PERIOD,SYNTHETIC_DAILY_CALIBRATED_TO_PUBLIC_ANNUAL_REFERENCE
PROD-0000651,2024-01-11,Ukwa,Madhya Pradesh,Balaghat,21.974667,80.46,333.95,336.03,0.82,0,0.0,OFFICIAL_ANNUAL_PLAN,OFFICIAL_SAME_PERIOD,SYNTHETIC_DAILY_CALIBRATED_TO_PUBLIC_ANNUAL_REFERENCE
PROD-0000652,2024-01-12,Ukwa,Madhya Pradesh,Balaghat,21.974667,80.46,314.44,296.74,3.73,0,0.0,OFFICIAL_ANNUAL_PLAN,OFFICIAL_SAME_PERIOD,SYNTHETIC_DAILY_CALIBRATED_TO_PUBLIC_ANNUAL_REFERENCE
PROD-0000653,2024-01-13,Ukwa,Madhya Pradesh,Balaghat,21.974667,80.46,327.7,330.0,0.34,0,0.0,OFFICIAL_ANNUAL_PLAN,OFFICIAL_SAME_PERIOD,SYNTHETIC_DAILY_CALIBRATED_TO_PUBLIC_ANNUAL_REFERENCE
PROD-0000654,2024-01-14,Ukwa,Madhya Pradesh,Balaghat,21.974667,80.46,331.57,342.02,0.14,0,0.0,OFFICIAL_ANNUAL_PLAN,OFFICIAL_SAME_PERIOD,SYNTHETIC_DAILY_CALIBRATED_TO_PUBLIC_ANNUAL_REFERENCE
PROD-0000655,2024-01-15,Ukwa,Madhya Pradesh,Balaghat,21.974667,80.46,266.23,254.88,0.0,0,0.0,OFFICIAL_ANNUAL_PLAN,OFFICIAL_SAME_PERIOD,SYNTHETIC_DAILY_CALIBRATED_TO_PUBLIC_ANNUAL_REFERENCE
PROD-0000656,2024-01-16,Ukwa,Madhya Pradesh,Balaghat,21.974667,80.46,304.49,309.24,0.0,0,0.0,OFFICIAL_ANNUAL_PLAN,OFFICIAL_SAME_PERIOD,SYNTHETIC_DAILY_CALIBRATED_TO_PUBLIC_ANNUAL_REFERENCE
PROD-0000657,2024-01-17,Ukwa,Madhya Pradesh,Balaghat,21.974667,80.46,343.02,349.03,0.35,0,2.33,OFFICIAL_ANNUAL_PLAN,OFFICIAL_SAME_PERIOD,SYNTHETIC_DAILY_CALIBRATED_TO_PUBLIC_ANNUAL_REFERENCE
PROD-0000658,2024-01-18,Ukwa,Madhya Pradesh,Balaghat,21.974667,80.46,291.85,302.66,0.0,11,0.0,OFFICIAL_ANNUAL_PLAN,OFFICIAL_SAME_PERIOD,SYNTHETIC_DAILY_CALIBRATED_TO_PUBLIC_ANNUAL_REFERENCE
PROD-0000659,2024-01-19,Ukwa,Madhya Pradesh,Balaghat,21.974667,80.46,339.57,346.1,0.73,23,0.0,OFFICIAL_ANNUAL_PLAN,OFFICIAL_SAME_PERIOD,SYNTHETIC_DAILY_CALIBRATED_TO_PUBLIC_ANNUAL_REFERENCE
PROD-0000660,2024-01-20,Ukwa,Madhya Pradesh,Balaghat,21.974667,80.46,335.42,338.77,0.0,0,0.0,OFFICIAL_ANNUAL_PLAN,OFFICIAL_SAME_PERIOD,SYNTHETIC_DAILY_CALIBRATED_TO_PUBLIC_ANNUAL_REFERENCE
PROD-0000661,2024-01-21,Ukwa,Madhya Pradesh,Balaghat,21.974667,80.46,327.87,311.11,1.96,0,0.0,OFFICIAL_ANNUAL_PLAN,OFFICIAL_SAME_PERIOD,SYNTHETIC_DAILY_CALIBRATED_TO_PUBLIC_ANNUAL_REFERENCE
PROD-0000662,2024-01-22,Ukwa,Madhya Pradesh,Balaghat,21.974667,80.46,312.89,309.07,1.57,0,0.0,OFFICIAL_ANNUAL_PLAN,OFFICIAL_SAME_PERIOD,SYNTHETIC_DAILY_CALIBRATED_TO_PUBLIC_ANNUAL_REFERENCE
PROD-0000663,2024-01-23,Ukwa,Madhya Pradesh,Balaghat,21.974667,80.46,314.57,310.92,0.83,0,0.0,OFFICIAL_ANNUAL_PLAN,OFFICIAL_SAME_PERIOD,SYNTHETIC_DAILY_CALIBRATED_TO_PUBLIC_ANNUAL_REFERENCE
PROD-0000664,2024-01-24,Ukwa,Madhya Pradesh,Balaghat,21.974667,80.46,256.98,255.48,0.0,0,0.0,OFFICIAL_ANNUAL_PLAN,OFFICIAL_SAME_PERIOD,SYNTHETIC_DAILY_CALIBRATED_TO_PUBLIC_ANNUAL_REFERENCE
PROD-0000665,2024-01-25,Ukwa,Madhya Pradesh,Balaghat,21.974667,80.46,319.68,306.98,0.0,80,0.0,OFFICIAL_ANNUAL_PLAN,OFFICIAL_SAME_PERIOD,SYNTHETIC_DAILY_CALIBRATED_TO_PUBLIC_ANNUAL_REFERENCE
PROD-0000666,2024-01-26,Ukwa,Madhya Pradesh,Balaghat,21.974667,80.46,311.42,306.38,1.59,0,0.0,OFFICIAL_ANNUAL_PLAN,OFFICIAL_SAME_PERIOD,SYNTHETIC_DAILY_CALIBRATED_TO_PUBLIC_ANNUAL_REFERENCE
PROD-0000667,2024-01-27,Ukwa,Madhya Pradesh,Balaghat,21.974667,80.46,257.14,260.11,1.38,0,0.0,OFFICIAL_ANNUAL_PLAN,OFFICIAL_SAME_PERIOD,SYNTHETIC_DAILY_CALIBRATED_TO_PUBLIC_ANNUAL_REFERENCE
PROD-0000668,2024-01-28,Ukwa,Madhya Pradesh,Balaghat,21.974667,80.46,315.21,322.39,3.46,0,0.0,OFFICIAL_ANNUAL_PLAN,OFFICIAL_SAME_PERIOD,SYNTHETIC_DAILY_CALIBRATED_TO_PUBLIC_ANNUAL_REFERENCE
PROD-0000669,2024-01-29,Ukwa,Madhya Pradesh,Balaghat,21.974667,80.46,319.55,329.51,0.74,0,0.0,OFFICIAL_ANNUAL_PLAN,OFFICIAL_SAME_PERIOD,SYNTHETIC_DAILY_CALIBRATED_TO_PUBLIC_ANNUAL_REFERENCE
PROD-0000670,2024-01-30,Ukwa,Madhya Pradesh,Balaghat,21.974667,80.46,361.73,377.98,0.0,0,0.0,OFFICIAL_ANNUAL_PLAN,OFFICIAL_SAME_PERIOD,SYNTHETIC_DAILY_CALIBRATED_TO_PUBLIC_ANNUAL_REFERENCE
PROD-0000671,2024-01-31,Ukwa,Madhya Pradesh,Balaghat,21.974667,80.46,297.59,294.16,2.65,0,0.0,OFFICIAL_ANNUAL_PLAN,OFFICIAL_SAME_PERIOD,SYNTHETIC_DAILY_CALIBRATED_TO_PUBLIC_ANNUAL_REFERENCE
PROD-0000672,2024-02-01,Ukwa,Madhya Pradesh,Balaghat,21.974667,80.46,306.14,310.29,0.0,0,0.0,OFFICIAL_ANNUAL_PLAN,OFFICIAL_SAME_PERIOD,SYNTHETIC_DAILY_CALIBRATED_TO_PUBLIC_ANNUAL_REFERENCE
PROD-0000673,2024-02-02,Ukwa,Madhya Pradesh,Balaghat,21.974667,80.46,323.27,330.57,2.08,0,0.0,OFFICIAL_ANNUAL_PLAN,OFFICIAL_SAME_PERIOD,SYNTHETIC_DAILY_CALIBRATED_TO_PUBLIC_ANNUAL_REFERENCE
PROD-0000674,2024-02-03,Ukwa,Madhya Pradesh,Balaghat,21.974667,80.46,362.24,369.28,2.28,0,0.0,OFFICIAL_ANNUAL_PLAN,OFFICIAL_SAME_PERIOD,SYNTHETIC_DAILY_CALIBRATED_TO_PUBLIC_ANNUAL_REFERENCE
PROD-0000675,2024-02-04,Ukwa,Madhya Pradesh,Balaghat,21.974667,80.46,314.09,327.14,0.0,0,0.0,OFFICIAL_ANNUAL_PLAN,OFFICIAL_SAME_PERIOD,SYNTHETIC_DAILY_CALIBRATED_TO_PUBLIC_ANNUAL_REFERENCE
PROD-0000676,2024-02-05,Ukwa,Madhya Pradesh,Balaghat,21.974667,80.46,307.72,296.31,4.7,0,0.0,OFFICIAL_ANNUAL_PLAN,OFFICIAL_SAME_PERIOD,SYNTHETIC_DAILY_CALIBRATED_TO_PUBLIC_ANNUAL_REFERENCE
PROD-0000677,2024-02-06,Ukwa,Madhya Pradesh,Balaghat,21.974667,80.46,310.73,320.98,0.0,27,0.0,OFFICIAL_ANNUAL_PLAN,OFFICIAL_SAME_PERIOD,SYNTHETIC_DAILY_CALIBRATED_TO_PUBLIC_ANNUAL_REFERENCE
PROD-0000678,2024-02-07,Ukwa,Madhya Pradesh,Balaghat,21.974667,80.46,299.37,317.65,0.0,16,0.0,OFFICIAL_ANNUAL_PLAN,OFFICIAL_SAME_PERIOD,SYNTHETIC_DAILY_CALIBRATED_TO_PUBLIC_ANNUAL_REFERENCE
PROD-0000679,2024-02-08,Ukwa,Madhya Pradesh,Balaghat,21.974667,80.46,308.25,316.78,0.49,0,0.0,OFFICIAL_ANNUAL_PLAN,OFFICIAL_SAME_PERIOD,SYNTHETIC_DAILY_CALIBRATED_TO_PUBLIC_ANNUAL_REFERENCE
PROD-0000680,2024-02-09,Ukwa,Madhya Pradesh,Balaghat,21.974667,80.46,324.81,333.58,0.9,0,0.0,OFFICIAL_ANNUAL_PLAN,OFFICIAL_SAME_PERIOD,SYNTHETIC_DAILY_CALIBRATED_TO_PUBLIC_ANNUAL_REFERENCE
PROD-0000681,2024-02-10,Ukwa,Madhya Pradesh,Balaghat,21.974667,80.46,306.68,314.69,0.0,0,0.0,OFFICIAL_ANNUAL_PLAN,OFFICIAL_SAME_PERIOD,SYNTHETIC_DAILY_CALIBRATED_TO_PUBLIC_ANNUAL_REFERENCE
PROD-0000682,2024-02-11,Ukwa,Madhya Pradesh,Balaghat,21.974667,80.46,314.58,297.12,6.49,0,2.62,OFFICIAL_ANNUAL_PLAN,OFFICIAL_SAME_PERIOD,SYNTHETIC_DAILY_CALIBRATED_TO_PUBLIC_ANNUAL_REFERENCE
PROD-0000683,2024-02-12,Ukwa,Madhya Pradesh,Balaghat,21.974667,80.46,284.25,285.97,0.0,0,0.0,OFFICIAL_ANNUAL_PLAN,OFFICIAL_SAME_PERIOD,SYNTHETIC_DAILY_CALIBRATED_TO_PUBLIC_ANNUAL_REFERENCE
PROD-0000684,2024-02-13,Ukwa,Madhya Pradesh,Balaghat,21.974667,80.46,320.12,334.48,0.39,0,0.0,OFFICIAL_ANNUAL_PLAN,OFFICIAL_SAME_PERIOD,SYNTHETIC_DAILY_CALIBRATED_TO_PUBLIC_ANNUAL_REFERENCE
PROD-0000685,2024-02-14,Ukwa,Madhya Pradesh,Balaghat,21.974667,80.46,300.72,308.87,0.05,0,3.43,OFFICIAL_ANNUAL_PLAN,OFFICIAL_SAME_PERIOD,SYNTHETIC_DAILY_CALIBRATED_TO_PUBLIC_ANNUAL_REFERENCE
PROD-0000686,2024-02-15,Ukwa,Madhya Pradesh,Balaghat,21.974667,80.46,356.91,359.69,0.6,44,0.0,OFFICIAL_ANNUAL_PLAN,OFFICIAL_SAME_PERIOD,SYNTHETIC_DAILY_CALIBRATED_TO_PUBLIC_ANNUAL_REFERENCE
PROD-0000687,2024-02-16,Ukwa,Madhya Pradesh,Balaghat,21.974667,80.46,299.84,282.64,2.17,22,0.0,OFFICIAL_ANNUAL_PLAN,OFFICIAL_SAME_PERIOD,SYNTHETIC_DAILY_CALIBRATED_TO_PUBLIC_ANNUAL_REFERENCE
PROD-0000688,2024-02-17,Ukwa,Madhya Pradesh,Balaghat,21.974667,80.46,311.11,319.85,0.93,0,1.17,OFFICIAL_ANNUAL_PLAN,OFFICIAL_SAME_PERIOD,SYNTHETIC_DAILY_CALIBRATED_TO_PUBLIC_ANNUAL_REFERENCE
PROD-0000689,2024-02-18,Ukwa,Madhya Pradesh,Balaghat,21.974667,80.46,293.47,308.13,0.88,0,0.0,OFFICIAL_ANNUAL_PLAN,OFFICIAL_SAME_PERIOD,SYNTHETIC_DAILY_CALIBRATED_TO_PUBLIC_ANNUAL_REFERENCE
PROD-0000690,2024-02-19,Ukwa,Madhya Pradesh,Balaghat,21.974667,80.46,326.51,337.18,1.26,0,0.0,OFFICIAL_ANNUAL_PLAN,OFFICIAL_SAME_PERIOD,SYNTHETIC_DAILY_CALIBRATED_TO_PUBLIC_ANNUAL_REFERENCE
PROD-0000691,2024-02-20,Ukwa,Madhya Pradesh,Balaghat,21.974667,80.46,315.53,311.15,2.43,0,0.0,OFFICIAL_ANNUAL_PLAN,OFFICIAL_SAME_PERIOD,SYNTHETIC_DAILY_CALIBRATED_TO_PUBLIC_ANNUAL_REFERENCE
PROD-0000692,2024-02-21,Ukwa,Madhya Pradesh,Balaghat,21.974667,80.46,309.74,316.57,0.0,0,0.0,OFFICIAL_ANNUAL_PLAN,OFFICIAL_SAME_PERIOD,SYNTHETIC_DAILY_CALIBRATED_TO_PUBLIC_ANNUAL_REFERENCE
PROD-0000693,2024-02-22,Ukwa,Madhya Pradesh,Balaghat,21.974667,80.46,316.77,328.88,0.0,0,0.0,OFFICIAL_ANNUAL_PLAN,OFFICIAL_SAME_PERIOD,SYNTHETIC_DAILY_CALIBRATED_TO_PUBLIC_ANNUAL_REFERENCE
PROD-0000694,2024-02-23,Ukwa,Madhya Pradesh,Balaghat,21.974667,80.46,290.2,278.45,0.15,54,0.0,OFFICIAL_ANNUAL_PLAN,OFFICIAL_SAME_PERIOD,SYNTHETIC_DAILY_CALIBRATED_TO_PUBLIC_ANNUAL_REFERENCE
PROD-0000695,2024-02-24,Ukwa,Madhya Pradesh,Balaghat,21.974667,80.46,286.68,269.87,3.9,0,0.0,OFFICIAL_ANNUAL_PLAN,OFFICIAL_SAME_PERIOD,SYNTHETIC_DAILY_CALIBRATED_TO_PUBLIC_ANNUAL_REFERENCE
PROD-0000696,2024-02-25,Ukwa,Madhya Pradesh,Balaghat,21.974667,80.46,309.98,314.69,0.8,0,0.0,OFFICIAL_ANNUAL_PLAN,OFFICIAL_SAME_PERIOD,SYNTHETIC_DAILY_CALIBRATED_TO_PUBLIC_ANNUAL_REFERENCE
PROD-0000697,2024-02-26,Ukwa,Madhya Pradesh,Balaghat,21.974667,80.46,292.1,292.57,1.59,39,9.11,OFFICIAL_ANNUAL_PLAN,OFFICIAL_SAME_PERIOD,SYNTHETIC_DAILY_CALIBRATED_TO_PUBLIC_ANNUAL_REFERENCE
PROD-0000698,2024-02-27,Ukwa,Madhya Pradesh,Balaghat,21.974667,80.46,285.8,299.36,0.0,0,0.0,OFFICIAL_ANNUAL_PLAN,OFFICIAL_SAME_PERIOD,SYNTHETIC_DAILY_CALIBRATED_TO_PUBLIC_ANNUAL_REFERENCE
PROD-0000699,2024-02-28,Ukwa,Madhya Pradesh,Balaghat,21.974667,80.46,322.28,297.26,7.21,54,0.0,OFFICIAL_ANNUAL_PLAN,OFFICIAL_SAME_PERIOD,SYNTHETIC_DAILY_CALIBRATED_TO_PUBLIC_ANNUAL_REFERENCE
PROD-0000700,2024-02-29,Ukwa,Madhya Pradesh,Balaghat,21.974667,80.46,322.52,327.94,2.19,0,0.0,OFFICIAL_ANNUAL_PLAN,OFFICIAL_SAME_PERIOD,SYNTHETIC_DAILY_CALIBRATED_TO_PUBLIC_ANNUAL_REFERENCE
PROD-0000701,2024-03-01,Ukwa,Madhya Pradesh,Balaghat,21.974667,80.46,327.88,332.66,0.0,0,0.0,OFFICIAL_ANNUAL_PLAN,OFFICIAL_SAME_PERIOD,SYNTHETIC_DAILY_CALIBRATED_TO_PUBLIC_ANNUAL_REFERENCE
PROD-0000702,2024-03-02,Ukwa,Madhya Pradesh,Balaghat,21.974667,80.46,269.7,278.24,0.0,0,0.0,OFFICIAL_ANNUAL_PLAN,OFFICIAL_SAME_PERIOD,SYNTHETIC_DAILY_CALIBRATED_TO_PUBLIC_ANNUAL_REFERENCE
PROD-0000703,2024-03-03,Ukwa,Madhya Pradesh,Balaghat,21.974667,80.46,281.97,290.95,0.0,0,0.0,OFFICIAL_ANNUAL_PLAN,OFFICIAL_SAME_PERIOD,SYNTHETIC_DAILY_CALIBRATED_TO_PUBLIC_ANNUAL_REFERENCE
PROD-0000704,2024-03-04,Ukwa,Madhya Pradesh,Balaghat,21.974667,80.46,299.88,297.75,1.83,0,0.0,OFFICIAL_ANNUAL_PLAN,OFFICIAL_SAME_PERIOD,SYNTHETIC_DAILY_CALIBRATED_TO_PUBLIC_ANNUAL_REFERENCE
PROD-0000705,2024-03-05,Ukwa,Madhya Pradesh,Balaghat,21.974667,80.46,316.43,316.92,0.07,0,4.92,OFFICIAL_ANNUAL_PLAN,OFFICIAL_SAME_PERIOD,SYNTHETIC_DAILY_CALIBRATED_TO_PUBLIC_ANNUAL_REFERENCE
PROD-0000706,2024-03-06,Ukwa,Madhya Pradesh,Balaghat,21.974667,80.46,309.45,321.97,0.34,0,0.0,OFFICIAL_ANNUAL_PLAN,OFFICIAL_SAME_PERIOD,SYNTHETIC_DAILY_CALIBRATED_TO_PUBLIC_ANNUAL_REFERENCE
PROD-0000707,2024-03-07,Ukwa,Madhya Pradesh,Balaghat,21.974667,80.46,306.47,315.02,0.9,41,0.0,OFFICIAL_ANNUAL_PLAN,OFFICIAL_SAME_PERIOD,SYNTHETIC_DAILY_CALIBRATED_TO_PUBLIC_ANNUAL_REFERENCE
PROD-0000708,2024-03-08,Ukwa,Madhya Pradesh,Balaghat,21.974667,80.46,311.42,318.93,1.3,0,0.0,OFFICIAL_ANNUAL_PLAN,OFFICIAL_SAME_PERIOD,SYNTHETIC_DAILY_CALIBRATED_TO_PUBLIC_ANNUAL_REFERENCE
PROD-0000709,2024-03-09,Ukwa,Madhya Pradesh,Balaghat,21.974667,80.46,318.76,314.2,3.04,0,0.0,OFFICIAL_ANNUAL_PLAN,OFFICIAL_SAME_PERIOD,SYNTHETIC_DAILY_CALIBRATED_TO_PUBLIC_ANNUAL_REFERENCE
PROD-0000710,2024-03-10,Ukwa,Madhya Pradesh,Balaghat,21.974667,80.46,359.17,351.15,1.18,0,6.27,OFFICIAL_ANNUAL_PLAN,OFFICIAL_SAME_PERIOD,SYNTHETIC_DAILY_CALIBRATED_TO_PUBLIC_ANNUAL_REFERENCE
PROD-0000711,2024-03-11,Ukwa,Madhya Pradesh,Balaghat,21.974667,80.46,309.88,315.35,2.61,22,0.0,OFFICIAL_ANNUAL_PLAN,OFFICIAL_SAME_PERIOD,SYNTHETIC_DAILY_CALIBRATED_TO_PUBLIC_ANNUAL_REFERENCE
PROD-0000712,2024-03-12,Ukwa,Madhya Pradesh,Balaghat,21.974667,80.46,302.11,304.71,0.1,0,6.6,OFFICIAL_ANNUAL_PLAN,OFFICIAL_SAME_PERIOD,SYNTHETIC_DAILY_CALIBRATED_TO_PUBLIC_ANNUAL_REFERENCE
PROD-0000713,2024-03-13,Ukwa,Madhya Pradesh,Balaghat,21.974667,80.46,290.81,300.85,1.36,0,0.0,OFFICIAL_ANNUAL_PLAN,OFFICIAL_SAME_PERIOD,SYNTHETIC_DAILY_CALIBRATED_TO_PUBLIC_ANNUAL_REFERENCE
PROD-0000714,2024-03-14,Ukwa,Madhya Pradesh,Balaghat,21.974667,80.46,291.96,302.06,0.05,0,0.0,OFFICIAL_ANNUAL_PLAN,OFFICIAL_SAME_PERIOD,SYNTHETIC_DAILY_CALIBRATED_TO_PUBLIC_ANNUAL_REFERENCE
PROD-0000715,2024-03-15,Ukwa,Madhya Pradesh,Balaghat,21.974667,80.46,320.19,324.57,0.07,0,4.78,OFFICIAL_ANNUAL_PLAN,OFFICIAL_SAME_PERIOD,SYNTHETIC_DAILY_CALIBRATED_TO_PUBLIC_ANNUAL_REFERENCE
PROD-0000716,2024-03-16,Ukwa,Madhya Pradesh,Balaghat,21.974667,80.46,310.64,312.74,0.54,0,0.0,OFFICIAL_ANNUAL_PLAN,OFFICIAL_SAME_PERIOD,SYNTHETIC_DAILY_CALIBRATED_TO_PUBLIC_ANNUAL_REFERENCE
PROD-0000717,2024-03-17,Ukwa,Madhya Pradesh,Balaghat,21.974667,80.46,296.12,289.79,0.05,0,3.35,OFFICIAL_ANNUAL_PLAN,OFFICIAL_SAME_PERIOD,SYNTHETIC_DAILY_CALIBRATED_TO_PUBLIC_ANNUAL_REFERENCE
PROD-0000718,2024-03-18,Ukwa,Madhya Pradesh,Balaghat,21.974667,80.46,319.8,309.63,2.22,0,0.0,OFFICIAL_ANNUAL_PLAN,OFFICIAL_SAME_PERIOD,SYNTHETIC_DAILY_CALIBRATED_TO_PUBLIC_ANNUAL_REFERENCE
PROD-0000719,2024-03-19,Ukwa,Madhya Pradesh,Balaghat,21.974667,80.46,324.78,320.25,3.13,0,0.0,OFFICIAL_ANNUAL_PLAN,OFFICIAL_SAME_PERIOD,SYNTHETIC_DAILY_CALIBRATED_TO_PUBLIC_ANNUAL_REFERENCE
PROD-0000720,2024-03-20,Ukwa,Madhya Pradesh,Balaghat,21.974667,80.46,336.54,340.45,2.05,22,0.0,OFFICIAL_ANNUAL_PLAN,OFFICIAL_SAME_PERIOD,SYNTHETIC_DAILY_CALIBRATED_TO_PUBLIC_ANNUAL_REFERENCE
PROD-0000721,2024-03-21,Ukwa,Madhya Pradesh,Balaghat,21.974667,80.46,327.57,336.86,0.0,0,0.0,OFFICIAL_ANNUAL_PLAN,OFFICIAL_SAME_PERIOD,SYNTHETIC_DAILY_CALIBRATED_TO_PUBLIC_ANNUAL_REFERENCE
PROD-0000722,2024-03-22,Ukwa,Madhya Pradesh,Balaghat,21.974667,80.46,331.41,331.76,0.0,0,0.0,OFFICIAL_ANNUAL_PLAN,OFFICIAL_SAME_PERIOD,SYNTHETIC_DAILY_CALIBRATED_TO_PUBLIC_ANNUAL_REFERENCE
PROD-0000723,2024-03-23,Ukwa,Madhya Pradesh,Balaghat,21.974667,80.46,320.41,282.99,8.95,0,0.0,OFFICIAL_ANNUAL_PLAN,OFFICIAL_SAME_PERIOD,SYNTHETIC_DAILY_CALIBRATED_TO_PUBLIC_ANNUAL_REFERENCE
PROD-0000724,2024-03-24,Ukwa,Madhya Pradesh,Balaghat,21.974667,80.46,297.08,304.75,0.0,0,0.0,OFFICIAL_ANNUAL_PLAN,OFFICIAL_SAME_PERIOD,SYNTHETIC_DAILY_CALIBRATED_TO_PUBLIC_ANNUAL_REFERENCE
PROD-0000725,2024-03-25,Ukwa,Madhya Pradesh,Balaghat,21.974667,80.46,308.4,285.84,1.68,0,11.39,OFFICIAL_ANNUAL_PLAN,OFFICIAL_SAME_PERIOD,SYNTHETIC_DAILY_CALIBRATED_TO_PUBLIC_ANNUAL_REFERENCE
PROD-0000726,2024-03-26,Ukwa,Madhya Pradesh,Balaghat,21.974667,80.46,318.29,321.41,0.37,0,0.0,OFFICIAL_ANNUAL_PLAN,OFFICIAL_SAME_PERIOD,SYNTHETIC_DAILY_CALIBRATED_TO_PUBLIC_ANNUAL_REFERENCE
PROD-0000727,2024-03-27,Ukwa,Madhya Pradesh,Balaghat,21.974667,80.46,312.0,320.54,0.03,54,0.0,OFFICIAL_ANNUAL_PLAN,OFFICIAL_SAME_PERIOD,SYNTHETIC_DAILY_CALIBRATED_TO_PUBLIC_ANNUAL_REFERENCE
PROD-0000728,2024-03-28,Ukwa,Madhya Pradesh,Balaghat,21.974667,80.46,301.0,302.35,0.18,0,0.0,OFFICIAL_ANNUAL_PLAN,OFFICIAL_SAME_PERIOD,SYNTHETIC_DAILY_CALIBRATED_TO_PUBLIC_ANNUAL_REFERENCE
PROD-0000729,2024-03-29,Ukwa,Madhya Pradesh,Balaghat,21.974667,80.46,350.92,338.44,1.68,0,0.0,OFFICIAL_ANNUAL_PLAN,OFFICIAL_SAME_PERIOD,SYNTHETIC_DAILY_CALIBRATED_TO_PUBLIC_ANNUAL_REFERENCE
PROD-0000730,2024-03-30,Ukwa,Madhya Pradesh,Balaghat,21.974667,80.46,300.38,312.76,0.0,0,0.0,OFFICIAL_ANNUAL_PLAN,OFFICIAL_SAME_PERIOD,SYNTHETIC_DAILY_CALIBRATED_TO_PUBLIC_ANNUAL_REFERENCE
PROD-0000731,2024-03-31,Ukwa,Madhya Pradesh,Balaghat,21.974667,80.46,297.96000000000004,301.59000000000003,1.39,0,0.0,OFFICIAL_ANNUAL_PLAN,OFFICIAL_SAME_PERIOD,SYNTHETIC_DAILY_CALIBRATED_TO_PUBLIC_ANNUAL_REFERENCE
PROD-0000732,2022-04-01,Tirodi,Madhya Pradesh,Balaghat,21.685556,79.719167,298.84,306.2,2.06,0,2.38,OFFICIAL_ANNUAL_PLAN,OFFICIAL_SAME_PERIOD,SYNTHETIC_DAILY_CALIBRATED_TO_PUBLIC_ANNUAL_REFERENCE
PROD-0000733,2022-04-02,Tirodi,Madhya Pradesh,Balaghat,21.685556,79.719167,317.25,310.2,0.0,0,0.0,OFFICIAL_ANNUAL_PLAN,OFFICIAL_SAME_PERIOD,SYNTHETIC_DAILY_CALIBRATED_TO_PUBLIC_ANNUAL_REFERENCE
PROD-0000734,2022-04-03,Tirodi,Madhya Pradesh,Balaghat,21.685556,79.719167,308.48,322.41,0.0,0,0.0,OFFICIAL_ANNUAL_PLAN,OFFICIAL_SAME_PERIOD,SYNTHETIC_DAILY_CALIBRATED_TO_PUBLIC_ANNUAL_REFERENCE
PROD-0000735,2022-04-04,Tirodi,Madhya Pradesh,Balaghat,21.685556,79.719167,315.55,335.85,0.0,0,0.0,OFFICIAL_ANNUAL_PLAN,OFFICIAL_SAME_PERIOD,SYNTHETIC_DAILY_CALIBRATED_TO_PUBLIC_ANNUAL_REFERENCE
PROD-0000736,2022-04-05,Tirodi,Madhya Pradesh,Balaghat,21.685556,79.719167,306.17,311.25,2.59,0,0.0,OFFICIAL_ANNUAL_PLAN,OFFICIAL_SAME_PERIOD,SYNTHETIC_DAILY_CALIBRATED_TO_PUBLIC_ANNUAL_REFERENCE
PROD-0000737,2022-04-06,Tirodi,Madhya Pradesh,Balaghat,21.685556,79.719167,306.83,296.86,1.05,0,0.0,OFFICIAL_ANNUAL_PLAN,OFFICIAL_SAME_PERIOD,SYNTHETIC_DAILY_CALIBRATED_TO_PUBLIC_ANNUAL_REFERENCE
PROD-0000738,2022-04-07,Tirodi,Madhya Pradesh,Balaghat,21.685556,79.719167,306.88,310.52,1.25,0,0.0,OFFICIAL_ANNUAL_PLAN,OFFICIAL_SAME_PERIOD,SYNTHETIC_DAILY_CALIBRATED_TO_PUBLIC_ANNUAL_REFERENCE
PROD-0000739,2022-04-08,Tirodi,Madhya Pradesh,Balaghat,21.685556,79.719167,324.61,316.78,4.2,27,0.0,OFFICIAL_ANNUAL_PLAN,OFFICIAL_SAME_PERIOD,SYNTHETIC_DAILY_CALIBRATED_TO_PUBLIC_ANNUAL_REFERENCE
PROD-0000740,2022-04-09,Tirodi,Madhya Pradesh,Balaghat,21.685556,79.719167,305.09,303.77,4.99,0,0.0,OFFICIAL_ANNUAL_PLAN,OFFICIAL_SAME_PERIOD,SYNTHETIC_DAILY_CALIBRATED_TO_PUBLIC_ANNUAL_REFERENCE
PROD-0000741,2022-04-10,Tirodi,Madhya Pradesh,Balaghat,21.685556,79.719167,328.39,336.36,0.0,0,0.0,OFFICIAL_ANNUAL_PLAN,OFFICIAL_SAME_PERIOD,SYNTHETIC_DAILY_CALIBRATED_TO_PUBLIC_ANNUAL_REFERENCE
PROD-0000742,2022-04-11,Tirodi,Madhya Pradesh,Balaghat,21.685556,79.719167,304.52,313.97,0.0,0,0.0,OFFICIAL_ANNUAL_PLAN,OFFICIAL_SAME_PERIOD,SYNTHETIC_DAILY_CALIBRATED_TO_PUBLIC_ANNUAL_REFERENCE
PROD-0000743,2022-04-12,Tirodi,Madhya Pradesh,Balaghat,21.685556,79.719167,263.16,266.55,0.0,0,0.0,OFFICIAL_ANNUAL_PLAN,OFFICIAL_SAME_PERIOD,SYNTHETIC_DAILY_CALIBRATED_TO_PUBLIC_ANNUAL_REFERENCE
PROD-0000744,2022-04-13,Tirodi,Madhya Pradesh,Balaghat,21.685556,79.719167,328.82,319.87,4.55,0,0.0,OFFICIAL_ANNUAL_PLAN,OFFICIAL_SAME_PERIOD,SYNTHETIC_DAILY_CALIBRATED_TO_PUBLIC_ANNUAL_REFERENCE
PROD-0000745,2022-04-14,Tirodi,Madhya Pradesh,Balaghat,21.685556,79.719167,305.69,312.86,0.0,0,0.0,OFFICIAL_ANNUAL_PLAN,OFFICIAL_SAME_PERIOD,SYNTHETIC_DAILY_CALIBRATED_TO_PUBLIC_ANNUAL_REFERENCE
PROD-0000746,2022-04-15,Tirodi,Madhya Pradesh,Balaghat,21.685556,79.719167,316.72,316.83,0.65,0,0.75,OFFICIAL_ANNUAL_PLAN,OFFICIAL_SAME_PERIOD,SYNTHETIC_DAILY_CALIBRATED_TO_PUBLIC_ANNUAL_REFERENCE
PROD-0000747,2022-04-16,Tirodi,Madhya Pradesh,Balaghat,21.685556,79.719167,320.03,321.2,0.09,0,6.24,OFFICIAL_ANNUAL_PLAN,OFFICIAL_SAME_PERIOD,SYNTHETIC_DAILY_CALIBRATED_TO_PUBLIC_ANNUAL_REFERENCE
PROD-0000748,2022-04-17,Tirodi,Madhya Pradesh,Balaghat,21.685556,79.719167,332.08,346.72,0.17,59,0.0,OFFICIAL_ANNUAL_PLAN,OFFICIAL_SAME_PERIOD,SYNTHETIC_DAILY_CALIBRATED_TO_PUBLIC_ANNUAL_REFERENCE
PROD-0000749,2022-04-18,Tirodi,Madhya Pradesh,Balaghat,21.685556,79.719167,335.23,343.4,0.0,0,0.0,OFFICIAL_ANNUAL_PLAN,OFFICIAL_SAME_PERIOD,SYNTHETIC_DAILY_CALIBRATED_TO_PUBLIC_ANNUAL_REFERENCE
PROD-0000750,2022-04-19,Tirodi,Madhya Pradesh,Balaghat,21.685556,79.719167,309.54,288.84,7.65,0,0.0,OFFICIAL_ANNUAL_PLAN,OFFICIAL_SAME_PERIOD,SYNTHETIC_DAILY_CALIBRATED_TO_PUBLIC_ANNUAL_REFERENCE
PROD-0000751,2022-04-20,Tirodi,Madhya Pradesh,Balaghat,21.685556,79.719167,289.22,272.52,5.55,0,0.0,OFFICIAL_ANNUAL_PLAN,OFFICIAL_SAME_PERIOD,SYNTHETIC_DAILY_CALIBRATED_TO_PUBLIC_ANNUAL_REFERENCE
PROD-0000752,2022-04-21,Tirodi,Madhya Pradesh,Balaghat,21.685556,79.719167,290.96,277.87,3.28,0,13.45,OFFICIAL_ANNUAL_PLAN,OFFICIAL_SAME_PERIOD,SYNTHETIC_DAILY_CALIBRATED_TO_PUBLIC_ANNUAL_REFERENCE
PROD-0000753,2022-04-22,Tirodi,Madhya Pradesh,Balaghat,21.685556,79.719167,294.7,296.52,1.86,0,2.8,OFFICIAL_ANNUAL_PLAN,OFFICIAL_SAME_PERIOD,SYNTHETIC_DAILY_CALIBRATED_TO_PUBLIC_ANNUAL_REFERENCE
PROD-0000754,2022-04-23,Tirodi,Madhya Pradesh,Balaghat,21.685556,79.719167,342.42,328.08,0.92,48,0.0,OFFICIAL_ANNUAL_PLAN,OFFICIAL_SAME_PERIOD,SYNTHETIC_DAILY_CALIBRATED_TO_PUBLIC_ANNUAL_REFERENCE
PROD-0000755,2022-04-24,Tirodi,Madhya Pradesh,Balaghat,21.685556,79.719167,238.8,240.2,0.0,0,0.09,OFFICIAL_ANNUAL_PLAN,OFFICIAL_SAME_PERIOD,SYNTHETIC_DAILY_CALIBRATED_TO_PUBLIC_ANNUAL_REFERENCE
PROD-0000756,2022-04-25,Tirodi,Madhya Pradesh,Balaghat,21.685556,79.719167,265.37,270.85,0.0,0,0.0,OFFICIAL_ANNUAL_PLAN,OFFICIAL_SAME_PERIOD,SYNTHETIC_DAILY_CALIBRATED_TO_PUBLIC_ANNUAL_REFERENCE
PROD-0000757,2022-04-26,Tirodi,Madhya Pradesh,Balaghat,21.685556,79.719167,312.47,330.42,0.0,0,0.0,OFFICIAL_ANNUAL_PLAN,OFFICIAL_SAME_PERIOD,SYNTHETIC_DAILY_CALIBRATED_TO_PUBLIC_ANNUAL_REFERENCE
PROD-0000758,2022-04-27,Tirodi,Madhya Pradesh,Balaghat,21.685556,79.719167,342.84,324.7,2.46,0,0.0,OFFICIAL_ANNUAL_PLAN,OFFICIAL_SAME_PERIOD,SYNTHETIC_DAILY_CALIBRATED_TO_PUBLIC_ANNUAL_REFERENCE
PROD-0000759,2022-04-28,Tirodi,Madhya Pradesh,Balaghat,21.685556,79.719167,286.03,287.61,1.36,0,0.0,OFFICIAL_ANNUAL_PLAN,OFFICIAL_SAME_PERIOD,SYNTHETIC_DAILY_CALIBRATED_TO_PUBLIC_ANNUAL_REFERENCE
PROD-0000760,2022-04-29,Tirodi,Madhya Pradesh,Balaghat,21.685556,79.719167,270.38,272.1,1.99,0,6.45,OFFICIAL_ANNUAL_PLAN,OFFICIAL_SAME_PERIOD,SYNTHETIC_DAILY_CALIBRATED_TO_PUBLIC_ANNUAL_REFERENCE
PROD-0000761,2022-04-30,Tirodi,Madhya Pradesh,Balaghat,21.685556,79.719167,303.24,306.02,0.31,0,0.0,OFFICIAL_ANNUAL_PLAN,OFFICIAL_SAME_PERIOD,SYNTHETIC_DAILY_CALIBRATED_TO_PUBLIC_ANNUAL_REFERENCE
PROD-0000762,2022-05-01,Tirodi,Madhya Pradesh,Balaghat,21.685556,79.719167,297.24,287.55,1.69,38,0.0,OFFICIAL_ANNUAL_PLAN,OFFICIAL_SAME_PERIOD,SYNTHETIC_DAILY_CALIBRATED_TO_PUBLIC_ANNUAL_REFERENCE
PROD-0000763,2022-05-02,Tirodi,Madhya Pradesh,Balaghat,21.685556,79.719167,284.8,288.64,2.13,0,0.0,OFFICIAL_ANNUAL_PLAN,OFFICIAL_SAME_PERIOD,SYNTHETIC_DAILY_CALIBRATED_TO_PUBLIC_ANNUAL_REFERENCE
PROD-0000764,2022-05-03,Tirodi,Madhya Pradesh,Balaghat,21.685556,79.719167,278.23,287.58,0.0,19,0.0,OFFICIAL_ANNUAL_PLAN,OFFICIAL_SAME_PERIOD,SYNTHETIC_DAILY_CALIBRATED_TO_PUBLIC_ANNUAL_REFERENCE
PROD-0000765,2022-05-04,Tirodi,Madhya Pradesh,Balaghat,21.685556,79.719167,291.47,283.24,2.09,0,5.79,OFFICIAL_ANNUAL_PLAN,OFFICIAL_SAME_PERIOD,SYNTHETIC_DAILY_CALIBRATED_TO_PUBLIC_ANNUAL_REFERENCE
PROD-0000766,2022-05-05,Tirodi,Madhya Pradesh,Balaghat,21.685556,79.719167,293.41,298.52,0.0,0,0.0,OFFICIAL_ANNUAL_PLAN,OFFICIAL_SAME_PERIOD,SYNTHETIC_DAILY_CALIBRATED_TO_PUBLIC_ANNUAL_REFERENCE
PROD-0000767,2022-05-06,Tirodi,Madhya Pradesh,Balaghat,21.685556,79.719167,266.45,279.77,2.33,0,0.0,OFFICIAL_ANNUAL_PLAN,OFFICIAL_SAME_PERIOD,SYNTHETIC_DAILY_CALIBRATED_TO_PUBLIC_ANNUAL_REFERENCE
PROD-0000768,2022-05-07,Tirodi,Madhya Pradesh,Balaghat,21.685556,79.719167,292.46,316.16,0.52,0,0.0,OFFICIAL_ANNUAL_PLAN,OFFICIAL_SAME_PERIOD,SYNTHETIC_DAILY_CALIBRATED_TO_PUBLIC_ANNUAL_REFERENCE
PROD-0000769,2022-05-08,Tirodi,Madhya Pradesh,Balaghat,21.685556,79.719167,299.17,294.63,2.7,0,0.0,OFFICIAL_ANNUAL_PLAN,OFFICIAL_SAME_PERIOD,SYNTHETIC_DAILY_CALIBRATED_TO_PUBLIC_ANNUAL_REFERENCE
PROD-0000770,2022-05-09,Tirodi,Madhya Pradesh,Balaghat,21.685556,79.719167,288.51,298.94,1.75,0,0.0,OFFICIAL_ANNUAL_PLAN,OFFICIAL_SAME_PERIOD,SYNTHETIC_DAILY_CALIBRATED_TO_PUBLIC_ANNUAL_REFERENCE
PROD-0000771,2022-05-10,Tirodi,Madhya Pradesh,Balaghat,21.685556,79.719167,303.54,310.4,0.0,0,0.0,OFFICIAL_ANNUAL_PLAN,OFFICIAL_SAME_PERIOD,SYNTHETIC_DAILY_CALIBRATED_TO_PUBLIC_ANNUAL_REFERENCE
PROD-0000772,2022-05-11,Tirodi,Madhya Pradesh,Balaghat,21.685556,79.719167,269.88,270.34,1.75,0,0.0,OFFICIAL_ANNUAL_PLAN,OFFICIAL_SAME_PERIOD,SYNTHETIC_DAILY_CALIBRATED_TO_PUBLIC_ANNUAL_REFERENCE
PROD-0000773,2022-05-12,Tirodi,Madhya Pradesh,Balaghat,21.685556,79.719167,308.12,298.52,4.85,0,0.0,OFFICIAL_ANNUAL_PLAN,OFFICIAL_SAME_PERIOD,SYNTHETIC_DAILY_CALIBRATED_TO_PUBLIC_ANNUAL_REFERENCE
PROD-0000774,2022-05-13,Tirodi,Madhya Pradesh,Balaghat,21.685556,79.719167,292.57,296.07,0.0,0,0.0,OFFICIAL_ANNUAL_PLAN,OFFICIAL_SAME_PERIOD,SYNTHETIC_DAILY_CALIBRATED_TO_PUBLIC_ANNUAL_REFERENCE
PROD-0000775,2022-05-14,Tirodi,Madhya Pradesh,Balaghat,21.685556,79.719167,283.06,278.24,2.67,0,0.0,OFFICIAL_ANNUAL_PLAN,OFFICIAL_SAME_PERIOD,SYNTHETIC_DAILY_CALIBRATED_TO_PUBLIC_ANNUAL_REFERENCE
PROD-0000776,2022-05-15,Tirodi,Madhya Pradesh,Balaghat,21.685556,79.719167,285.08,287.43,0.14,0,0.0,OFFICIAL_ANNUAL_PLAN,OFFICIAL_SAME_PERIOD,SYNTHETIC_DAILY_CALIBRATED_TO_PUBLIC_ANNUAL_REFERENCE
PROD-0000777,2022-05-16,Tirodi,Madhya Pradesh,Balaghat,21.685556,79.719167,276.57,272.61,4.26,0,0.0,OFFICIAL_ANNUAL_PLAN,OFFICIAL_SAME_PERIOD,SYNTHETIC_DAILY_CALIBRATED_TO_PUBLIC_ANNUAL_REFERENCE
PROD-0000778,2022-05-17,Tirodi,Madhya Pradesh,Balaghat,21.685556,79.719167,316.04,310.17,1.86,0,35.44,OFFICIAL_ANNUAL_PLAN,OFFICIAL_SAME_PERIOD,SYNTHETIC_DAILY_CALIBRATED_TO_PUBLIC_ANNUAL_REFERENCE
PROD-0000779,2022-05-18,Tirodi,Madhya Pradesh,Balaghat,21.685556,79.719167,293.05,288.0,1.85,0,0.0,OFFICIAL_ANNUAL_PLAN,OFFICIAL_SAME_PERIOD,SYNTHETIC_DAILY_CALIBRATED_TO_PUBLIC_ANNUAL_REFERENCE
PROD-0000780,2022-05-19,Tirodi,Madhya Pradesh,Balaghat,21.685556,79.719167,339.79,338.97,0.0,0,0.0,OFFICIAL_ANNUAL_PLAN,OFFICIAL_SAME_PERIOD,SYNTHETIC_DAILY_CALIBRATED_TO_PUBLIC_ANNUAL_REFERENCE
PROD-0000781,2022-05-20,Tirodi,Madhya Pradesh,Balaghat,21.685556,79.719167,297.3,299.78,1.29,0,0.0,OFFICIAL_ANNUAL_PLAN,OFFICIAL_SAME_PERIOD,SYNTHETIC_DAILY_CALIBRATED_TO_PUBLIC_ANNUAL_REFERENCE
PROD-0000782,2022-05-21,Tirodi,Madhya Pradesh,Balaghat,21.685556,79.719167,287.05,297.91,3.64,0,26.11,OFFICIAL_ANNUAL_PLAN,OFFICIAL_SAME_PERIOD,SYNTHETIC_DAILY_CALIBRATED_TO_PUBLIC_ANNUAL_REFERENCE
PROD-0000783,2022-05-22,Tirodi,Madhya Pradesh,Balaghat,21.685556,79.719167,319.44,312.63,1.07,0,0.0,OFFICIAL_ANNUAL_PLAN,OFFICIAL_SAME_PERIOD,SYNTHETIC_DAILY_CALIBRATED_TO_PUBLIC_ANNUAL_REFERENCE
PROD-0000784,2022-05-23,Tirodi,Madhya Pradesh,Balaghat,21.685556,79.719167,318.96,308.59,0.96,0,22.87,OFFICIAL_ANNUAL_PLAN,OFFICIAL_SAME_PERIOD,SYNTHETIC_DAILY_CALIBRATED_TO_PUBLIC_ANNUAL_REFERENCE
PROD-0000785,2022-05-24,Tirodi,Madhya Pradesh,Balaghat,21.685556,79.719167,303.88,302.53,0.0,0,0.0,OFFICIAL_ANNUAL_PLAN,OFFICIAL_SAME_PERIOD,SYNTHETIC_DAILY_CALIBRATED_TO_PUBLIC_ANNUAL_REFERENCE
PROD-0000786,2022-05-25,Tirodi,Madhya Pradesh,Balaghat,21.685556,79.719167,270.97,285.0,0.0,0,0.0,OFFICIAL_ANNUAL_PLAN,OFFICIAL_SAME_PERIOD,SYNTHETIC_DAILY_CALIBRATED_TO_PUBLIC_ANNUAL_REFERENCE
PROD-0000787,2022-05-26,Tirodi,Madhya Pradesh,Balaghat,21.685556,79.719167,302.34,302.41,0.23,0,15.52,OFFICIAL_ANNUAL_PLAN,OFFICIAL_SAME_PERIOD,SYNTHETIC_DAILY_CALIBRATED_TO_PUBLIC_ANNUAL_REFERENCE
PROD-0000788,2022-05-27,Tirodi,Madhya Pradesh,Balaghat,21.685556,79.719167,299.39,295.89,0.0,0,0.0,OFFICIAL_ANNUAL_PLAN,OFFICIAL_SAME_PERIOD,SYNTHETIC_DAILY_CALIBRATED_TO_PUBLIC_ANNUAL_REFERENCE
PROD-0000789,2022-05-28,Tirodi,Madhya Pradesh,Balaghat,21.685556,79.719167,291.33,301.8,0.29,0,0.0,OFFICIAL_ANNUAL_PLAN,OFFICIAL_SAME_PERIOD,SYNTHETIC_DAILY_CALIBRATED_TO_PUBLIC_ANNUAL_REFERENCE
PROD-0000790,2022-05-29,Tirodi,Madhya Pradesh,Balaghat,21.685556,79.719167,299.67,290.81,0.0,90,0.0,OFFICIAL_ANNUAL_PLAN,OFFICIAL_SAME_PERIOD,SYNTHETIC_DAILY_CALIBRATED_TO_PUBLIC_ANNUAL_REFERENCE
PROD-0000791,2022-05-30,Tirodi,Madhya Pradesh,Balaghat,21.685556,79.719167,276.36,282.85,0.0,0,0.0,OFFICIAL_ANNUAL_PLAN,OFFICIAL_SAME_PERIOD,SYNTHETIC_DAILY_CALIBRATED_TO_PUBLIC_ANNUAL_REFERENCE
PROD-0000792,2022-05-31,Tirodi,Madhya Pradesh,Balaghat,21.685556,79.719167,282.66,272.42,2.38,0,16.06,OFFICIAL_ANNUAL_PLAN,OFFICIAL_SAME_PERIOD,SYNTHETIC_DAILY_CALIBRATED_TO_PUBLIC_ANNUAL_REFERENCE
PROD-0000793,2022-06-01,Tirodi,Madhya Pradesh,Balaghat,21.685556,79.719167,332.72,329.74,1.56,0,0.0,OFFICIAL_ANNUAL_PLAN,OFFICIAL_SAME_PERIOD,SYNTHETIC_DAILY_CALIBRATED_TO_PUBLIC_ANNUAL_REFERENCE
PROD-0000794,2022-06-02,Tirodi,Madhya Pradesh,Balaghat,21.685556,79.719167,331.37,324.59,2.17,0,0.0,OFFICIAL_ANNUAL_PLAN,OFFICIAL_SAME_PERIOD,SYNTHETIC_DAILY_CALIBRATED_TO_PUBLIC_ANNUAL_REFERENCE
PROD-0000795,2022-06-03,Tirodi,Madhya Pradesh,Balaghat,21.685556,79.719167,295.55,291.16,3.04,0,23.01,OFFICIAL_ANNUAL_PLAN,OFFICIAL_SAME_PERIOD,SYNTHETIC_DAILY_CALIBRATED_TO_PUBLIC_ANNUAL_REFERENCE
PROD-0000796,2022-06-04,Tirodi,Madhya Pradesh,Balaghat,21.685556,79.719167,268.62,265.14,0.13,15,8.88,OFFICIAL_ANNUAL_PLAN,OFFICIAL_SAME_PERIOD,SYNTHETIC_DAILY_CALIBRATED_TO_PUBLIC_ANNUAL_REFERENCE
PROD-0000797,2022-06-05,Tirodi,Madhya Pradesh,Balaghat,21.685556,79.719167,300.87,305.71,0.0,0,0.0,OFFICIAL_ANNUAL_PLAN,OFFICIAL_SAME_PERIOD,SYNTHETIC_DAILY_CALIBRATED_TO_PUBLIC_ANNUAL_REFERENCE
PROD-0000798,2022-06-06,Tirodi,Madhya Pradesh,Balaghat,21.685556,79.719167,298.4,290.77,1.83,0,12.9,OFFICIAL_ANNUAL_PLAN,OFFICIAL_SAME_PERIOD,SYNTHETIC_DAILY_CALIBRATED_TO_PUBLIC_ANNUAL_REFERENCE
PROD-0000799,2022-06-07,Tirodi,Madhya Pradesh,Balaghat,21.685556,79.719167,267.98,253.55,5.48,8,0.0,OFFICIAL_ANNUAL_PLAN,OFFICIAL_SAME_PERIOD,SYNTHETIC_DAILY_CALIBRATED_TO_PUBLIC_ANNUAL_REFERENCE
PROD-0000800,2022-06-08,Tirodi,Madhya Pradesh,Balaghat,21.685556,79.719167,322.62,322.64,0.08,48,5.31,OFFICIAL_ANNUAL_PLAN,OFFICIAL_SAME_PERIOD,SYNTHETIC_DAILY_CALIBRATED_TO_PUBLIC_ANNUAL_REFERENCE
PROD-0000801,2022-06-09,Tirodi,Madhya Pradesh,Balaghat,21.685556,79.719167,291.97,296.1,3.66,0,10.58,OFFICIAL_ANNUAL_PLAN,OFFICIAL_SAME_PERIOD,SYNTHETIC_DAILY_CALIBRATED_TO_PUBLIC_ANNUAL_REFERENCE
PROD-0000802,2022-06-10,Tirodi,Madhya Pradesh,Balaghat,21.685556,79.719167,322.6,321.89,0.4,0,26.8,OFFICIAL_ANNUAL_PLAN,OFFICIAL_SAME_PERIOD,SYNTHETIC_DAILY_CALIBRATED_TO_PUBLIC_ANNUAL_REFERENCE
PROD-0000803,2022-06-11,Tirodi,Madhya Pradesh,Balaghat,21.685556,79.719167,278.91,270.16,3.87,0,58.87,OFFICIAL_ANNUAL_PLAN,OFFICIAL_SAME_PERIOD,SYNTHETIC_DAILY_CALIBRATED_TO_PUBLIC_ANNUAL_REFERENCE
PROD-0000804,2022-06-12,Tirodi,Madhya Pradesh,Balaghat,21.685556,79.719167,308.96,292.56,0.24,12,15.77,OFFICIAL_ANNUAL_PLAN,OFFICIAL_SAME_PERIOD,SYNTHETIC_DAILY_CALIBRATED_TO_PUBLIC_ANNUAL_REFERENCE
PROD-0000805,2022-06-13,Tirodi,Madhya Pradesh,Balaghat,21.685556,79.719167,277.18,258.45,3.71,0,61.27,OFFICIAL_ANNUAL_PLAN,OFFICIAL_SAME_PERIOD,SYNTHETIC_DAILY_CALIBRATED_TO_PUBLIC_ANNUAL_REFERENCE
PROD-0000806,2022-06-14,Tirodi,Madhya Pradesh,Balaghat,21.685556,79.719167,282.48,285.15,0.21,0,14.33,OFFICIAL_ANNUAL_PLAN,OFFICIAL_SAME_PERIOD,SYNTHETIC_DAILY_CALIBRATED_TO_PUBLIC_ANNUAL_REFERENCE
PROD-0000807,2022-06-15,Tirodi,Madhya Pradesh,Balaghat,21.685556,79.719167,280.92,265.33,4.89,0,25.18,OFFICIAL_ANNUAL_PLAN,OFFICIAL_SAME_PERIOD,SYNTHETIC_DAILY_CALIBRATED_TO_PUBLIC_ANNUAL_REFERENCE
PROD-0000808,2022-06-16,Tirodi,Madhya Pradesh,Balaghat,21.685556,79.719167,315.43,316.66,0.18,0,12.27,OFFICIAL_ANNUAL_PLAN,OFFICIAL_SAME_PERIOD,SYNTHETIC_DAILY_CALIBRATED_TO_PUBLIC_ANNUAL_REFERENCE
PROD-0000809,2022-06-17,Tirodi,Madhya Pradesh,Balaghat,21.685556,79.719167,305.48,317.92,0.0,0,0.0,OFFICIAL_ANNUAL_PLAN,OFFICIAL_SAME_PERIOD,SYNTHETIC_DAILY_CALIBRATED_TO_PUBLIC_ANNUAL_REFERENCE
PROD-0000810,2022-06-18,Tirodi,Madhya Pradesh,Balaghat,21.685556,79.719167,317.17,319.66,0.49,0,0.0,OFFICIAL_ANNUAL_PLAN,OFFICIAL_SAME_PERIOD,SYNTHETIC_DAILY_CALIBRATED_TO_PUBLIC_ANNUAL_REFERENCE
PROD-0000811,2022-06-19,Tirodi,Madhya Pradesh,Balaghat,21.685556,79.719167,284.37,297.68,1.34,0,0.0,OFFICIAL_ANNUAL_PLAN,OFFICIAL_SAME_PERIOD,SYNTHETIC_DAILY_CALIBRATED_TO_PUBLIC_ANNUAL_REFERENCE
PROD-0000812,2022-06-20,Tirodi,Madhya Pradesh,Balaghat,21.685556,79.719167,285.12,274.57,7.0,27,23.74,OFFICIAL_ANNUAL_PLAN,OFFICIAL_SAME_PERIOD,SYNTHETIC_DAILY_CALIBRATED_TO_PUBLIC_ANNUAL_REFERENCE
PROD-0000813,2022-06-21,Tirodi,Madhya Pradesh,Balaghat,21.685556,79.719167,312.94,313.81,2.45,0,0.0,OFFICIAL_ANNUAL_PLAN,OFFICIAL_SAME_PERIOD,SYNTHETIC_DAILY_CALIBRATED_TO_PUBLIC_ANNUAL_REFERENCE
PROD-0000814,2022-06-22,Tirodi,Madhya Pradesh,Balaghat,21.685556,79.719167,286.52,291.74,0.97,90,4.83,OFFICIAL_ANNUAL_PLAN,OFFICIAL_SAME_PERIOD,SYNTHETIC_DAILY_CALIBRATED_TO_PUBLIC_ANNUAL_REFERENCE
PROD-0000815,2022-06-23,Tirodi,Madhya Pradesh,Balaghat,21.685556,79.719167,315.29,310.43,0.46,0,30.7,OFFICIAL_ANNUAL_PLAN,OFFICIAL_SAME_PERIOD,SYNTHETIC_DAILY_CALIBRATED_TO_PUBLIC_ANNUAL_REFERENCE
PROD-0000816,2022-06-24,Tirodi,Madhya Pradesh,Balaghat,21.685556,79.719167,262.49,257.03,3.94,16,0.0,OFFICIAL_ANNUAL_PLAN,OFFICIAL_SAME_PERIOD,SYNTHETIC_DAILY_CALIBRATED_TO_PUBLIC_ANNUAL_REFERENCE
PROD-0000817,2022-06-25,Tirodi,Madhya Pradesh,Balaghat,21.685556,79.719167,271.82,259.82,2.24,37,36.76,OFFICIAL_ANNUAL_PLAN,OFFICIAL_SAME_PERIOD,SYNTHETIC_DAILY_CALIBRATED_TO_PUBLIC_ANNUAL_REFERENCE
PROD-0000818,2022-06-26,Tirodi,Madhya Pradesh,Balaghat,21.685556,79.719167,288.85,294.41,0.0,0,0.0,OFFICIAL_ANNUAL_PLAN,OFFICIAL_SAME_PERIOD,SYNTHETIC_DAILY_CALIBRATED_TO_PUBLIC_ANNUAL_REFERENCE
PROD-0000819,2022-06-27,Tirodi,Madhya Pradesh,Balaghat,21.685556,79.719167,299.25,304.16,0.2,0,6.28,OFFICIAL_ANNUAL_PLAN,OFFICIAL_SAME_PERIOD,SYNTHETIC_DAILY_CALIBRATED_TO_PUBLIC_ANNUAL_REFERENCE
PROD-0000820,2022-06-28,Tirodi,Madhya Pradesh,Balaghat,21.685556,79.719167,285.55,290.26,0.62,0,0.0,OFFICIAL_ANNUAL_PLAN,OFFICIAL_SAME_PERIOD,SYNTHETIC_DAILY_CALIBRATED_TO_PUBLIC_ANNUAL_REFERENCE
PROD-0000821,2022-06-29,Tirodi,Madhya Pradesh,Balaghat,21.685556,79.719167,298.62,288.42,3.98,0,12.84,OFFICIAL_ANNUAL_PLAN,OFFICIAL_SAME_PERIOD,SYNTHETIC_DAILY_CALIBRATED_TO_PUBLIC_ANNUAL_REFERENCE
PROD-0000822,2022-06-30,Tirodi,Madhya Pradesh,Balaghat,21.685556,79.719167,268.89,271.6,1.22,0,0.0,OFFICIAL_ANNUAL_PLAN,OFFICIAL_SAME_PERIOD,SYNTHETIC_DAILY_CALIBRATED_TO_PUBLIC_ANNUAL_REFERENCE
PROD-0000823,2022-07-01,Tirodi,Madhya Pradesh,Balaghat,21.685556,79.719167,297.75,304.87,0.69,0,0.0,OFFICIAL_ANNUAL_PLAN,OFFICIAL_SAME_PERIOD,SYNTHETIC_DAILY_CALIBRATED_TO_PUBLIC_ANNUAL_REFERENCE
PROD-0000824,2022-07-02,Tirodi,Madhya Pradesh,Balaghat,21.685556,79.719167,305.92,308.47,3.67,0,14.75,OFFICIAL_ANNUAL_PLAN,OFFICIAL_SAME_PERIOD,SYNTHETIC_DAILY_CALIBRATED_TO_PUBLIC_ANNUAL_REFERENCE
PROD-0000825,2022-07-03,Tirodi,Madhya Pradesh,Balaghat,21.685556,79.719167,328.05,316.98,3.36,0,14.67,OFFICIAL_ANNUAL_PLAN,OFFICIAL_SAME_PERIOD,SYNTHETIC_DAILY_CALIBRATED_TO_PUBLIC_ANNUAL_REFERENCE
PROD-0000826,2022-07-04,Tirodi,Madhya Pradesh,Balaghat,21.685556,79.719167,256.37,258.02,1.02,29,1.02,OFFICIAL_ANNUAL_PLAN,OFFICIAL_SAME_PERIOD,SYNTHETIC_DAILY_CALIBRATED_TO_PUBLIC_ANNUAL_REFERENCE
PROD-0000827,2022-07-05,Tirodi,Madhya Pradesh,Balaghat,21.685556,79.719167,293.21,293.46,1.12,0,19.86,OFFICIAL_ANNUAL_PLAN,OFFICIAL_SAME_PERIOD,SYNTHETIC_DAILY_CALIBRATED_TO_PUBLIC_ANNUAL_REFERENCE
PROD-0000828,2022-07-06,Tirodi,Madhya Pradesh,Balaghat,21.685556,79.719167,260.0,259.54,1.8,0,18.39,OFFICIAL_ANNUAL_PLAN,OFFICIAL_SAME_PERIOD,SYNTHETIC_DAILY_CALIBRATED_TO_PUBLIC_ANNUAL_REFERENCE
PROD-0000829,2022-07-07,Tirodi,Madhya Pradesh,Balaghat,21.685556,79.719167,311.69,296.25,0.9,95,59.78,OFFICIAL_ANNUAL_PLAN,OFFICIAL_SAME_PERIOD,SYNTHETIC_DAILY_CALIBRATED_TO_PUBLIC_ANNUAL_REFERENCE
PROD-0000830,2022-07-08,Tirodi,Madhya Pradesh,Balaghat,21.685556,79.719167,301.0,300.96,0.45,13,0.0,OFFICIAL_ANNUAL_PLAN,OFFICIAL_SAME_PERIOD,SYNTHETIC_DAILY_CALIBRATED_TO_PUBLIC_ANNUAL_REFERENCE
PROD-0000831,2022-07-09,Tirodi,Madhya Pradesh,Balaghat,21.685556,79.719167,332.9,319.82,0.0,0,0.0,OFFICIAL_ANNUAL_PLAN,OFFICIAL_SAME_PERIOD,SYNTHETIC_DAILY_CALIBRATED_TO_PUBLIC_ANNUAL_REFERENCE
PROD-0000832,2022-07-10,Tirodi,Madhya Pradesh,Balaghat,21.685556,79.719167,293.93,299.46,0.75,0,12.46,OFFICIAL_ANNUAL_PLAN,OFFICIAL_SAME_PERIOD,SYNTHETIC_DAILY_CALIBRATED_TO_PUBLIC_ANNUAL_REFERENCE
PROD-0000833,2022-07-11,Tirodi,Madhya Pradesh,Balaghat,21.685556,79.719167,303.7,290.59,0.39,0,26.14,OFFICIAL_ANNUAL_PLAN,OFFICIAL_SAME_PERIOD,SYNTHETIC_DAILY_CALIBRATED_TO_PUBLIC_ANNUAL_REFERENCE
PROD-0000834,2022-07-12,Tirodi,Madhya Pradesh,Balaghat,21.685556,79.719167,299.91,270.11,2.7,0,23.5,OFFICIAL_ANNUAL_PLAN,OFFICIAL_SAME_PERIOD,SYNTHETIC_DAILY_CALIBRATED_TO_PUBLIC_ANNUAL_REFERENCE
PROD-0000835,2022-07-13,Tirodi,Madhya Pradesh,Balaghat,21.685556,79.719167,308.71,303.52,2.48,0,19.38,OFFICIAL_ANNUAL_PLAN,OFFICIAL_SAME_PERIOD,SYNTHETIC_DAILY_CALIBRATED_TO_PUBLIC_ANNUAL_REFERENCE
PROD-0000836,2022-07-14,Tirodi,Madhya Pradesh,Balaghat,21.685556,79.719167,270.69,266.56,0.13,0,8.67,OFFICIAL_ANNUAL_PLAN,OFFICIAL_SAME_PERIOD,SYNTHETIC_DAILY_CALIBRATED_TO_PUBLIC_ANNUAL_REFERENCE
PROD-0000837,2022-07-15,Tirodi,Madhya Pradesh,Balaghat,21.685556,79.719167,305.69,309.5,1.59,27,28.87,OFFICIAL_ANNUAL_PLAN,OFFICIAL_SAME_PERIOD,SYNTHETIC_DAILY_CALIBRATED_TO_PUBLIC_ANNUAL_REFERENCE
PROD-0000838,2022-07-16,Tirodi,Madhya Pradesh,Balaghat,21.685556,79.719167,322.21,326.76,0.78,47,36.86,OFFICIAL_ANNUAL_PLAN,OFFICIAL_SAME_PERIOD,SYNTHETIC_DAILY_CALIBRATED_TO_PUBLIC_ANNUAL_REFERENCE
PROD-0000839,2022-07-17,Tirodi,Madhya Pradesh,Balaghat,21.685556,79.719167,318.04,321.56,1.34,0,0.0,OFFICIAL_ANNUAL_PLAN,OFFICIAL_SAME_PERIOD,SYNTHETIC_DAILY_CALIBRATED_TO_PUBLIC_ANNUAL_REFERENCE
PROD-0000840,2022-07-18,Tirodi,Madhya Pradesh,Balaghat,21.685556,79.719167,308.99,316.72,0.24,0,16.01,OFFICIAL_ANNUAL_PLAN,OFFICIAL_SAME_PERIOD,SYNTHETIC_DAILY_CALIBRATED_TO_PUBLIC_ANNUAL_REFERENCE
PROD-0000841,2022-07-19,Tirodi,Madhya Pradesh,Balaghat,21.685556,79.719167,317.02,310.72,0.19,59,12.45,OFFICIAL_ANNUAL_PLAN,OFFICIAL_SAME_PERIOD,SYNTHETIC_DAILY_CALIBRATED_TO_PUBLIC_ANNUAL_REFERENCE
PROD-0000842,2022-07-20,Tirodi,Madhya Pradesh,Balaghat,21.685556,79.719167,321.38,327.27,0.7,0,0.0,OFFICIAL_ANNUAL_PLAN,OFFICIAL_SAME_PERIOD,SYNTHETIC_DAILY_CALIBRATED_TO_PUBLIC_ANNUAL_REFERENCE
PROD-0000843,2022-07-21,Tirodi,Madhya Pradesh,Balaghat,21.685556,79.719167,351.65,328.58,6.42,31,9.05,OFFICIAL_ANNUAL_PLAN,OFFICIAL_SAME_PERIOD,SYNTHETIC_DAILY_CALIBRATED_TO_PUBLIC_ANNUAL_REFERENCE
PROD-0000844,2022-07-22,Tirodi,Madhya Pradesh,Balaghat,21.685556,79.719167,307.95,309.39,1.52,0,0.0,OFFICIAL_ANNUAL_PLAN,OFFICIAL_SAME_PERIOD,SYNTHETIC_DAILY_CALIBRATED_TO_PUBLIC_ANNUAL_REFERENCE
PROD-0000845,2022-07-23,Tirodi,Madhya Pradesh,Balaghat,21.685556,79.719167,296.23,287.57,4.0,0,20.06,OFFICIAL_ANNUAL_PLAN,OFFICIAL_SAME_PERIOD,SYNTHETIC_DAILY_CALIBRATED_TO_PUBLIC_ANNUAL_REFERENCE
PROD-0000846,2022-07-24,Tirodi,Madhya Pradesh,Balaghat,21.685556,79.719167,322.47,323.8,0.06,79,4.05,OFFICIAL_ANNUAL_PLAN,OFFICIAL_SAME_PERIOD,SYNTHETIC_DAILY_CALIBRATED_TO_PUBLIC_ANNUAL_REFERENCE
PROD-0000847,2022-07-25,Tirodi,Madhya Pradesh,Balaghat,21.685556,79.719167,288.66,299.55,0.56,0,0.0,OFFICIAL_ANNUAL_PLAN,OFFICIAL_SAME_PERIOD,SYNTHETIC_DAILY_CALIBRATED_TO_PUBLIC_ANNUAL_REFERENCE
PROD-0000848,2022-07-26,Tirodi,Madhya Pradesh,Balaghat,21.685556,79.719167,276.94,257.11,3.68,0,33.05,OFFICIAL_ANNUAL_PLAN,OFFICIAL_SAME_PERIOD,SYNTHETIC_DAILY_CALIBRATED_TO_PUBLIC_ANNUAL_REFERENCE
PROD-0000849,2022-07-27,Tirodi,Madhya Pradesh,Balaghat,21.685556,79.719167,323.05,312.91,3.31,0,0.0,OFFICIAL_ANNUAL_PLAN,OFFICIAL_SAME_PERIOD,SYNTHETIC_DAILY_CALIBRATED_TO_PUBLIC_ANNUAL_REFERENCE
PROD-0000850,2022-07-28,Tirodi,Madhya Pradesh,Balaghat,21.685556,79.719167,267.93,259.83,0.29,0,19.41,OFFICIAL_ANNUAL_PLAN,OFFICIAL_SAME_PERIOD,SYNTHETIC_DAILY_CALIBRATED_TO_PUBLIC_ANNUAL_REFERENCE
PROD-0000851,2022-07-29,Tirodi,Madhya Pradesh,Balaghat,21.685556,79.719167,312.03,319.75,1.67,0,31.73,OFFICIAL_ANNUAL_PLAN,OFFICIAL_SAME_PERIOD,SYNTHETIC_DAILY_CALIBRATED_TO_PUBLIC_ANNUAL_REFERENCE
PROD-0000852,2022-07-30,Tirodi,Madhya Pradesh,Balaghat,21.685556,79.719167,273.61,278.14,0.21,0,13.69,OFFICIAL_ANNUAL_PLAN,OFFICIAL_SAME_PERIOD,SYNTHETIC_DAILY_CALIBRATED_TO_PUBLIC_ANNUAL_REFERENCE
PROD-0000853,2022-07-31,Tirodi,Madhya Pradesh,Balaghat,21.685556,79.719167,334.95,334.84,3.12,0,14.41,OFFICIAL_ANNUAL_PLAN,OFFICIAL_SAME_PERIOD,SYNTHETIC_DAILY_CALIBRATED_TO_PUBLIC_ANNUAL_REFERENCE
PROD-0000854,2022-08-01,Tirodi,Madhya Pradesh,Balaghat,21.685556,79.719167,281.81,276.5,4.38,0,0.0,OFFICIAL_ANNUAL_PLAN,OFFICIAL_SAME_PERIOD,SYNTHETIC_DAILY_CALIBRATED_TO_PUBLIC_ANNUAL_REFERENCE
PROD-0000855,2022-08-02,Tirodi,Madhya Pradesh,Balaghat,21.685556,79.719167,289.77,293.56,0.42,0,7.74,OFFICIAL_ANNUAL_PLAN,OFFICIAL_SAME_PERIOD,SYNTHETIC_DAILY_CALIBRATED_TO_PUBLIC_ANNUAL_REFERENCE
PROD-0000856,2022-08-03,Tirodi,Madhya Pradesh,Balaghat,21.685556,79.719167,297.9,312.79,2.16,31,4.36,OFFICIAL_ANNUAL_PLAN,OFFICIAL_SAME_PERIOD,SYNTHETIC_DAILY_CALIBRATED_TO_PUBLIC_ANNUAL_REFERENCE
PROD-0000857,2022-08-04,Tirodi,Madhya Pradesh,Balaghat,21.685556,79.719167,287.02,280.72,0.27,0,18.0,OFFICIAL_ANNUAL_PLAN,OFFICIAL_SAME_PERIOD,SYNTHETIC_DAILY_CALIBRATED_TO_PUBLIC_ANNUAL_REFERENCE
PROD-0000858,2022-08-05,Tirodi,Madhya Pradesh,Balaghat,21.685556,79.719167,297.05,313.02,0.69,0,0.0,OFFICIAL_ANNUAL_PLAN,OFFICIAL_SAME_PERIOD,SYNTHETIC_DAILY_CALIBRATED_TO_PUBLIC_ANNUAL_REFERENCE
PROD-0000859,2022-08-06,Tirodi,Madhya Pradesh,Balaghat,21.685556,79.719167,342.44,329.88,0.28,0,18.68,OFFICIAL_ANNUAL_PLAN,OFFICIAL_SAME_PERIOD,SYNTHETIC_DAILY_CALIBRATED_TO_PUBLIC_ANNUAL_REFERENCE
PROD-0000860,2022-08-07,Tirodi,Madhya Pradesh,Balaghat,21.685556,79.719167,304.99,309.33,1.72,0,0.0,OFFICIAL_ANNUAL_PLAN,OFFICIAL_SAME_PERIOD,SYNTHETIC_DAILY_CALIBRATED_TO_PUBLIC_ANNUAL_REFERENCE
PROD-0000861,2022-08-08,Tirodi,Madhya Pradesh,Balaghat,21.685556,79.719167,284.17,295.97,0.61,0,40.74,OFFICIAL_ANNUAL_PLAN,OFFICIAL_SAME_PERIOD,SYNTHETIC_DAILY_CALIBRATED_TO_PUBLIC_ANNUAL_REFERENCE
PROD-0000862,2022-08-09,Tirodi,Madhya Pradesh,Balaghat,21.685556,79.719167,298.89,285.38,3.5,16,0.0,OFFICIAL_ANNUAL_PLAN,OFFICIAL_SAME_PERIOD,SYNTHETIC_DAILY_CALIBRATED_TO_PUBLIC_ANNUAL_REFERENCE
PROD-0000863,2022-08-10,Tirodi,Madhya Pradesh,Balaghat,21.685556,79.719167,313.55,323.99,2.18,0,6.81,OFFICIAL_ANNUAL_PLAN,OFFICIAL_SAME_PERIOD,SYNTHETIC_DAILY_CALIBRATED_TO_PUBLIC_ANNUAL_REFERENCE
PROD-0000864,2022-08-11,Tirodi,Madhya Pradesh,Balaghat,21.685556,79.719167,314.33,308.85,1.25,0,28.6,OFFICIAL_ANNUAL_PLAN,OFFICIAL_SAME_PERIOD,SYNTHETIC_DAILY_CALIBRATED_TO_PUBLIC_ANNUAL_REFERENCE
PROD-0000865,2022-08-12,Tirodi,Madhya Pradesh,Balaghat,21.685556,79.719167,306.54,283.4,4.83,112,59.62,OFFICIAL_ANNUAL_PLAN,OFFICIAL_SAME_PERIOD,SYNTHETIC_DAILY_CALIBRATED_TO_PUBLIC_ANNUAL_REFERENCE
PROD-0000866,2022-08-13,Tirodi,Madhya Pradesh,Balaghat,21.685556,79.719167,257.37,241.71,4.59,0,46.6,OFFICIAL_ANNUAL_PLAN,OFFICIAL_SAME_PERIOD,SYNTHETIC_DAILY_CALIBRATED_TO_PUBLIC_ANNUAL_REFERENCE
PROD-0000867,2022-08-14,Tirodi,Madhya Pradesh,Balaghat,21.685556,79.719167,322.76,313.59,2.79,0,16.46,OFFICIAL_ANNUAL_PLAN,OFFICIAL_SAME_PERIOD,SYNTHETIC_DAILY_CALIBRATED_TO_PUBLIC_ANNUAL_REFERENCE
PROD-0000868,2022-08-15,Tirodi,Madhya Pradesh,Balaghat,21.685556,79.719167,279.48,284.53,0.0,86,0.0,OFFICIAL_ANNUAL_PLAN,OFFICIAL_SAME_PERIOD,SYNTHETIC_DAILY_CALIBRATED_TO_PUBLIC_ANNUAL_REFERENCE
PROD-0000869,2022-08-16,Tirodi,Madhya Pradesh,Balaghat,21.685556,79.719167,316.11,330.83,0.0,32,0.0,OFFICIAL_ANNUAL_PLAN,OFFICIAL_SAME_PERIOD,SYNTHETIC_DAILY_CALIBRATED_TO_PUBLIC_ANNUAL_REFERENCE
PROD-0000870,2022-08-17,Tirodi,Madhya Pradesh,Balaghat,21.685556,79.719167,299.92,289.06,3.97,12,27.03,OFFICIAL_ANNUAL_PLAN,OFFICIAL_SAME_PERIOD,SYNTHETIC_DAILY_CALIBRATED_TO_PUBLIC_ANNUAL_REFERENCE
PROD-0000871,2022-08-18,Tirodi,Madhya Pradesh,Balaghat,21.685556,79.719167,328.7,319.38,0.52,0,34.65,OFFICIAL_ANNUAL_PLAN,OFFICIAL_SAME_PERIOD,SYNTHETIC_DAILY_CALIBRATED_TO_PUBLIC_ANNUAL_REFERENCE
PROD-0000872,2022-08-19,Tirodi,Madhya Pradesh,Balaghat,21.685556,79.719167,269.69,280.7,0.0,0,0.0,OFFICIAL_ANNUAL_PLAN,OFFICIAL_SAME_PERIOD,SYNTHETIC_DAILY_CALIBRATED_TO_PUBLIC_ANNUAL_REFERENCE
PROD-0000873,2022-08-20,Tirodi,Madhya Pradesh,Balaghat,21.685556,79.719167,306.18,315.06,0.0,0,0.0,OFFICIAL_ANNUAL_PLAN,OFFICIAL_SAME_PERIOD,SYNTHETIC_DAILY_CALIBRATED_TO_PUBLIC_ANNUAL_REFERENCE
PROD-0000874,2022-08-21,Tirodi,Madhya Pradesh,Balaghat,21.685556,79.719167,276.65,266.25,0.14,0,9.05,OFFICIAL_ANNUAL_PLAN,OFFICIAL_SAME_PERIOD,SYNTHETIC_DAILY_CALIBRATED_TO_PUBLIC_ANNUAL_REFERENCE
PROD-0000875,2022-08-22,Tirodi,Madhya Pradesh,Balaghat,21.685556,79.719167,330.65,329.79,1.36,0,0.0,OFFICIAL_ANNUAL_PLAN,OFFICIAL_SAME_PERIOD,SYNTHETIC_DAILY_CALIBRATED_TO_PUBLIC_ANNUAL_REFERENCE
PROD-0000876,2022-08-23,Tirodi,Madhya Pradesh,Balaghat,21.685556,79.719167,289.68,299.81,0.0,0,0.0,OFFICIAL_ANNUAL_PLAN,OFFICIAL_SAME_PERIOD,SYNTHETIC_DAILY_CALIBRATED_TO_PUBLIC_ANNUAL_REFERENCE
PROD-0000877,2022-08-24,Tirodi,Madhya Pradesh,Balaghat,21.685556,79.719167,321.93,307.93,1.12,0,36.48,OFFICIAL_ANNUAL_PLAN,OFFICIAL_SAME_PERIOD,SYNTHETIC_DAILY_CALIBRATED_TO_PUBLIC_ANNUAL_REFERENCE
PROD-0000878,2022-08-25,Tirodi,Madhya Pradesh,Balaghat,21.685556,79.719167,312.31,320.7,0.14,0,9.14,OFFICIAL_ANNUAL_PLAN,OFFICIAL_SAME_PERIOD,SYNTHETIC_DAILY_CALIBRATED_TO_PUBLIC_ANNUAL_REFERENCE
PROD-0000879,2022-08-26,Tirodi,Madhya Pradesh,Balaghat,21.685556,79.719167,343.62,344.4,0.8,0,0.0,OFFICIAL_ANNUAL_PLAN,OFFICIAL_SAME_PERIOD,SYNTHETIC_DAILY_CALIBRATED_TO_PUBLIC_ANNUAL_REFERENCE
PROD-0000880,2022-08-27,Tirodi,Madhya Pradesh,Balaghat,21.685556,79.719167,290.22,301.54,2.42,0,0.0,OFFICIAL_ANNUAL_PLAN,OFFICIAL_SAME_PERIOD,SYNTHETIC_DAILY_CALIBRATED_TO_PUBLIC_ANNUAL_REFERENCE
PROD-0000881,2022-08-28,Tirodi,Madhya Pradesh,Balaghat,21.685556,79.719167,312.37,308.98,1.14,43,21.44,OFFICIAL_ANNUAL_PLAN,OFFICIAL_SAME_PERIOD,SYNTHETIC_DAILY_CALIBRATED_TO_PUBLIC_ANNUAL_REFERENCE
PROD-0000882,2022-08-29,Tirodi,Madhya Pradesh,Balaghat,21.685556,79.719167,302.43,306.66,1.55,0,0.0,OFFICIAL_ANNUAL_PLAN,OFFICIAL_SAME_PERIOD,SYNTHETIC_DAILY_CALIBRATED_TO_PUBLIC_ANNUAL_REFERENCE
PROD-0000883,2022-08-30,Tirodi,Madhya Pradesh,Balaghat,21.685556,79.719167,306.63,296.69,3.18,26,29.04,OFFICIAL_ANNUAL_PLAN,OFFICIAL_SAME_PERIOD,SYNTHETIC_DAILY_CALIBRATED_TO_PUBLIC_ANNUAL_REFERENCE
PROD-0000884,2022-08-31,Tirodi,Madhya Pradesh,Balaghat,21.685556,79.719167,330.92,331.74,2.12,0,0.0,OFFICIAL_ANNUAL_PLAN,OFFICIAL_SAME_PERIOD,SYNTHETIC_DAILY_CALIBRATED_TO_PUBLIC_ANNUAL_REFERENCE
PROD-0000885,2022-09-01,Tirodi,Madhya Pradesh,Balaghat,21.685556,79.719167,328.32,317.81,0.34,32,22.82,OFFICIAL_ANNUAL_PLAN,OFFICIAL_SAME_PERIOD,SYNTHETIC_DAILY_CALIBRATED_TO_PUBLIC_ANNUAL_REFERENCE
PROD-0000886,2022-09-02,Tirodi,Madhya Pradesh,Balaghat,21.685556,79.719167,295.51,280.96,2.14,0,35.13,OFFICIAL_ANNUAL_PLAN,OFFICIAL_SAME_PERIOD,SYNTHETIC_DAILY_CALIBRATED_TO_PUBLIC_ANNUAL_REFERENCE
PROD-0000887,2022-09-03,Tirodi,Madhya Pradesh,Balaghat,21.685556,79.719167,321.99,309.34,5.34,0,18.77,OFFICIAL_ANNUAL_PLAN,OFFICIAL_SAME_PERIOD,SYNTHETIC_DAILY_CALIBRATED_TO_PUBLIC_ANNUAL_REFERENCE
PROD-0000888,2022-09-04,Tirodi,Madhya Pradesh,Balaghat,21.685556,79.719167,300.81,288.68,3.58,0,9.86,OFFICIAL_ANNUAL_PLAN,OFFICIAL_SAME_PERIOD,SYNTHETIC_DAILY_CALIBRATED_TO_PUBLIC_ANNUAL_REFERENCE
PROD-0000889,2022-09-05,Tirodi,Madhya Pradesh,Balaghat,21.685556,79.719167,296.18,292.88,2.98,0,0.0,OFFICIAL_ANNUAL_PLAN,OFFICIAL_SAME_PERIOD,SYNTHETIC_DAILY_CALIBRATED_TO_PUBLIC_ANNUAL_REFERENCE
PROD-0000890,2022-09-06,Tirodi,Madhya Pradesh,Balaghat,21.685556,79.719167,283.96,278.63,0.68,0,45.62,OFFICIAL_ANNUAL_PLAN,OFFICIAL_SAME_PERIOD,SYNTHETIC_DAILY_CALIBRATED_TO_PUBLIC_ANNUAL_REFERENCE
PROD-0000891,2022-09-07,Tirodi,Madhya Pradesh,Balaghat,21.685556,79.719167,333.15,326.1,3.45,0,0.0,OFFICIAL_ANNUAL_PLAN,OFFICIAL_SAME_PERIOD,SYNTHETIC_DAILY_CALIBRATED_TO_PUBLIC_ANNUAL_REFERENCE
PROD-0000892,2022-09-08,Tirodi,Madhya Pradesh,Balaghat,21.685556,79.719167,296.38,302.02,1.45,0,0.0,OFFICIAL_ANNUAL_PLAN,OFFICIAL_SAME_PERIOD,SYNTHETIC_DAILY_CALIBRATED_TO_PUBLIC_ANNUAL_REFERENCE
PROD-0000893,2022-09-09,Tirodi,Madhya Pradesh,Balaghat,21.685556,79.719167,312.28,287.98,5.31,36,37.35,OFFICIAL_ANNUAL_PLAN,OFFICIAL_SAME_PERIOD,SYNTHETIC_DAILY_CALIBRATED_TO_PUBLIC_ANNUAL_REFERENCE
PROD-0000894,2022-09-10,Tirodi,Madhya Pradesh,Balaghat,21.685556,79.719167,295.49,306.62,0.06,0,3.7,OFFICIAL_ANNUAL_PLAN,OFFICIAL_SAME_PERIOD,SYNTHETIC_DAILY_CALIBRATED_TO_PUBLIC_ANNUAL_REFERENCE
PROD-0000895,2022-09-11,Tirodi,Madhya Pradesh,Balaghat,21.685556,79.719167,271.25,270.98,3.15,0,0.0,OFFICIAL_ANNUAL_PLAN,OFFICIAL_SAME_PERIOD,SYNTHETIC_DAILY_CALIBRATED_TO_PUBLIC_ANNUAL_REFERENCE
PROD-0000896,2022-09-12,Tirodi,Madhya Pradesh,Balaghat,21.685556,79.719167,285.52,293.03,0.14,0,9.27,OFFICIAL_ANNUAL_PLAN,OFFICIAL_SAME_PERIOD,SYNTHETIC_DAILY_CALIBRATED_TO_PUBLIC_ANNUAL_REFERENCE
PROD-0000897,2022-09-13,Tirodi,Madhya Pradesh,Balaghat,21.685556,79.719167,312.53,323.24,1.49,0,13.66,OFFICIAL_ANNUAL_PLAN,OFFICIAL_SAME_PERIOD,SYNTHETIC_DAILY_CALIBRATED_TO_PUBLIC_ANNUAL_REFERENCE
PROD-0000898,2022-09-14,Tirodi,Madhya Pradesh,Balaghat,21.685556,79.719167,289.71,291.8,2.65,0,23.95,OFFICIAL_ANNUAL_PLAN,OFFICIAL_SAME_PERIOD,SYNTHETIC_DAILY_CALIBRATED_TO_PUBLIC_ANNUAL_REFERENCE
PROD-0000899,2022-09-15,Tirodi,Madhya Pradesh,Balaghat,21.685556,79.719167,294.01,289.0,2.72,0,10.01,OFFICIAL_ANNUAL_PLAN,OFFICIAL_SAME_PERIOD,SYNTHETIC_DAILY_CALIBRATED_TO_PUBLIC_ANNUAL_REFERENCE
PROD-0000900,2022-09-16,Tirodi,Madhya Pradesh,Balaghat,21.685556,79.719167,326.88,331.69,2.12,14,26.66,OFFICIAL_ANNUAL_PLAN,OFFICIAL_SAME_PERIOD,SYNTHETIC_DAILY_CALIBRATED_TO_PUBLIC_ANNUAL_REFERENCE
PROD-0000901,2022-09-17,Tirodi,Madhya Pradesh,Balaghat,21.685556,79.719167,315.99,313.9,3.28,46,21.76,OFFICIAL_ANNUAL_PLAN,OFFICIAL_SAME_PERIOD,SYNTHETIC_DAILY_CALIBRATED_TO_PUBLIC_ANNUAL_REFERENCE
PROD-0000902,2022-09-18,Tirodi,Madhya Pradesh,Balaghat,21.685556,79.719167,309.21,314.67,1.49,0,0.0,OFFICIAL_ANNUAL_PLAN,OFFICIAL_SAME_PERIOD,SYNTHETIC_DAILY_CALIBRATED_TO_PUBLIC_ANNUAL_REFERENCE
PROD-0000903,2022-09-19,Tirodi,Madhya Pradesh,Balaghat,21.685556,79.719167,260.37,276.06,0.0,0,0.0,OFFICIAL_ANNUAL_PLAN,OFFICIAL_SAME_PERIOD,SYNTHETIC_DAILY_CALIBRATED_TO_PUBLIC_ANNUAL_REFERENCE
PROD-0000904,2022-09-20,Tirodi,Madhya Pradesh,Balaghat,21.685556,79.719167,266.86,265.71,2.26,0,22.48,OFFICIAL_ANNUAL_PLAN,OFFICIAL_SAME_PERIOD,SYNTHETIC_DAILY_CALIBRATED_TO_PUBLIC_ANNUAL_REFERENCE
PROD-0000905,2022-09-21,Tirodi,Madhya Pradesh,Balaghat,21.685556,79.719167,275.86,283.53,2.38,0,13.38,OFFICIAL_ANNUAL_PLAN,OFFICIAL_SAME_PERIOD,SYNTHETIC_DAILY_CALIBRATED_TO_PUBLIC_ANNUAL_REFERENCE
PROD-0000906,2022-09-22,Tirodi,Madhya Pradesh,Balaghat,21.685556,79.719167,325.64,307.69,4.67,25,10.98,OFFICIAL_ANNUAL_PLAN,OFFICIAL_SAME_PERIOD,SYNTHETIC_DAILY_CALIBRATED_TO_PUBLIC_ANNUAL_REFERENCE
PROD-0000907,2022-09-23,Tirodi,Madhya Pradesh,Balaghat,21.685556,79.719167,280.6,281.23,3.05,0,0.0,OFFICIAL_ANNUAL_PLAN,OFFICIAL_SAME_PERIOD,SYNTHETIC_DAILY_CALIBRATED_TO_PUBLIC_ANNUAL_REFERENCE
PROD-0000908,2022-09-24,Tirodi,Madhya Pradesh,Balaghat,21.685556,79.719167,329.71,316.34,1.28,80,39.3,OFFICIAL_ANNUAL_PLAN,OFFICIAL_SAME_PERIOD,SYNTHETIC_DAILY_CALIBRATED_TO_PUBLIC_ANNUAL_REFERENCE
PROD-0000909,2022-09-25,Tirodi,Madhya Pradesh,Balaghat,21.685556,79.719167,282.51,282.01,0.26,0,17.66,OFFICIAL_ANNUAL_PLAN,OFFICIAL_SAME_PERIOD,SYNTHETIC_DAILY_CALIBRATED_TO_PUBLIC_ANNUAL_REFERENCE
PROD-0000910,2022-09-26,Tirodi,Madhya Pradesh,Balaghat,21.685556,79.719167,296.31,285.57,1.03,27,68.47,OFFICIAL_ANNUAL_PLAN,OFFICIAL_SAME_PERIOD,SYNTHETIC_DAILY_CALIBRATED_TO_PUBLIC_ANNUAL_REFERENCE
PROD-0000911,2022-09-27,Tirodi,Madhya Pradesh,Balaghat,21.685556,79.719167,272.99,267.63,1.1,0,16.31,OFFICIAL_ANNUAL_PLAN,OFFICIAL_SAME_PERIOD,SYNTHETIC_DAILY_CALIBRATED_TO_PUBLIC_ANNUAL_REFERENCE
PROD-0000912,2022-09-28,Tirodi,Madhya Pradesh,Balaghat,21.685556,79.719167,275.57,261.19,4.05,0,33.16,OFFICIAL_ANNUAL_PLAN,OFFICIAL_SAME_PERIOD,SYNTHETIC_DAILY_CALIBRATED_TO_PUBLIC_ANNUAL_REFERENCE
PROD-0000913,2022-09-29,Tirodi,Madhya Pradesh,Balaghat,21.685556,79.719167,358.2,344.21,3.18,0,0.0,OFFICIAL_ANNUAL_PLAN,OFFICIAL_SAME_PERIOD,SYNTHETIC_DAILY_CALIBRATED_TO_PUBLIC_ANNUAL_REFERENCE
PROD-0000914,2022-09-30,Tirodi,Madhya Pradesh,Balaghat,21.685556,79.719167,350.03,348.89,3.42,0,4.47,OFFICIAL_ANNUAL_PLAN,OFFICIAL_SAME_PERIOD,SYNTHETIC_DAILY_CALIBRATED_TO_PUBLIC_ANNUAL_REFERENCE
PROD-0000915,2022-10-01,Tirodi,Madhya Pradesh,Balaghat,21.685556,79.719167,306.06,310.14,4.11,0,0.0,OFFICIAL_ANNUAL_PLAN,OFFICIAL_SAME_PERIOD,SYNTHETIC_DAILY_CALIBRATED_TO_PUBLIC_ANNUAL_REFERENCE
PROD-0000916,2022-10-02,Tirodi,Madhya Pradesh,Balaghat,21.685556,79.719167,307.27,319.68,0.0,0,0.0,OFFICIAL_ANNUAL_PLAN,OFFICIAL_SAME_PERIOD,SYNTHETIC_DAILY_CALIBRATED_TO_PUBLIC_ANNUAL_REFERENCE
PROD-0000917,2022-10-03,Tirodi,Madhya Pradesh,Balaghat,21.685556,79.719167,288.17,282.67,1.71,0,0.0,OFFICIAL_ANNUAL_PLAN,OFFICIAL_SAME_PERIOD,SYNTHETIC_DAILY_CALIBRATED_TO_PUBLIC_ANNUAL_REFERENCE
PROD-0000918,2022-10-04,Tirodi,Madhya Pradesh,Balaghat,21.685556,79.719167,297.3,296.85,3.39,0,0.0,OFFICIAL_ANNUAL_PLAN,OFFICIAL_SAME_PERIOD,SYNTHETIC_DAILY_CALIBRATED_TO_PUBLIC_ANNUAL_REFERENCE
PROD-0000919,2022-10-05,Tirodi,Madhya Pradesh,Balaghat,21.685556,79.719167,333.21,326.48,1.78,0,1.21,OFFICIAL_ANNUAL_PLAN,OFFICIAL_SAME_PERIOD,SYNTHETIC_DAILY_CALIBRATED_TO_PUBLIC_ANNUAL_REFERENCE
PROD-0000920,2022-10-06,Tirodi,Madhya Pradesh,Balaghat,21.685556,79.719167,315.42,304.33,2.51,104,8.56,OFFICIAL_ANNUAL_PLAN,OFFICIAL_SAME_PERIOD,SYNTHETIC_DAILY_CALIBRATED_TO_PUBLIC_ANNUAL_REFERENCE
PROD-0000921,2022-10-07,Tirodi,Madhya Pradesh,Balaghat,21.685556,79.719167,295.07,295.0,4.64,0,0.0,OFFICIAL_ANNUAL_PLAN,OFFICIAL_SAME_PERIOD,SYNTHETIC_DAILY_CALIBRATED_TO_PUBLIC_ANNUAL_REFERENCE
PROD-0000922,2022-10-08,Tirodi,Madhya Pradesh,Balaghat,21.685556,79.719167,291.37,290.26,1.72,0,20.16,OFFICIAL_ANNUAL_PLAN,OFFICIAL_SAME_PERIOD,SYNTHETIC_DAILY_CALIBRATED_TO_PUBLIC_ANNUAL_REFERENCE
PROD-0000923,2022-10-09,Tirodi,Madhya Pradesh,Balaghat,21.685556,79.719167,323.76,342.88,0.0,0,0.0,OFFICIAL_ANNUAL_PLAN,OFFICIAL_SAME_PERIOD,SYNTHETIC_DAILY_CALIBRATED_TO_PUBLIC_ANNUAL_REFERENCE
PROD-0000924,2022-10-10,Tirodi,Madhya Pradesh,Balaghat,21.685556,79.719167,317.35,334.23,0.12,0,8.11,OFFICIAL_ANNUAL_PLAN,OFFICIAL_SAME_PERIOD,SYNTHETIC_DAILY_CALIBRATED_TO_PUBLIC_ANNUAL_REFERENCE
PROD-0000925,2022-10-11,Tirodi,Madhya Pradesh,Balaghat,21.685556,79.719167,266.24,267.05,2.05,0,0.0,OFFICIAL_ANNUAL_PLAN,OFFICIAL_SAME_PERIOD,SYNTHETIC_DAILY_CALIBRATED_TO_PUBLIC_ANNUAL_REFERENCE
PROD-0000926,2022-10-12,Tirodi,Madhya Pradesh,Balaghat,21.685556,79.719167,280.46,271.23,3.44,0,0.0,OFFICIAL_ANNUAL_PLAN,OFFICIAL_SAME_PERIOD,SYNTHETIC_DAILY_CALIBRATED_TO_PUBLIC_ANNUAL_REFERENCE
PROD-0000927,2022-10-13,Tirodi,Madhya Pradesh,Balaghat,21.685556,79.719167,310.82,311.08,1.28,0,0.0,OFFICIAL_ANNUAL_PLAN,OFFICIAL_SAME_PERIOD,SYNTHETIC_DAILY_CALIBRATED_TO_PUBLIC_ANNUAL_REFERENCE
PROD-0000928,2022-10-14,Tirodi,Madhya Pradesh,Balaghat,21.685556,79.719167,301.42,304.91,0.78,0,0.0,OFFICIAL_ANNUAL_PLAN,OFFICIAL_SAME_PERIOD,SYNTHETIC_DAILY_CALIBRATED_TO_PUBLIC_ANNUAL_REFERENCE
PROD-0000929,2022-10-15,Tirodi,Madhya Pradesh,Balaghat,21.685556,79.719167,295.74,295.79,0.03,0,0.0,OFFICIAL_ANNUAL_PLAN,OFFICIAL_SAME_PERIOD,SYNTHETIC_DAILY_CALIBRATED_TO_PUBLIC_ANNUAL_REFERENCE
PROD-0000930,2022-10-16,Tirodi,Madhya Pradesh,Balaghat,21.685556,79.719167,323.08,329.89,0.08,0,5.57,OFFICIAL_ANNUAL_PLAN,OFFICIAL_SAME_PERIOD,SYNTHETIC_DAILY_CALIBRATED_TO_PUBLIC_ANNUAL_REFERENCE
PROD-0000931,2022-10-17,Tirodi,Madhya Pradesh,Balaghat,21.685556,79.719167,351.75,347.21,4.83,0,0.0,OFFICIAL_ANNUAL_PLAN,OFFICIAL_SAME_PERIOD,SYNTHETIC_DAILY_CALIBRATED_TO_PUBLIC_ANNUAL_REFERENCE
PROD-0000932,2022-10-18,Tirodi,Madhya Pradesh,Balaghat,21.685556,79.719167,305.28,301.99,2.74,0,9.28,OFFICIAL_ANNUAL_PLAN,OFFICIAL_SAME_PERIOD,SYNTHETIC_DAILY_CALIBRATED_TO_PUBLIC_ANNUAL_REFERENCE
PROD-0000933,2022-10-19,Tirodi,Madhya Pradesh,Balaghat,21.685556,79.719167,332.6,335.21,0.0,0,0.0,OFFICIAL_ANNUAL_PLAN,OFFICIAL_SAME_PERIOD,SYNTHETIC_DAILY_CALIBRATED_TO_PUBLIC_ANNUAL_REFERENCE
PROD-0000934,2022-10-20,Tirodi,Madhya Pradesh,Balaghat,21.685556,79.719167,301.55,304.04,1.76,13,2.96,OFFICIAL_ANNUAL_PLAN,OFFICIAL_SAME_PERIOD,SYNTHETIC_DAILY_CALIBRATED_TO_PUBLIC_ANNUAL_REFERENCE
PROD-0000935,2022-10-21,Tirodi,Madhya Pradesh,Balaghat,21.685556,79.719167,332.97,338.28,0.39,0,0.0,OFFICIAL_ANNUAL_PLAN,OFFICIAL_SAME_PERIOD,SYNTHETIC_DAILY_CALIBRATED_TO_PUBLIC_ANNUAL_REFERENCE
PROD-0000936,2022-10-22,Tirodi,Madhya Pradesh,Balaghat,21.685556,79.719167,281.25,281.23,0.0,0,0.0,OFFICIAL_ANNUAL_PLAN,OFFICIAL_SAME_PERIOD,SYNTHETIC_DAILY_CALIBRATED_TO_PUBLIC_ANNUAL_REFERENCE
PROD-0000937,2022-10-23,Tirodi,Madhya Pradesh,Balaghat,21.685556,79.719167,286.09,283.13,2.31,0,0.0,OFFICIAL_ANNUAL_PLAN,OFFICIAL_SAME_PERIOD,SYNTHETIC_DAILY_CALIBRATED_TO_PUBLIC_ANNUAL_REFERENCE
PROD-0000938,2022-10-24,Tirodi,Madhya Pradesh,Balaghat,21.685556,79.719167,284.83,275.19,1.55,0,0.0,OFFICIAL_ANNUAL_PLAN,OFFICIAL_SAME_PERIOD,SYNTHETIC_DAILY_CALIBRATED_TO_PUBLIC_ANNUAL_REFERENCE
PROD-0000939,2022-10-25,Tirodi,Madhya Pradesh,Balaghat,21.685556,79.719167,304.16,300.37,1.42,0,0.0,OFFICIAL_ANNUAL_PLAN,OFFICIAL_SAME_PERIOD,SYNTHETIC_DAILY_CALIBRATED_TO_PUBLIC_ANNUAL_REFERENCE
PROD-0000940,2022-10-26,Tirodi,Madhya Pradesh,Balaghat,21.685556,79.719167,294.12,295.29,2.73,14,0.0,OFFICIAL_ANNUAL_PLAN,OFFICIAL_SAME_PERIOD,SYNTHETIC_DAILY_CALIBRATED_TO_PUBLIC_ANNUAL_REFERENCE
PROD-0000941,2022-10-27,Tirodi,Madhya Pradesh,Balaghat,21.685556,79.719167,315.96,319.28,0.0,0,0.0,OFFICIAL_ANNUAL_PLAN,OFFICIAL_SAME_PERIOD,SYNTHETIC_DAILY_CALIBRATED_TO_PUBLIC_ANNUAL_REFERENCE
PROD-0000942,2022-10-28,Tirodi,Madhya Pradesh,Balaghat,21.685556,79.719167,315.62,307.37,3.15,0,0.0,OFFICIAL_ANNUAL_PLAN,OFFICIAL_SAME_PERIOD,SYNTHETIC_DAILY_CALIBRATED_TO_PUBLIC_ANNUAL_REFERENCE
PROD-0000943,2022-10-29,Tirodi,Madhya Pradesh,Balaghat,21.685556,79.719167,320.99,321.81,0.04,0,2.96,OFFICIAL_ANNUAL_PLAN,OFFICIAL_SAME_PERIOD,SYNTHETIC_DAILY_CALIBRATED_TO_PUBLIC_ANNUAL_REFERENCE
PROD-0000944,2022-10-30,Tirodi,Madhya Pradesh,Balaghat,21.685556,79.719167,312.31,323.51,1.86,0,17.27,OFFICIAL_ANNUAL_PLAN,OFFICIAL_SAME_PERIOD,SYNTHETIC_DAILY_CALIBRATED_TO_PUBLIC_ANNUAL_REFERENCE
PROD-0000945,2022-10-31,Tirodi,Madhya Pradesh,Balaghat,21.685556,79.719167,324.09,320.93,0.0,16,0.0,OFFICIAL_ANNUAL_PLAN,OFFICIAL_SAME_PERIOD,SYNTHETIC_DAILY_CALIBRATED_TO_PUBLIC_ANNUAL_REFERENCE
PROD-0000946,2022-11-01,Tirodi,Madhya Pradesh,Balaghat,21.685556,79.719167,311.01,314.27,0.0,0,0.0,OFFICIAL_ANNUAL_PLAN,OFFICIAL_SAME_PERIOD,SYNTHETIC_DAILY_CALIBRATED_TO_PUBLIC_ANNUAL_REFERENCE
PROD-0000947,2022-11-02,Tirodi,Madhya Pradesh,Balaghat,21.685556,79.719167,251.94,256.32,1.45,0,0.0,OFFICIAL_ANNUAL_PLAN,OFFICIAL_SAME_PERIOD,SYNTHETIC_DAILY_CALIBRATED_TO_PUBLIC_ANNUAL_REFERENCE
PROD-0000948,2022-11-03,Tirodi,Madhya Pradesh,Balaghat,21.685556,79.719167,303.88,318.57,0.0,0,0.0,OFFICIAL_ANNUAL_PLAN,OFFICIAL_SAME_PERIOD,SYNTHETIC_DAILY_CALIBRATED_TO_PUBLIC_ANNUAL_REFERENCE
PROD-0000949,2022-11-04,Tirodi,Madhya Pradesh,Balaghat,21.685556,79.719167,300.32,303.07,0.17,10,11.48,OFFICIAL_ANNUAL_PLAN,OFFICIAL_SAME_PERIOD,SYNTHETIC_DAILY_CALIBRATED_TO_PUBLIC_ANNUAL_REFERENCE
PROD-0000950,2022-11-05,Tirodi,Madhya Pradesh,Balaghat,21.685556,79.719167,304.25,305.46,1.48,0,0.0,OFFICIAL_ANNUAL_PLAN,OFFICIAL_SAME_PERIOD,SYNTHETIC_DAILY_CALIBRATED_TO_PUBLIC_ANNUAL_REFERENCE
PROD-0000951,2022-11-06,Tirodi,Madhya Pradesh,Balaghat,21.685556,79.719167,269.7,265.58,2.24,0,0.0,OFFICIAL_ANNUAL_PLAN,OFFICIAL_SAME_PERIOD,SYNTHETIC_DAILY_CALIBRATED_TO_PUBLIC_ANNUAL_REFERENCE
PROD-0000952,2022-11-07,Tirodi,Madhya Pradesh,Balaghat,21.685556,79.719167,274.28,261.1,1.61,15,0.0,OFFICIAL_ANNUAL_PLAN,OFFICIAL_SAME_PERIOD,SYNTHETIC_DAILY_CALIBRATED_TO_PUBLIC_ANNUAL_REFERENCE
PROD-0000953,2022-11-08,Tirodi,Madhya Pradesh,Balaghat,21.685556,79.719167,291.15,308.57,0.0,0,0.0,OFFICIAL_ANNUAL_PLAN,OFFICIAL_SAME_PERIOD,SYNTHETIC_DAILY_CALIBRATED_TO_PUBLIC_ANNUAL_REFERENCE
PROD-0000954,2022-11-09,Tirodi,Madhya Pradesh,Balaghat,21.685556,79.719167,316.47,306.8,2.65,0,0.0,OFFICIAL_ANNUAL_PLAN,OFFICIAL_SAME_PERIOD,SYNTHETIC_DAILY_CALIBRATED_TO_PUBLIC_ANNUAL_REFERENCE
PROD-0000955,2022-11-10,Tirodi,Madhya Pradesh,Balaghat,21.685556,79.719167,285.2,271.41,0.87,57,0.0,OFFICIAL_ANNUAL_PLAN,OFFICIAL_SAME_PERIOD,SYNTHETIC_DAILY_CALIBRATED_TO_PUBLIC_ANNUAL_REFERENCE
PROD-0000956,2022-11-11,Tirodi,Madhya Pradesh,Balaghat,21.685556,79.719167,306.17,306.34,0.46,0,0.0,OFFICIAL_ANNUAL_PLAN,OFFICIAL_SAME_PERIOD,SYNTHETIC_DAILY_CALIBRATED_TO_PUBLIC_ANNUAL_REFERENCE
PROD-0000957,2022-11-12,Tirodi,Madhya Pradesh,Balaghat,21.685556,79.719167,307.0,305.88,0.82,0,0.0,OFFICIAL_ANNUAL_PLAN,OFFICIAL_SAME_PERIOD,SYNTHETIC_DAILY_CALIBRATED_TO_PUBLIC_ANNUAL_REFERENCE
PROD-0000958,2022-11-13,Tirodi,Madhya Pradesh,Balaghat,21.685556,79.719167,288.5,279.22,1.44,0,0.0,OFFICIAL_ANNUAL_PLAN,OFFICIAL_SAME_PERIOD,SYNTHETIC_DAILY_CALIBRATED_TO_PUBLIC_ANNUAL_REFERENCE
PROD-0000959,2022-11-14,Tirodi,Madhya Pradesh,Balaghat,21.685556,79.719167,312.83,306.1,6.09,0,10.9,OFFICIAL_ANNUAL_PLAN,OFFICIAL_SAME_PERIOD,SYNTHETIC_DAILY_CALIBRATED_TO_PUBLIC_ANNUAL_REFERENCE
PROD-0000960,2022-11-15,Tirodi,Madhya Pradesh,Balaghat,21.685556,79.719167,345.8,356.58,1.49,0,5.71,OFFICIAL_ANNUAL_PLAN,OFFICIAL_SAME_PERIOD,SYNTHETIC_DAILY_CALIBRATED_TO_PUBLIC_ANNUAL_REFERENCE
PROD-0000961,2022-11-16,Tirodi,Madhya Pradesh,Balaghat,21.685556,79.719167,293.26,297.6,1.43,0,0.0,OFFICIAL_ANNUAL_PLAN,OFFICIAL_SAME_PERIOD,SYNTHETIC_DAILY_CALIBRATED_TO_PUBLIC_ANNUAL_REFERENCE
PROD-0000962,2022-11-17,Tirodi,Madhya Pradesh,Balaghat,21.685556,79.719167,280.27,271.07,0.92,0,7.28,OFFICIAL_ANNUAL_PLAN,OFFICIAL_SAME_PERIOD,SYNTHETIC_DAILY_CALIBRATED_TO_PUBLIC_ANNUAL_REFERENCE
PROD-0000963,2022-11-18,Tirodi,Madhya Pradesh,Balaghat,21.685556,79.719167,278.49,276.16,1.37,0,0.0,OFFICIAL_ANNUAL_PLAN,OFFICIAL_SAME_PERIOD,SYNTHETIC_DAILY_CALIBRATED_TO_PUBLIC_ANNUAL_REFERENCE
PROD-0000964,2022-11-19,Tirodi,Madhya Pradesh,Balaghat,21.685556,79.719167,282.76,258.92,3.83,0,0.0,OFFICIAL_ANNUAL_PLAN,OFFICIAL_SAME_PERIOD,SYNTHETIC_DAILY_CALIBRATED_TO_PUBLIC_ANNUAL_REFERENCE
PROD-0000965,2022-11-20,Tirodi,Madhya Pradesh,Balaghat,21.685556,79.719167,304.99,312.26,0.55,0,0.0,OFFICIAL_ANNUAL_PLAN,OFFICIAL_SAME_PERIOD,SYNTHETIC_DAILY_CALIBRATED_TO_PUBLIC_ANNUAL_REFERENCE
PROD-0000966,2022-11-21,Tirodi,Madhya Pradesh,Balaghat,21.685556,79.719167,279.09,286.09,0.0,0,0.0,OFFICIAL_ANNUAL_PLAN,OFFICIAL_SAME_PERIOD,SYNTHETIC_DAILY_CALIBRATED_TO_PUBLIC_ANNUAL_REFERENCE
PROD-0000967,2022-11-22,Tirodi,Madhya Pradesh,Balaghat,21.685556,79.719167,274.96,284.71,0.0,0,0.0,OFFICIAL_ANNUAL_PLAN,OFFICIAL_SAME_PERIOD,SYNTHETIC_DAILY_CALIBRATED_TO_PUBLIC_ANNUAL_REFERENCE
PROD-0000968,2022-11-23,Tirodi,Madhya Pradesh,Balaghat,21.685556,79.719167,302.21,310.76,0.96,0,0.0,OFFICIAL_ANNUAL_PLAN,OFFICIAL_SAME_PERIOD,SYNTHETIC_DAILY_CALIBRATED_TO_PUBLIC_ANNUAL_REFERENCE
PROD-0000969,2022-11-24,Tirodi,Madhya Pradesh,Balaghat,21.685556,79.719167,264.63,271.98,0.6,43,0.0,OFFICIAL_ANNUAL_PLAN,OFFICIAL_SAME_PERIOD,SYNTHETIC_DAILY_CALIBRATED_TO_PUBLIC_ANNUAL_REFERENCE
PROD-0000970,2022-11-25,Tirodi,Madhya Pradesh,Balaghat,21.685556,79.719167,309.99,304.04,1.08,0,0.0,OFFICIAL_ANNUAL_PLAN,OFFICIAL_SAME_PERIOD,SYNTHETIC_DAILY_CALIBRATED_TO_PUBLIC_ANNUAL_REFERENCE
PROD-0000971,2022-11-26,Tirodi,Madhya Pradesh,Balaghat,21.685556,79.719167,306.78,303.24,0.0,0,0.0,OFFICIAL_ANNUAL_PLAN,OFFICIAL_SAME_PERIOD,SYNTHETIC_DAILY_CALIBRATED_TO_PUBLIC_ANNUAL_REFERENCE
PROD-0000972,2022-11-27,Tirodi,Madhya Pradesh,Balaghat,21.685556,79.719167,287.47,287.39,0.99,0,0.58,OFFICIAL_ANNUAL_PLAN,OFFICIAL_SAME_PERIOD,SYNTHETIC_DAILY_CALIBRATED_TO_PUBLIC_ANNUAL_REFERENCE
PROD-0000973,2022-11-28,Tirodi,Madhya Pradesh,Balaghat,21.685556,79.719167,321.64,310.62,2.81,38,15.55,OFFICIAL_ANNUAL_PLAN,OFFICIAL_SAME_PERIOD,SYNTHETIC_DAILY_CALIBRATED_TO_PUBLIC_ANNUAL_REFERENCE
PROD-0000974,2022-11-29,Tirodi,Madhya Pradesh,Balaghat,21.685556,79.719167,272.22,282.14,2.41,0,0.0,OFFICIAL_ANNUAL_PLAN,OFFICIAL_SAME_PERIOD,SYNTHETIC_DAILY_CALIBRATED_TO_PUBLIC_ANNUAL_REFERENCE
PROD-0000975,2022-11-30,Tirodi,Madhya Pradesh,Balaghat,21.685556,79.719167,271.19,275.7,0.0,0,0.0,OFFICIAL_ANNUAL_PLAN,OFFICIAL_SAME_PERIOD,SYNTHETIC_DAILY_CALIBRATED_TO_PUBLIC_ANNUAL_REFERENCE
PROD-0000976,2022-12-01,Tirodi,Madhya Pradesh,Balaghat,21.685556,79.719167,322.16,325.85,1.3,0,0.0,OFFICIAL_ANNUAL_PLAN,OFFICIAL_SAME_PERIOD,SYNTHETIC_DAILY_CALIBRATED_TO_PUBLIC_ANNUAL_REFERENCE
PROD-0000977,2022-12-02,Tirodi,Madhya Pradesh,Balaghat,21.685556,79.719167,308.52,306.89,0.0,0,0.0,OFFICIAL_ANNUAL_PLAN,OFFICIAL_SAME_PERIOD,SYNTHETIC_DAILY_CALIBRATED_TO_PUBLIC_ANNUAL_REFERENCE
PROD-0000978,2022-12-03,Tirodi,Madhya Pradesh,Balaghat,21.685556,79.719167,290.37,304.28,1.15,0,0.0,OFFICIAL_ANNUAL_PLAN,OFFICIAL_SAME_PERIOD,SYNTHETIC_DAILY_CALIBRATED_TO_PUBLIC_ANNUAL_REFERENCE
PROD-0000979,2022-12-04,Tirodi,Madhya Pradesh,Balaghat,21.685556,79.719167,259.3,255.46,1.95,15,0.0,OFFICIAL_ANNUAL_PLAN,OFFICIAL_SAME_PERIOD,SYNTHETIC_DAILY_CALIBRATED_TO_PUBLIC_ANNUAL_REFERENCE
PROD-0000980,2022-12-05,Tirodi,Madhya Pradesh,Balaghat,21.685556,79.719167,283.06,296.99,0.5,0,0.0,OFFICIAL_ANNUAL_PLAN,OFFICIAL_SAME_PERIOD,SYNTHETIC_DAILY_CALIBRATED_TO_PUBLIC_ANNUAL_REFERENCE
PROD-0000981,2022-12-06,Tirodi,Madhya Pradesh,Balaghat,21.685556,79.719167,278.27,273.93,1.38,0,0.0,OFFICIAL_ANNUAL_PLAN,OFFICIAL_SAME_PERIOD,SYNTHETIC_DAILY_CALIBRATED_TO_PUBLIC_ANNUAL_REFERENCE
PROD-0000982,2022-12-07,Tirodi,Madhya Pradesh,Balaghat,21.685556,79.719167,290.34,295.38,1.17,0,0.0,OFFICIAL_ANNUAL_PLAN,OFFICIAL_SAME_PERIOD,SYNTHETIC_DAILY_CALIBRATED_TO_PUBLIC_ANNUAL_REFERENCE
PROD-0000983,2022-12-08,Tirodi,Madhya Pradesh,Balaghat,21.685556,79.719167,306.48,317.32,0.0,0,0.0,OFFICIAL_ANNUAL_PLAN,OFFICIAL_SAME_PERIOD,SYNTHETIC_DAILY_CALIBRATED_TO_PUBLIC_ANNUAL_REFERENCE
PROD-0000984,2022-12-09,Tirodi,Madhya Pradesh,Balaghat,21.685556,79.719167,290.23,261.9,8.58,0,0.0,OFFICIAL_ANNUAL_PLAN,OFFICIAL_SAME_PERIOD,SYNTHETIC_DAILY_CALIBRATED_TO_PUBLIC_ANNUAL_REFERENCE
PROD-0000985,2022-12-10,Tirodi,Madhya Pradesh,Balaghat,21.685556,79.719167,289.85,295.49,0.0,0,0.0,OFFICIAL_ANNUAL_PLAN,OFFICIAL_SAME_PERIOD,SYNTHETIC_DAILY_CALIBRATED_TO_PUBLIC_ANNUAL_REFERENCE
PROD-0000986,2022-12-11,Tirodi,Madhya Pradesh,Balaghat,21.685556,79.719167,284.33,291.3,1.12,0,0.0,OFFICIAL_ANNUAL_PLAN,OFFICIAL_SAME_PERIOD,SYNTHETIC_DAILY_CALIBRATED_TO_PUBLIC_ANNUAL_REFERENCE
PROD-0000987,2022-12-12,Tirodi,Madhya Pradesh,Balaghat,21.685556,79.719167,291.98,283.52,3.08,0,0.0,OFFICIAL_ANNUAL_PLAN,OFFICIAL_SAME_PERIOD,SYNTHETIC_DAILY_CALIBRATED_TO_PUBLIC_ANNUAL_REFERENCE
PROD-0000988,2022-12-13,Tirodi,Madhya Pradesh,Balaghat,21.685556,79.719167,272.98,278.49,0.0,0,0.0,OFFICIAL_ANNUAL_PLAN,OFFICIAL_SAME_PERIOD,SYNTHETIC_DAILY_CALIBRATED_TO_PUBLIC_ANNUAL_REFERENCE
PROD-0000989,2022-12-14,Tirodi,Madhya Pradesh,Balaghat,21.685556,79.719167,308.82,301.16,3.77,0,0.0,OFFICIAL_ANNUAL_PLAN,OFFICIAL_SAME_PERIOD,SYNTHETIC_DAILY_CALIBRATED_TO_PUBLIC_ANNUAL_REFERENCE
PROD-0000990,2022-12-15,Tirodi,Madhya Pradesh,Balaghat,21.685556,79.719167,272.43,275.53,1.55,0,0.0,OFFICIAL_ANNUAL_PLAN,OFFICIAL_SAME_PERIOD,SYNTHETIC_DAILY_CALIBRATED_TO_PUBLIC_ANNUAL_REFERENCE
PROD-0000991,2022-12-16,Tirodi,Madhya Pradesh,Balaghat,21.685556,79.719167,287.53,277.29,0.0,0,0.0,OFFICIAL_ANNUAL_PLAN,OFFICIAL_SAME_PERIOD,SYNTHETIC_DAILY_CALIBRATED_TO_PUBLIC_ANNUAL_REFERENCE
PROD-0000992,2022-12-17,Tirodi,Madhya Pradesh,Balaghat,21.685556,79.719167,323.11,337.99,1.6,0,0.0,OFFICIAL_ANNUAL_PLAN,OFFICIAL_SAME_PERIOD,SYNTHETIC_DAILY_CALIBRATED_TO_PUBLIC_ANNUAL_REFERENCE
PROD-0000993,2022-12-18,Tirodi,Madhya Pradesh,Balaghat,21.685556,79.719167,291.61,297.87,1.03,5,0.0,OFFICIAL_ANNUAL_PLAN,OFFICIAL_SAME_PERIOD,SYNTHETIC_DAILY_CALIBRATED_TO_PUBLIC_ANNUAL_REFERENCE
PROD-0000994,2022-12-19,Tirodi,Madhya Pradesh,Balaghat,21.685556,79.719167,263.75,258.85,2.86,0,0.0,OFFICIAL_ANNUAL_PLAN,OFFICIAL_SAME_PERIOD,SYNTHETIC_DAILY_CALIBRATED_TO_PUBLIC_ANNUAL_REFERENCE
PROD-0000995,2022-12-20,Tirodi,Madhya Pradesh,Balaghat,21.685556,79.719167,314.35,316.1,0.0,0,0.0,OFFICIAL_ANNUAL_PLAN,OFFICIAL_SAME_PERIOD,SYNTHETIC_DAILY_CALIBRATED_TO_PUBLIC_ANNUAL_REFERENCE
PROD-0000996,2022-12-21,Tirodi,Madhya Pradesh,Balaghat,21.685556,79.719167,285.4,286.64,0.0,51,0.0,OFFICIAL_ANNUAL_PLAN,OFFICIAL_SAME_PERIOD,SYNTHETIC_DAILY_CALIBRATED_TO_PUBLIC_ANNUAL_REFERENCE
PROD-0000997,2022-12-22,Tirodi,Madhya Pradesh,Balaghat,21.685556,79.719167,261.3,272.98,0.0,0,0.0,OFFICIAL_ANNUAL_PLAN,OFFICIAL_SAME_PERIOD,SYNTHETIC_DAILY_CALIBRATED_TO_PUBLIC_ANNUAL_REFERENCE
PROD-0000998,2022-12-23,Tirodi,Madhya Pradesh,Balaghat,21.685556,79.719167,297.04,311.09,0.24,0,0.0,OFFICIAL_ANNUAL_PLAN,OFFICIAL_SAME_PERIOD,SYNTHETIC_DAILY_CALIBRATED_TO_PUBLIC_ANNUAL_REFERENCE
PROD-0000999,2022-12-24,Tirodi,Madhya Pradesh,Balaghat,21.685556,79.719167,296.92,288.95,1.17,0,0.0,OFFICIAL_ANNUAL_PLAN,OFFICIAL_SAME_PERIOD,SYNTHETIC_DAILY_CALIBRATED_TO_PUBLIC_ANNUAL_REFERENCE
PROD-0001000,2022-12-25,Tirodi,Madhya Pradesh,Balaghat,21.685556,79.719167,293.04,293.67,1.78,0,0.0,OFFICIAL_ANNUAL_PLAN,OFFICIAL_SAME_PERIOD,SYNTHETIC_DAILY_CALIBRATED_TO_PUBLIC_ANNUAL_REFERENCE
PROD-0001001,2022-12-26,Tirodi,Madhya Pradesh,Balaghat,21.685556,79.719167,305.42,306.31,1.4,67,0.0,OFFICIAL_ANNUAL_PLAN,OFFICIAL_SAME_PERIOD,SYNTHETIC_DAILY_CALIBRATED_TO_PUBLIC_ANNUAL_REFERENCE
PROD-0001002,2022-12-27,Tirodi,Madhya Pradesh,Balaghat,21.685556,79.719167,301.19,315.79,0.0,15,0.0,OFFICIAL_ANNUAL_PLAN,OFFICIAL_SAME_PERIOD,SYNTHETIC_DAILY_CALIBRATED_TO_PUBLIC_ANNUAL_REFERENCE
PROD-0001003,2022-12-28,Tirodi,Madhya Pradesh,Balaghat,21.685556,79.719167,279.9,272.13,4.42,0,0.0,OFFICIAL_ANNUAL_PLAN,OFFICIAL_SAME_PERIOD,SYNTHETIC_DAILY_CALIBRATED_TO_PUBLIC_ANNUAL_REFERENCE
PROD-0001004,2022-12-29,Tirodi,Madhya Pradesh,Balaghat,21.685556,79.719167,305.03,306.55,0.0,0,0.0,OFFICIAL_ANNUAL_PLAN,OFFICIAL_SAME_PERIOD,SYNTHETIC_DAILY_CALIBRATED_TO_PUBLIC_ANNUAL_REFERENCE
PROD-0001005,2022-12-30,Tirodi,Madhya Pradesh,Balaghat,21.685556,79.719167,325.9,335.23,0.0,0,0.0,OFFICIAL_ANNUAL_PLAN,OFFICIAL_SAME_PERIOD,SYNTHETIC_DAILY_CALIBRATED_TO_PUBLIC_ANNUAL_REFERENCE
PROD-0001006,2022-12-31,Tirodi,Madhya Pradesh,Balaghat,21.685556,79.719167,305.26,300.25,0.0,0,0.0,OFFICIAL_ANNUAL_PLAN,OFFICIAL_SAME_PERIOD,SYNTHETIC_DAILY_CALIBRATED_TO_PUBLIC_ANNUAL_REFERENCE
PROD-0001007,2023-01-01,Tirodi,Madhya Pradesh,Balaghat,21.685556,79.719167,296.1,303.46,0.0,0,0.0,OFFICIAL_ANNUAL_PLAN,OFFICIAL_SAME_PERIOD,SYNTHETIC_DAILY_CALIBRATED_TO_PUBLIC_ANNUAL_REFERENCE
PROD-0001008,2023-01-02,Tirodi,Madhya Pradesh,Balaghat,21.685556,79.719167,303.96,275.66,3.04,19,0.0,OFFICIAL_ANNUAL_PLAN,OFFICIAL_SAME_PERIOD,SYNTHETIC_DAILY_CALIBRATED_TO_PUBLIC_ANNUAL_REFERENCE
PROD-0001009,2023-01-03,Tirodi,Madhya Pradesh,Balaghat,21.685556,79.719167,284.29,284.0,0.0,0,0.0,OFFICIAL_ANNUAL_PLAN,OFFICIAL_SAME_PERIOD,SYNTHETIC_DAILY_CALIBRATED_TO_PUBLIC_ANNUAL_REFERENCE
PROD-0001010,2023-01-04,Tirodi,Madhya Pradesh,Balaghat,21.685556,79.719167,307.9,309.27,1.1,0,0.0,OFFICIAL_ANNUAL_PLAN,OFFICIAL_SAME_PERIOD,SYNTHETIC_DAILY_CALIBRATED_TO_PUBLIC_ANNUAL_REFERENCE
PROD-0001011,2023-01-05,Tirodi,Madhya Pradesh,Balaghat,21.685556,79.719167,280.92,291.57,0.34,0,0.0,OFFICIAL_ANNUAL_PLAN,OFFICIAL_SAME_PERIOD,SYNTHETIC_DAILY_CALIBRATED_TO_PUBLIC_ANNUAL_REFERENCE
PROD-0001012,2023-01-06,Tirodi,Madhya Pradesh,Balaghat,21.685556,79.719167,284.02,285.89,2.8,0,0.0,OFFICIAL_ANNUAL_PLAN,OFFICIAL_SAME_PERIOD,SYNTHETIC_DAILY_CALIBRATED_TO_PUBLIC_ANNUAL_REFERENCE
PROD-0001013,2023-01-07,Tirodi,Madhya Pradesh,Balaghat,21.685556,79.719167,278.94,280.05,0.03,0,2.23,OFFICIAL_ANNUAL_PLAN,OFFICIAL_SAME_PERIOD,SYNTHETIC_DAILY_CALIBRATED_TO_PUBLIC_ANNUAL_REFERENCE
PROD-0001014,2023-01-08,Tirodi,Madhya Pradesh,Balaghat,21.685556,79.719167,339.68,329.34,2.19,0,0.0,OFFICIAL_ANNUAL_PLAN,OFFICIAL_SAME_PERIOD,SYNTHETIC_DAILY_CALIBRATED_TO_PUBLIC_ANNUAL_REFERENCE
PROD-0001015,2023-01-09,Tirodi,Madhya Pradesh,Balaghat,21.685556,79.719167,303.59,311.24,1.19,0,0.0,OFFICIAL_ANNUAL_PLAN,OFFICIAL_SAME_PERIOD,SYNTHETIC_DAILY_CALIBRATED_TO_PUBLIC_ANNUAL_REFERENCE
PROD-0001016,2023-01-10,Tirodi,Madhya Pradesh,Balaghat,21.685556,79.719167,273.47,262.41,4.83,0,0.0,OFFICIAL_ANNUAL_PLAN,OFFICIAL_SAME_PERIOD,SYNTHETIC_DAILY_CALIBRATED_TO_PUBLIC_ANNUAL_REFERENCE
PROD-0001017,2023-01-11,Tirodi,Madhya Pradesh,Balaghat,21.685556,79.719167,294.22,300.79,0.69,0,0.0,OFFICIAL_ANNUAL_PLAN,OFFICIAL_SAME_PERIOD,SYNTHETIC_DAILY_CALIBRATED_TO_PUBLIC_ANNUAL_REFERENCE
PROD-0001018,2023-01-12,Tirodi,Madhya Pradesh,Balaghat,21.685556,79.719167,268.31,270.48,0.0,0,0.0,OFFICIAL_ANNUAL_PLAN,OFFICIAL_SAME_PERIOD,SYNTHETIC_DAILY_CALIBRATED_TO_PUBLIC_ANNUAL_REFERENCE
PROD-0001019,2023-01-13,Tirodi,Madhya Pradesh,Balaghat,21.685556,79.719167,275.43,262.94,1.81,0,0.0,OFFICIAL_ANNUAL_PLAN,OFFICIAL_SAME_PERIOD,SYNTHETIC_DAILY_CALIBRATED_TO_PUBLIC_ANNUAL_REFERENCE
PROD-0001020,2023-01-14,Tirodi,Madhya Pradesh,Balaghat,21.685556,79.719167,315.41,312.68,1.28,0,0.0,OFFICIAL_ANNUAL_PLAN,OFFICIAL_SAME_PERIOD,SYNTHETIC_DAILY_CALIBRATED_TO_PUBLIC_ANNUAL_REFERENCE
PROD-0001021,2023-01-15,Tirodi,Madhya Pradesh,Balaghat,21.685556,79.719167,304.43,304.43,0.69,0,0.0,OFFICIAL_ANNUAL_PLAN,OFFICIAL_SAME_PERIOD,SYNTHETIC_DAILY_CALIBRATED_TO_PUBLIC_ANNUAL_REFERENCE
PROD-0001022,2023-01-16,Tirodi,Madhya Pradesh,Balaghat,21.685556,79.719167,286.7,272.99,5.34,0,0.0,OFFICIAL_ANNUAL_PLAN,OFFICIAL_SAME_PERIOD,SYNTHETIC_DAILY_CALIBRATED_TO_PUBLIC_ANNUAL_REFERENCE
PROD-0001023,2023-01-17,Tirodi,Madhya Pradesh,Balaghat,21.685556,79.719167,266.25,276.94,0.86,0,0.0,OFFICIAL_ANNUAL_PLAN,OFFICIAL_SAME_PERIOD,SYNTHETIC_DAILY_CALIBRATED_TO_PUBLIC_ANNUAL_REFERENCE
PROD-0001024,2023-01-18,Tirodi,Madhya Pradesh,Balaghat,21.685556,79.719167,301.35,311.99,2.41,0,0.0,OFFICIAL_ANNUAL_PLAN,OFFICIAL_SAME_PERIOD,SYNTHETIC_DAILY_CALIBRATED_TO_PUBLIC_ANNUAL_REFERENCE
PROD-0001025,2023-01-19,Tirodi,Madhya Pradesh,Balaghat,21.685556,79.719167,325.98,315.55,0.0,0,0.0,OFFICIAL_ANNUAL_PLAN,OFFICIAL_SAME_PERIOD,SYNTHETIC_DAILY_CALIBRATED_TO_PUBLIC_ANNUAL_REFERENCE
PROD-0001026,2023-01-20,Tirodi,Madhya Pradesh,Balaghat,21.685556,79.719167,277.92,281.79,0.0,0,0.0,OFFICIAL_ANNUAL_PLAN,OFFICIAL_SAME_PERIOD,SYNTHETIC_DAILY_CALIBRATED_TO_PUBLIC_ANNUAL_REFERENCE
PROD-0001027,2023-01-21,Tirodi,Madhya Pradesh,Balaghat,21.685556,79.719167,305.91,303.24,1.35,0,0.0,OFFICIAL_ANNUAL_PLAN,OFFICIAL_SAME_PERIOD,SYNTHETIC_DAILY_CALIBRATED_TO_PUBLIC_ANNUAL_REFERENCE
PROD-0001028,2023-01-22,Tirodi,Madhya Pradesh,Balaghat,21.685556,79.719167,259.78,260.1,0.57,0,0.0,OFFICIAL_ANNUAL_PLAN,OFFICIAL_SAME_PERIOD,SYNTHETIC_DAILY_CALIBRATED_TO_PUBLIC_ANNUAL_REFERENCE
PROD-0001029,2023-01-23,Tirodi,Madhya Pradesh,Balaghat,21.685556,79.719167,326.08,325.59,0.37,0,0.0,OFFICIAL_ANNUAL_PLAN,OFFICIAL_SAME_PERIOD,SYNTHETIC_DAILY_CALIBRATED_TO_PUBLIC_ANNUAL_REFERENCE
PROD-0001030,2023-01-24,Tirodi,Madhya Pradesh,Balaghat,21.685556,79.719167,290.56,291.74,0.0,0,0.0,OFFICIAL_ANNUAL_PLAN,OFFICIAL_SAME_PERIOD,SYNTHETIC_DAILY_CALIBRATED_TO_PUBLIC_ANNUAL_REFERENCE
PROD-0001031,2023-01-25,Tirodi,Madhya Pradesh,Balaghat,21.685556,79.719167,291.27,288.36,0.24,38,0.0,OFFICIAL_ANNUAL_PLAN,OFFICIAL_SAME_PERIOD,SYNTHETIC_DAILY_CALIBRATED_TO_PUBLIC_ANNUAL_REFERENCE
PROD-0001032,2023-01-26,Tirodi,Madhya Pradesh,Balaghat,21.685556,79.719167,272.56,279.02,1.53,0,0.0,OFFICIAL_ANNUAL_PLAN,OFFICIAL_SAME_PERIOD,SYNTHETIC_DAILY_CALIBRATED_TO_PUBLIC_ANNUAL_REFERENCE
PROD-0001033,2023-01-27,Tirodi,Madhya Pradesh,Balaghat,21.685556,79.719167,309.1,307.72,0.0,0,0.0,OFFICIAL_ANNUAL_PLAN,OFFICIAL_SAME_PERIOD,SYNTHETIC_DAILY_CALIBRATED_TO_PUBLIC_ANNUAL_REFERENCE
PROD-0001034,2023-01-28,Tirodi,Madhya Pradesh,Balaghat,21.685556,79.719167,316.9,303.46,4.77,0,0.0,OFFICIAL_ANNUAL_PLAN,OFFICIAL_SAME_PERIOD,SYNTHETIC_DAILY_CALIBRATED_TO_PUBLIC_ANNUAL_REFERENCE
PROD-0001035,2023-01-29,Tirodi,Madhya Pradesh,Balaghat,21.685556,79.719167,274.41,276.64,2.36,0,0.0,OFFICIAL_ANNUAL_PLAN,OFFICIAL_SAME_PERIOD,SYNTHETIC_DAILY_CALIBRATED_TO_PUBLIC_ANNUAL_REFERENCE
PROD-0001036,2023-01-30,Tirodi,Madhya Pradesh,Balaghat,21.685556,79.719167,308.71,315.67,1.91,0,0.0,OFFICIAL_ANNUAL_PLAN,OFFICIAL_SAME_PERIOD,SYNTHETIC_DAILY_CALIBRATED_TO_PUBLIC_ANNUAL_REFERENCE
PROD-0001037,2023-01-31,Tirodi,Madhya Pradesh,Balaghat,21.685556,79.719167,307.2,313.51,0.67,0,0.0,OFFICIAL_ANNUAL_PLAN,OFFICIAL_SAME_PERIOD,SYNTHETIC_DAILY_CALIBRATED_TO_PUBLIC_ANNUAL_REFERENCE
PROD-0001038,2023-02-01,Tirodi,Madhya Pradesh,Balaghat,21.685556,79.719167,289.42,278.99,2.2,0,0.0,OFFICIAL_ANNUAL_PLAN,OFFICIAL_SAME_PERIOD,SYNTHETIC_DAILY_CALIBRATED_TO_PUBLIC_ANNUAL_REFERENCE
PROD-0001039,2023-02-02,Tirodi,Madhya Pradesh,Balaghat,21.685556,79.719167,295.05,292.33,0.0,0,0.0,OFFICIAL_ANNUAL_PLAN,OFFICIAL_SAME_PERIOD,SYNTHETIC_DAILY_CALIBRATED_TO_PUBLIC_ANNUAL_REFERENCE
PROD-0001040,2023-02-03,Tirodi,Madhya Pradesh,Balaghat,21.685556,79.719167,318.29,317.78,0.0,37,0.0,OFFICIAL_ANNUAL_PLAN,OFFICIAL_SAME_PERIOD,SYNTHETIC_DAILY_CALIBRATED_TO_PUBLIC_ANNUAL_REFERENCE
PROD-0001041,2023-02-04,Tirodi,Madhya Pradesh,Balaghat,21.685556,79.719167,299.74,284.39,3.94,0,0.0,OFFICIAL_ANNUAL_PLAN,OFFICIAL_SAME_PERIOD,SYNTHETIC_DAILY_CALIBRATED_TO_PUBLIC_ANNUAL_REFERENCE
PROD-0001042,2023-02-05,Tirodi,Madhya Pradesh,Balaghat,21.685556,79.719167,297.1,300.46,0.07,0,0.0,OFFICIAL_ANNUAL_PLAN,OFFICIAL_SAME_PERIOD,SYNTHETIC_DAILY_CALIBRATED_TO_PUBLIC_ANNUAL_REFERENCE
PROD-0001043,2023-02-06,Tirodi,Madhya Pradesh,Balaghat,21.685556,79.719167,313.68,320.65,2.03,0,0.0,OFFICIAL_ANNUAL_PLAN,OFFICIAL_SAME_PERIOD,SYNTHETIC_DAILY_CALIBRATED_TO_PUBLIC_ANNUAL_REFERENCE
PROD-0001044,2023-02-07,Tirodi,Madhya Pradesh,Balaghat,21.685556,79.719167,320.02,324.15,0.51,0,0.0,OFFICIAL_ANNUAL_PLAN,OFFICIAL_SAME_PERIOD,SYNTHETIC_DAILY_CALIBRATED_TO_PUBLIC_ANNUAL_REFERENCE
PROD-0001045,2023-02-08,Tirodi,Madhya Pradesh,Balaghat,21.685556,79.719167,308.73,323.71,0.0,0,0.0,OFFICIAL_ANNUAL_PLAN,OFFICIAL_SAME_PERIOD,SYNTHETIC_DAILY_CALIBRATED_TO_PUBLIC_ANNUAL_REFERENCE
PROD-0001046,2023-02-09,Tirodi,Madhya Pradesh,Balaghat,21.685556,79.719167,282.15,277.32,1.47,0,0.0,OFFICIAL_ANNUAL_PLAN,OFFICIAL_SAME_PERIOD,SYNTHETIC_DAILY_CALIBRATED_TO_PUBLIC_ANNUAL_REFERENCE
PROD-0001047,2023-02-10,Tirodi,Madhya Pradesh,Balaghat,21.685556,79.719167,295.01,302.97,0.0,0,0.0,OFFICIAL_ANNUAL_PLAN,OFFICIAL_SAME_PERIOD,SYNTHETIC_DAILY_CALIBRATED_TO_PUBLIC_ANNUAL_REFERENCE
PROD-0001048,2023-02-11,Tirodi,Madhya Pradesh,Balaghat,21.685556,79.719167,304.01,304.61,0.91,0,0.0,OFFICIAL_ANNUAL_PLAN,OFFICIAL_SAME_PERIOD,SYNTHETIC_DAILY_CALIBRATED_TO_PUBLIC_ANNUAL_REFERENCE
PROD-0001049,2023-02-12,Tirodi,Madhya Pradesh,Balaghat,21.685556,79.719167,322.1,325.7,0.84,0,0.0,OFFICIAL_ANNUAL_PLAN,OFFICIAL_SAME_PERIOD,SYNTHETIC_DAILY_CALIBRATED_TO_PUBLIC_ANNUAL_REFERENCE
PROD-0001050,2023-02-13,Tirodi,Madhya Pradesh,Balaghat,21.685556,79.719167,275.13,261.52,1.13,16,0.0,OFFICIAL_ANNUAL_PLAN,OFFICIAL_SAME_PERIOD,SYNTHETIC_DAILY_CALIBRATED_TO_PUBLIC_ANNUAL_REFERENCE
PROD-0001051,2023-02-14,Tirodi,Madhya Pradesh,Balaghat,21.685556,79.719167,317.9,288.38,4.17,0,7.15,OFFICIAL_ANNUAL_PLAN,OFFICIAL_SAME_PERIOD,SYNTHETIC_DAILY_CALIBRATED_TO_PUBLIC_ANNUAL_REFERENCE
PROD-0001052,2023-02-15,Tirodi,Madhya Pradesh,Balaghat,21.685556,79.719167,301.95,294.65,1.37,0,0.0,OFFICIAL_ANNUAL_PLAN,OFFICIAL_SAME_PERIOD,SYNTHETIC_DAILY_CALIBRATED_TO_PUBLIC_ANNUAL_REFERENCE
PROD-0001053,2023-02-16,Tirodi,Madhya Pradesh,Balaghat,21.685556,79.719167,289.5,299.71,0.87,0,0.0,OFFICIAL_ANNUAL_PLAN,OFFICIAL_SAME_PERIOD,SYNTHETIC_DAILY_CALIBRATED_TO_PUBLIC_ANNUAL_REFERENCE
PROD-0001054,2023-02-17,Tirodi,Madhya Pradesh,Balaghat,21.685556,79.719167,303.49,323.36,0.0,0,0.0,OFFICIAL_ANNUAL_PLAN,OFFICIAL_SAME_PERIOD,SYNTHETIC_DAILY_CALIBRATED_TO_PUBLIC_ANNUAL_REFERENCE
PROD-0001055,2023-02-18,Tirodi,Madhya Pradesh,Balaghat,21.685556,79.719167,272.99,283.54,0.0,0,0.0,OFFICIAL_ANNUAL_PLAN,OFFICIAL_SAME_PERIOD,SYNTHETIC_DAILY_CALIBRATED_TO_PUBLIC_ANNUAL_REFERENCE
PROD-0001056,2023-02-19,Tirodi,Madhya Pradesh,Balaghat,21.685556,79.719167,294.89,292.34,1.23,0,0.0,OFFICIAL_ANNUAL_PLAN,OFFICIAL_SAME_PERIOD,SYNTHETIC_DAILY_CALIBRATED_TO_PUBLIC_ANNUAL_REFERENCE
PROD-0001057,2023-02-20,Tirodi,Madhya Pradesh,Balaghat,21.685556,79.719167,285.25,295.29,0.0,0,0.0,OFFICIAL_ANNUAL_PLAN,OFFICIAL_SAME_PERIOD,SYNTHETIC_DAILY_CALIBRATED_TO_PUBLIC_ANNUAL_REFERENCE
PROD-0001058,2023-02-21,Tirodi,Madhya Pradesh,Balaghat,21.685556,79.719167,261.23,263.87,2.82,42,0.0,OFFICIAL_ANNUAL_PLAN,OFFICIAL_SAME_PERIOD,SYNTHETIC_DAILY_CALIBRATED_TO_PUBLIC_ANNUAL_REFERENCE
PROD-0001059,2023-02-22,Tirodi,Madhya Pradesh,Balaghat,21.685556,79.719167,320.43,305.76,3.19,0,0.0,OFFICIAL_ANNUAL_PLAN,OFFICIAL_SAME_PERIOD,SYNTHETIC_DAILY_CALIBRATED_TO_PUBLIC_ANNUAL_REFERENCE
PROD-0001060,2023-02-23,Tirodi,Madhya Pradesh,Balaghat,21.685556,79.719167,283.22,282.4,2.92,0,0.0,OFFICIAL_ANNUAL_PLAN,OFFICIAL_SAME_PERIOD,SYNTHETIC_DAILY_CALIBRATED_TO_PUBLIC_ANNUAL_REFERENCE
PROD-0001061,2023-02-24,Tirodi,Madhya Pradesh,Balaghat,21.685556,79.719167,327.29,333.59,0.06,0,4.31,OFFICIAL_ANNUAL_PLAN,OFFICIAL_SAME_PERIOD,SYNTHETIC_DAILY_CALIBRATED_TO_PUBLIC_ANNUAL_REFERENCE
PROD-0001062,2023-02-25,Tirodi,Madhya Pradesh,Balaghat,21.685556,79.719167,308.15,325.25,0.0,5,0.0,OFFICIAL_ANNUAL_PLAN,OFFICIAL_SAME_PERIOD,SYNTHETIC_DAILY_CALIBRATED_TO_PUBLIC_ANNUAL_REFERENCE
PROD-0001063,2023-02-26,Tirodi,Madhya Pradesh,Balaghat,21.685556,79.719167,284.86,299.73,0.0,0,0.0,OFFICIAL_ANNUAL_PLAN,OFFICIAL_SAME_PERIOD,SYNTHETIC_DAILY_CALIBRATED_TO_PUBLIC_ANNUAL_REFERENCE
PROD-0001064,2023-02-27,Tirodi,Madhya Pradesh,Balaghat,21.685556,79.719167,282.98,261.49,6.37,0,0.0,OFFICIAL_ANNUAL_PLAN,OFFICIAL_SAME_PERIOD,SYNTHETIC_DAILY_CALIBRATED_TO_PUBLIC_ANNUAL_REFERENCE
PROD-0001065,2023-02-28,Tirodi,Madhya Pradesh,Balaghat,21.685556,79.719167,287.35,266.88,3.42,0,0.0,OFFICIAL_ANNUAL_PLAN,OFFICIAL_SAME_PERIOD,SYNTHETIC_DAILY_CALIBRATED_TO_PUBLIC_ANNUAL_REFERENCE
PROD-0001066,2023-03-01,Tirodi,Madhya Pradesh,Balaghat,21.685556,79.719167,279.81,291.83,0.34,0,3.7,OFFICIAL_ANNUAL_PLAN,OFFICIAL_SAME_PERIOD,SYNTHETIC_DAILY_CALIBRATED_TO_PUBLIC_ANNUAL_REFERENCE
PROD-0001067,2023-03-02,Tirodi,Madhya Pradesh,Balaghat,21.685556,79.719167,271.11,280.76,0.0,0,0.0,OFFICIAL_ANNUAL_PLAN,OFFICIAL_SAME_PERIOD,SYNTHETIC_DAILY_CALIBRATED_TO_PUBLIC_ANNUAL_REFERENCE
PROD-0001068,2023-03-03,Tirodi,Madhya Pradesh,Balaghat,21.685556,79.719167,283.45,277.15,1.07,0,0.0,OFFICIAL_ANNUAL_PLAN,OFFICIAL_SAME_PERIOD,SYNTHETIC_DAILY_CALIBRATED_TO_PUBLIC_ANNUAL_REFERENCE
PROD-0001069,2023-03-04,Tirodi,Madhya Pradesh,Balaghat,21.685556,79.719167,263.53,269.5,2.46,0,0.0,OFFICIAL_ANNUAL_PLAN,OFFICIAL_SAME_PERIOD,SYNTHETIC_DAILY_CALIBRATED_TO_PUBLIC_ANNUAL_REFERENCE
PROD-0001070,2023-03-05,Tirodi,Madhya Pradesh,Balaghat,21.685556,79.719167,296.3,302.69,1.7,0,0.0,OFFICIAL_ANNUAL_PLAN,OFFICIAL_SAME_PERIOD,SYNTHETIC_DAILY_CALIBRATED_TO_PUBLIC_ANNUAL_REFERENCE
PROD-0001071,2023-03-06,Tirodi,Madhya Pradesh,Balaghat,21.685556,79.719167,335.07,321.0,4.0,0,0.0,OFFICIAL_ANNUAL_PLAN,OFFICIAL_SAME_PERIOD,SYNTHETIC_DAILY_CALIBRATED_TO_PUBLIC_ANNUAL_REFERENCE
PROD-0001072,2023-03-07,Tirodi,Madhya Pradesh,Balaghat,21.685556,79.719167,238.8,241.88,1.26,0,0.0,OFFICIAL_ANNUAL_PLAN,OFFICIAL_SAME_PERIOD,SYNTHETIC_DAILY_CALIBRATED_TO_PUBLIC_ANNUAL_REFERENCE
PROD-0001073,2023-03-08,Tirodi,Madhya Pradesh,Balaghat,21.685556,79.719167,324.04,322.38,2.07,0,0.0,OFFICIAL_ANNUAL_PLAN,OFFICIAL_SAME_PERIOD,SYNTHETIC_DAILY_CALIBRATED_TO_PUBLIC_ANNUAL_REFERENCE
PROD-0001074,2023-03-09,Tirodi,Madhya Pradesh,Balaghat,21.685556,79.719167,290.01,285.03,0.09,15,0.0,OFFICIAL_ANNUAL_PLAN,OFFICIAL_SAME_PERIOD,SYNTHETIC_DAILY_CALIBRATED_TO_PUBLIC_ANNUAL_REFERENCE
PROD-0001075,2023-03-10,Tirodi,Madhya Pradesh,Balaghat,21.685556,79.719167,320.02,336.74,0.08,0,5.1,OFFICIAL_ANNUAL_PLAN,OFFICIAL_SAME_PERIOD,SYNTHETIC_DAILY_CALIBRATED_TO_PUBLIC_ANNUAL_REFERENCE
PROD-0001076,2023-03-11,Tirodi,Madhya Pradesh,Balaghat,21.685556,79.719167,337.66,339.53,4.15,0,0.0,OFFICIAL_ANNUAL_PLAN,OFFICIAL_SAME_PERIOD,SYNTHETIC_DAILY_CALIBRATED_TO_PUBLIC_ANNUAL_REFERENCE
PROD-0001077,2023-03-12,Tirodi,Madhya Pradesh,Balaghat,21.685556,79.719167,293.59,302.81,0.0,0,0.0,OFFICIAL_ANNUAL_PLAN,OFFICIAL_SAME_PERIOD,SYNTHETIC_DAILY_CALIBRATED_TO_PUBLIC_ANNUAL_REFERENCE
PROD-0001078,2023-03-13,Tirodi,Madhya Pradesh,Balaghat,21.685556,79.719167,303.83,316.14,1.1,0,13.98,OFFICIAL_ANNUAL_PLAN,OFFICIAL_SAME_PERIOD,SYNTHETIC_DAILY_CALIBRATED_TO_PUBLIC_ANNUAL_REFERENCE
PROD-0001079,2023-03-14,Tirodi,Madhya Pradesh,Balaghat,21.685556,79.719167,302.63,289.04,1.29,0,16.31,OFFICIAL_ANNUAL_PLAN,OFFICIAL_SAME_PERIOD,SYNTHETIC_DAILY_CALIBRATED_TO_PUBLIC_ANNUAL_REFERENCE
PROD-0001080,2023-03-15,Tirodi,Madhya Pradesh,Balaghat,21.685556,79.719167,277.97,265.2,3.99,0,0.0,OFFICIAL_ANNUAL_PLAN,OFFICIAL_SAME_PERIOD,SYNTHETIC_DAILY_CALIBRATED_TO_PUBLIC_ANNUAL_REFERENCE
PROD-0001081,2023-03-16,Tirodi,Madhya Pradesh,Balaghat,21.685556,79.719167,316.41,311.36,0.0,0,0.0,OFFICIAL_ANNUAL_PLAN,OFFICIAL_SAME_PERIOD,SYNTHETIC_DAILY_CALIBRATED_TO_PUBLIC_ANNUAL_REFERENCE
PROD-0001082,2023-03-17,Tirodi,Madhya Pradesh,Balaghat,21.685556,79.719167,325.33,343.27,0.0,0,0.0,OFFICIAL_ANNUAL_PLAN,OFFICIAL_SAME_PERIOD,SYNTHETIC_DAILY_CALIBRATED_TO_PUBLIC_ANNUAL_REFERENCE
PROD-0001083,2023-03-18,Tirodi,Madhya Pradesh,Balaghat,21.685556,79.719167,290.11,291.86,5.96,0,0.0,OFFICIAL_ANNUAL_PLAN,OFFICIAL_SAME_PERIOD,SYNTHETIC_DAILY_CALIBRATED_TO_PUBLIC_ANNUAL_REFERENCE
PROD-0001084,2023-03-19,Tirodi,Madhya Pradesh,Balaghat,21.685556,79.719167,308.18,294.04,1.84,0,0.0,OFFICIAL_ANNUAL_PLAN,OFFICIAL_SAME_PERIOD,SYNTHETIC_DAILY_CALIBRATED_TO_PUBLIC_ANNUAL_REFERENCE
PROD-0001085,2023-03-20,Tirodi,Madhya Pradesh,Balaghat,21.685556,79.719167,307.89,313.49,1.66,0,0.0,OFFICIAL_ANNUAL_PLAN,OFFICIAL_SAME_PERIOD,SYNTHETIC_DAILY_CALIBRATED_TO_PUBLIC_ANNUAL_REFERENCE
PROD-0001086,2023-03-21,Tirodi,Madhya Pradesh,Balaghat,21.685556,79.719167,304.27,286.86,2.66,0,0.0,OFFICIAL_ANNUAL_PLAN,OFFICIAL_SAME_PERIOD,SYNTHETIC_DAILY_CALIBRATED_TO_PUBLIC_ANNUAL_REFERENCE
PROD-0001087,2023-03-22,Tirodi,Madhya Pradesh,Balaghat,21.685556,79.719167,252.44,263.07,0.0,0,0.0,OFFICIAL_ANNUAL_PLAN,OFFICIAL_SAME_PERIOD,SYNTHETIC_DAILY_CALIBRATED_TO_PUBLIC_ANNUAL_REFERENCE
PROD-0001088,2023-03-23,Tirodi,Madhya Pradesh,Balaghat,21.685556,79.719167,304.05,307.39,1.08,0,7.22,OFFICIAL_ANNUAL_PLAN,OFFICIAL_SAME_PERIOD,SYNTHETIC_DAILY_CALIBRATED_TO_PUBLIC_ANNUAL_REFERENCE
PROD-0001089,2023-03-24,Tirodi,Madhya Pradesh,Balaghat,21.685556,79.719167,257.5,266.6,0.0,0,0.0,OFFICIAL_ANNUAL_PLAN,OFFICIAL_SAME_PERIOD,SYNTHETIC_DAILY_CALIBRATED_TO_PUBLIC_ANNUAL_REFERENCE
PROD-0001090,2023-03-25,Tirodi,Madhya Pradesh,Balaghat,21.685556,79.719167,297.16,284.22,1.95,49,0.0,OFFICIAL_ANNUAL_PLAN,OFFICIAL_SAME_PERIOD,SYNTHETIC_DAILY_CALIBRATED_TO_PUBLIC_ANNUAL_REFERENCE
PROD-0001091,2023-03-26,Tirodi,Madhya Pradesh,Balaghat,21.685556,79.719167,298.93,292.57,0.0,0,0.0,OFFICIAL_ANNUAL_PLAN,OFFICIAL_SAME_PERIOD,SYNTHETIC_DAILY_CALIBRATED_TO_PUBLIC_ANNUAL_REFERENCE
PROD-0001092,2023-03-27,Tirodi,Madhya Pradesh,Balaghat,21.685556,79.719167,265.77,275.38,0.0,0,0.0,OFFICIAL_ANNUAL_PLAN,OFFICIAL_SAME_PERIOD,SYNTHETIC_DAILY_CALIBRATED_TO_PUBLIC_ANNUAL_REFERENCE
PROD-0001093,2023-03-28,Tirodi,Madhya Pradesh,Balaghat,21.685556,79.719167,287.12,284.3,0.0,33,0.0,OFFICIAL_ANNUAL_PLAN,OFFICIAL_SAME_PERIOD,SYNTHETIC_DAILY_CALIBRATED_TO_PUBLIC_ANNUAL_REFERENCE
PROD-0001094,2023-03-29,Tirodi,Madhya Pradesh,Balaghat,21.685556,79.719167,287.59,284.77,1.53,0,0.0,OFFICIAL_ANNUAL_PLAN,OFFICIAL_SAME_PERIOD,SYNTHETIC_DAILY_CALIBRATED_TO_PUBLIC_ANNUAL_REFERENCE
PROD-0001095,2023-03-30,Tirodi,Madhya Pradesh,Balaghat,21.685556,79.719167,270.0,276.85,0.66,0,0.0,OFFICIAL_ANNUAL_PLAN,OFFICIAL_SAME_PERIOD,SYNTHETIC_DAILY_CALIBRATED_TO_PUBLIC_ANNUAL_REFERENCE
PROD-0001096,2023-03-31,Tirodi,Madhya Pradesh,Balaghat,21.685556,79.719167,324.96999999999997,335.93,1.14,0,0.0,OFFICIAL_ANNUAL_PLAN,OFFICIAL_SAME_PERIOD,SYNTHETIC_DAILY_CALIBRATED_TO_PUBLIC_ANNUAL_REFERENCE
PROD-0001097,2020-04-01,Gumgaon,Maharashtra,Nagpur,21.407941,78.985706,149.84,112.96,0.56,0,0.0,OFFICIAL_ANNUAL_PLAN,OFFICIAL_SAME_PERIOD,SYNTHETIC_DAILY_CALIBRATED_TO_PUBLIC_ANNUAL_REFERENCE
PROD-0001098,2020-04-02,Gumgaon,Maharashtra,Nagpur,21.407941,78.985706,146.54,109.74,1.29,0,0.0,OFFICIAL_ANNUAL_PLAN,OFFICIAL_SAME_PERIOD,SYNTHETIC_DAILY_CALIBRATED_TO_PUBLIC_ANNUAL_REFERENCE
PROD-0001099,2020-04-03,Gumgaon,Maharashtra,Nagpur,21.407941,78.985706,141.57,105.97,0.0,0,0.0,OFFICIAL_ANNUAL_PLAN,OFFICIAL_SAME_PERIOD,SYNTHETIC_DAILY_CALIBRATED_TO_PUBLIC_ANNUAL_REFERENCE
PROD-0001100,2020-04-04,Gumgaon,Maharashtra,Nagpur,21.407941,78.985706,134.14,97.88,0.64,0,0.0,OFFICIAL_ANNUAL_PLAN,OFFICIAL_SAME_PERIOD,SYNTHETIC_DAILY_CALIBRATED_TO_PUBLIC_ANNUAL_REFERENCE
PROD-0001101,2020-04-05,Gumgaon,Maharashtra,Nagpur,21.407941,78.985706,151.68,114.36,0.0,0,0.0,OFFICIAL_ANNUAL_PLAN,OFFICIAL_SAME_PERIOD,SYNTHETIC_DAILY_CALIBRATED_TO_PUBLIC_ANNUAL_REFERENCE
PROD-0001102,2020-04-06,Gumgaon,Maharashtra,Nagpur,21.407941,78.985706,140.9,107.26,0.0,0,0.0,OFFICIAL_ANNUAL_PLAN,OFFICIAL_SAME_PERIOD,SYNTHETIC_DAILY_CALIBRATED_TO_PUBLIC_ANNUAL_REFERENCE
PROD-0001103,2020-04-07,Gumgaon,Maharashtra,Nagpur,21.407941,78.985706,136.3,99.69,2.86,0,0.0,OFFICIAL_ANNUAL_PLAN,OFFICIAL_SAME_PERIOD,SYNTHETIC_DAILY_CALIBRATED_TO_PUBLIC_ANNUAL_REFERENCE
PROD-0001104,2020-04-08,Gumgaon,Maharashtra,Nagpur,21.407941,78.985706,152.29,115.04,0.61,0,0.0,OFFICIAL_ANNUAL_PLAN,OFFICIAL_SAME_PERIOD,SYNTHETIC_DAILY_CALIBRATED_TO_PUBLIC_ANNUAL_REFERENCE
PROD-0001105,2020-04-09,Gumgaon,Maharashtra,Nagpur,21.407941,78.985706,143.77,109.25,0.79,0,8.71,OFFICIAL_ANNUAL_PLAN,OFFICIAL_SAME_PERIOD,SYNTHETIC_DAILY_CALIBRATED_TO_PUBLIC_ANNUAL_REFERENCE
PROD-0001106,2020-04-10,Gumgaon,Maharashtra,Nagpur,21.407941,78.985706,152.88,119.24,0.0,0,0.0,OFFICIAL_ANNUAL_PLAN,OFFICIAL_SAME_PERIOD,SYNTHETIC_DAILY_CALIBRATED_TO_PUBLIC_ANNUAL_REFERENCE
PROD-0001107,2020-04-11,Gumgaon,Maharashtra,Nagpur,21.407941,78.985706,139.35,100.96,1.19,0,0.0,OFFICIAL_ANNUAL_PLAN,OFFICIAL_SAME_PERIOD,SYNTHETIC_DAILY_CALIBRATED_TO_PUBLIC_ANNUAL_REFERENCE
PROD-0001108,2020-04-12,Gumgaon,Maharashtra,Nagpur,21.407941,78.985706,141.79,101.49,2.5,0,0.0,OFFICIAL_ANNUAL_PLAN,OFFICIAL_SAME_PERIOD,SYNTHETIC_DAILY_CALIBRATED_TO_PUBLIC_ANNUAL_REFERENCE
PROD-0001109,2020-04-13,Gumgaon,Maharashtra,Nagpur,21.407941,78.985706,138.64,103.8,0.0,0,0.0,OFFICIAL_ANNUAL_PLAN,OFFICIAL_SAME_PERIOD,SYNTHETIC_DAILY_CALIBRATED_TO_PUBLIC_ANNUAL_REFERENCE
PROD-0001110,2020-04-14,Gumgaon,Maharashtra,Nagpur,21.407941,78.985706,148.82,105.68,4.73,0,0.0,OFFICIAL_ANNUAL_PLAN,OFFICIAL_SAME_PERIOD,SYNTHETIC_DAILY_CALIBRATED_TO_PUBLIC_ANNUAL_REFERENCE
PROD-0001111,2020-04-15,Gumgaon,Maharashtra,Nagpur,21.407941,78.985706,136.03,104.86,0.0,0,0.0,OFFICIAL_ANNUAL_PLAN,OFFICIAL_SAME_PERIOD,SYNTHETIC_DAILY_CALIBRATED_TO_PUBLIC_ANNUAL_REFERENCE
PROD-0001112,2020-04-16,Gumgaon,Maharashtra,Nagpur,21.407941,78.985706,141.52,103.0,0.7,0,0.0,OFFICIAL_ANNUAL_PLAN,OFFICIAL_SAME_PERIOD,SYNTHETIC_DAILY_CALIBRATED_TO_PUBLIC_ANNUAL_REFERENCE
PROD-0001113,2020-04-17,Gumgaon,Maharashtra,Nagpur,21.407941,78.985706,146.97,111.12,1.47,0,0.0,OFFICIAL_ANNUAL_PLAN,OFFICIAL_SAME_PERIOD,SYNTHETIC_DAILY_CALIBRATED_TO_PUBLIC_ANNUAL_REFERENCE
PROD-0001114,2020-04-18,Gumgaon,Maharashtra,Nagpur,21.407941,78.985706,146.32,107.27,0.0,88,0.0,OFFICIAL_ANNUAL_PLAN,OFFICIAL_SAME_PERIOD,SYNTHETIC_DAILY_CALIBRATED_TO_PUBLIC_ANNUAL_REFERENCE
PROD-0001115,2020-04-19,Gumgaon,Maharashtra,Nagpur,21.407941,78.985706,143.04,106.95,0.35,0,0.0,OFFICIAL_ANNUAL_PLAN,OFFICIAL_SAME_PERIOD,SYNTHETIC_DAILY_CALIBRATED_TO_PUBLIC_ANNUAL_REFERENCE
PROD-0001116,2020-04-20,Gumgaon,Maharashtra,Nagpur,21.407941,78.985706,137.71,99.54,6.22,0,0.0,OFFICIAL_ANNUAL_PLAN,OFFICIAL_SAME_PERIOD,SYNTHETIC_DAILY_CALIBRATED_TO_PUBLIC_ANNUAL_REFERENCE
PROD-0001117,2020-04-21,Gumgaon,Maharashtra,Nagpur,21.407941,78.985706,136.38,101.08,1.45,0,0.0,OFFICIAL_ANNUAL_PLAN,OFFICIAL_SAME_PERIOD,SYNTHETIC_DAILY_CALIBRATED_TO_PUBLIC_ANNUAL_REFERENCE
PROD-0001118,2020-04-22,Gumgaon,Maharashtra,Nagpur,21.407941,78.985706,141.03,104.48,1.41,0,0.0,OFFICIAL_ANNUAL_PLAN,OFFICIAL_SAME_PERIOD,SYNTHETIC_DAILY_CALIBRATED_TO_PUBLIC_ANNUAL_REFERENCE
PROD-0001119,2020-04-23,Gumgaon,Maharashtra,Nagpur,21.407941,78.985706,158.35,115.15,2.79,0,0.0,OFFICIAL_ANNUAL_PLAN,OFFICIAL_SAME_PERIOD,SYNTHETIC_DAILY_CALIBRATED_TO_PUBLIC_ANNUAL_REFERENCE
PROD-0001120,2020-04-24,Gumgaon,Maharashtra,Nagpur,21.407941,78.985706,129.96,93.5,3.48,0,3.47,OFFICIAL_ANNUAL_PLAN,OFFICIAL_SAME_PERIOD,SYNTHETIC_DAILY_CALIBRATED_TO_PUBLIC_ANNUAL_REFERENCE
PROD-0001121,2020-04-25,Gumgaon,Maharashtra,Nagpur,21.407941,78.985706,132.49,97.62,0.0,0,0.0,OFFICIAL_ANNUAL_PLAN,OFFICIAL_SAME_PERIOD,SYNTHETIC_DAILY_CALIBRATED_TO_PUBLIC_ANNUAL_REFERENCE
PROD-0001122,2020-04-26,Gumgaon,Maharashtra,Nagpur,21.407941,78.985706,156.31,120.46,0.12,0,7.7,OFFICIAL_ANNUAL_PLAN,OFFICIAL_SAME_PERIOD,SYNTHETIC_DAILY_CALIBRATED_TO_PUBLIC_ANNUAL_REFERENCE
PROD-0001123,2020-04-27,Gumgaon,Maharashtra,Nagpur,21.407941,78.985706,157.4,106.7,5.05,0,7.14,OFFICIAL_ANNUAL_PLAN,OFFICIAL_SAME_PERIOD,SYNTHETIC_DAILY_CALIBRATED_TO_PUBLIC_ANNUAL_REFERENCE
PROD-0001124,2020-04-28,Gumgaon,Maharashtra,Nagpur,21.407941,78.985706,143.27,105.81,2.41,0,0.0,OFFICIAL_ANNUAL_PLAN,OFFICIAL_SAME_PERIOD,SYNTHETIC_DAILY_CALIBRATED_TO_PUBLIC_ANNUAL_REFERENCE
PROD-0001125,2020-04-29,Gumgaon,Maharashtra,Nagpur,21.407941,78.985706,170.76,129.76,0.0,0,0.0,OFFICIAL_ANNUAL_PLAN,OFFICIAL_SAME_PERIOD,SYNTHETIC_DAILY_CALIBRATED_TO_PUBLIC_ANNUAL_REFERENCE
PROD-0001126,2020-04-30,Gumgaon,Maharashtra,Nagpur,21.407941,78.985706,151.61,110.86,1.26,0,0.0,OFFICIAL_ANNUAL_PLAN,OFFICIAL_SAME_PERIOD,SYNTHETIC_DAILY_CALIBRATED_TO_PUBLIC_ANNUAL_REFERENCE
PROD-0001127,2020-05-01,Gumgaon,Maharashtra,Nagpur,21.407941,78.985706,139.14,100.41,0.18,0,0.0,OFFICIAL_ANNUAL_PLAN,OFFICIAL_SAME_PERIOD,SYNTHETIC_DAILY_CALIBRATED_TO_PUBLIC_ANNUAL_REFERENCE
PROD-0001128,2020-05-02,Gumgaon,Maharashtra,Nagpur,21.407941,78.985706,154.4,115.21,0.0,0,0.0,OFFICIAL_ANNUAL_PLAN,OFFICIAL_SAME_PERIOD,SYNTHETIC_DAILY_CALIBRATED_TO_PUBLIC_ANNUAL_REFERENCE
PROD-0001129,2020-05-03,Gumgaon,Maharashtra,Nagpur,21.407941,78.985706,132.08,93.05,1.67,0,0.0,OFFICIAL_ANNUAL_PLAN,OFFICIAL_SAME_PERIOD,SYNTHETIC_DAILY_CALIBRATED_TO_PUBLIC_ANNUAL_REFERENCE
PROD-0001130,2020-05-04,Gumgaon,Maharashtra,Nagpur,21.407941,78.985706,138.32,106.73,0.26,0,0.0,OFFICIAL_ANNUAL_PLAN,OFFICIAL_SAME_PERIOD,SYNTHETIC_DAILY_CALIBRATED_TO_PUBLIC_ANNUAL_REFERENCE
PROD-0001131,2020-05-05,Gumgaon,Maharashtra,Nagpur,21.407941,78.985706,131.92,100.16,0.0,0,0.0,OFFICIAL_ANNUAL_PLAN,OFFICIAL_SAME_PERIOD,SYNTHETIC_DAILY_CALIBRATED_TO_PUBLIC_ANNUAL_REFERENCE
PROD-0001132,2020-05-06,Gumgaon,Maharashtra,Nagpur,21.407941,78.985706,145.41,108.59,0.04,40,2.75,OFFICIAL_ANNUAL_PLAN,OFFICIAL_SAME_PERIOD,SYNTHETIC_DAILY_CALIBRATED_TO_PUBLIC_ANNUAL_REFERENCE
PROD-0001133,2020-05-07,Gumgaon,Maharashtra,Nagpur,21.407941,78.985706,171.8,125.89,0.6,0,0.0,OFFICIAL_ANNUAL_PLAN,OFFICIAL_SAME_PERIOD,SYNTHETIC_DAILY_CALIBRATED_TO_PUBLIC_ANNUAL_REFERENCE
PROD-0001134,2020-05-08,Gumgaon,Maharashtra,Nagpur,21.407941,78.985706,146.09,104.38,3.19,0,0.0,OFFICIAL_ANNUAL_PLAN,OFFICIAL_SAME_PERIOD,SYNTHETIC_DAILY_CALIBRATED_TO_PUBLIC_ANNUAL_REFERENCE
PROD-0001135,2020-05-09,Gumgaon,Maharashtra,Nagpur,21.407941,78.985706,144.11,105.43,2.19,0,0.0,OFFICIAL_ANNUAL_PLAN,OFFICIAL_SAME_PERIOD,SYNTHETIC_DAILY_CALIBRATED_TO_PUBLIC_ANNUAL_REFERENCE
PROD-0001136,2020-05-10,Gumgaon,Maharashtra,Nagpur,21.407941,78.985706,168.24,124.88,1.01,0,8.94,OFFICIAL_ANNUAL_PLAN,OFFICIAL_SAME_PERIOD,SYNTHETIC_DAILY_CALIBRATED_TO_PUBLIC_ANNUAL_REFERENCE
PROD-0001137,2020-05-11,Gumgaon,Maharashtra,Nagpur,21.407941,78.985706,147.48,111.25,0.1,0,6.9,OFFICIAL_ANNUAL_PLAN,OFFICIAL_SAME_PERIOD,SYNTHETIC_DAILY_CALIBRATED_TO_PUBLIC_ANNUAL_REFERENCE
PROD-0001138,2020-05-12,Gumgaon,Maharashtra,Nagpur,21.407941,78.985706,141.07,102.74,5.04,0,0.0,OFFICIAL_ANNUAL_PLAN,OFFICIAL_SAME_PERIOD,SYNTHETIC_DAILY_CALIBRATED_TO_PUBLIC_ANNUAL_REFERENCE
PROD-0001139,2020-05-13,Gumgaon,Maharashtra,Nagpur,21.407941,78.985706,143.2,103.4,0.97,0,0.0,OFFICIAL_ANNUAL_PLAN,OFFICIAL_SAME_PERIOD,SYNTHETIC_DAILY_CALIBRATED_TO_PUBLIC_ANNUAL_REFERENCE
PROD-0001140,2020-05-14,Gumgaon,Maharashtra,Nagpur,21.407941,78.985706,145.93,95.72,1.96,53,8.87,OFFICIAL_ANNUAL_PLAN,OFFICIAL_SAME_PERIOD,SYNTHETIC_DAILY_CALIBRATED_TO_PUBLIC_ANNUAL_REFERENCE
PROD-0001141,2020-05-15,Gumgaon,Maharashtra,Nagpur,21.407941,78.985706,141.74,100.91,0.19,0,0.0,OFFICIAL_ANNUAL_PLAN,OFFICIAL_SAME_PERIOD,SYNTHETIC_DAILY_CALIBRATED_TO_PUBLIC_ANNUAL_REFERENCE
PROD-0001142,2020-05-16,Gumgaon,Maharashtra,Nagpur,21.407941,78.985706,138.22,105.56,0.67,0,0.0,OFFICIAL_ANNUAL_PLAN,OFFICIAL_SAME_PERIOD,SYNTHETIC_DAILY_CALIBRATED_TO_PUBLIC_ANNUAL_REFERENCE
PROD-0001143,2020-05-17,Gumgaon,Maharashtra,Nagpur,21.407941,78.985706,146.84,107.85,1.02,44,0.0,OFFICIAL_ANNUAL_PLAN,OFFICIAL_SAME_PERIOD,SYNTHETIC_DAILY_CALIBRATED_TO_PUBLIC_ANNUAL_REFERENCE
PROD-0001144,2020-05-18,Gumgaon,Maharashtra,Nagpur,21.407941,78.985706,156.5,115.47,0.0,0,0.0,OFFICIAL_ANNUAL_PLAN,OFFICIAL_SAME_PERIOD,SYNTHETIC_DAILY_CALIBRATED_TO_PUBLIC_ANNUAL_REFERENCE
PROD-0001145,2020-05-19,Gumgaon,Maharashtra,Nagpur,21.407941,78.985706,138.31,99.58,1.4,0,0.0,OFFICIAL_ANNUAL_PLAN,OFFICIAL_SAME_PERIOD,SYNTHETIC_DAILY_CALIBRATED_TO_PUBLIC_ANNUAL_REFERENCE
PROD-0001146,2020-05-20,Gumgaon,Maharashtra,Nagpur,21.407941,78.985706,152.98,108.36,2.62,0,6.27,OFFICIAL_ANNUAL_PLAN,OFFICIAL_SAME_PERIOD,SYNTHETIC_DAILY_CALIBRATED_TO_PUBLIC_ANNUAL_REFERENCE
PROD-0001147,2020-05-21,Gumgaon,Maharashtra,Nagpur,21.407941,78.985706,149.04,102.69,5.08,0,19.27,OFFICIAL_ANNUAL_PLAN,OFFICIAL_SAME_PERIOD,SYNTHETIC_DAILY_CALIBRATED_TO_PUBLIC_ANNUAL_REFERENCE
PROD-0001148,2020-05-22,Gumgaon,Maharashtra,Nagpur,21.407941,78.985706,159.32,112.09,2.41,61,20.59,OFFICIAL_ANNUAL_PLAN,OFFICIAL_SAME_PERIOD,SYNTHETIC_DAILY_CALIBRATED_TO_PUBLIC_ANNUAL_REFERENCE
PROD-0001149,2020-05-23,Gumgaon,Maharashtra,Nagpur,21.407941,78.985706,164.74,124.96,0.0,0,0.0,OFFICIAL_ANNUAL_PLAN,OFFICIAL_SAME_PERIOD,SYNTHETIC_DAILY_CALIBRATED_TO_PUBLIC_ANNUAL_REFERENCE
PROD-0001150,2020-05-24,Gumgaon,Maharashtra,Nagpur,21.407941,78.985706,140.95,108.13,0.87,0,0.0,OFFICIAL_ANNUAL_PLAN,OFFICIAL_SAME_PERIOD,SYNTHETIC_DAILY_CALIBRATED_TO_PUBLIC_ANNUAL_REFERENCE
PROD-0001151,2020-05-25,Gumgaon,Maharashtra,Nagpur,21.407941,78.985706,147.19,104.87,0.93,0,0.0,OFFICIAL_ANNUAL_PLAN,OFFICIAL_SAME_PERIOD,SYNTHETIC_DAILY_CALIBRATED_TO_PUBLIC_ANNUAL_REFERENCE
PROD-0001152,2020-05-26,Gumgaon,Maharashtra,Nagpur,21.407941,78.985706,153.17,108.96,5.74,0,0.0,OFFICIAL_ANNUAL_PLAN,OFFICIAL_SAME_PERIOD,SYNTHETIC_DAILY_CALIBRATED_TO_PUBLIC_ANNUAL_REFERENCE
PROD-0001153,2020-05-27,Gumgaon,Maharashtra,Nagpur,21.407941,78.985706,156.14,121.44,0.0,61,0.0,OFFICIAL_ANNUAL_PLAN,OFFICIAL_SAME_PERIOD,SYNTHETIC_DAILY_CALIBRATED_TO_PUBLIC_ANNUAL_REFERENCE
PROD-0001154,2020-05-28,Gumgaon,Maharashtra,Nagpur,21.407941,78.985706,139.17,102.11,0.18,0,12.21,OFFICIAL_ANNUAL_PLAN,OFFICIAL_SAME_PERIOD,SYNTHETIC_DAILY_CALIBRATED_TO_PUBLIC_ANNUAL_REFERENCE
PROD-0001155,2020-05-29,Gumgaon,Maharashtra,Nagpur,21.407941,78.985706,146.48,102.2,2.05,0,0.0,OFFICIAL_ANNUAL_PLAN,OFFICIAL_SAME_PERIOD,SYNTHETIC_DAILY_CALIBRATED_TO_PUBLIC_ANNUAL_REFERENCE
PROD-0001156,2020-05-30,Gumgaon,Maharashtra,Nagpur,21.407941,78.985706,124.89,93.47,0.42,0,0.0,OFFICIAL_ANNUAL_PLAN,OFFICIAL_SAME_PERIOD,SYNTHETIC_DAILY_CALIBRATED_TO_PUBLIC_ANNUAL_REFERENCE
PROD-0001157,2020-05-31,Gumgaon,Maharashtra,Nagpur,21.407941,78.985706,138.82,100.79,2.24,0,0.0,OFFICIAL_ANNUAL_PLAN,OFFICIAL_SAME_PERIOD,SYNTHETIC_DAILY_CALIBRATED_TO_PUBLIC_ANNUAL_REFERENCE
PROD-0001158,2020-06-01,Gumgaon,Maharashtra,Nagpur,21.407941,78.985706,146.96,106.08,2.62,49,0.0,OFFICIAL_ANNUAL_PLAN,OFFICIAL_SAME_PERIOD,SYNTHETIC_DAILY_CALIBRATED_TO_PUBLIC_ANNUAL_REFERENCE
PROD-0001159,2020-06-02,Gumgaon,Maharashtra,Nagpur,21.407941,78.985706,148.96,106.09,1.57,0,36.58,OFFICIAL_ANNUAL_PLAN,OFFICIAL_SAME_PERIOD,SYNTHETIC_DAILY_CALIBRATED_TO_PUBLIC_ANNUAL_REFERENCE
PROD-0001160,2020-06-03,Gumgaon,Maharashtra,Nagpur,21.407941,78.985706,143.86,102.94,0.51,0,34.17,OFFICIAL_ANNUAL_PLAN,OFFICIAL_SAME_PERIOD,SYNTHETIC_DAILY_CALIBRATED_TO_PUBLIC_ANNUAL_REFERENCE
PROD-0001161,2020-06-04,Gumgaon,Maharashtra,Nagpur,21.407941,78.985706,152.2,111.45,0.47,0,31.05,OFFICIAL_ANNUAL_PLAN,OFFICIAL_SAME_PERIOD,SYNTHETIC_DAILY_CALIBRATED_TO_PUBLIC_ANNUAL_REFERENCE
PROD-0001162,2020-06-05,Gumgaon,Maharashtra,Nagpur,21.407941,78.985706,146.55,93.95,6.16,64,33.18,OFFICIAL_ANNUAL_PLAN,OFFICIAL_SAME_PERIOD,SYNTHETIC_DAILY_CALIBRATED_TO_PUBLIC_ANNUAL_REFERENCE
PROD-0001163,2020-06-06,Gumgaon,Maharashtra,Nagpur,21.407941,78.985706,153.07,107.68,1.43,43,95.1,OFFICIAL_ANNUAL_PLAN,OFFICIAL_SAME_PERIOD,SYNTHETIC_DAILY_CALIBRATED_TO_PUBLIC_ANNUAL_REFERENCE
PROD-0001164,2020-06-07,Gumgaon,Maharashtra,Nagpur,21.407941,78.985706,140.27,106.68,0.0,0,0.0,OFFICIAL_ANNUAL_PLAN,OFFICIAL_SAME_PERIOD,SYNTHETIC_DAILY_CALIBRATED_TO_PUBLIC_ANNUAL_REFERENCE
PROD-0001165,2020-06-08,Gumgaon,Maharashtra,Nagpur,21.407941,78.985706,133.23,95.02,2.19,17,20.18,OFFICIAL_ANNUAL_PLAN,OFFICIAL_SAME_PERIOD,SYNTHETIC_DAILY_CALIBRATED_TO_PUBLIC_ANNUAL_REFERENCE
PROD-0001166,2020-06-09,Gumgaon,Maharashtra,Nagpur,21.407941,78.985706,147.29,108.0,0.71,0,0.0,OFFICIAL_ANNUAL_PLAN,OFFICIAL_SAME_PERIOD,SYNTHETIC_DAILY_CALIBRATED_TO_PUBLIC_ANNUAL_REFERENCE
PROD-0001167,2020-06-10,Gumgaon,Maharashtra,Nagpur,21.407941,78.985706,143.39,101.38,4.18,0,0.0,OFFICIAL_ANNUAL_PLAN,OFFICIAL_SAME_PERIOD,SYNTHETIC_DAILY_CALIBRATED_TO_PUBLIC_ANNUAL_REFERENCE
PROD-0001168,2020-06-11,Gumgaon,Maharashtra,Nagpur,21.407941,78.985706,160.19,118.59,1.0,0,0.0,OFFICIAL_ANNUAL_PLAN,OFFICIAL_SAME_PERIOD,SYNTHETIC_DAILY_CALIBRATED_TO_PUBLIC_ANNUAL_REFERENCE
PROD-0001169,2020-06-12,Gumgaon,Maharashtra,Nagpur,21.407941,78.985706,140.59,100.7,4.05,0,3.97,OFFICIAL_ANNUAL_PLAN,OFFICIAL_SAME_PERIOD,SYNTHETIC_DAILY_CALIBRATED_TO_PUBLIC_ANNUAL_REFERENCE
PROD-0001170,2020-06-13,Gumgaon,Maharashtra,Nagpur,21.407941,78.985706,135.35,96.94,2.55,0,5.11,OFFICIAL_ANNUAL_PLAN,OFFICIAL_SAME_PERIOD,SYNTHETIC_DAILY_CALIBRATED_TO_PUBLIC_ANNUAL_REFERENCE
PROD-0001171,2020-06-14,Gumgaon,Maharashtra,Nagpur,21.407941,78.985706,136.87,101.35,1.53,0,0.0,OFFICIAL_ANNUAL_PLAN,OFFICIAL_SAME_PERIOD,SYNTHETIC_DAILY_CALIBRATED_TO_PUBLIC_ANNUAL_REFERENCE
PROD-0001172,2020-06-15,Gumgaon,Maharashtra,Nagpur,21.407941,78.985706,133.02,100.63,0.0,0,0.0,OFFICIAL_ANNUAL_PLAN,OFFICIAL_SAME_PERIOD,SYNTHETIC_DAILY_CALIBRATED_TO_PUBLIC_ANNUAL_REFERENCE
PROD-0001173,2020-06-16,Gumgaon,Maharashtra,Nagpur,21.407941,78.985706,159.38,114.56,2.07,33,39.52,OFFICIAL_ANNUAL_PLAN,OFFICIAL_SAME_PERIOD,SYNTHETIC_DAILY_CALIBRATED_TO_PUBLIC_ANNUAL_REFERENCE
PROD-0001174,2020-06-17,Gumgaon,Maharashtra,Nagpur,21.407941,78.985706,148.42,99.83,6.4,0,22.01,OFFICIAL_ANNUAL_PLAN,OFFICIAL_SAME_PERIOD,SYNTHETIC_DAILY_CALIBRATED_TO_PUBLIC_ANNUAL_REFERENCE
PROD-0001175,2020-06-18,Gumgaon,Maharashtra,Nagpur,21.407941,78.985706,125.89,96.56,0.25,29,0.0,OFFICIAL_ANNUAL_PLAN,OFFICIAL_SAME_PERIOD,SYNTHETIC_DAILY_CALIBRATED_TO_PUBLIC_ANNUAL_REFERENCE
PROD-0001176,2020-06-19,Gumgaon,Maharashtra,Nagpur,21.407941,78.985706,136.73,106.29,0.11,0,7.23,OFFICIAL_ANNUAL_PLAN,OFFICIAL_SAME_PERIOD,SYNTHETIC_DAILY_CALIBRATED_TO_PUBLIC_ANNUAL_REFERENCE
PROD-0001177,2020-06-20,Gumgaon,Maharashtra,Nagpur,21.407941,78.985706,148.94,105.95,1.95,0,12.77,OFFICIAL_ANNUAL_PLAN,OFFICIAL_SAME_PERIOD,SYNTHETIC_DAILY_CALIBRATED_TO_PUBLIC_ANNUAL_REFERENCE
PROD-0001178,2020-06-21,Gumgaon,Maharashtra,Nagpur,21.407941,78.985706,143.68,109.41,0.44,0,0.0,OFFICIAL_ANNUAL_PLAN,OFFICIAL_SAME_PERIOD,SYNTHETIC_DAILY_CALIBRATED_TO_PUBLIC_ANNUAL_REFERENCE
PROD-0001179,2020-06-22,Gumgaon,Maharashtra,Nagpur,21.407941,78.985706,166.67,121.33,3.88,30,20.42,OFFICIAL_ANNUAL_PLAN,OFFICIAL_SAME_PERIOD,SYNTHETIC_DAILY_CALIBRATED_TO_PUBLIC_ANNUAL_REFERENCE
PROD-0001180,2020-06-23,Gumgaon,Maharashtra,Nagpur,21.407941,78.985706,144.94,102.69,0.76,0,28.82,OFFICIAL_ANNUAL_PLAN,OFFICIAL_SAME_PERIOD,SYNTHETIC_DAILY_CALIBRATED_TO_PUBLIC_ANNUAL_REFERENCE
PROD-0001181,2020-06-24,Gumgaon,Maharashtra,Nagpur,21.407941,78.985706,148.48,106.12,1.05,0,69.73,OFFICIAL_ANNUAL_PLAN,OFFICIAL_SAME_PERIOD,SYNTHETIC_DAILY_CALIBRATED_TO_PUBLIC_ANNUAL_REFERENCE
PROD-0001182,2020-06-25,Gumgaon,Maharashtra,Nagpur,21.407941,78.985706,159.26,112.07,0.0,84,0.0,OFFICIAL_ANNUAL_PLAN,OFFICIAL_SAME_PERIOD,SYNTHETIC_DAILY_CALIBRATED_TO_PUBLIC_ANNUAL_REFERENCE
PROD-0001183,2020-06-26,Gumgaon,Maharashtra,Nagpur,21.407941,78.985706,152.6,114.49,1.16,0,0.0,OFFICIAL_ANNUAL_PLAN,OFFICIAL_SAME_PERIOD,SYNTHETIC_DAILY_CALIBRATED_TO_PUBLIC_ANNUAL_REFERENCE
PROD-0001184,2020-06-27,Gumgaon,Maharashtra,Nagpur,21.407941,78.985706,143.56,103.19,2.16,0,38.2,OFFICIAL_ANNUAL_PLAN,OFFICIAL_SAME_PERIOD,SYNTHETIC_DAILY_CALIBRATED_TO_PUBLIC_ANNUAL_REFERENCE
PROD-0001185,2020-06-28,Gumgaon,Maharashtra,Nagpur,21.407941,78.985706,158.41,120.4,0.25,0,16.46,OFFICIAL_ANNUAL_PLAN,OFFICIAL_SAME_PERIOD,SYNTHETIC_DAILY_CALIBRATED_TO_PUBLIC_ANNUAL_REFERENCE
PROD-0001186,2020-06-29,Gumgaon,Maharashtra,Nagpur,21.407941,78.985706,147.07,110.58,2.34,0,0.0,OFFICIAL_ANNUAL_PLAN,OFFICIAL_SAME_PERIOD,SYNTHETIC_DAILY_CALIBRATED_TO_PUBLIC_ANNUAL_REFERENCE
PROD-0001187,2020-06-30,Gumgaon,Maharashtra,Nagpur,21.407941,78.985706,149.35,103.58,4.26,0,17.21,OFFICIAL_ANNUAL_PLAN,OFFICIAL_SAME_PERIOD,SYNTHETIC_DAILY_CALIBRATED_TO_PUBLIC_ANNUAL_REFERENCE
PROD-0001188,2020-07-01,Gumgaon,Maharashtra,Nagpur,21.407941,78.985706,147.41,107.59,1.42,0,4.14,OFFICIAL_ANNUAL_PLAN,OFFICIAL_SAME_PERIOD,SYNTHETIC_DAILY_CALIBRATED_TO_PUBLIC_ANNUAL_REFERENCE
PROD-0001189,2020-07-02,Gumgaon,Maharashtra,Nagpur,21.407941,78.985706,147.89,108.6,0.98,0,0.0,OFFICIAL_ANNUAL_PLAN,OFFICIAL_SAME_PERIOD,SYNTHETIC_DAILY_CALIBRATED_TO_PUBLIC_ANNUAL_REFERENCE
PROD-0001190,2020-07-03,Gumgaon,Maharashtra,Nagpur,21.407941,78.985706,146.94,111.07,0.0,0,0.0,OFFICIAL_ANNUAL_PLAN,OFFICIAL_SAME_PERIOD,SYNTHETIC_DAILY_CALIBRATED_TO_PUBLIC_ANNUAL_REFERENCE
PROD-0001191,2020-07-04,Gumgaon,Maharashtra,Nagpur,21.407941,78.985706,152.26,113.64,0.11,0,7.39,OFFICIAL_ANNUAL_PLAN,OFFICIAL_SAME_PERIOD,SYNTHETIC_DAILY_CALIBRATED_TO_PUBLIC_ANNUAL_REFERENCE
PROD-0001192,2020-07-05,Gumgaon,Maharashtra,Nagpur,21.407941,78.985706,120.62,87.76,0.4,0,26.74,OFFICIAL_ANNUAL_PLAN,OFFICIAL_SAME_PERIOD,SYNTHETIC_DAILY_CALIBRATED_TO_PUBLIC_ANNUAL_REFERENCE
PROD-0001193,2020-07-06,Gumgaon,Maharashtra,Nagpur,21.407941,78.985706,137.37,104.06,0.29,0,19.27,OFFICIAL_ANNUAL_PLAN,OFFICIAL_SAME_PERIOD,SYNTHETIC_DAILY_CALIBRATED_TO_PUBLIC_ANNUAL_REFERENCE
PROD-0001194,2020-07-07,Gumgaon,Maharashtra,Nagpur,21.407941,78.985706,145.0,103.79,2.68,0,0.0,OFFICIAL_ANNUAL_PLAN,OFFICIAL_SAME_PERIOD,SYNTHETIC_DAILY_CALIBRATED_TO_PUBLIC_ANNUAL_REFERENCE
PROD-0001195,2020-07-08,Gumgaon,Maharashtra,Nagpur,21.407941,78.985706,141.05,104.33,2.11,0,10.61,OFFICIAL_ANNUAL_PLAN,OFFICIAL_SAME_PERIOD,SYNTHETIC_DAILY_CALIBRATED_TO_PUBLIC_ANNUAL_REFERENCE
PROD-0001196,2020-07-09,Gumgaon,Maharashtra,Nagpur,21.407941,78.985706,135.56,101.94,0.35,0,0.0,OFFICIAL_ANNUAL_PLAN,OFFICIAL_SAME_PERIOD,SYNTHETIC_DAILY_CALIBRATED_TO_PUBLIC_ANNUAL_REFERENCE
PROD-0001197,2020-07-10,Gumgaon,Maharashtra,Nagpur,21.407941,78.985706,147.06,108.57,0.0,25,0.0,OFFICIAL_ANNUAL_PLAN,OFFICIAL_SAME_PERIOD,SYNTHETIC_DAILY_CALIBRATED_TO_PUBLIC_ANNUAL_REFERENCE
PROD-0001198,2020-07-11,Gumgaon,Maharashtra,Nagpur,21.407941,78.985706,156.27,115.03,3.43,0,0.0,OFFICIAL_ANNUAL_PLAN,OFFICIAL_SAME_PERIOD,SYNTHETIC_DAILY_CALIBRATED_TO_PUBLIC_ANNUAL_REFERENCE
PROD-0001199,2020-07-12,Gumgaon,Maharashtra,Nagpur,21.407941,78.985706,146.73,110.52,1.77,0,0.0,OFFICIAL_ANNUAL_PLAN,OFFICIAL_SAME_PERIOD,SYNTHETIC_DAILY_CALIBRATED_TO_PUBLIC_ANNUAL_REFERENCE
PROD-0001200,2020-07-13,Gumgaon,Maharashtra,Nagpur,21.407941,78.985706,171.55,124.92,1.47,0,33.75,OFFICIAL_ANNUAL_PLAN,OFFICIAL_SAME_PERIOD,SYNTHETIC_DAILY_CALIBRATED_TO_PUBLIC_ANNUAL_REFERENCE
PROD-0001201,2020-07-14,Gumgaon,Maharashtra,Nagpur,21.407941,78.985706,146.85,108.51,2.49,0,0.0,OFFICIAL_ANNUAL_PLAN,OFFICIAL_SAME_PERIOD,SYNTHETIC_DAILY_CALIBRATED_TO_PUBLIC_ANNUAL_REFERENCE
PROD-0001202,2020-07-15,Gumgaon,Maharashtra,Nagpur,21.407941,78.985706,140.51,103.98,0.11,0,7.64,OFFICIAL_ANNUAL_PLAN,OFFICIAL_SAME_PERIOD,SYNTHETIC_DAILY_CALIBRATED_TO_PUBLIC_ANNUAL_REFERENCE
PROD-0001203,2020-07-16,Gumgaon,Maharashtra,Nagpur,21.407941,78.985706,142.87,104.52,0.0,0,0.0,OFFICIAL_ANNUAL_PLAN,OFFICIAL_SAME_PERIOD,SYNTHETIC_DAILY_CALIBRATED_TO_PUBLIC_ANNUAL_REFERENCE
PROD-0001204,2020-07-17,Gumgaon,Maharashtra,Nagpur,21.407941,78.985706,154.85,113.94,1.34,32,40.55,OFFICIAL_ANNUAL_PLAN,OFFICIAL_SAME_PERIOD,SYNTHETIC_DAILY_CALIBRATED_TO_PUBLIC_ANNUAL_REFERENCE
PROD-0001205,2020-07-18,Gumgaon,Maharashtra,Nagpur,21.407941,78.985706,164.24,116.86,1.15,15,9.23,OFFICIAL_ANNUAL_PLAN,OFFICIAL_SAME_PERIOD,SYNTHETIC_DAILY_CALIBRATED_TO_PUBLIC_ANNUAL_REFERENCE
PROD-0001206,2020-07-19,Gumgaon,Maharashtra,Nagpur,21.407941,78.985706,134.18,104.08,2.22,0,35.48,OFFICIAL_ANNUAL_PLAN,OFFICIAL_SAME_PERIOD,SYNTHETIC_DAILY_CALIBRATED_TO_PUBLIC_ANNUAL_REFERENCE
PROD-0001207,2020-07-20,Gumgaon,Maharashtra,Nagpur,21.407941,78.985706,133.76,91.95,2.18,0,16.99,OFFICIAL_ANNUAL_PLAN,OFFICIAL_SAME_PERIOD,SYNTHETIC_DAILY_CALIBRATED_TO_PUBLIC_ANNUAL_REFERENCE
PROD-0001208,2020-07-21,Gumgaon,Maharashtra,Nagpur,21.407941,78.985706,136.69,99.46,0.0,84,0.0,OFFICIAL_ANNUAL_PLAN,OFFICIAL_SAME_PERIOD,SYNTHETIC_DAILY_CALIBRATED_TO_PUBLIC_ANNUAL_REFERENCE
PROD-0001209,2020-07-22,Gumgaon,Maharashtra,Nagpur,21.407941,78.985706,163.65,121.63,0.1,58,6.96,OFFICIAL_ANNUAL_PLAN,OFFICIAL_SAME_PERIOD,SYNTHETIC_DAILY_CALIBRATED_TO_PUBLIC_ANNUAL_REFERENCE
PROD-0001210,2020-07-23,Gumgaon,Maharashtra,Nagpur,21.407941,78.985706,158.62,111.86,0.18,66,12.29,OFFICIAL_ANNUAL_PLAN,OFFICIAL_SAME_PERIOD,SYNTHETIC_DAILY_CALIBRATED_TO_PUBLIC_ANNUAL_REFERENCE
PROD-0001211,2020-07-24,Gumgaon,Maharashtra,Nagpur,21.407941,78.985706,145.44,103.42,1.04,0,47.12,OFFICIAL_ANNUAL_PLAN,OFFICIAL_SAME_PERIOD,SYNTHETIC_DAILY_CALIBRATED_TO_PUBLIC_ANNUAL_REFERENCE
PROD-0001212,2020-07-25,Gumgaon,Maharashtra,Nagpur,21.407941,78.985706,148.44,110.02,1.49,0,23.86,OFFICIAL_ANNUAL_PLAN,OFFICIAL_SAME_PERIOD,SYNTHETIC_DAILY_CALIBRATED_TO_PUBLIC_ANNUAL_REFERENCE
PROD-0001213,2020-07-26,Gumgaon,Maharashtra,Nagpur,21.407941,78.985706,151.73,105.95,5.42,0,6.23,OFFICIAL_ANNUAL_PLAN,OFFICIAL_SAME_PERIOD,SYNTHETIC_DAILY_CALIBRATED_TO_PUBLIC_ANNUAL_REFERENCE
PROD-0001214,2020-07-27,Gumgaon,Maharashtra,Nagpur,21.407941,78.985706,131.76,96.92,0.67,0,44.81,OFFICIAL_ANNUAL_PLAN,OFFICIAL_SAME_PERIOD,SYNTHETIC_DAILY_CALIBRATED_TO_PUBLIC_ANNUAL_REFERENCE
PROD-0001215,2020-07-28,Gumgaon,Maharashtra,Nagpur,21.407941,78.985706,153.71,107.19,2.59,30,0.0,OFFICIAL_ANNUAL_PLAN,OFFICIAL_SAME_PERIOD,SYNTHETIC_DAILY_CALIBRATED_TO_PUBLIC_ANNUAL_REFERENCE
PROD-0001216,2020-07-29,Gumgaon,Maharashtra,Nagpur,21.407941,78.985706,129.02,99.15,0.14,0,9.54,OFFICIAL_ANNUAL_PLAN,OFFICIAL_SAME_PERIOD,SYNTHETIC_DAILY_CALIBRATED_TO_PUBLIC_ANNUAL_REFERENCE
PROD-0001217,2020-07-30,Gumgaon,Maharashtra,Nagpur,21.407941,78.985706,160.1,123.15,0.0,13,0.0,OFFICIAL_ANNUAL_PLAN,OFFICIAL_SAME_PERIOD,SYNTHETIC_DAILY_CALIBRATED_TO_PUBLIC_ANNUAL_REFERENCE
PROD-0001218,2020-07-31,Gumgaon,Maharashtra,Nagpur,21.407941,78.985706,139.44,102.48,0.39,0,25.77,OFFICIAL_ANNUAL_PLAN,OFFICIAL_SAME_PERIOD,SYNTHETIC_DAILY_CALIBRATED_TO_PUBLIC_ANNUAL_REFERENCE
PROD-0001219,2020-08-01,Gumgaon,Maharashtra,Nagpur,21.407941,78.985706,130.65,100.27,0.23,0,15.26,OFFICIAL_ANNUAL_PLAN,OFFICIAL_SAME_PERIOD,SYNTHETIC_DAILY_CALIBRATED_TO_PUBLIC_ANNUAL_REFERENCE
PROD-0001220,2020-08-02,Gumgaon,Maharashtra,Nagpur,21.407941,78.985706,151.76,111.03,3.26,40,26.15,OFFICIAL_ANNUAL_PLAN,OFFICIAL_SAME_PERIOD,SYNTHETIC_DAILY_CALIBRATED_TO_PUBLIC_ANNUAL_REFERENCE
PROD-0001221,2020-08-03,Gumgaon,Maharashtra,Nagpur,21.407941,78.985706,135.11,91.21,2.48,62,77.33,OFFICIAL_ANNUAL_PLAN,OFFICIAL_SAME_PERIOD,SYNTHETIC_DAILY_CALIBRATED_TO_PUBLIC_ANNUAL_REFERENCE
PROD-0001222,2020-08-04,Gumgaon,Maharashtra,Nagpur,21.407941,78.985706,141.3,91.65,4.13,159,63.02,OFFICIAL_ANNUAL_PLAN,OFFICIAL_SAME_PERIOD,SYNTHETIC_DAILY_CALIBRATED_TO_PUBLIC_ANNUAL_REFERENCE
PROD-0001223,2020-08-05,Gumgaon,Maharashtra,Nagpur,21.407941,78.985706,135.07,102.81,1.04,0,0.0,OFFICIAL_ANNUAL_PLAN,OFFICIAL_SAME_PERIOD,SYNTHETIC_DAILY_CALIBRATED_TO_PUBLIC_ANNUAL_REFERENCE
PROD-0001224,2020-08-06,Gumgaon,Maharashtra,Nagpur,21.407941,78.985706,146.0,105.67,0.75,0,10.61,OFFICIAL_ANNUAL_PLAN,OFFICIAL_SAME_PERIOD,SYNTHETIC_DAILY_CALIBRATED_TO_PUBLIC_ANNUAL_REFERENCE
PROD-0001225,2020-08-07,Gumgaon,Maharashtra,Nagpur,21.407941,78.985706,146.43,117.93,0.0,0,0.0,OFFICIAL_ANNUAL_PLAN,OFFICIAL_SAME_PERIOD,SYNTHETIC_DAILY_CALIBRATED_TO_PUBLIC_ANNUAL_REFERENCE
PROD-0001226,2020-08-08,Gumgaon,Maharashtra,Nagpur,21.407941,78.985706,139.17,97.4,1.56,0,41.5,OFFICIAL_ANNUAL_PLAN,OFFICIAL_SAME_PERIOD,SYNTHETIC_DAILY_CALIBRATED_TO_PUBLIC_ANNUAL_REFERENCE
PROD-0001227,2020-08-09,Gumgaon,Maharashtra,Nagpur,21.407941,78.985706,134.64,97.62,2.97,0,22.15,OFFICIAL_ANNUAL_PLAN,OFFICIAL_SAME_PERIOD,SYNTHETIC_DAILY_CALIBRATED_TO_PUBLIC_ANNUAL_REFERENCE
PROD-0001228,2020-08-10,Gumgaon,Maharashtra,Nagpur,21.407941,78.985706,151.7,108.29,4.06,0,20.5,OFFICIAL_ANNUAL_PLAN,OFFICIAL_SAME_PERIOD,SYNTHETIC_DAILY_CALIBRATED_TO_PUBLIC_ANNUAL_REFERENCE
PROD-0001229,2020-08-11,Gumgaon,Maharashtra,Nagpur,21.407941,78.985706,152.02,111.64,0.58,0,38.43,OFFICIAL_ANNUAL_PLAN,OFFICIAL_SAME_PERIOD,SYNTHETIC_DAILY_CALIBRATED_TO_PUBLIC_ANNUAL_REFERENCE
PROD-0001230,2020-08-12,Gumgaon,Maharashtra,Nagpur,21.407941,78.985706,152.05,111.03,1.58,0,2.99,OFFICIAL_ANNUAL_PLAN,OFFICIAL_SAME_PERIOD,SYNTHETIC_DAILY_CALIBRATED_TO_PUBLIC_ANNUAL_REFERENCE
PROD-0001231,2020-08-13,Gumgaon,Maharashtra,Nagpur,21.407941,78.985706,146.66,108.65,0.58,0,2.54,OFFICIAL_ANNUAL_PLAN,OFFICIAL_SAME_PERIOD,SYNTHETIC_DAILY_CALIBRATED_TO_PUBLIC_ANNUAL_REFERENCE
PROD-0001232,2020-08-14,Gumgaon,Maharashtra,Nagpur,21.407941,78.985706,142.89,104.35,0.0,0,0.0,OFFICIAL_ANNUAL_PLAN,OFFICIAL_SAME_PERIOD,SYNTHETIC_DAILY_CALIBRATED_TO_PUBLIC_ANNUAL_REFERENCE
PROD-0001233,2020-08-15,Gumgaon,Maharashtra,Nagpur,21.407941,78.985706,151.79,113.53,0.0,0,0.0,OFFICIAL_ANNUAL_PLAN,OFFICIAL_SAME_PERIOD,SYNTHETIC_DAILY_CALIBRATED_TO_PUBLIC_ANNUAL_REFERENCE
PROD-0001234,2020-08-16,Gumgaon,Maharashtra,Nagpur,21.407941,78.985706,137.94,103.76,1.11,0,11.74,OFFICIAL_ANNUAL_PLAN,OFFICIAL_SAME_PERIOD,SYNTHETIC_DAILY_CALIBRATED_TO_PUBLIC_ANNUAL_REFERENCE
PROD-0001235,2020-08-17,Gumgaon,Maharashtra,Nagpur,21.407941,78.985706,163.63,113.59,3.06,70,49.66,OFFICIAL_ANNUAL_PLAN,OFFICIAL_SAME_PERIOD,SYNTHETIC_DAILY_CALIBRATED_TO_PUBLIC_ANNUAL_REFERENCE
PROD-0001236,2020-08-18,Gumgaon,Maharashtra,Nagpur,21.407941,78.985706,157.02,116.21,0.65,18,43.21,OFFICIAL_ANNUAL_PLAN,OFFICIAL_SAME_PERIOD,SYNTHETIC_DAILY_CALIBRATED_TO_PUBLIC_ANNUAL_REFERENCE
PROD-0001237,2020-08-19,Gumgaon,Maharashtra,Nagpur,21.407941,78.985706,147.69,101.1,4.38,0,23.1,OFFICIAL_ANNUAL_PLAN,OFFICIAL_SAME_PERIOD,SYNTHETIC_DAILY_CALIBRATED_TO_PUBLIC_ANNUAL_REFERENCE
PROD-0001238,2020-08-20,Gumgaon,Maharashtra,Nagpur,21.407941,78.985706,139.98,102.08,0.0,0,0.0,OFFICIAL_ANNUAL_PLAN,OFFICIAL_SAME_PERIOD,SYNTHETIC_DAILY_CALIBRATED_TO_PUBLIC_ANNUAL_REFERENCE
PROD-0001239,2020-08-21,Gumgaon,Maharashtra,Nagpur,21.407941,78.985706,138.25,96.03,0.62,79,0.0,OFFICIAL_ANNUAL_PLAN,OFFICIAL_SAME_PERIOD,SYNTHETIC_DAILY_CALIBRATED_TO_PUBLIC_ANNUAL_REFERENCE
PROD-0001240,2020-08-22,Gumgaon,Maharashtra,Nagpur,21.407941,78.985706,130.38,93.2,0.73,0,32.77,OFFICIAL_ANNUAL_PLAN,OFFICIAL_SAME_PERIOD,SYNTHETIC_DAILY_CALIBRATED_TO_PUBLIC_ANNUAL_REFERENCE
PROD-0001241,2020-08-23,Gumgaon,Maharashtra,Nagpur,21.407941,78.985706,141.95,102.81,2.89,25,17.7,OFFICIAL_ANNUAL_PLAN,OFFICIAL_SAME_PERIOD,SYNTHETIC_DAILY_CALIBRATED_TO_PUBLIC_ANNUAL_REFERENCE
PROD-0001242,2020-08-24,Gumgaon,Maharashtra,Nagpur,21.407941,78.985706,141.21,99.85,3.29,0,15.59,OFFICIAL_ANNUAL_PLAN,OFFICIAL_SAME_PERIOD,SYNTHETIC_DAILY_CALIBRATED_TO_PUBLIC_ANNUAL_REFERENCE
PROD-0001243,2020-08-25,Gumgaon,Maharashtra,Nagpur,21.407941,78.985706,120.99,87.7,1.75,0,21.54,OFFICIAL_ANNUAL_PLAN,OFFICIAL_SAME_PERIOD,SYNTHETIC_DAILY_CALIBRATED_TO_PUBLIC_ANNUAL_REFERENCE
PROD-0001244,2020-08-26,Gumgaon,Maharashtra,Nagpur,21.407941,78.985706,133.87,101.39,1.94,0,0.0,OFFICIAL_ANNUAL_PLAN,OFFICIAL_SAME_PERIOD,SYNTHETIC_DAILY_CALIBRATED_TO_PUBLIC_ANNUAL_REFERENCE
PROD-0001245,2020-08-27,Gumgaon,Maharashtra,Nagpur,21.407941,78.985706,133.98,93.76,1.12,84,20.51,OFFICIAL_ANNUAL_PLAN,OFFICIAL_SAME_PERIOD,SYNTHETIC_DAILY_CALIBRATED_TO_PUBLIC_ANNUAL_REFERENCE
PROD-0001246,2020-08-28,Gumgaon,Maharashtra,Nagpur,21.407941,78.985706,147.79,108.66,2.68,31,8.06,OFFICIAL_ANNUAL_PLAN,OFFICIAL_SAME_PERIOD,SYNTHETIC_DAILY_CALIBRATED_TO_PUBLIC_ANNUAL_REFERENCE
PROD-0001247,2020-08-29,Gumgaon,Maharashtra,Nagpur,21.407941,78.985706,157.2,114.65,2.1,0,28.45,OFFICIAL_ANNUAL_PLAN,OFFICIAL_SAME_PERIOD,SYNTHETIC_DAILY_CALIBRATED_TO_PUBLIC_ANNUAL_REFERENCE
PROD-0001248,2020-08-30,Gumgaon,Maharashtra,Nagpur,21.407941,78.985706,157.25,113.84,1.17,0,45.2,OFFICIAL_ANNUAL_PLAN,OFFICIAL_SAME_PERIOD,SYNTHETIC_DAILY_CALIBRATED_TO_PUBLIC_ANNUAL_REFERENCE
PROD-0001249,2020-08-31,Gumgaon,Maharashtra,Nagpur,21.407941,78.985706,129.7,95.36,1.87,0,5.25,OFFICIAL_ANNUAL_PLAN,OFFICIAL_SAME_PERIOD,SYNTHETIC_DAILY_CALIBRATED_TO_PUBLIC_ANNUAL_REFERENCE
PROD-0001250,2020-09-01,Gumgaon,Maharashtra,Nagpur,21.407941,78.985706,155.66,116.84,0.0,0,0.0,OFFICIAL_ANNUAL_PLAN,OFFICIAL_SAME_PERIOD,SYNTHETIC_DAILY_CALIBRATED_TO_PUBLIC_ANNUAL_REFERENCE
PROD-0001251,2020-09-02,Gumgaon,Maharashtra,Nagpur,21.407941,78.985706,147.36,110.76,0.98,10,17.41,OFFICIAL_ANNUAL_PLAN,OFFICIAL_SAME_PERIOD,SYNTHETIC_DAILY_CALIBRATED_TO_PUBLIC_ANNUAL_REFERENCE
PROD-0001252,2020-09-03,Gumgaon,Maharashtra,Nagpur,21.407941,78.985706,147.35,108.99,0.25,0,16.38,OFFICIAL_ANNUAL_PLAN,OFFICIAL_SAME_PERIOD,SYNTHETIC_DAILY_CALIBRATED_TO_PUBLIC_ANNUAL_REFERENCE
PROD-0001253,2020-09-04,Gumgaon,Maharashtra,Nagpur,21.407941,78.985706,149.65,107.23,3.47,0,21.52,OFFICIAL_ANNUAL_PLAN,OFFICIAL_SAME_PERIOD,SYNTHETIC_DAILY_CALIBRATED_TO_PUBLIC_ANNUAL_REFERENCE
PROD-0001254,2020-09-05,Gumgaon,Maharashtra,Nagpur,21.407941,78.985706,151.24,110.15,2.99,0,18.46,OFFICIAL_ANNUAL_PLAN,OFFICIAL_SAME_PERIOD,SYNTHETIC_DAILY_CALIBRATED_TO_PUBLIC_ANNUAL_REFERENCE
PROD-0001255,2020-09-06,Gumgaon,Maharashtra,Nagpur,21.407941,78.985706,122.95,91.84,0.98,0,6.63,OFFICIAL_ANNUAL_PLAN,OFFICIAL_SAME_PERIOD,SYNTHETIC_DAILY_CALIBRATED_TO_PUBLIC_ANNUAL_REFERENCE
PROD-0001256,2020-09-07,Gumgaon,Maharashtra,Nagpur,21.407941,78.985706,145.8,112.92,0.6,48,0.0,OFFICIAL_ANNUAL_PLAN,OFFICIAL_SAME_PERIOD,SYNTHETIC_DAILY_CALIBRATED_TO_PUBLIC_ANNUAL_REFERENCE
PROD-0001257,2020-09-08,Gumgaon,Maharashtra,Nagpur,21.407941,78.985706,158.07,119.71,0.0,0,0.0,OFFICIAL_ANNUAL_PLAN,OFFICIAL_SAME_PERIOD,SYNTHETIC_DAILY_CALIBRATED_TO_PUBLIC_ANNUAL_REFERENCE
PROD-0001258,2020-09-09,Gumgaon,Maharashtra,Nagpur,21.407941,78.985706,148.9,114.46,0.0,0,0.0,OFFICIAL_ANNUAL_PLAN,OFFICIAL_SAME_PERIOD,SYNTHETIC_DAILY_CALIBRATED_TO_PUBLIC_ANNUAL_REFERENCE
PROD-0001259,2020-09-10,Gumgaon,Maharashtra,Nagpur,21.407941,78.985706,134.94,97.95,3.18,31,17.11,OFFICIAL_ANNUAL_PLAN,OFFICIAL_SAME_PERIOD,SYNTHETIC_DAILY_CALIBRATED_TO_PUBLIC_ANNUAL_REFERENCE
PROD-0001260,2020-09-11,Gumgaon,Maharashtra,Nagpur,21.407941,78.985706,130.25,98.31,0.0,0,0.0,OFFICIAL_ANNUAL_PLAN,OFFICIAL_SAME_PERIOD,SYNTHETIC_DAILY_CALIBRATED_TO_PUBLIC_ANNUAL_REFERENCE
PROD-0001261,2020-09-12,Gumgaon,Maharashtra,Nagpur,21.407941,78.985706,137.18,104.83,0.0,0,0.0,OFFICIAL_ANNUAL_PLAN,OFFICIAL_SAME_PERIOD,SYNTHETIC_DAILY_CALIBRATED_TO_PUBLIC_ANNUAL_REFERENCE
PROD-0001262,2020-09-13,Gumgaon,Maharashtra,Nagpur,21.407941,78.985706,155.49,116.34,0.0,0,0.0,OFFICIAL_ANNUAL_PLAN,OFFICIAL_SAME_PERIOD,SYNTHETIC_DAILY_CALIBRATED_TO_PUBLIC_ANNUAL_REFERENCE
PROD-0001263,2020-09-14,Gumgaon,Maharashtra,Nagpur,21.407941,78.985706,132.94,95.77,0.22,0,0.0,OFFICIAL_ANNUAL_PLAN,OFFICIAL_SAME_PERIOD,SYNTHETIC_DAILY_CALIBRATED_TO_PUBLIC_ANNUAL_REFERENCE
PROD-0001264,2020-09-15,Gumgaon,Maharashtra,Nagpur,21.407941,78.985706,146.29,109.09,0.0,0,0.0,OFFICIAL_ANNUAL_PLAN,OFFICIAL_SAME_PERIOD,SYNTHETIC_DAILY_CALIBRATED_TO_PUBLIC_ANNUAL_REFERENCE
PROD-0001265,2020-09-16,Gumgaon,Maharashtra,Nagpur,21.407941,78.985706,149.62,105.82,3.43,0,33.46,OFFICIAL_ANNUAL_PLAN,OFFICIAL_SAME_PERIOD,SYNTHETIC_DAILY_CALIBRATED_TO_PUBLIC_ANNUAL_REFERENCE
PROD-0001266,2020-09-17,Gumgaon,Maharashtra,Nagpur,21.407941,78.985706,154.2,111.36,1.94,0,0.0,OFFICIAL_ANNUAL_PLAN,OFFICIAL_SAME_PERIOD,SYNTHETIC_DAILY_CALIBRATED_TO_PUBLIC_ANNUAL_REFERENCE
PROD-0001267,2020-09-18,Gumgaon,Maharashtra,Nagpur,21.407941,78.985706,139.34,104.13,2.55,14,21.86,OFFICIAL_ANNUAL_PLAN,OFFICIAL_SAME_PERIOD,SYNTHETIC_DAILY_CALIBRATED_TO_PUBLIC_ANNUAL_REFERENCE
PROD-0001268,2020-09-19,Gumgaon,Maharashtra,Nagpur,21.407941,78.985706,146.2,98.32,5.16,0,6.57,OFFICIAL_ANNUAL_PLAN,OFFICIAL_SAME_PERIOD,SYNTHETIC_DAILY_CALIBRATED_TO_PUBLIC_ANNUAL_REFERENCE
PROD-0001269,2020-09-20,Gumgaon,Maharashtra,Nagpur,21.407941,78.985706,146.36,102.98,1.86,0,28.12,OFFICIAL_ANNUAL_PLAN,OFFICIAL_SAME_PERIOD,SYNTHETIC_DAILY_CALIBRATED_TO_PUBLIC_ANNUAL_REFERENCE
PROD-0001270,2020-09-21,Gumgaon,Maharashtra,Nagpur,21.407941,78.985706,136.52,100.65,3.12,0,27.29,OFFICIAL_ANNUAL_PLAN,OFFICIAL_SAME_PERIOD,SYNTHETIC_DAILY_CALIBRATED_TO_PUBLIC_ANNUAL_REFERENCE
PROD-0001271,2020-09-22,Gumgaon,Maharashtra,Nagpur,21.407941,78.985706,136.72,99.15,5.68,0,0.0,OFFICIAL_ANNUAL_PLAN,OFFICIAL_SAME_PERIOD,SYNTHETIC_DAILY_CALIBRATED_TO_PUBLIC_ANNUAL_REFERENCE
PROD-0001272,2020-09-23,Gumgaon,Maharashtra,Nagpur,21.407941,78.985706,146.7,105.68,1.31,0,46.1,OFFICIAL_ANNUAL_PLAN,OFFICIAL_SAME_PERIOD,SYNTHETIC_DAILY_CALIBRATED_TO_PUBLIC_ANNUAL_REFERENCE
PROD-0001273,2020-09-24,Gumgaon,Maharashtra,Nagpur,21.407941,78.985706,132.18,95.01,0.0,0,0.0,OFFICIAL_ANNUAL_PLAN,OFFICIAL_SAME_PERIOD,SYNTHETIC_DAILY_CALIBRATED_TO_PUBLIC_ANNUAL_REFERENCE
PROD-0001274,2020-09-25,Gumgaon,Maharashtra,Nagpur,21.407941,78.985706,153.02,109.22,3.29,35,15.74,OFFICIAL_ANNUAL_PLAN,OFFICIAL_SAME_PERIOD,SYNTHETIC_DAILY_CALIBRATED_TO_PUBLIC_ANNUAL_REFERENCE
PROD-0001275,2020-09-26,Gumgaon,Maharashtra,Nagpur,21.407941,78.985706,127.54,89.92,3.39,83,0.0,OFFICIAL_ANNUAL_PLAN,OFFICIAL_SAME_PERIOD,SYNTHETIC_DAILY_CALIBRATED_TO_PUBLIC_ANNUAL_REFERENCE
PROD-0001276,2020-09-27,Gumgaon,Maharashtra,Nagpur,21.407941,78.985706,124.26,90.63,1.17,3,0.0,OFFICIAL_ANNUAL_PLAN,OFFICIAL_SAME_PERIOD,SYNTHETIC_DAILY_CALIBRATED_TO_PUBLIC_ANNUAL_REFERENCE
PROD-0001277,2020-09-28,Gumgaon,Maharashtra,Nagpur,21.407941,78.985706,138.47,101.88,3.89,0,34.06,OFFICIAL_ANNUAL_PLAN,OFFICIAL_SAME_PERIOD,SYNTHETIC_DAILY_CALIBRATED_TO_PUBLIC_ANNUAL_REFERENCE
PROD-0001278,2020-09-29,Gumgaon,Maharashtra,Nagpur,21.407941,78.985706,143.02,109.41,0.0,0,0.0,OFFICIAL_ANNUAL_PLAN,OFFICIAL_SAME_PERIOD,SYNTHETIC_DAILY_CALIBRATED_TO_PUBLIC_ANNUAL_REFERENCE
PROD-0001279,2020-09-30,Gumgaon,Maharashtra,Nagpur,21.407941,78.985706,153.31,115.39,0.21,0,13.98,OFFICIAL_ANNUAL_PLAN,OFFICIAL_SAME_PERIOD,SYNTHETIC_DAILY_CALIBRATED_TO_PUBLIC_ANNUAL_REFERENCE
PROD-0001280,2020-10-01,Gumgaon,Maharashtra,Nagpur,21.407941,78.985706,138.84,101.4,4.42,0,0.0,OFFICIAL_ANNUAL_PLAN,OFFICIAL_SAME_PERIOD,SYNTHETIC_DAILY_CALIBRATED_TO_PUBLIC_ANNUAL_REFERENCE
PROD-0001281,2020-10-02,Gumgaon,Maharashtra,Nagpur,21.407941,78.985706,156.04,115.32,0.06,0,4.18,OFFICIAL_ANNUAL_PLAN,OFFICIAL_SAME_PERIOD,SYNTHETIC_DAILY_CALIBRATED_TO_PUBLIC_ANNUAL_REFERENCE
PROD-0001282,2020-10-03,Gumgaon,Maharashtra,Nagpur,21.407941,78.985706,156.93,118.57,0.0,0,0.0,OFFICIAL_ANNUAL_PLAN,OFFICIAL_SAME_PERIOD,SYNTHETIC_DAILY_CALIBRATED_TO_PUBLIC_ANNUAL_REFERENCE
PROD-0001283,2020-10-04,Gumgaon,Maharashtra,Nagpur,21.407941,78.985706,158.0,115.97,1.16,0,0.0,OFFICIAL_ANNUAL_PLAN,OFFICIAL_SAME_PERIOD,SYNTHETIC_DAILY_CALIBRATED_TO_PUBLIC_ANNUAL_REFERENCE
PROD-0001284,2020-10-05,Gumgaon,Maharashtra,Nagpur,21.407941,78.985706,155.51,117.06,0.0,0,0.0,OFFICIAL_ANNUAL_PLAN,OFFICIAL_SAME_PERIOD,SYNTHETIC_DAILY_CALIBRATED_TO_PUBLIC_ANNUAL_REFERENCE
PROD-0001285,2020-10-06,Gumgaon,Maharashtra,Nagpur,21.407941,78.985706,148.23,107.07,3.12,0,0.0,OFFICIAL_ANNUAL_PLAN,OFFICIAL_SAME_PERIOD,SYNTHETIC_DAILY_CALIBRATED_TO_PUBLIC_ANNUAL_REFERENCE
PROD-0001286,2020-10-07,Gumgaon,Maharashtra,Nagpur,21.407941,78.985706,147.6,110.14,0.0,49,0.0,OFFICIAL_ANNUAL_PLAN,OFFICIAL_SAME_PERIOD,SYNTHETIC_DAILY_CALIBRATED_TO_PUBLIC_ANNUAL_REFERENCE
PROD-0001287,2020-10-08,Gumgaon,Maharashtra,Nagpur,21.407941,78.985706,153.25,117.23,0.0,0,0.0,OFFICIAL_ANNUAL_PLAN,OFFICIAL_SAME_PERIOD,SYNTHETIC_DAILY_CALIBRATED_TO_PUBLIC_ANNUAL_REFERENCE
PROD-0001288,2020-10-09,Gumgaon,Maharashtra,Nagpur,21.407941,78.985706,126.7,92.92,0.9,0,0.0,OFFICIAL_ANNUAL_PLAN,OFFICIAL_SAME_PERIOD,SYNTHETIC_DAILY_CALIBRATED_TO_PUBLIC_ANNUAL_REFERENCE
PROD-0001289,2020-10-10,Gumgaon,Maharashtra,Nagpur,21.407941,78.985706,149.49,106.67,4.54,0,19.27,OFFICIAL_ANNUAL_PLAN,OFFICIAL_SAME_PERIOD,SYNTHETIC_DAILY_CALIBRATED_TO_PUBLIC_ANNUAL_REFERENCE
PROD-0001290,2020-10-11,Gumgaon,Maharashtra,Nagpur,21.407941,78.985706,154.22,103.19,4.49,0,12.9,OFFICIAL_ANNUAL_PLAN,OFFICIAL_SAME_PERIOD,SYNTHETIC_DAILY_CALIBRATED_TO_PUBLIC_ANNUAL_REFERENCE
PROD-0001291,2020-10-12,Gumgaon,Maharashtra,Nagpur,21.407941,78.985706,147.47,111.98,1.9,22,0.0,OFFICIAL_ANNUAL_PLAN,OFFICIAL_SAME_PERIOD,SYNTHETIC_DAILY_CALIBRATED_TO_PUBLIC_ANNUAL_REFERENCE
PROD-0001292,2020-10-13,Gumgaon,Maharashtra,Nagpur,21.407941,78.985706,152.73,111.7,4.32,0,0.0,OFFICIAL_ANNUAL_PLAN,OFFICIAL_SAME_PERIOD,SYNTHETIC_DAILY_CALIBRATED_TO_PUBLIC_ANNUAL_REFERENCE
PROD-0001293,2020-10-14,Gumgaon,Maharashtra,Nagpur,21.407941,78.985706,136.35,99.79,3.14,0,0.0,OFFICIAL_ANNUAL_PLAN,OFFICIAL_SAME_PERIOD,SYNTHETIC_DAILY_CALIBRATED_TO_PUBLIC_ANNUAL_REFERENCE
PROD-0001294,2020-10-15,Gumgaon,Maharashtra,Nagpur,21.407941,78.985706,144.58,103.96,0.4,0,26.56,OFFICIAL_ANNUAL_PLAN,OFFICIAL_SAME_PERIOD,SYNTHETIC_DAILY_CALIBRATED_TO_PUBLIC_ANNUAL_REFERENCE
PROD-0001295,2020-10-16,Gumgaon,Maharashtra,Nagpur,21.407941,78.985706,163.85,113.84,0.78,0,6.11,OFFICIAL_ANNUAL_PLAN,OFFICIAL_SAME_PERIOD,SYNTHETIC_DAILY_CALIBRATED_TO_PUBLIC_ANNUAL_REFERENCE
PROD-0001296,2020-10-17,Gumgaon,Maharashtra,Nagpur,21.407941,78.985706,141.04,100.55,2.05,0,0.0,OFFICIAL_ANNUAL_PLAN,OFFICIAL_SAME_PERIOD,SYNTHETIC_DAILY_CALIBRATED_TO_PUBLIC_ANNUAL_REFERENCE
PROD-0001297,2020-10-18,Gumgaon,Maharashtra,Nagpur,21.407941,78.985706,149.26,112.69,0.19,0,12.92,OFFICIAL_ANNUAL_PLAN,OFFICIAL_SAME_PERIOD,SYNTHETIC_DAILY_CALIBRATED_TO_PUBLIC_ANNUAL_REFERENCE
PROD-0001298,2020-10-19,Gumgaon,Maharashtra,Nagpur,21.407941,78.985706,149.92,115.4,0.0,0,0.0,OFFICIAL_ANNUAL_PLAN,OFFICIAL_SAME_PERIOD,SYNTHETIC_DAILY_CALIBRATED_TO_PUBLIC_ANNUAL_REFERENCE
PROD-0001299,2020-10-20,Gumgaon,Maharashtra,Nagpur,21.407941,78.985706,144.6,104.26,2.2,53,0.0,OFFICIAL_ANNUAL_PLAN,OFFICIAL_SAME_PERIOD,SYNTHETIC_DAILY_CALIBRATED_TO_PUBLIC_ANNUAL_REFERENCE
PROD-0001300,2020-10-21,Gumgaon,Maharashtra,Nagpur,21.407941,78.985706,153.02,112.31,1.83,0,13.79,OFFICIAL_ANNUAL_PLAN,OFFICIAL_SAME_PERIOD,SYNTHETIC_DAILY_CALIBRATED_TO_PUBLIC_ANNUAL_REFERENCE
PROD-0001301,2020-10-22,Gumgaon,Maharashtra,Nagpur,21.407941,78.985706,151.44,111.13,3.89,0,0.0,OFFICIAL_ANNUAL_PLAN,OFFICIAL_SAME_PERIOD,SYNTHETIC_DAILY_CALIBRATED_TO_PUBLIC_ANNUAL_REFERENCE
PROD-0001302,2020-10-23,Gumgaon,Maharashtra,Nagpur,21.407941,78.985706,138.32,106.86,0.0,0,0.0,OFFICIAL_ANNUAL_PLAN,OFFICIAL_SAME_PERIOD,SYNTHETIC_DAILY_CALIBRATED_TO_PUBLIC_ANNUAL_REFERENCE
PROD-0001303,2020-10-24,Gumgaon,Maharashtra,Nagpur,21.407941,78.985706,156.61,117.33,0.61,0,0.0,OFFICIAL_ANNUAL_PLAN,OFFICIAL_SAME_PERIOD,SYNTHETIC_DAILY_CALIBRATED_TO_PUBLIC_ANNUAL_REFERENCE
PROD-0001304,2020-10-25,Gumgaon,Maharashtra,Nagpur,21.407941,78.985706,139.66,98.9,2.65,43,0.0,OFFICIAL_ANNUAL_PLAN,OFFICIAL_SAME_PERIOD,SYNTHETIC_DAILY_CALIBRATED_TO_PUBLIC_ANNUAL_REFERENCE
PROD-0001305,2020-10-26,Gumgaon,Maharashtra,Nagpur,21.407941,78.985706,150.76,111.9,1.2,0,17.83,OFFICIAL_ANNUAL_PLAN,OFFICIAL_SAME_PERIOD,SYNTHETIC_DAILY_CALIBRATED_TO_PUBLIC_ANNUAL_REFERENCE
PROD-0001306,2020-10-27,Gumgaon,Maharashtra,Nagpur,21.407941,78.985706,136.92,97.93,3.24,0,0.0,OFFICIAL_ANNUAL_PLAN,OFFICIAL_SAME_PERIOD,SYNTHETIC_DAILY_CALIBRATED_TO_PUBLIC_ANNUAL_REFERENCE
PROD-0001307,2020-10-28,Gumgaon,Maharashtra,Nagpur,21.407941,78.985706,131.75,97.43,2.51,0,6.51,OFFICIAL_ANNUAL_PLAN,OFFICIAL_SAME_PERIOD,SYNTHETIC_DAILY_CALIBRATED_TO_PUBLIC_ANNUAL_REFERENCE
PROD-0001308,2020-10-29,Gumgaon,Maharashtra,Nagpur,21.407941,78.985706,147.9,115.84,0.87,0,3.76,OFFICIAL_ANNUAL_PLAN,OFFICIAL_SAME_PERIOD,SYNTHETIC_DAILY_CALIBRATED_TO_PUBLIC_ANNUAL_REFERENCE
PROD-0001309,2020-10-30,Gumgaon,Maharashtra,Nagpur,21.407941,78.985706,158.32,120.26,0.0,0,0.0,OFFICIAL_ANNUAL_PLAN,OFFICIAL_SAME_PERIOD,SYNTHETIC_DAILY_CALIBRATED_TO_PUBLIC_ANNUAL_REFERENCE
PROD-0001310,2020-10-31,Gumgaon,Maharashtra,Nagpur,21.407941,78.985706,143.12,110.26,0.0,0,0.0,OFFICIAL_ANNUAL_PLAN,OFFICIAL_SAME_PERIOD,SYNTHETIC_DAILY_CALIBRATED_TO_PUBLIC_ANNUAL_REFERENCE
PROD-0001311,2020-11-01,Gumgaon,Maharashtra,Nagpur,21.407941,78.985706,145.5,106.74,0.0,0,0.0,OFFICIAL_ANNUAL_PLAN,OFFICIAL_SAME_PERIOD,SYNTHETIC_DAILY_CALIBRATED_TO_PUBLIC_ANNUAL_REFERENCE
PROD-0001312,2020-11-02,Gumgaon,Maharashtra,Nagpur,21.407941,78.985706,142.28,105.6,1.83,0,0.0,OFFICIAL_ANNUAL_PLAN,OFFICIAL_SAME_PERIOD,SYNTHETIC_DAILY_CALIBRATED_TO_PUBLIC_ANNUAL_REFERENCE
PROD-0001313,2020-11-03,Gumgaon,Maharashtra,Nagpur,21.407941,78.985706,156.54,112.06,3.42,0,0.0,OFFICIAL_ANNUAL_PLAN,OFFICIAL_SAME_PERIOD,SYNTHETIC_DAILY_CALIBRATED_TO_PUBLIC_ANNUAL_REFERENCE
PROD-0001314,2020-11-04,Gumgaon,Maharashtra,Nagpur,21.407941,78.985706,124.56,93.47,0.81,0,9.17,OFFICIAL_ANNUAL_PLAN,OFFICIAL_SAME_PERIOD,SYNTHETIC_DAILY_CALIBRATED_TO_PUBLIC_ANNUAL_REFERENCE
PROD-0001315,2020-11-05,Gumgaon,Maharashtra,Nagpur,21.407941,78.985706,143.87,99.15,6.36,0,0.0,OFFICIAL_ANNUAL_PLAN,OFFICIAL_SAME_PERIOD,SYNTHETIC_DAILY_CALIBRATED_TO_PUBLIC_ANNUAL_REFERENCE
PROD-0001316,2020-11-06,Gumgaon,Maharashtra,Nagpur,21.407941,78.985706,149.14,113.98,0.35,0,4.53,OFFICIAL_ANNUAL_PLAN,OFFICIAL_SAME_PERIOD,SYNTHETIC_DAILY_CALIBRATED_TO_PUBLIC_ANNUAL_REFERENCE
PROD-0001317,2020-11-07,Gumgaon,Maharashtra,Nagpur,21.407941,78.985706,139.53,100.5,3.2,0,0.0,OFFICIAL_ANNUAL_PLAN,OFFICIAL_SAME_PERIOD,SYNTHETIC_DAILY_CALIBRATED_TO_PUBLIC_ANNUAL_REFERENCE
PROD-0001318,2020-11-08,Gumgaon,Maharashtra,Nagpur,21.407941,78.985706,154.12,110.17,5.68,0,9.56,OFFICIAL_ANNUAL_PLAN,OFFICIAL_SAME_PERIOD,SYNTHETIC_DAILY_CALIBRATED_TO_PUBLIC_ANNUAL_REFERENCE
PROD-0001319,2020-11-09,Gumgaon,Maharashtra,Nagpur,21.407941,78.985706,137.44,99.77,0.55,0,0.0,OFFICIAL_ANNUAL_PLAN,OFFICIAL_SAME_PERIOD,SYNTHETIC_DAILY_CALIBRATED_TO_PUBLIC_ANNUAL_REFERENCE
PROD-0001320,2020-11-10,Gumgaon,Maharashtra,Nagpur,21.407941,78.985706,140.41,103.23,1.12,0,0.0,OFFICIAL_ANNUAL_PLAN,OFFICIAL_SAME_PERIOD,SYNTHETIC_DAILY_CALIBRATED_TO_PUBLIC_ANNUAL_REFERENCE
PROD-0001321,2020-11-11,Gumgaon,Maharashtra,Nagpur,21.407941,78.985706,130.56,96.57,1.79,0,18.62,OFFICIAL_ANNUAL_PLAN,OFFICIAL_SAME_PERIOD,SYNTHETIC_DAILY_CALIBRATED_TO_PUBLIC_ANNUAL_REFERENCE
PROD-0001322,2020-11-12,Gumgaon,Maharashtra,Nagpur,21.407941,78.985706,151.64,107.04,1.68,0,24.96,OFFICIAL_ANNUAL_PLAN,OFFICIAL_SAME_PERIOD,SYNTHETIC_DAILY_CALIBRATED_TO_PUBLIC_ANNUAL_REFERENCE
PROD-0001323,2020-11-13,Gumgaon,Maharashtra,Nagpur,21.407941,78.985706,148.16,107.23,0.0,50,0.0,OFFICIAL_ANNUAL_PLAN,OFFICIAL_SAME_PERIOD,SYNTHETIC_DAILY_CALIBRATED_TO_PUBLIC_ANNUAL_REFERENCE
PROD-0001324,2020-11-14,Gumgaon,Maharashtra,Nagpur,21.407941,78.985706,141.14,106.38,0.36,0,5.81,OFFICIAL_ANNUAL_PLAN,OFFICIAL_SAME_PERIOD,SYNTHETIC_DAILY_CALIBRATED_TO_PUBLIC_ANNUAL_REFERENCE
PROD-0001325,2020-11-15,Gumgaon,Maharashtra,Nagpur,21.407941,78.985706,155.71,111.59,1.78,0,0.0,OFFICIAL_ANNUAL_PLAN,OFFICIAL_SAME_PERIOD,SYNTHETIC_DAILY_CALIBRATED_TO_PUBLIC_ANNUAL_REFERENCE
PROD-0001326,2020-11-16,Gumgaon,Maharashtra,Nagpur,21.407941,78.985706,129.74,91.37,3.35,0,34.84,OFFICIAL_ANNUAL_PLAN,OFFICIAL_SAME_PERIOD,SYNTHETIC_DAILY_CALIBRATED_TO_PUBLIC_ANNUAL_REFERENCE
PROD-0001327,2020-11-17,Gumgaon,Maharashtra,Nagpur,21.407941,78.985706,140.11,102.6,1.26,0,0.0,OFFICIAL_ANNUAL_PLAN,OFFICIAL_SAME_PERIOD,SYNTHETIC_DAILY_CALIBRATED_TO_PUBLIC_ANNUAL_REFERENCE
PROD-0001328,2020-11-18,Gumgaon,Maharashtra,Nagpur,21.407941,78.985706,136.21,101.88,0.27,18,17.86,OFFICIAL_ANNUAL_PLAN,OFFICIAL_SAME_PERIOD,SYNTHETIC_DAILY_CALIBRATED_TO_PUBLIC_ANNUAL_REFERENCE
PROD-0001329,2020-11-19,Gumgaon,Maharashtra,Nagpur,21.407941,78.985706,146.36,105.65,0.96,0,0.0,OFFICIAL_ANNUAL_PLAN,OFFICIAL_SAME_PERIOD,SYNTHETIC_DAILY_CALIBRATED_TO_PUBLIC_ANNUAL_REFERENCE
PROD-0001330,2020-11-20,Gumgaon,Maharashtra,Nagpur,21.407941,78.985706,145.0,107.41,0.45,0,0.0,OFFICIAL_ANNUAL_PLAN,OFFICIAL_SAME_PERIOD,SYNTHETIC_DAILY_CALIBRATED_TO_PUBLIC_ANNUAL_REFERENCE
PROD-0001331,2020-11-21,Gumgaon,Maharashtra,Nagpur,21.407941,78.985706,144.16,106.35,1.36,0,2.41,OFFICIAL_ANNUAL_PLAN,OFFICIAL_SAME_PERIOD,SYNTHETIC_DAILY_CALIBRATED_TO_PUBLIC_ANNUAL_REFERENCE
PROD-0001332,2020-11-22,Gumgaon,Maharashtra,Nagpur,21.407941,78.985706,152.0,108.54,0.67,12,0.0,OFFICIAL_ANNUAL_PLAN,OFFICIAL_SAME_PERIOD,SYNTHETIC_DAILY_CALIBRATED_TO_PUBLIC_ANNUAL_REFERENCE
PROD-0001333,2020-11-23,Gumgaon,Maharashtra,Nagpur,21.407941,78.985706,140.4,103.86,0.0,0,0.0,OFFICIAL_ANNUAL_PLAN,OFFICIAL_SAME_PERIOD,SYNTHETIC_DAILY_CALIBRATED_TO_PUBLIC_ANNUAL_REFERENCE
PROD-0001334,2020-11-24,Gumgaon,Maharashtra,Nagpur,21.407941,78.985706,151.2,108.97,1.18,0,0.0,OFFICIAL_ANNUAL_PLAN,OFFICIAL_SAME_PERIOD,SYNTHETIC_DAILY_CALIBRATED_TO_PUBLIC_ANNUAL_REFERENCE
PROD-0001335,2020-11-25,Gumgaon,Maharashtra,Nagpur,21.407941,78.985706,141.36,101.13,0.0,0,0.0,OFFICIAL_ANNUAL_PLAN,OFFICIAL_SAME_PERIOD,SYNTHETIC_DAILY_CALIBRATED_TO_PUBLIC_ANNUAL_REFERENCE
PROD-0001336,2020-11-26,Gumgaon,Maharashtra,Nagpur,21.407941,78.985706,158.14,117.64,0.16,0,0.0,OFFICIAL_ANNUAL_PLAN,OFFICIAL_SAME_PERIOD,SYNTHETIC_DAILY_CALIBRATED_TO_PUBLIC_ANNUAL_REFERENCE
PROD-0001337,2020-11-27,Gumgaon,Maharashtra,Nagpur,21.407941,78.985706,142.49,108.9,0.0,0,0.0,OFFICIAL_ANNUAL_PLAN,OFFICIAL_SAME_PERIOD,SYNTHETIC_DAILY_CALIBRATED_TO_PUBLIC_ANNUAL_REFERENCE
PROD-0001338,2020-11-28,Gumgaon,Maharashtra,Nagpur,21.407941,78.985706,133.31,97.27,0.0,0,0.0,OFFICIAL_ANNUAL_PLAN,OFFICIAL_SAME_PERIOD,SYNTHETIC_DAILY_CALIBRATED_TO_PUBLIC_ANNUAL_REFERENCE
PROD-0001339,2020-11-29,Gumgaon,Maharashtra,Nagpur,21.407941,78.985706,160.75,117.2,1.07,0,0.0,OFFICIAL_ANNUAL_PLAN,OFFICIAL_SAME_PERIOD,SYNTHETIC_DAILY_CALIBRATED_TO_PUBLIC_ANNUAL_REFERENCE
PROD-0001340,2020-11-30,Gumgaon,Maharashtra,Nagpur,21.407941,78.985706,152.91,113.9,1.46,13,0.0,OFFICIAL_ANNUAL_PLAN,OFFICIAL_SAME_PERIOD,SYNTHETIC_DAILY_CALIBRATED_TO_PUBLIC_ANNUAL_REFERENCE
PROD-0001341,2020-12-01,Gumgaon,Maharashtra,Nagpur,21.407941,78.985706,146.29,110.52,0.01,0,0.71,OFFICIAL_ANNUAL_PLAN,OFFICIAL_SAME_PERIOD,SYNTHETIC_DAILY_CALIBRATED_TO_PUBLIC_ANNUAL_REFERENCE
PROD-0001342,2020-12-02,Gumgaon,Maharashtra,Nagpur,21.407941,78.985706,141.8,102.89,2.41,0,0.0,OFFICIAL_ANNUAL_PLAN,OFFICIAL_SAME_PERIOD,SYNTHETIC_DAILY_CALIBRATED_TO_PUBLIC_ANNUAL_REFERENCE
PROD-0001343,2020-12-03,Gumgaon,Maharashtra,Nagpur,21.407941,78.985706,152.05,117.78,2.5,0,0.0,OFFICIAL_ANNUAL_PLAN,OFFICIAL_SAME_PERIOD,SYNTHETIC_DAILY_CALIBRATED_TO_PUBLIC_ANNUAL_REFERENCE
PROD-0001344,2020-12-04,Gumgaon,Maharashtra,Nagpur,21.407941,78.985706,137.45,100.57,2.88,0,0.0,OFFICIAL_ANNUAL_PLAN,OFFICIAL_SAME_PERIOD,SYNTHETIC_DAILY_CALIBRATED_TO_PUBLIC_ANNUAL_REFERENCE
PROD-0001345,2020-12-05,Gumgaon,Maharashtra,Nagpur,21.407941,78.985706,125.1,87.69,3.03,0,0.0,OFFICIAL_ANNUAL_PLAN,OFFICIAL_SAME_PERIOD,SYNTHETIC_DAILY_CALIBRATED_TO_PUBLIC_ANNUAL_REFERENCE
PROD-0001346,2020-12-06,Gumgaon,Maharashtra,Nagpur,21.407941,78.985706,145.08,99.23,2.53,0,0.0,OFFICIAL_ANNUAL_PLAN,OFFICIAL_SAME_PERIOD,SYNTHETIC_DAILY_CALIBRATED_TO_PUBLIC_ANNUAL_REFERENCE
PROD-0001347,2020-12-07,Gumgaon,Maharashtra,Nagpur,21.407941,78.985706,158.45,122.92,0.0,0,0.0,OFFICIAL_ANNUAL_PLAN,OFFICIAL_SAME_PERIOD,SYNTHETIC_DAILY_CALIBRATED_TO_PUBLIC_ANNUAL_REFERENCE
PROD-0001348,2020-12-08,Gumgaon,Maharashtra,Nagpur,21.407941,78.985706,124.84,96.8,1.39,0,0.0,OFFICIAL_ANNUAL_PLAN,OFFICIAL_SAME_PERIOD,SYNTHETIC_DAILY_CALIBRATED_TO_PUBLIC_ANNUAL_REFERENCE
PROD-0001349,2020-12-09,Gumgaon,Maharashtra,Nagpur,21.407941,78.985706,150.93,111.0,2.3,0,0.0,OFFICIAL_ANNUAL_PLAN,OFFICIAL_SAME_PERIOD,SYNTHETIC_DAILY_CALIBRATED_TO_PUBLIC_ANNUAL_REFERENCE
PROD-0001350,2020-12-10,Gumgaon,Maharashtra,Nagpur,21.407941,78.985706,144.48,103.51,4.29,0,0.0,OFFICIAL_ANNUAL_PLAN,OFFICIAL_SAME_PERIOD,SYNTHETIC_DAILY_CALIBRATED_TO_PUBLIC_ANNUAL_REFERENCE
PROD-0001351,2020-12-11,Gumgaon,Maharashtra,Nagpur,21.407941,78.985706,137.84,100.37,0.0,0,0.0,OFFICIAL_ANNUAL_PLAN,OFFICIAL_SAME_PERIOD,SYNTHETIC_DAILY_CALIBRATED_TO_PUBLIC_ANNUAL_REFERENCE
PROD-0001352,2020-12-12,Gumgaon,Maharashtra,Nagpur,21.407941,78.985706,151.08,114.26,1.08,0,0.0,OFFICIAL_ANNUAL_PLAN,OFFICIAL_SAME_PERIOD,SYNTHETIC_DAILY_CALIBRATED_TO_PUBLIC_ANNUAL_REFERENCE
PROD-0001353,2020-12-13,Gumgaon,Maharashtra,Nagpur,21.407941,78.985706,153.23,112.15,2.11,0,0.0,OFFICIAL_ANNUAL_PLAN,OFFICIAL_SAME_PERIOD,SYNTHETIC_DAILY_CALIBRATED_TO_PUBLIC_ANNUAL_REFERENCE
PROD-0001354,2020-12-14,Gumgaon,Maharashtra,Nagpur,21.407941,78.985706,157.55,116.35,0.0,30,0.0,OFFICIAL_ANNUAL_PLAN,OFFICIAL_SAME_PERIOD,SYNTHETIC_DAILY_CALIBRATED_TO_PUBLIC_ANNUAL_REFERENCE
PROD-0001355,2020-12-15,Gumgaon,Maharashtra,Nagpur,21.407941,78.985706,169.45,129.9,0.59,0,4.57,OFFICIAL_ANNUAL_PLAN,OFFICIAL_SAME_PERIOD,SYNTHETIC_DAILY_CALIBRATED_TO_PUBLIC_ANNUAL_REFERENCE
PROD-0001356,2020-12-16,Gumgaon,Maharashtra,Nagpur,21.407941,78.985706,141.6,101.26,3.33,0,0.0,OFFICIAL_ANNUAL_PLAN,OFFICIAL_SAME_PERIOD,SYNTHETIC_DAILY_CALIBRATED_TO_PUBLIC_ANNUAL_REFERENCE
PROD-0001357,2020-12-17,Gumgaon,Maharashtra,Nagpur,21.407941,78.985706,155.07,111.02,0.0,0,0.0,OFFICIAL_ANNUAL_PLAN,OFFICIAL_SAME_PERIOD,SYNTHETIC_DAILY_CALIBRATED_TO_PUBLIC_ANNUAL_REFERENCE
PROD-0001358,2020-12-18,Gumgaon,Maharashtra,Nagpur,21.407941,78.985706,137.01,104.38,0.0,0,0.0,OFFICIAL_ANNUAL_PLAN,OFFICIAL_SAME_PERIOD,SYNTHETIC_DAILY_CALIBRATED_TO_PUBLIC_ANNUAL_REFERENCE
PROD-0001359,2020-12-19,Gumgaon,Maharashtra,Nagpur,21.407941,78.985706,146.8,112.28,0.0,22,0.0,OFFICIAL_ANNUAL_PLAN,OFFICIAL_SAME_PERIOD,SYNTHETIC_DAILY_CALIBRATED_TO_PUBLIC_ANNUAL_REFERENCE
PROD-0001360,2020-12-20,Gumgaon,Maharashtra,Nagpur,21.407941,78.985706,134.96,99.4,1.65,0,0.0,OFFICIAL_ANNUAL_PLAN,OFFICIAL_SAME_PERIOD,SYNTHETIC_DAILY_CALIBRATED_TO_PUBLIC_ANNUAL_REFERENCE
PROD-0001361,2020-12-21,Gumgaon,Maharashtra,Nagpur,21.407941,78.985706,142.11,104.66,3.42,0,0.0,OFFICIAL_ANNUAL_PLAN,OFFICIAL_SAME_PERIOD,SYNTHETIC_DAILY_CALIBRATED_TO_PUBLIC_ANNUAL_REFERENCE
PROD-0001362,2020-12-22,Gumgaon,Maharashtra,Nagpur,21.407941,78.985706,156.07,122.47,2.24,0,0.0,OFFICIAL_ANNUAL_PLAN,OFFICIAL_SAME_PERIOD,SYNTHETIC_DAILY_CALIBRATED_TO_PUBLIC_ANNUAL_REFERENCE
PROD-0001363,2020-12-23,Gumgaon,Maharashtra,Nagpur,21.407941,78.985706,140.32,93.28,3.34,111,0.0,OFFICIAL_ANNUAL_PLAN,OFFICIAL_SAME_PERIOD,SYNTHETIC_DAILY_CALIBRATED_TO_PUBLIC_ANNUAL_REFERENCE
PROD-0001364,2020-12-24,Gumgaon,Maharashtra,Nagpur,21.407941,78.985706,131.76,100.62,0.0,0,0.0,OFFICIAL_ANNUAL_PLAN,OFFICIAL_SAME_PERIOD,SYNTHETIC_DAILY_CALIBRATED_TO_PUBLIC_ANNUAL_REFERENCE
PROD-0001365,2020-12-25,Gumgaon,Maharashtra,Nagpur,21.407941,78.985706,141.2,103.63,1.31,0,0.0,OFFICIAL_ANNUAL_PLAN,OFFICIAL_SAME_PERIOD,SYNTHETIC_DAILY_CALIBRATED_TO_PUBLIC_ANNUAL_REFERENCE
PROD-0001366,2020-12-26,Gumgaon,Maharashtra,Nagpur,21.407941,78.985706,142.49,105.83,0.0,0,0.0,OFFICIAL_ANNUAL_PLAN,OFFICIAL_SAME_PERIOD,SYNTHETIC_DAILY_CALIBRATED_TO_PUBLIC_ANNUAL_REFERENCE
PROD-0001367,2020-12-27,Gumgaon,Maharashtra,Nagpur,21.407941,78.985706,137.68,103.39,0.21,0,13.91,OFFICIAL_ANNUAL_PLAN,OFFICIAL_SAME_PERIOD,SYNTHETIC_DAILY_CALIBRATED_TO_PUBLIC_ANNUAL_REFERENCE
PROD-0001368,2020-12-28,Gumgaon,Maharashtra,Nagpur,21.407941,78.985706,128.47,96.02,1.53,0,0.0,OFFICIAL_ANNUAL_PLAN,OFFICIAL_SAME_PERIOD,SYNTHETIC_DAILY_CALIBRATED_TO_PUBLIC_ANNUAL_REFERENCE
PROD-0001369,2020-12-29,Gumgaon,Maharashtra,Nagpur,21.407941,78.985706,146.66,112.9,0.76,0,0.0,OFFICIAL_ANNUAL_PLAN,OFFICIAL_SAME_PERIOD,SYNTHETIC_DAILY_CALIBRATED_TO_PUBLIC_ANNUAL_REFERENCE
PROD-0001370,2020-12-30,Gumgaon,Maharashtra,Nagpur,21.407941,78.985706,157.08,119.27,1.89,0,0.0,OFFICIAL_ANNUAL_PLAN,OFFICIAL_SAME_PERIOD,SYNTHETIC_DAILY_CALIBRATED_TO_PUBLIC_ANNUAL_REFERENCE
PROD-0001371,2020-12-31,Gumgaon,Maharashtra,Nagpur,21.407941,78.985706,139.43,102.99,0.02,0,1.28,OFFICIAL_ANNUAL_PLAN,OFFICIAL_SAME_PERIOD,SYNTHETIC_DAILY_CALIBRATED_TO_PUBLIC_ANNUAL_REFERENCE
PROD-0001372,2021-01-01,Gumgaon,Maharashtra,Nagpur,21.407941,78.985706,139.29,104.35,1.05,0,0.0,OFFICIAL_ANNUAL_PLAN,OFFICIAL_SAME_PERIOD,SYNTHETIC_DAILY_CALIBRATED_TO_PUBLIC_ANNUAL_REFERENCE
PROD-0001373,2021-01-02,Gumgaon,Maharashtra,Nagpur,21.407941,78.985706,141.76,106.96,0.0,0,0.0,OFFICIAL_ANNUAL_PLAN,OFFICIAL_SAME_PERIOD,SYNTHETIC_DAILY_CALIBRATED_TO_PUBLIC_ANNUAL_REFERENCE
PROD-0001374,2021-01-03,Gumgaon,Maharashtra,Nagpur,21.407941,78.985706,132.35,95.86,0.95,0,0.0,OFFICIAL_ANNUAL_PLAN,OFFICIAL_SAME_PERIOD,SYNTHETIC_DAILY_CALIBRATED_TO_PUBLIC_ANNUAL_REFERENCE
PROD-0001375,2021-01-04,Gumgaon,Maharashtra,Nagpur,21.407941,78.985706,150.49,114.3,0.0,0,0.0,OFFICIAL_ANNUAL_PLAN,OFFICIAL_SAME_PERIOD,SYNTHETIC_DAILY_CALIBRATED_TO_PUBLIC_ANNUAL_REFERENCE
PROD-0001376,2021-01-05,Gumgaon,Maharashtra,Nagpur,21.407941,78.985706,161.78,125.5,0.79,0,0.0,OFFICIAL_ANNUAL_PLAN,OFFICIAL_SAME_PERIOD,SYNTHETIC_DAILY_CALIBRATED_TO_PUBLIC_ANNUAL_REFERENCE
PROD-0001377,2021-01-06,Gumgaon,Maharashtra,Nagpur,21.407941,78.985706,149.7,112.39,0.48,0,0.0,OFFICIAL_ANNUAL_PLAN,OFFICIAL_SAME_PERIOD,SYNTHETIC_DAILY_CALIBRATED_TO_PUBLIC_ANNUAL_REFERENCE
PROD-0001378,2021-01-07,Gumgaon,Maharashtra,Nagpur,21.407941,78.985706,151.37,111.73,0.0,0,0.0,OFFICIAL_ANNUAL_PLAN,OFFICIAL_SAME_PERIOD,SYNTHETIC_DAILY_CALIBRATED_TO_PUBLIC_ANNUAL_REFERENCE
PROD-0001379,2021-01-08,Gumgaon,Maharashtra,Nagpur,21.407941,78.985706,131.99,92.07,3.0,0,0.0,OFFICIAL_ANNUAL_PLAN,OFFICIAL_SAME_PERIOD,SYNTHETIC_DAILY_CALIBRATED_TO_PUBLIC_ANNUAL_REFERENCE
PROD-0001380,2021-01-09,Gumgaon,Maharashtra,Nagpur,21.407941,78.985706,149.32,108.47,3.19,0,0.0,OFFICIAL_ANNUAL_PLAN,OFFICIAL_SAME_PERIOD,SYNTHETIC_DAILY_CALIBRATED_TO_PUBLIC_ANNUAL_REFERENCE
PROD-0001381,2021-01-10,Gumgaon,Maharashtra,Nagpur,21.407941,78.985706,154.22,109.47,3.34,45,0.0,OFFICIAL_ANNUAL_PLAN,OFFICIAL_SAME_PERIOD,SYNTHETIC_DAILY_CALIBRATED_TO_PUBLIC_ANNUAL_REFERENCE
PROD-0001382,2021-01-11,Gumgaon,Maharashtra,Nagpur,21.407941,78.985706,150.7,111.93,0.0,0,0.0,OFFICIAL_ANNUAL_PLAN,OFFICIAL_SAME_PERIOD,SYNTHETIC_DAILY_CALIBRATED_TO_PUBLIC_ANNUAL_REFERENCE
PROD-0001383,2021-01-12,Gumgaon,Maharashtra,Nagpur,21.407941,78.985706,158.62,121.87,0.07,0,4.57,OFFICIAL_ANNUAL_PLAN,OFFICIAL_SAME_PERIOD,SYNTHETIC_DAILY_CALIBRATED_TO_PUBLIC_ANNUAL_REFERENCE
PROD-0001384,2021-01-13,Gumgaon,Maharashtra,Nagpur,21.407941,78.985706,148.88,108.74,1.17,60,0.0,OFFICIAL_ANNUAL_PLAN,OFFICIAL_SAME_PERIOD,SYNTHETIC_DAILY_CALIBRATED_TO_PUBLIC_ANNUAL_REFERENCE
PROD-0001385,2021-01-14,Gumgaon,Maharashtra,Nagpur,21.407941,78.985706,145.22,109.74,1.06,15,0.0,OFFICIAL_ANNUAL_PLAN,OFFICIAL_SAME_PERIOD,SYNTHETIC_DAILY_CALIBRATED_TO_PUBLIC_ANNUAL_REFERENCE
PROD-0001386,2021-01-15,Gumgaon,Maharashtra,Nagpur,21.407941,78.985706,143.53,105.18,3.3,0,0.0,OFFICIAL_ANNUAL_PLAN,OFFICIAL_SAME_PERIOD,SYNTHETIC_DAILY_CALIBRATED_TO_PUBLIC_ANNUAL_REFERENCE
PROD-0001387,2021-01-16,Gumgaon,Maharashtra,Nagpur,21.407941,78.985706,144.93,109.24,0.0,0,0.0,OFFICIAL_ANNUAL_PLAN,OFFICIAL_SAME_PERIOD,SYNTHETIC_DAILY_CALIBRATED_TO_PUBLIC_ANNUAL_REFERENCE
PROD-0001388,2021-01-17,Gumgaon,Maharashtra,Nagpur,21.407941,78.985706,142.72,106.17,2.27,0,0.0,OFFICIAL_ANNUAL_PLAN,OFFICIAL_SAME_PERIOD,SYNTHETIC_DAILY_CALIBRATED_TO_PUBLIC_ANNUAL_REFERENCE
PROD-0001389,2021-01-18,Gumgaon,Maharashtra,Nagpur,21.407941,78.985706,163.17,116.36,2.03,0,0.0,OFFICIAL_ANNUAL_PLAN,OFFICIAL_SAME_PERIOD,SYNTHETIC_DAILY_CALIBRATED_TO_PUBLIC_ANNUAL_REFERENCE
PROD-0001390,2021-01-19,Gumgaon,Maharashtra,Nagpur,21.407941,78.985706,135.62,104.82,0.0,0,0.0,OFFICIAL_ANNUAL_PLAN,OFFICIAL_SAME_PERIOD,SYNTHETIC_DAILY_CALIBRATED_TO_PUBLIC_ANNUAL_REFERENCE
PROD-0001391,2021-01-20,Gumgaon,Maharashtra,Nagpur,21.407941,78.985706,142.08,99.28,2.19,0,0.0,OFFICIAL_ANNUAL_PLAN,OFFICIAL_SAME_PERIOD,SYNTHETIC_DAILY_CALIBRATED_TO_PUBLIC_ANNUAL_REFERENCE
PROD-0001392,2021-01-21,Gumgaon,Maharashtra,Nagpur,21.407941,78.985706,131.14,95.34,0.0,0,0.0,OFFICIAL_ANNUAL_PLAN,OFFICIAL_SAME_PERIOD,SYNTHETIC_DAILY_CALIBRATED_TO_PUBLIC_ANNUAL_REFERENCE
PROD-0001393,2021-01-22,Gumgaon,Maharashtra,Nagpur,21.407941,78.985706,154.36,117.9,0.0,42,0.0,OFFICIAL_ANNUAL_PLAN,OFFICIAL_SAME_PERIOD,SYNTHETIC_DAILY_CALIBRATED_TO_PUBLIC_ANNUAL_REFERENCE
PROD-0001394,2021-01-23,Gumgaon,Maharashtra,Nagpur,21.407941,78.985706,142.68,110.35,0.0,28,0.0,OFFICIAL_ANNUAL_PLAN,OFFICIAL_SAME_PERIOD,SYNTHETIC_DAILY_CALIBRATED_TO_PUBLIC_ANNUAL_REFERENCE
PROD-0001395,2021-01-24,Gumgaon,Maharashtra,Nagpur,21.407941,78.985706,127.66,94.23,1.82,11,0.0,OFFICIAL_ANNUAL_PLAN,OFFICIAL_SAME_PERIOD,SYNTHETIC_DAILY_CALIBRATED_TO_PUBLIC_ANNUAL_REFERENCE
PROD-0001396,2021-01-25,Gumgaon,Maharashtra,Nagpur,21.407941,78.985706,144.33,110.25,0.15,0,0.0,OFFICIAL_ANNUAL_PLAN,OFFICIAL_SAME_PERIOD,SYNTHETIC_DAILY_CALIBRATED_TO_PUBLIC_ANNUAL_REFERENCE
PROD-0001397,2021-01-26,Gumgaon,Maharashtra,Nagpur,21.407941,78.985706,130.37,93.52,2.28,0,0.0,OFFICIAL_ANNUAL_PLAN,OFFICIAL_SAME_PERIOD,SYNTHETIC_DAILY_CALIBRATED_TO_PUBLIC_ANNUAL_REFERENCE
PROD-0001398,2021-01-27,Gumgaon,Maharashtra,Nagpur,21.407941,78.985706,159.99,119.12,1.37,0,0.0,OFFICIAL_ANNUAL_PLAN,OFFICIAL_SAME_PERIOD,SYNTHETIC_DAILY_CALIBRATED_TO_PUBLIC_ANNUAL_REFERENCE
PROD-0001399,2021-01-28,Gumgaon,Maharashtra,Nagpur,21.407941,78.985706,149.64,114.23,0.0,0,0.0,OFFICIAL_ANNUAL_PLAN,OFFICIAL_SAME_PERIOD,SYNTHETIC_DAILY_CALIBRATED_TO_PUBLIC_ANNUAL_REFERENCE
PROD-0001400,2021-01-29,Gumgaon,Maharashtra,Nagpur,21.407941,78.985706,167.93,125.48,3.34,0,0.0,OFFICIAL_ANNUAL_PLAN,OFFICIAL_SAME_PERIOD,SYNTHETIC_DAILY_CALIBRATED_TO_PUBLIC_ANNUAL_REFERENCE
PROD-0001401,2021-01-30,Gumgaon,Maharashtra,Nagpur,21.407941,78.985706,142.67,101.94,4.99,0,0.0,OFFICIAL_ANNUAL_PLAN,OFFICIAL_SAME_PERIOD,SYNTHETIC_DAILY_CALIBRATED_TO_PUBLIC_ANNUAL_REFERENCE
PROD-0001402,2021-01-31,Gumgaon,Maharashtra,Nagpur,21.407941,78.985706,151.86,114.03,0.49,102,0.0,OFFICIAL_ANNUAL_PLAN,OFFICIAL_SAME_PERIOD,SYNTHETIC_DAILY_CALIBRATED_TO_PUBLIC_ANNUAL_REFERENCE
PROD-0001403,2021-02-01,Gumgaon,Maharashtra,Nagpur,21.407941,78.985706,156.1,118.43,1.66,0,0.0,OFFICIAL_ANNUAL_PLAN,OFFICIAL_SAME_PERIOD,SYNTHETIC_DAILY_CALIBRATED_TO_PUBLIC_ANNUAL_REFERENCE
PROD-0001404,2021-02-02,Gumgaon,Maharashtra,Nagpur,21.407941,78.985706,141.32,98.71,5.45,0,0.0,OFFICIAL_ANNUAL_PLAN,OFFICIAL_SAME_PERIOD,SYNTHETIC_DAILY_CALIBRATED_TO_PUBLIC_ANNUAL_REFERENCE
PROD-0001405,2021-02-03,Gumgaon,Maharashtra,Nagpur,21.407941,78.985706,135.5,90.31,5.06,0,0.0,OFFICIAL_ANNUAL_PLAN,OFFICIAL_SAME_PERIOD,SYNTHETIC_DAILY_CALIBRATED_TO_PUBLIC_ANNUAL_REFERENCE
PROD-0001406,2021-02-04,Gumgaon,Maharashtra,Nagpur,21.407941,78.985706,151.31,116.68,1.7,0,0.0,OFFICIAL_ANNUAL_PLAN,OFFICIAL_SAME_PERIOD,SYNTHETIC_DAILY_CALIBRATED_TO_PUBLIC_ANNUAL_REFERENCE
PROD-0001407,2021-02-05,Gumgaon,Maharashtra,Nagpur,21.407941,78.985706,139.86,106.02,1.38,11,0.0,OFFICIAL_ANNUAL_PLAN,OFFICIAL_SAME_PERIOD,SYNTHETIC_DAILY_CALIBRATED_TO_PUBLIC_ANNUAL_REFERENCE
PROD-0001408,2021-02-06,Gumgaon,Maharashtra,Nagpur,21.407941,78.985706,139.54,101.17,1.76,0,0.0,OFFICIAL_ANNUAL_PLAN,OFFICIAL_SAME_PERIOD,SYNTHETIC_DAILY_CALIBRATED_TO_PUBLIC_ANNUAL_REFERENCE
PROD-0001409,2021-02-07,Gumgaon,Maharashtra,Nagpur,21.407941,78.985706,144.25,104.93,3.25,0,0.0,OFFICIAL_ANNUAL_PLAN,OFFICIAL_SAME_PERIOD,SYNTHETIC_DAILY_CALIBRATED_TO_PUBLIC_ANNUAL_REFERENCE
PROD-0001410,2021-02-08,Gumgaon,Maharashtra,Nagpur,21.407941,78.985706,171.25,114.52,7.6,0,2.76,OFFICIAL_ANNUAL_PLAN,OFFICIAL_SAME_PERIOD,SYNTHETIC_DAILY_CALIBRATED_TO_PUBLIC_ANNUAL_REFERENCE
PROD-0001411,2021-02-09,Gumgaon,Maharashtra,Nagpur,21.407941,78.985706,149.29,110.14,0.1,0,6.8,OFFICIAL_ANNUAL_PLAN,OFFICIAL_SAME_PERIOD,SYNTHETIC_DAILY_CALIBRATED_TO_PUBLIC_ANNUAL_REFERENCE
PROD-0001412,2021-02-10,Gumgaon,Maharashtra,Nagpur,21.407941,78.985706,150.36,113.8,0.46,0,0.0,OFFICIAL_ANNUAL_PLAN,OFFICIAL_SAME_PERIOD,SYNTHETIC_DAILY_CALIBRATED_TO_PUBLIC_ANNUAL_REFERENCE
PROD-0001413,2021-02-11,Gumgaon,Maharashtra,Nagpur,21.407941,78.985706,151.43,108.31,4.34,0,0.0,OFFICIAL_ANNUAL_PLAN,OFFICIAL_SAME_PERIOD,SYNTHETIC_DAILY_CALIBRATED_TO_PUBLIC_ANNUAL_REFERENCE
PROD-0001414,2021-02-12,Gumgaon,Maharashtra,Nagpur,21.407941,78.985706,156.31,114.29,3.05,0,0.0,OFFICIAL_ANNUAL_PLAN,OFFICIAL_SAME_PERIOD,SYNTHETIC_DAILY_CALIBRATED_TO_PUBLIC_ANNUAL_REFERENCE
PROD-0001415,2021-02-13,Gumgaon,Maharashtra,Nagpur,21.407941,78.985706,149.32,109.96,0.0,0,0.0,OFFICIAL_ANNUAL_PLAN,OFFICIAL_SAME_PERIOD,SYNTHETIC_DAILY_CALIBRATED_TO_PUBLIC_ANNUAL_REFERENCE
PROD-0001416,2021-02-14,Gumgaon,Maharashtra,Nagpur,21.407941,78.985706,143.4,101.14,4.24,34,0.0,OFFICIAL_ANNUAL_PLAN,OFFICIAL_SAME_PERIOD,SYNTHETIC_DAILY_CALIBRATED_TO_PUBLIC_ANNUAL_REFERENCE
PROD-0001417,2021-02-15,Gumgaon,Maharashtra,Nagpur,21.407941,78.985706,145.3,104.72,4.91,0,0.0,OFFICIAL_ANNUAL_PLAN,OFFICIAL_SAME_PERIOD,SYNTHETIC_DAILY_CALIBRATED_TO_PUBLIC_ANNUAL_REFERENCE
PROD-0001418,2021-02-16,Gumgaon,Maharashtra,Nagpur,21.407941,78.985706,149.13,106.28,3.73,51,0.0,OFFICIAL_ANNUAL_PLAN,OFFICIAL_SAME_PERIOD,SYNTHETIC_DAILY_CALIBRATED_TO_PUBLIC_ANNUAL_REFERENCE
PROD-0001419,2021-02-17,Gumgaon,Maharashtra,Nagpur,21.407941,78.985706,133.42,97.63,1.95,43,0.0,OFFICIAL_ANNUAL_PLAN,OFFICIAL_SAME_PERIOD,SYNTHETIC_DAILY_CALIBRATED_TO_PUBLIC_ANNUAL_REFERENCE
PROD-0001420,2021-02-18,Gumgaon,Maharashtra,Nagpur,21.407941,78.985706,136.07,103.04,1.5,0,4.01,OFFICIAL_ANNUAL_PLAN,OFFICIAL_SAME_PERIOD,SYNTHETIC_DAILY_CALIBRATED_TO_PUBLIC_ANNUAL_REFERENCE
PROD-0001421,2021-02-19,Gumgaon,Maharashtra,Nagpur,21.407941,78.985706,155.63,111.14,3.46,0,27.35,OFFICIAL_ANNUAL_PLAN,OFFICIAL_SAME_PERIOD,SYNTHETIC_DAILY_CALIBRATED_TO_PUBLIC_ANNUAL_REFERENCE
PROD-0001422,2021-02-20,Gumgaon,Maharashtra,Nagpur,21.407941,78.985706,137.35,104.3,0.0,0,0.0,OFFICIAL_ANNUAL_PLAN,OFFICIAL_SAME_PERIOD,SYNTHETIC_DAILY_CALIBRATED_TO_PUBLIC_ANNUAL_REFERENCE
PROD-0001423,2021-02-21,Gumgaon,Maharashtra,Nagpur,21.407941,78.985706,139.59,100.75,1.75,71,0.0,OFFICIAL_ANNUAL_PLAN,OFFICIAL_SAME_PERIOD,SYNTHETIC_DAILY_CALIBRATED_TO_PUBLIC_ANNUAL_REFERENCE
PROD-0001424,2021-02-22,Gumgaon,Maharashtra,Nagpur,21.407941,78.985706,153.64,113.36,2.18,0,0.0,OFFICIAL_ANNUAL_PLAN,OFFICIAL_SAME_PERIOD,SYNTHETIC_DAILY_CALIBRATED_TO_PUBLIC_ANNUAL_REFERENCE
PROD-0001425,2021-02-23,Gumgaon,Maharashtra,Nagpur,21.407941,78.985706,116.95,86.01,0.0,0,0.0,OFFICIAL_ANNUAL_PLAN,OFFICIAL_SAME_PERIOD,SYNTHETIC_DAILY_CALIBRATED_TO_PUBLIC_ANNUAL_REFERENCE
PROD-0001426,2021-02-24,Gumgaon,Maharashtra,Nagpur,21.407941,78.985706,156.38,114.6,3.82,0,0.0,OFFICIAL_ANNUAL_PLAN,OFFICIAL_SAME_PERIOD,SYNTHETIC_DAILY_CALIBRATED_TO_PUBLIC_ANNUAL_REFERENCE
PROD-0001427,2021-02-25,Gumgaon,Maharashtra,Nagpur,21.407941,78.985706,139.67,97.24,1.01,0,0.0,OFFICIAL_ANNUAL_PLAN,OFFICIAL_SAME_PERIOD,SYNTHETIC_DAILY_CALIBRATED_TO_PUBLIC_ANNUAL_REFERENCE
PROD-0001428,2021-02-26,Gumgaon,Maharashtra,Nagpur,21.407941,78.985706,148.48,111.2,0.0,0,0.0,OFFICIAL_ANNUAL_PLAN,OFFICIAL_SAME_PERIOD,SYNTHETIC_DAILY_CALIBRATED_TO_PUBLIC_ANNUAL_REFERENCE
PROD-0001429,2021-02-27,Gumgaon,Maharashtra,Nagpur,21.407941,78.985706,138.8,104.28,0.0,0,0.0,OFFICIAL_ANNUAL_PLAN,OFFICIAL_SAME_PERIOD,SYNTHETIC_DAILY_CALIBRATED_TO_PUBLIC_ANNUAL_REFERENCE
PROD-0001430,2021-02-28,Gumgaon,Maharashtra,Nagpur,21.407941,78.985706,144.8,108.36,0.0,0,0.0,OFFICIAL_ANNUAL_PLAN,OFFICIAL_SAME_PERIOD,SYNTHETIC_DAILY_CALIBRATED_TO_PUBLIC_ANNUAL_REFERENCE
PROD-0001431,2021-03-01,Gumgaon,Maharashtra,Nagpur,21.407941,78.985706,148.08,111.77,0.34,0,0.0,OFFICIAL_ANNUAL_PLAN,OFFICIAL_SAME_PERIOD,SYNTHETIC_DAILY_CALIBRATED_TO_PUBLIC_ANNUAL_REFERENCE
PROD-0001432,2021-03-02,Gumgaon,Maharashtra,Nagpur,21.407941,78.985706,140.12,103.88,1.53,0,0.0,OFFICIAL_ANNUAL_PLAN,OFFICIAL_SAME_PERIOD,SYNTHETIC_DAILY_CALIBRATED_TO_PUBLIC_ANNUAL_REFERENCE
PROD-0001433,2021-03-03,Gumgaon,Maharashtra,Nagpur,21.407941,78.985706,150.24,114.55,0.51,0,0.0,OFFICIAL_ANNUAL_PLAN,OFFICIAL_SAME_PERIOD,SYNTHETIC_DAILY_CALIBRATED_TO_PUBLIC_ANNUAL_REFERENCE
PROD-0001434,2021-03-04,Gumgaon,Maharashtra,Nagpur,21.407941,78.985706,139.16,108.51,0.0,0,0.0,OFFICIAL_ANNUAL_PLAN,OFFICIAL_SAME_PERIOD,SYNTHETIC_DAILY_CALIBRATED_TO_PUBLIC_ANNUAL_REFERENCE
PROD-0001435,2021-03-05,Gumgaon,Maharashtra,Nagpur,21.407941,78.985706,154.9,114.83,0.0,0,0.0,OFFICIAL_ANNUAL_PLAN,OFFICIAL_SAME_PERIOD,SYNTHETIC_DAILY_CALIBRATED_TO_PUBLIC_ANNUAL_REFERENCE
PROD-0001436,2021-03-06,Gumgaon,Maharashtra,Nagpur,21.407941,78.985706,115.38,86.38,1.87,0,0.0,OFFICIAL_ANNUAL_PLAN,OFFICIAL_SAME_PERIOD,SYNTHETIC_DAILY_CALIBRATED_TO_PUBLIC_ANNUAL_REFERENCE
PROD-0001437,2021-03-07,Gumgaon,Maharashtra,Nagpur,21.407941,78.985706,148.58,109.46,0.04,0,2.51,OFFICIAL_ANNUAL_PLAN,OFFICIAL_SAME_PERIOD,SYNTHETIC_DAILY_CALIBRATED_TO_PUBLIC_ANNUAL_REFERENCE
PROD-0001438,2021-03-08,Gumgaon,Maharashtra,Nagpur,21.407941,78.985706,146.35,108.03,0.0,0,0.0,OFFICIAL_ANNUAL_PLAN,OFFICIAL_SAME_PERIOD,SYNTHETIC_DAILY_CALIBRATED_TO_PUBLIC_ANNUAL_REFERENCE
PROD-0001439,2021-03-09,Gumgaon,Maharashtra,Nagpur,21.407941,78.985706,145.38,105.94,2.86,0,9.22,OFFICIAL_ANNUAL_PLAN,OFFICIAL_SAME_PERIOD,SYNTHETIC_DAILY_CALIBRATED_TO_PUBLIC_ANNUAL_REFERENCE
PROD-0001440,2021-03-10,Gumgaon,Maharashtra,Nagpur,21.407941,78.985706,145.49,107.48,0.32,0,21.51,OFFICIAL_ANNUAL_PLAN,OFFICIAL_SAME_PERIOD,SYNTHETIC_DAILY_CALIBRATED_TO_PUBLIC_ANNUAL_REFERENCE
PROD-0001441,2021-03-11,Gumgaon,Maharashtra,Nagpur,21.407941,78.985706,149.69,111.96,1.07,0,5.58,OFFICIAL_ANNUAL_PLAN,OFFICIAL_SAME_PERIOD,SYNTHETIC_DAILY_CALIBRATED_TO_PUBLIC_ANNUAL_REFERENCE
PROD-0001442,2021-03-12,Gumgaon,Maharashtra,Nagpur,21.407941,78.985706,126.64,93.7,3.04,14,0.0,OFFICIAL_ANNUAL_PLAN,OFFICIAL_SAME_PERIOD,SYNTHETIC_DAILY_CALIBRATED_TO_PUBLIC_ANNUAL_REFERENCE
PROD-0001443,2021-03-13,Gumgaon,Maharashtra,Nagpur,21.407941,78.985706,128.13,101.28,0.0,0,0.0,OFFICIAL_ANNUAL_PLAN,OFFICIAL_SAME_PERIOD,SYNTHETIC_DAILY_CALIBRATED_TO_PUBLIC_ANNUAL_REFERENCE
PROD-0001444,2021-03-14,Gumgaon,Maharashtra,Nagpur,21.407941,78.985706,152.94,111.56,4.48,0,13.61,OFFICIAL_ANNUAL_PLAN,OFFICIAL_SAME_PERIOD,SYNTHETIC_DAILY_CALIBRATED_TO_PUBLIC_ANNUAL_REFERENCE
PROD-0001445,2021-03-15,Gumgaon,Maharashtra,Nagpur,21.407941,78.985706,140.43,104.81,1.45,0,0.0,OFFICIAL_ANNUAL_PLAN,OFFICIAL_SAME_PERIOD,SYNTHETIC_DAILY_CALIBRATED_TO_PUBLIC_ANNUAL_REFERENCE
PROD-0001446,2021-03-16,Gumgaon,Maharashtra,Nagpur,21.407941,78.985706,137.49,104.31,0.0,0,0.0,OFFICIAL_ANNUAL_PLAN,OFFICIAL_SAME_PERIOD,SYNTHETIC_DAILY_CALIBRATED_TO_PUBLIC_ANNUAL_REFERENCE
PROD-0001447,2021-03-17,Gumgaon,Maharashtra,Nagpur,21.407941,78.985706,159.97,115.84,2.51,0,0.0,OFFICIAL_ANNUAL_PLAN,OFFICIAL_SAME_PERIOD,SYNTHETIC_DAILY_CALIBRATED_TO_PUBLIC_ANNUAL_REFERENCE
PROD-0001448,2021-03-18,Gumgaon,Maharashtra,Nagpur,21.407941,78.985706,137.53,104.83,0.0,0,0.0,OFFICIAL_ANNUAL_PLAN,OFFICIAL_SAME_PERIOD,SYNTHETIC_DAILY_CALIBRATED_TO_PUBLIC_ANNUAL_REFERENCE
PROD-0001449,2021-03-19,Gumgaon,Maharashtra,Nagpur,21.407941,78.985706,136.83,101.07,0.82,0,0.0,OFFICIAL_ANNUAL_PLAN,OFFICIAL_SAME_PERIOD,SYNTHETIC_DAILY_CALIBRATED_TO_PUBLIC_ANNUAL_REFERENCE
PROD-0001450,2021-03-20,Gumgaon,Maharashtra,Nagpur,21.407941,78.985706,164.52,120.91,0.0,0,0.0,OFFICIAL_ANNUAL_PLAN,OFFICIAL_SAME_PERIOD,SYNTHETIC_DAILY_CALIBRATED_TO_PUBLIC_ANNUAL_REFERENCE
PROD-0001451,2021-03-21,Gumgaon,Maharashtra,Nagpur,21.407941,78.985706,139.08,102.5,2.0,62,0.0,OFFICIAL_ANNUAL_PLAN,OFFICIAL_SAME_PERIOD,SYNTHETIC_DAILY_CALIBRATED_TO_PUBLIC_ANNUAL_REFERENCE
PROD-0001452,2021-03-22,Gumgaon,Maharashtra,Nagpur,21.407941,78.985706,137.88,104.17,0.26,0,0.0,OFFICIAL_ANNUAL_PLAN,OFFICIAL_SAME_PERIOD,SYNTHETIC_DAILY_CALIBRATED_TO_PUBLIC_ANNUAL_REFERENCE
PROD-0001453,2021-03-23,Gumgaon,Maharashtra,Nagpur,21.407941,78.985706,132.3,98.26,2.11,0,0.0,OFFICIAL_ANNUAL_PLAN,OFFICIAL_SAME_PERIOD,SYNTHETIC_DAILY_CALIBRATED_TO_PUBLIC_ANNUAL_REFERENCE
PROD-0001454,2021-03-24,Gumgaon,Maharashtra,Nagpur,21.407941,78.985706,165.17,121.82,0.0,0,0.0,OFFICIAL_ANNUAL_PLAN,OFFICIAL_SAME_PERIOD,SYNTHETIC_DAILY_CALIBRATED_TO_PUBLIC_ANNUAL_REFERENCE
PROD-0001455,2021-03-25,Gumgaon,Maharashtra,Nagpur,21.407941,78.985706,153.79,115.07,0.89,0,0.0,OFFICIAL_ANNUAL_PLAN,OFFICIAL_SAME_PERIOD,SYNTHETIC_DAILY_CALIBRATED_TO_PUBLIC_ANNUAL_REFERENCE
PROD-0001456,2021-03-26,Gumgaon,Maharashtra,Nagpur,21.407941,78.985706,141.02,103.2,2.55,0,4.69,OFFICIAL_ANNUAL_PLAN,OFFICIAL_SAME_PERIOD,SYNTHETIC_DAILY_CALIBRATED_TO_PUBLIC_ANNUAL_REFERENCE
PROD-0001457,2021-03-27,Gumgaon,Maharashtra,Nagpur,21.407941,78.985706,139.94,103.91,2.33,0,0.0,OFFICIAL_ANNUAL_PLAN,OFFICIAL_SAME_PERIOD,SYNTHETIC_DAILY_CALIBRATED_TO_PUBLIC_ANNUAL_REFERENCE
PROD-0001458,2021-03-28,Gumgaon,Maharashtra,Nagpur,21.407941,78.985706,145.27,104.39,0.17,0,11.43,OFFICIAL_ANNUAL_PLAN,OFFICIAL_SAME_PERIOD,SYNTHETIC_DAILY_CALIBRATED_TO_PUBLIC_ANNUAL_REFERENCE
PROD-0001459,2021-03-29,Gumgaon,Maharashtra,Nagpur,21.407941,78.985706,139.1,101.37,1.0,0,0.0,OFFICIAL_ANNUAL_PLAN,OFFICIAL_SAME_PERIOD,SYNTHETIC_DAILY_CALIBRATED_TO_PUBLIC_ANNUAL_REFERENCE
PROD-0001460,2021-03-30,Gumgaon,Maharashtra,Nagpur,21.407941,78.985706,167.88,124.46,0.0,0,0.0,OFFICIAL_ANNUAL_PLAN,OFFICIAL_SAME_PERIOD,SYNTHETIC_DAILY_CALIBRATED_TO_PUBLIC_ANNUAL_REFERENCE
PROD-0001461,2021-03-31,Gumgaon,Maharashtra,Nagpur,21.407941,78.985706,118.69999999999999,89.86,0.43,0,28.72,OFFICIAL_ANNUAL_PLAN,OFFICIAL_SAME_PERIOD,SYNTHETIC_DAILY_CALIBRATED_TO_PUBLIC_ANNUAL_REFERENCE
PROD-0001462,2020-04-01,Kandri,Maharashtra,Nagpur,21.4125,79.266667,163.62,134.16,0.0,0,0.0,OFFICIAL_ANNUAL_PLAN,OFFICIAL_SAME_PERIOD,SYNTHETIC_DAILY_CALIBRATED_TO_PUBLIC_ANNUAL_REFERENCE
PROD-0001463,2020-04-02,Kandri,Maharashtra,Nagpur,21.4125,79.266667,172.27,147.13,1.72,0,0.0,OFFICIAL_ANNUAL_PLAN,OFFICIAL_SAME_PERIOD,SYNTHETIC_DAILY_CALIBRATED_TO_PUBLIC_ANNUAL_REFERENCE
PROD-0001464,2020-04-03,Kandri,Maharashtra,Nagpur,21.4125,79.266667,150.47,123.38,2.74,0,0.0,OFFICIAL_ANNUAL_PLAN,OFFICIAL_SAME_PERIOD,SYNTHETIC_DAILY_CALIBRATED_TO_PUBLIC_ANNUAL_REFERENCE
PROD-0001465,2020-04-04,Kandri,Maharashtra,Nagpur,21.4125,79.266667,166.13,143.74,1.9,0,0.0,OFFICIAL_ANNUAL_PLAN,OFFICIAL_SAME_PERIOD,SYNTHETIC_DAILY_CALIBRATED_TO_PUBLIC_ANNUAL_REFERENCE
PROD-0001466,2020-04-05,Kandri,Maharashtra,Nagpur,21.4125,79.266667,197.26,168.97,0.0,48,0.0,OFFICIAL_ANNUAL_PLAN,OFFICIAL_SAME_PERIOD,SYNTHETIC_DAILY_CALIBRATED_TO_PUBLIC_ANNUAL_REFERENCE
PROD-0001467,2020-04-06,Kandri,Maharashtra,Nagpur,21.4125,79.266667,203.14,164.33,4.21,0,0.0,OFFICIAL_ANNUAL_PLAN,OFFICIAL_SAME_PERIOD,SYNTHETIC_DAILY_CALIBRATED_TO_PUBLIC_ANNUAL_REFERENCE
PROD-0001468,2020-04-07,Kandri,Maharashtra,Nagpur,21.4125,79.266667,169.17,136.76,4.21,31,0.0,OFFICIAL_ANNUAL_PLAN,OFFICIAL_SAME_PERIOD,SYNTHETIC_DAILY_CALIBRATED_TO_PUBLIC_ANNUAL_REFERENCE
PROD-0001469,2020-04-08,Kandri,Maharashtra,Nagpur,21.4125,79.266667,151.64,128.68,2.02,0,0.0,OFFICIAL_ANNUAL_PLAN,OFFICIAL_SAME_PERIOD,SYNTHETIC_DAILY_CALIBRATED_TO_PUBLIC_ANNUAL_REFERENCE
PROD-0001470,2020-04-09,Kandri,Maharashtra,Nagpur,21.4125,79.266667,187.29,153.53,1.48,0,0.0,OFFICIAL_ANNUAL_PLAN,OFFICIAL_SAME_PERIOD,SYNTHETIC_DAILY_CALIBRATED_TO_PUBLIC_ANNUAL_REFERENCE
PROD-0001471,2020-04-10,Kandri,Maharashtra,Nagpur,21.4125,79.266667,171.16,145.85,0.0,0,0.0,OFFICIAL_ANNUAL_PLAN,OFFICIAL_SAME_PERIOD,SYNTHETIC_DAILY_CALIBRATED_TO_PUBLIC_ANNUAL_REFERENCE
PROD-0001472,2020-04-11,Kandri,Maharashtra,Nagpur,21.4125,79.266667,151.88,120.78,4.06,0,0.0,OFFICIAL_ANNUAL_PLAN,OFFICIAL_SAME_PERIOD,SYNTHETIC_DAILY_CALIBRATED_TO_PUBLIC_ANNUAL_REFERENCE
PROD-0001473,2020-04-12,Kandri,Maharashtra,Nagpur,21.4125,79.266667,175.07,142.73,3.41,0,0.0,OFFICIAL_ANNUAL_PLAN,OFFICIAL_SAME_PERIOD,SYNTHETIC_DAILY_CALIBRATED_TO_PUBLIC_ANNUAL_REFERENCE
PROD-0001474,2020-04-13,Kandri,Maharashtra,Nagpur,21.4125,79.266667,172.23,147.23,0.0,0,0.0,OFFICIAL_ANNUAL_PLAN,OFFICIAL_SAME_PERIOD,SYNTHETIC_DAILY_CALIBRATED_TO_PUBLIC_ANNUAL_REFERENCE
PROD-0001475,2020-04-14,Kandri,Maharashtra,Nagpur,21.4125,79.266667,156.84,131.28,0.31,0,7.29,OFFICIAL_ANNUAL_PLAN,OFFICIAL_SAME_PERIOD,SYNTHETIC_DAILY_CALIBRATED_TO_PUBLIC_ANNUAL_REFERENCE
PROD-0001476,2020-04-15,Kandri,Maharashtra,Nagpur,21.4125,79.266667,179.24,154.15,0.0,0,0.0,OFFICIAL_ANNUAL_PLAN,OFFICIAL_SAME_PERIOD,SYNTHETIC_DAILY_CALIBRATED_TO_PUBLIC_ANNUAL_REFERENCE
PROD-0001477,2020-04-16,Kandri,Maharashtra,Nagpur,21.4125,79.266667,155.13,134.58,0.55,0,0.0,OFFICIAL_ANNUAL_PLAN,OFFICIAL_SAME_PERIOD,SYNTHETIC_DAILY_CALIBRATED_TO_PUBLIC_ANNUAL_REFERENCE
PROD-0001478,2020-04-17,Kandri,Maharashtra,Nagpur,21.4125,79.266667,174.32,151.02,0.0,0,0.0,OFFICIAL_ANNUAL_PLAN,OFFICIAL_SAME_PERIOD,SYNTHETIC_DAILY_CALIBRATED_TO_PUBLIC_ANNUAL_REFERENCE
PROD-0001479,2020-04-18,Kandri,Maharashtra,Nagpur,21.4125,79.266667,181.34,151.53,0.0,0,0.0,OFFICIAL_ANNUAL_PLAN,OFFICIAL_SAME_PERIOD,SYNTHETIC_DAILY_CALIBRATED_TO_PUBLIC_ANNUAL_REFERENCE
PROD-0001480,2020-04-19,Kandri,Maharashtra,Nagpur,21.4125,79.266667,164.18,145.16,0.0,0,0.0,OFFICIAL_ANNUAL_PLAN,OFFICIAL_SAME_PERIOD,SYNTHETIC_DAILY_CALIBRATED_TO_PUBLIC_ANNUAL_REFERENCE
PROD-0001481,2020-04-20,Kandri,Maharashtra,Nagpur,21.4125,79.266667,183.41,157.09,0.0,20,0.0,OFFICIAL_ANNUAL_PLAN,OFFICIAL_SAME_PERIOD,SYNTHETIC_DAILY_CALIBRATED_TO_PUBLIC_ANNUAL_REFERENCE
PROD-0001482,2020-04-21,Kandri,Maharashtra,Nagpur,21.4125,79.266667,186.1,151.82,1.16,53,0.0,OFFICIAL_ANNUAL_PLAN,OFFICIAL_SAME_PERIOD,SYNTHETIC_DAILY_CALIBRATED_TO_PUBLIC_ANNUAL_REFERENCE
PROD-0001483,2020-04-22,Kandri,Maharashtra,Nagpur,21.4125,79.266667,185.88,155.07,0.0,57,0.0,OFFICIAL_ANNUAL_PLAN,OFFICIAL_SAME_PERIOD,SYNTHETIC_DAILY_CALIBRATED_TO_PUBLIC_ANNUAL_REFERENCE
PROD-0001484,2020-04-23,Kandri,Maharashtra,Nagpur,21.4125,79.266667,170.85,143.91,1.3,0,0.0,OFFICIAL_ANNUAL_PLAN,OFFICIAL_SAME_PERIOD,SYNTHETIC_DAILY_CALIBRATED_TO_PUBLIC_ANNUAL_REFERENCE
PROD-0001485,2020-04-24,Kandri,Maharashtra,Nagpur,21.4125,79.266667,180.95,140.95,4.54,131,0.0,OFFICIAL_ANNUAL_PLAN,OFFICIAL_SAME_PERIOD,SYNTHETIC_DAILY_CALIBRATED_TO_PUBLIC_ANNUAL_REFERENCE
PROD-0001486,2020-04-25,Kandri,Maharashtra,Nagpur,21.4125,79.266667,175.04,142.71,0.0,0,0.0,OFFICIAL_ANNUAL_PLAN,OFFICIAL_SAME_PERIOD,SYNTHETIC_DAILY_CALIBRATED_TO_PUBLIC_ANNUAL_REFERENCE
PROD-0001487,2020-04-26,Kandri,Maharashtra,Nagpur,21.4125,79.266667,155.63,128.51,0.6,0,19.04,OFFICIAL_ANNUAL_PLAN,OFFICIAL_SAME_PERIOD,SYNTHETIC_DAILY_CALIBRATED_TO_PUBLIC_ANNUAL_REFERENCE
PROD-0001488,2020-04-27,Kandri,Maharashtra,Nagpur,21.4125,79.266667,179.48,144.58,1.47,0,0.0,OFFICIAL_ANNUAL_PLAN,OFFICIAL_SAME_PERIOD,SYNTHETIC_DAILY_CALIBRATED_TO_PUBLIC_ANNUAL_REFERENCE
PROD-0001489,2020-04-28,Kandri,Maharashtra,Nagpur,21.4125,79.266667,151.14,125.37,0.19,0,12.53,OFFICIAL_ANNUAL_PLAN,OFFICIAL_SAME_PERIOD,SYNTHETIC_DAILY_CALIBRATED_TO_PUBLIC_ANNUAL_REFERENCE
PROD-0001490,2020-04-29,Kandri,Maharashtra,Nagpur,21.4125,79.266667,161.71,137.03,0.63,0,14.91,OFFICIAL_ANNUAL_PLAN,OFFICIAL_SAME_PERIOD,SYNTHETIC_DAILY_CALIBRATED_TO_PUBLIC_ANNUAL_REFERENCE
PROD-0001491,2020-04-30,Kandri,Maharashtra,Nagpur,21.4125,79.266667,180.77,151.39,0.89,47,0.0,OFFICIAL_ANNUAL_PLAN,OFFICIAL_SAME_PERIOD,SYNTHETIC_DAILY_CALIBRATED_TO_PUBLIC_ANNUAL_REFERENCE
PROD-0001492,2020-05-01,Kandri,Maharashtra,Nagpur,21.4125,79.266667,149.98,126.46,1.71,0,0.0,OFFICIAL_ANNUAL_PLAN,OFFICIAL_SAME_PERIOD,SYNTHETIC_DAILY_CALIBRATED_TO_PUBLIC_ANNUAL_REFERENCE
PROD-0001493,2020-05-02,Kandri,Maharashtra,Nagpur,21.4125,79.266667,158.09,130.97,1.46,0,0.0,OFFICIAL_ANNUAL_PLAN,OFFICIAL_SAME_PERIOD,SYNTHETIC_DAILY_CALIBRATED_TO_PUBLIC_ANNUAL_REFERENCE
PROD-0001494,2020-05-03,Kandri,Maharashtra,Nagpur,21.4125,79.266667,185.97,162.0,0.0,0,0.0,OFFICIAL_ANNUAL_PLAN,OFFICIAL_SAME_PERIOD,SYNTHETIC_DAILY_CALIBRATED_TO_PUBLIC_ANNUAL_REFERENCE
PROD-0001495,2020-05-04,Kandri,Maharashtra,Nagpur,21.4125,79.266667,173.1,154.81,0.0,0,0.0,OFFICIAL_ANNUAL_PLAN,OFFICIAL_SAME_PERIOD,SYNTHETIC_DAILY_CALIBRATED_TO_PUBLIC_ANNUAL_REFERENCE
PROD-0001496,2020-05-05,Kandri,Maharashtra,Nagpur,21.4125,79.266667,157.2,136.46,0.86,0,0.0,OFFICIAL_ANNUAL_PLAN,OFFICIAL_SAME_PERIOD,SYNTHETIC_DAILY_CALIBRATED_TO_PUBLIC_ANNUAL_REFERENCE
PROD-0001497,2020-05-06,Kandri,Maharashtra,Nagpur,21.4125,79.266667,188.63,160.59,0.0,0,0.0,OFFICIAL_ANNUAL_PLAN,OFFICIAL_SAME_PERIOD,SYNTHETIC_DAILY_CALIBRATED_TO_PUBLIC_ANNUAL_REFERENCE
PROD-0001498,2020-05-07,Kandri,Maharashtra,Nagpur,21.4125,79.266667,170.45,148.99,0.55,0,0.0,OFFICIAL_ANNUAL_PLAN,OFFICIAL_SAME_PERIOD,SYNTHETIC_DAILY_CALIBRATED_TO_PUBLIC_ANNUAL_REFERENCE
PROD-0001499,2020-05-08,Kandri,Maharashtra,Nagpur,21.4125,79.266667,173.48,152.29,0.0,0,0.0,OFFICIAL_ANNUAL_PLAN,OFFICIAL_SAME_PERIOD,SYNTHETIC_DAILY_CALIBRATED_TO_PUBLIC_ANNUAL_REFERENCE
PROD-0001500,2020-05-09,Kandri,Maharashtra,Nagpur,21.4125,79.266667,172.06,154.29,0.0,0,0.0,OFFICIAL_ANNUAL_PLAN,OFFICIAL_SAME_PERIOD,SYNTHETIC_DAILY_CALIBRATED_TO_PUBLIC_ANNUAL_REFERENCE
PROD-0001501,2020-05-10,Kandri,Maharashtra,Nagpur,21.4125,79.266667,163.17,128.91,2.8,27,0.0,OFFICIAL_ANNUAL_PLAN,OFFICIAL_SAME_PERIOD,SYNTHETIC_DAILY_CALIBRATED_TO_PUBLIC_ANNUAL_REFERENCE
PROD-0001502,2020-05-11,Kandri,Maharashtra,Nagpur,21.4125,79.266667,172.32,148.28,0.04,0,0.0,OFFICIAL_ANNUAL_PLAN,OFFICIAL_SAME_PERIOD,SYNTHETIC_DAILY_CALIBRATED_TO_PUBLIC_ANNUAL_REFERENCE
PROD-0001503,2020-05-12,Kandri,Maharashtra,Nagpur,21.4125,79.266667,170.38,137.39,5.82,0,0.0,OFFICIAL_ANNUAL_PLAN,OFFICIAL_SAME_PERIOD,SYNTHETIC_DAILY_CALIBRATED_TO_PUBLIC_ANNUAL_REFERENCE
PROD-0001504,2020-05-13,Kandri,Maharashtra,Nagpur,21.4125,79.266667,171.28,142.16,5.06,0,0.0,OFFICIAL_ANNUAL_PLAN,OFFICIAL_SAME_PERIOD,SYNTHETIC_DAILY_CALIBRATED_TO_PUBLIC_ANNUAL_REFERENCE
PROD-0001505,2020-05-14,Kandri,Maharashtra,Nagpur,21.4125,79.266667,171.3,141.46,0.0,0,0.0,OFFICIAL_ANNUAL_PLAN,OFFICIAL_SAME_PERIOD,SYNTHETIC_DAILY_CALIBRATED_TO_PUBLIC_ANNUAL_REFERENCE
PROD-0001506,2020-05-15,Kandri,Maharashtra,Nagpur,21.4125,79.266667,171.0,143.81,1.63,0,0.0,OFFICIAL_ANNUAL_PLAN,OFFICIAL_SAME_PERIOD,SYNTHETIC_DAILY_CALIBRATED_TO_PUBLIC_ANNUAL_REFERENCE
PROD-0001507,2020-05-16,Kandri,Maharashtra,Nagpur,21.4125,79.266667,163.22,134.12,2.26,39,29.48,OFFICIAL_ANNUAL_PLAN,OFFICIAL_SAME_PERIOD,SYNTHETIC_DAILY_CALIBRATED_TO_PUBLIC_ANNUAL_REFERENCE
PROD-0001508,2020-05-17,Kandri,Maharashtra,Nagpur,21.4125,79.266667,172.77,149.6,1.15,0,0.0,OFFICIAL_ANNUAL_PLAN,OFFICIAL_SAME_PERIOD,SYNTHETIC_DAILY_CALIBRATED_TO_PUBLIC_ANNUAL_REFERENCE
PROD-0001509,2020-05-18,Kandri,Maharashtra,Nagpur,21.4125,79.266667,175.08,144.63,4.67,0,0.0,OFFICIAL_ANNUAL_PLAN,OFFICIAL_SAME_PERIOD,SYNTHETIC_DAILY_CALIBRATED_TO_PUBLIC_ANNUAL_REFERENCE
PROD-0001510,2020-05-19,Kandri,Maharashtra,Nagpur,21.4125,79.266667,179.44,150.07,0.31,0,0.0,OFFICIAL_ANNUAL_PLAN,OFFICIAL_SAME_PERIOD,SYNTHETIC_DAILY_CALIBRATED_TO_PUBLIC_ANNUAL_REFERENCE
PROD-0001511,2020-05-20,Kandri,Maharashtra,Nagpur,21.4125,79.266667,172.1,149.57,0.0,0,0.0,OFFICIAL_ANNUAL_PLAN,OFFICIAL_SAME_PERIOD,SYNTHETIC_DAILY_CALIBRATED_TO_PUBLIC_ANNUAL_REFERENCE
PROD-0001512,2020-05-21,Kandri,Maharashtra,Nagpur,21.4125,79.266667,177.08,156.0,0.0,0,0.0,OFFICIAL_ANNUAL_PLAN,OFFICIAL_SAME_PERIOD,SYNTHETIC_DAILY_CALIBRATED_TO_PUBLIC_ANNUAL_REFERENCE
PROD-0001513,2020-05-22,Kandri,Maharashtra,Nagpur,21.4125,79.266667,168.07,138.82,1.69,0,1.99,OFFICIAL_ANNUAL_PLAN,OFFICIAL_SAME_PERIOD,SYNTHETIC_DAILY_CALIBRATED_TO_PUBLIC_ANNUAL_REFERENCE
PROD-0001514,2020-05-23,Kandri,Maharashtra,Nagpur,21.4125,79.266667,184.28,155.89,0.64,0,0.0,OFFICIAL_ANNUAL_PLAN,OFFICIAL_SAME_PERIOD,SYNTHETIC_DAILY_CALIBRATED_TO_PUBLIC_ANNUAL_REFERENCE
PROD-0001515,2020-05-24,Kandri,Maharashtra,Nagpur,21.4125,79.266667,167.61,139.01,0.7,0,0.0,OFFICIAL_ANNUAL_PLAN,OFFICIAL_SAME_PERIOD,SYNTHETIC_DAILY_CALIBRATED_TO_PUBLIC_ANNUAL_REFERENCE
PROD-0001516,2020-05-25,Kandri,Maharashtra,Nagpur,21.4125,79.266667,156.52,129.78,0.27,26,17.84,OFFICIAL_ANNUAL_PLAN,OFFICIAL_SAME_PERIOD,SYNTHETIC_DAILY_CALIBRATED_TO_PUBLIC_ANNUAL_REFERENCE
PROD-0001517,2020-05-26,Kandri,Maharashtra,Nagpur,21.4125,79.266667,163.17,135.16,0.84,0,0.0,OFFICIAL_ANNUAL_PLAN,OFFICIAL_SAME_PERIOD,SYNTHETIC_DAILY_CALIBRATED_TO_PUBLIC_ANNUAL_REFERENCE
PROD-0001518,2020-05-27,Kandri,Maharashtra,Nagpur,21.4125,79.266667,167.46,136.05,1.71,0,0.0,OFFICIAL_ANNUAL_PLAN,OFFICIAL_SAME_PERIOD,SYNTHETIC_DAILY_CALIBRATED_TO_PUBLIC_ANNUAL_REFERENCE
PROD-0001519,2020-05-28,Kandri,Maharashtra,Nagpur,21.4125,79.266667,170.95,147.37,0.0,0,0.0,OFFICIAL_ANNUAL_PLAN,OFFICIAL_SAME_PERIOD,SYNTHETIC_DAILY_CALIBRATED_TO_PUBLIC_ANNUAL_REFERENCE
PROD-0001520,2020-05-29,Kandri,Maharashtra,Nagpur,21.4125,79.266667,159.43,138.35,1.62,0,0.0,OFFICIAL_ANNUAL_PLAN,OFFICIAL_SAME_PERIOD,SYNTHETIC_DAILY_CALIBRATED_TO_PUBLIC_ANNUAL_REFERENCE
PROD-0001521,2020-05-30,Kandri,Maharashtra,Nagpur,21.4125,79.266667,167.83,145.84,1.07,0,15.04,OFFICIAL_ANNUAL_PLAN,OFFICIAL_SAME_PERIOD,SYNTHETIC_DAILY_CALIBRATED_TO_PUBLIC_ANNUAL_REFERENCE
PROD-0001522,2020-05-31,Kandri,Maharashtra,Nagpur,21.4125,79.266667,173.96,151.38,0.0,0,0.0,OFFICIAL_ANNUAL_PLAN,OFFICIAL_SAME_PERIOD,SYNTHETIC_DAILY_CALIBRATED_TO_PUBLIC_ANNUAL_REFERENCE
PROD-0001523,2020-06-01,Kandri,Maharashtra,Nagpur,21.4125,79.266667,180.51,156.61,0.0,0,0.0,OFFICIAL_ANNUAL_PLAN,OFFICIAL_SAME_PERIOD,SYNTHETIC_DAILY_CALIBRATED_TO_PUBLIC_ANNUAL_REFERENCE
PROD-0001524,2020-06-02,Kandri,Maharashtra,Nagpur,21.4125,79.266667,158.0,125.26,3.33,0,0.0,OFFICIAL_ANNUAL_PLAN,OFFICIAL_SAME_PERIOD,SYNTHETIC_DAILY_CALIBRATED_TO_PUBLIC_ANNUAL_REFERENCE
PROD-0001525,2020-06-03,Kandri,Maharashtra,Nagpur,21.4125,79.266667,175.71,157.2,0.07,0,4.66,OFFICIAL_ANNUAL_PLAN,OFFICIAL_SAME_PERIOD,SYNTHETIC_DAILY_CALIBRATED_TO_PUBLIC_ANNUAL_REFERENCE
PROD-0001526,2020-06-04,Kandri,Maharashtra,Nagpur,21.4125,79.266667,164.81,131.0,1.4,0,35.99,OFFICIAL_ANNUAL_PLAN,OFFICIAL_SAME_PERIOD,SYNTHETIC_DAILY_CALIBRATED_TO_PUBLIC_ANNUAL_REFERENCE
PROD-0001527,2020-06-05,Kandri,Maharashtra,Nagpur,21.4125,79.266667,169.09,140.92,3.05,0,7.39,OFFICIAL_ANNUAL_PLAN,OFFICIAL_SAME_PERIOD,SYNTHETIC_DAILY_CALIBRATED_TO_PUBLIC_ANNUAL_REFERENCE
PROD-0001528,2020-06-06,Kandri,Maharashtra,Nagpur,21.4125,79.266667,161.92,144.04,0.26,0,17.5,OFFICIAL_ANNUAL_PLAN,OFFICIAL_SAME_PERIOD,SYNTHETIC_DAILY_CALIBRATED_TO_PUBLIC_ANNUAL_REFERENCE
PROD-0001529,2020-06-07,Kandri,Maharashtra,Nagpur,21.4125,79.266667,164.51,136.39,1.83,0,21.6,OFFICIAL_ANNUAL_PLAN,OFFICIAL_SAME_PERIOD,SYNTHETIC_DAILY_CALIBRATED_TO_PUBLIC_ANNUAL_REFERENCE
PROD-0001530,2020-06-08,Kandri,Maharashtra,Nagpur,21.4125,79.266667,170.77,145.31,1.3,0,14.23,OFFICIAL_ANNUAL_PLAN,OFFICIAL_SAME_PERIOD,SYNTHETIC_DAILY_CALIBRATED_TO_PUBLIC_ANNUAL_REFERENCE
PROD-0001531,2020-06-09,Kandri,Maharashtra,Nagpur,21.4125,79.266667,172.72,130.18,8.48,0,1.65,OFFICIAL_ANNUAL_PLAN,OFFICIAL_SAME_PERIOD,SYNTHETIC_DAILY_CALIBRATED_TO_PUBLIC_ANNUAL_REFERENCE
PROD-0001532,2020-06-10,Kandri,Maharashtra,Nagpur,21.4125,79.266667,179.26,146.14,1.64,0,0.0,OFFICIAL_ANNUAL_PLAN,OFFICIAL_SAME_PERIOD,SYNTHETIC_DAILY_CALIBRATED_TO_PUBLIC_ANNUAL_REFERENCE
PROD-0001533,2020-06-11,Kandri,Maharashtra,Nagpur,21.4125,79.266667,181.91,140.35,4.94,0,38.4,OFFICIAL_ANNUAL_PLAN,OFFICIAL_SAME_PERIOD,SYNTHETIC_DAILY_CALIBRATED_TO_PUBLIC_ANNUAL_REFERENCE
PROD-0001534,2020-06-12,Kandri,Maharashtra,Nagpur,21.4125,79.266667,170.37,139.11,1.39,0,28.81,OFFICIAL_ANNUAL_PLAN,OFFICIAL_SAME_PERIOD,SYNTHETIC_DAILY_CALIBRATED_TO_PUBLIC_ANNUAL_REFERENCE
PROD-0001535,2020-06-13,Kandri,Maharashtra,Nagpur,21.4125,79.266667,172.31,140.53,1.67,21,58.26,OFFICIAL_ANNUAL_PLAN,OFFICIAL_SAME_PERIOD,SYNTHETIC_DAILY_CALIBRATED_TO_PUBLIC_ANNUAL_REFERENCE
PROD-0001536,2020-06-14,Kandri,Maharashtra,Nagpur,21.4125,79.266667,180.81,146.21,2.01,83,4.46,OFFICIAL_ANNUAL_PLAN,OFFICIAL_SAME_PERIOD,SYNTHETIC_DAILY_CALIBRATED_TO_PUBLIC_ANNUAL_REFERENCE
PROD-0001537,2020-06-15,Kandri,Maharashtra,Nagpur,21.4125,79.266667,181.35,154.1,0.15,0,10.18,OFFICIAL_ANNUAL_PLAN,OFFICIAL_SAME_PERIOD,SYNTHETIC_DAILY_CALIBRATED_TO_PUBLIC_ANNUAL_REFERENCE
PROD-0001538,2020-06-16,Kandri,Maharashtra,Nagpur,21.4125,79.266667,162.58,129.6,4.96,0,25.31,OFFICIAL_ANNUAL_PLAN,OFFICIAL_SAME_PERIOD,SYNTHETIC_DAILY_CALIBRATED_TO_PUBLIC_ANNUAL_REFERENCE
PROD-0001539,2020-06-17,Kandri,Maharashtra,Nagpur,21.4125,79.266667,188.6,155.83,3.26,0,0.0,OFFICIAL_ANNUAL_PLAN,OFFICIAL_SAME_PERIOD,SYNTHETIC_DAILY_CALIBRATED_TO_PUBLIC_ANNUAL_REFERENCE
PROD-0001540,2020-06-18,Kandri,Maharashtra,Nagpur,21.4125,79.266667,165.9,135.83,2.17,0,0.0,OFFICIAL_ANNUAL_PLAN,OFFICIAL_SAME_PERIOD,SYNTHETIC_DAILY_CALIBRATED_TO_PUBLIC_ANNUAL_REFERENCE
PROD-0001541,2020-06-19,Kandri,Maharashtra,Nagpur,21.4125,79.266667,179.84,151.02,0.38,0,25.17,OFFICIAL_ANNUAL_PLAN,OFFICIAL_SAME_PERIOD,SYNTHETIC_DAILY_CALIBRATED_TO_PUBLIC_ANNUAL_REFERENCE
PROD-0001542,2020-06-20,Kandri,Maharashtra,Nagpur,21.4125,79.266667,160.25,139.22,2.94,0,0.0,OFFICIAL_ANNUAL_PLAN,OFFICIAL_SAME_PERIOD,SYNTHETIC_DAILY_CALIBRATED_TO_PUBLIC_ANNUAL_REFERENCE
PROD-0001543,2020-06-21,Kandri,Maharashtra,Nagpur,21.4125,79.266667,170.78,140.6,0.59,37,39.08,OFFICIAL_ANNUAL_PLAN,OFFICIAL_SAME_PERIOD,SYNTHETIC_DAILY_CALIBRATED_TO_PUBLIC_ANNUAL_REFERENCE
PROD-0001544,2020-06-22,Kandri,Maharashtra,Nagpur,21.4125,79.266667,165.16,130.18,6.87,73,25.68,OFFICIAL_ANNUAL_PLAN,OFFICIAL_SAME_PERIOD,SYNTHETIC_DAILY_CALIBRATED_TO_PUBLIC_ANNUAL_REFERENCE
PROD-0001545,2020-06-23,Kandri,Maharashtra,Nagpur,21.4125,79.266667,184.25,151.42,0.37,19,24.75,OFFICIAL_ANNUAL_PLAN,OFFICIAL_SAME_PERIOD,SYNTHETIC_DAILY_CALIBRATED_TO_PUBLIC_ANNUAL_REFERENCE
PROD-0001546,2020-06-24,Kandri,Maharashtra,Nagpur,21.4125,79.266667,175.79,156.58,0.05,0,3.1,OFFICIAL_ANNUAL_PLAN,OFFICIAL_SAME_PERIOD,SYNTHETIC_DAILY_CALIBRATED_TO_PUBLIC_ANNUAL_REFERENCE
PROD-0001547,2020-06-25,Kandri,Maharashtra,Nagpur,21.4125,79.266667,142.01,122.74,0.09,0,6.03,OFFICIAL_ANNUAL_PLAN,OFFICIAL_SAME_PERIOD,SYNTHETIC_DAILY_CALIBRATED_TO_PUBLIC_ANNUAL_REFERENCE
PROD-0001548,2020-06-26,Kandri,Maharashtra,Nagpur,21.4125,79.266667,170.95,130.41,2.69,0,0.0,OFFICIAL_ANNUAL_PLAN,OFFICIAL_SAME_PERIOD,SYNTHETIC_DAILY_CALIBRATED_TO_PUBLIC_ANNUAL_REFERENCE
PROD-0001549,2020-06-27,Kandri,Maharashtra,Nagpur,21.4125,79.266667,171.97,148.61,1.61,0,4.12,OFFICIAL_ANNUAL_PLAN,OFFICIAL_SAME_PERIOD,SYNTHETIC_DAILY_CALIBRATED_TO_PUBLIC_ANNUAL_REFERENCE
PROD-0001550,2020-06-28,Kandri,Maharashtra,Nagpur,21.4125,79.266667,173.93,141.35,1.43,78,0.0,OFFICIAL_ANNUAL_PLAN,OFFICIAL_SAME_PERIOD,SYNTHETIC_DAILY_CALIBRATED_TO_PUBLIC_ANNUAL_REFERENCE
PROD-0001551,2020-06-29,Kandri,Maharashtra,Nagpur,21.4125,79.266667,155.77,136.84,1.15,0,17.42,OFFICIAL_ANNUAL_PLAN,OFFICIAL_SAME_PERIOD,SYNTHETIC_DAILY_CALIBRATED_TO_PUBLIC_ANNUAL_REFERENCE
PROD-0001552,2020-06-30,Kandri,Maharashtra,Nagpur,21.4125,79.266667,175.57,148.48,0.35,0,0.0,OFFICIAL_ANNUAL_PLAN,OFFICIAL_SAME_PERIOD,SYNTHETIC_DAILY_CALIBRATED_TO_PUBLIC_ANNUAL_REFERENCE
PROD-0001553,2020-07-01,Kandri,Maharashtra,Nagpur,21.4125,79.266667,182.8,152.86,1.39,32,24.86,OFFICIAL_ANNUAL_PLAN,OFFICIAL_SAME_PERIOD,SYNTHETIC_DAILY_CALIBRATED_TO_PUBLIC_ANNUAL_REFERENCE
PROD-0001554,2020-07-02,Kandri,Maharashtra,Nagpur,21.4125,79.266667,163.52,137.06,0.32,0,21.4,OFFICIAL_ANNUAL_PLAN,OFFICIAL_SAME_PERIOD,SYNTHETIC_DAILY_CALIBRATED_TO_PUBLIC_ANNUAL_REFERENCE
PROD-0001555,2020-07-03,Kandri,Maharashtra,Nagpur,21.4125,79.266667,184.91,152.91,2.1,0,8.16,OFFICIAL_ANNUAL_PLAN,OFFICIAL_SAME_PERIOD,SYNTHETIC_DAILY_CALIBRATED_TO_PUBLIC_ANNUAL_REFERENCE
PROD-0001556,2020-07-04,Kandri,Maharashtra,Nagpur,21.4125,79.266667,166.29,136.65,2.18,0,23.6,OFFICIAL_ANNUAL_PLAN,OFFICIAL_SAME_PERIOD,SYNTHETIC_DAILY_CALIBRATED_TO_PUBLIC_ANNUAL_REFERENCE
PROD-0001557,2020-07-05,Kandri,Maharashtra,Nagpur,21.4125,79.266667,174.04,148.97,0.79,0,52.95,OFFICIAL_ANNUAL_PLAN,OFFICIAL_SAME_PERIOD,SYNTHETIC_DAILY_CALIBRATED_TO_PUBLIC_ANNUAL_REFERENCE
PROD-0001558,2020-07-06,Kandri,Maharashtra,Nagpur,21.4125,79.266667,175.53,150.64,0.25,0,4.36,OFFICIAL_ANNUAL_PLAN,OFFICIAL_SAME_PERIOD,SYNTHETIC_DAILY_CALIBRATED_TO_PUBLIC_ANNUAL_REFERENCE
PROD-0001559,2020-07-07,Kandri,Maharashtra,Nagpur,21.4125,79.266667,174.74,143.75,0.19,83,12.71,OFFICIAL_ANNUAL_PLAN,OFFICIAL_SAME_PERIOD,SYNTHETIC_DAILY_CALIBRATED_TO_PUBLIC_ANNUAL_REFERENCE
PROD-0001560,2020-07-08,Kandri,Maharashtra,Nagpur,21.4125,79.266667,186.48,148.62,2.1,0,53.1,OFFICIAL_ANNUAL_PLAN,OFFICIAL_SAME_PERIOD,SYNTHETIC_DAILY_CALIBRATED_TO_PUBLIC_ANNUAL_REFERENCE
PROD-0001561,2020-07-09,Kandri,Maharashtra,Nagpur,21.4125,79.266667,181.7,153.85,1.11,0,0.0,OFFICIAL_ANNUAL_PLAN,OFFICIAL_SAME_PERIOD,SYNTHETIC_DAILY_CALIBRATED_TO_PUBLIC_ANNUAL_REFERENCE
PROD-0001562,2020-07-10,Kandri,Maharashtra,Nagpur,21.4125,79.266667,161.25,142.48,0.44,0,29.46,OFFICIAL_ANNUAL_PLAN,OFFICIAL_SAME_PERIOD,SYNTHETIC_DAILY_CALIBRATED_TO_PUBLIC_ANNUAL_REFERENCE
PROD-0001563,2020-07-11,Kandri,Maharashtra,Nagpur,21.4125,79.266667,204.32,169.32,0.11,0,7.42,OFFICIAL_ANNUAL_PLAN,OFFICIAL_SAME_PERIOD,SYNTHETIC_DAILY_CALIBRATED_TO_PUBLIC_ANNUAL_REFERENCE
PROD-0001564,2020-07-12,Kandri,Maharashtra,Nagpur,21.4125,79.266667,179.24,150.65,1.15,0,1.85,OFFICIAL_ANNUAL_PLAN,OFFICIAL_SAME_PERIOD,SYNTHETIC_DAILY_CALIBRATED_TO_PUBLIC_ANNUAL_REFERENCE
PROD-0001565,2020-07-13,Kandri,Maharashtra,Nagpur,21.4125,79.266667,178.58,144.6,1.95,0,27.42,OFFICIAL_ANNUAL_PLAN,OFFICIAL_SAME_PERIOD,SYNTHETIC_DAILY_CALIBRATED_TO_PUBLIC_ANNUAL_REFERENCE
PROD-0001566,2020-07-14,Kandri,Maharashtra,Nagpur,21.4125,79.266667,173.88,140.25,2.56,42,6.11,OFFICIAL_ANNUAL_PLAN,OFFICIAL_SAME_PERIOD,SYNTHETIC_DAILY_CALIBRATED_TO_PUBLIC_ANNUAL_REFERENCE
PROD-0001567,2020-07-15,Kandri,Maharashtra,Nagpur,21.4125,79.266667,182.07,153.92,1.74,0,0.0,OFFICIAL_ANNUAL_PLAN,OFFICIAL_SAME_PERIOD,SYNTHETIC_DAILY_CALIBRATED_TO_PUBLIC_ANNUAL_REFERENCE
PROD-0001568,2020-07-16,Kandri,Maharashtra,Nagpur,21.4125,79.266667,170.96,143.45,1.12,0,36.66,OFFICIAL_ANNUAL_PLAN,OFFICIAL_SAME_PERIOD,SYNTHETIC_DAILY_CALIBRATED_TO_PUBLIC_ANNUAL_REFERENCE
PROD-0001569,2020-07-17,Kandri,Maharashtra,Nagpur,21.4125,79.266667,148.13,126.67,0.35,67,23.41,OFFICIAL_ANNUAL_PLAN,OFFICIAL_SAME_PERIOD,SYNTHETIC_DAILY_CALIBRATED_TO_PUBLIC_ANNUAL_REFERENCE
PROD-0001570,2020-07-18,Kandri,Maharashtra,Nagpur,21.4125,79.266667,175.61,141.37,1.1,32,73.34,OFFICIAL_ANNUAL_PLAN,OFFICIAL_SAME_PERIOD,SYNTHETIC_DAILY_CALIBRATED_TO_PUBLIC_ANNUAL_REFERENCE
PROD-0001571,2020-07-19,Kandri,Maharashtra,Nagpur,21.4125,79.266667,169.51,140.9,0.0,0,0.0,OFFICIAL_ANNUAL_PLAN,OFFICIAL_SAME_PERIOD,SYNTHETIC_DAILY_CALIBRATED_TO_PUBLIC_ANNUAL_REFERENCE
PROD-0001572,2020-07-20,Kandri,Maharashtra,Nagpur,21.4125,79.266667,202.96,171.56,0.12,0,7.71,OFFICIAL_ANNUAL_PLAN,OFFICIAL_SAME_PERIOD,SYNTHETIC_DAILY_CALIBRATED_TO_PUBLIC_ANNUAL_REFERENCE
PROD-0001573,2020-07-21,Kandri,Maharashtra,Nagpur,21.4125,79.266667,168.64,145.51,0.0,0,0.0,OFFICIAL_ANNUAL_PLAN,OFFICIAL_SAME_PERIOD,SYNTHETIC_DAILY_CALIBRATED_TO_PUBLIC_ANNUAL_REFERENCE
PROD-0001574,2020-07-22,Kandri,Maharashtra,Nagpur,21.4125,79.266667,173.5,146.73,0.0,0,0.0,OFFICIAL_ANNUAL_PLAN,OFFICIAL_SAME_PERIOD,SYNTHETIC_DAILY_CALIBRATED_TO_PUBLIC_ANNUAL_REFERENCE
PROD-0001575,2020-07-23,Kandri,Maharashtra,Nagpur,21.4125,79.266667,166.96,137.97,2.79,0,0.0,OFFICIAL_ANNUAL_PLAN,OFFICIAL_SAME_PERIOD,SYNTHETIC_DAILY_CALIBRATED_TO_PUBLIC_ANNUAL_REFERENCE
PROD-0001576,2020-07-24,Kandri,Maharashtra,Nagpur,21.4125,79.266667,163.04,138.17,0.15,0,10.08,OFFICIAL_ANNUAL_PLAN,OFFICIAL_SAME_PERIOD,SYNTHETIC_DAILY_CALIBRATED_TO_PUBLIC_ANNUAL_REFERENCE
PROD-0001577,2020-07-25,Kandri,Maharashtra,Nagpur,21.4125,79.266667,173.58,158.35,0.26,0,0.0,OFFICIAL_ANNUAL_PLAN,OFFICIAL_SAME_PERIOD,SYNTHETIC_DAILY_CALIBRATED_TO_PUBLIC_ANNUAL_REFERENCE
PROD-0001578,2020-07-26,Kandri,Maharashtra,Nagpur,21.4125,79.266667,193.61,162.45,0.0,0,0.0,OFFICIAL_ANNUAL_PLAN,OFFICIAL_SAME_PERIOD,SYNTHETIC_DAILY_CALIBRATED_TO_PUBLIC_ANNUAL_REFERENCE
PROD-0001579,2020-07-27,Kandri,Maharashtra,Nagpur,21.4125,79.266667,171.19,144.1,0.71,98,0.0,OFFICIAL_ANNUAL_PLAN,OFFICIAL_SAME_PERIOD,SYNTHETIC_DAILY_CALIBRATED_TO_PUBLIC_ANNUAL_REFERENCE
PROD-0001580,2020-07-28,Kandri,Maharashtra,Nagpur,21.4125,79.266667,181.03,143.8,2.96,0,0.0,OFFICIAL_ANNUAL_PLAN,OFFICIAL_SAME_PERIOD,SYNTHETIC_DAILY_CALIBRATED_TO_PUBLIC_ANNUAL_REFERENCE
PROD-0001581,2020-07-29,Kandri,Maharashtra,Nagpur,21.4125,79.266667,207.6,165.16,3.42,0,11.47,OFFICIAL_ANNUAL_PLAN,OFFICIAL_SAME_PERIOD,SYNTHETIC_DAILY_CALIBRATED_TO_PUBLIC_ANNUAL_REFERENCE
PROD-0001582,2020-07-30,Kandri,Maharashtra,Nagpur,21.4125,79.266667,174.56,144.13,0.38,52,25.18,OFFICIAL_ANNUAL_PLAN,OFFICIAL_SAME_PERIOD,SYNTHETIC_DAILY_CALIBRATED_TO_PUBLIC_ANNUAL_REFERENCE
PROD-0001583,2020-07-31,Kandri,Maharashtra,Nagpur,21.4125,79.266667,176.29,144.07,0.85,0,0.0,OFFICIAL_ANNUAL_PLAN,OFFICIAL_SAME_PERIOD,SYNTHETIC_DAILY_CALIBRATED_TO_PUBLIC_ANNUAL_REFERENCE
PROD-0001584,2020-08-01,Kandri,Maharashtra,Nagpur,21.4125,79.266667,161.41,140.23,2.27,0,0.0,OFFICIAL_ANNUAL_PLAN,OFFICIAL_SAME_PERIOD,SYNTHETIC_DAILY_CALIBRATED_TO_PUBLIC_ANNUAL_REFERENCE
PROD-0001585,2020-08-02,Kandri,Maharashtra,Nagpur,21.4125,79.266667,153.73,115.86,10.23,0,33.68,OFFICIAL_ANNUAL_PLAN,OFFICIAL_SAME_PERIOD,SYNTHETIC_DAILY_CALIBRATED_TO_PUBLIC_ANNUAL_REFERENCE
PROD-0001586,2020-08-03,Kandri,Maharashtra,Nagpur,21.4125,79.266667,168.39,142.9,1.03,0,12.32,OFFICIAL_ANNUAL_PLAN,OFFICIAL_SAME_PERIOD,SYNTHETIC_DAILY_CALIBRATED_TO_PUBLIC_ANNUAL_REFERENCE
PROD-0001587,2020-08-04,Kandri,Maharashtra,Nagpur,21.4125,79.266667,183.98,145.8,3.43,81,46.37,OFFICIAL_ANNUAL_PLAN,OFFICIAL_SAME_PERIOD,SYNTHETIC_DAILY_CALIBRATED_TO_PUBLIC_ANNUAL_REFERENCE
PROD-0001588,2020-08-05,Kandri,Maharashtra,Nagpur,21.4125,79.266667,165.48,137.43,0.0,0,0.0,OFFICIAL_ANNUAL_PLAN,OFFICIAL_SAME_PERIOD,SYNTHETIC_DAILY_CALIBRATED_TO_PUBLIC_ANNUAL_REFERENCE
PROD-0001589,2020-08-06,Kandri,Maharashtra,Nagpur,21.4125,79.266667,184.45,151.25,1.8,11,5.02,OFFICIAL_ANNUAL_PLAN,OFFICIAL_SAME_PERIOD,SYNTHETIC_DAILY_CALIBRATED_TO_PUBLIC_ANNUAL_REFERENCE
PROD-0001590,2020-08-07,Kandri,Maharashtra,Nagpur,21.4125,79.266667,172.62,142.63,1.61,0,16.45,OFFICIAL_ANNUAL_PLAN,OFFICIAL_SAME_PERIOD,SYNTHETIC_DAILY_CALIBRATED_TO_PUBLIC_ANNUAL_REFERENCE
PROD-0001591,2020-08-08,Kandri,Maharashtra,Nagpur,21.4125,79.266667,170.9,145.27,0.0,0,0.0,OFFICIAL_ANNUAL_PLAN,OFFICIAL_SAME_PERIOD,SYNTHETIC_DAILY_CALIBRATED_TO_PUBLIC_ANNUAL_REFERENCE
PROD-0001592,2020-08-09,Kandri,Maharashtra,Nagpur,21.4125,79.266667,175.99,150.2,3.18,14,8.61,OFFICIAL_ANNUAL_PLAN,OFFICIAL_SAME_PERIOD,SYNTHETIC_DAILY_CALIBRATED_TO_PUBLIC_ANNUAL_REFERENCE
PROD-0001593,2020-08-10,Kandri,Maharashtra,Nagpur,21.4125,79.266667,178.67,131.8,8.41,0,23.26,OFFICIAL_ANNUAL_PLAN,OFFICIAL_SAME_PERIOD,SYNTHETIC_DAILY_CALIBRATED_TO_PUBLIC_ANNUAL_REFERENCE
PROD-0001594,2020-08-11,Kandri,Maharashtra,Nagpur,21.4125,79.266667,165.91,138.48,1.21,0,11.01,OFFICIAL_ANNUAL_PLAN,OFFICIAL_SAME_PERIOD,SYNTHETIC_DAILY_CALIBRATED_TO_PUBLIC_ANNUAL_REFERENCE
PROD-0001595,2020-08-12,Kandri,Maharashtra,Nagpur,21.4125,79.266667,152.59,118.99,6.6,0,31.61,OFFICIAL_ANNUAL_PLAN,OFFICIAL_SAME_PERIOD,SYNTHETIC_DAILY_CALIBRATED_TO_PUBLIC_ANNUAL_REFERENCE
PROD-0001596,2020-08-13,Kandri,Maharashtra,Nagpur,21.4125,79.266667,166.47,140.44,1.99,0,47.23,OFFICIAL_ANNUAL_PLAN,OFFICIAL_SAME_PERIOD,SYNTHETIC_DAILY_CALIBRATED_TO_PUBLIC_ANNUAL_REFERENCE
PROD-0001597,2020-08-14,Kandri,Maharashtra,Nagpur,21.4125,79.266667,155.84,127.98,2.11,72,0.0,OFFICIAL_ANNUAL_PLAN,OFFICIAL_SAME_PERIOD,SYNTHETIC_DAILY_CALIBRATED_TO_PUBLIC_ANNUAL_REFERENCE
PROD-0001598,2020-08-15,Kandri,Maharashtra,Nagpur,21.4125,79.266667,190.51,157.99,0.24,0,15.93,OFFICIAL_ANNUAL_PLAN,OFFICIAL_SAME_PERIOD,SYNTHETIC_DAILY_CALIBRATED_TO_PUBLIC_ANNUAL_REFERENCE
PROD-0001599,2020-08-16,Kandri,Maharashtra,Nagpur,21.4125,79.266667,174.33,148.32,0.17,0,11.29,OFFICIAL_ANNUAL_PLAN,OFFICIAL_SAME_PERIOD,SYNTHETIC_DAILY_CALIBRATED_TO_PUBLIC_ANNUAL_REFERENCE
PROD-0001600,2020-08-17,Kandri,Maharashtra,Nagpur,21.4125,79.266667,163.13,139.46,0.29,0,19.26,OFFICIAL_ANNUAL_PLAN,OFFICIAL_SAME_PERIOD,SYNTHETIC_DAILY_CALIBRATED_TO_PUBLIC_ANNUAL_REFERENCE
PROD-0001601,2020-08-18,Kandri,Maharashtra,Nagpur,21.4125,79.266667,183.59,147.11,2.13,0,17.6,OFFICIAL_ANNUAL_PLAN,OFFICIAL_SAME_PERIOD,SYNTHETIC_DAILY_CALIBRATED_TO_PUBLIC_ANNUAL_REFERENCE
PROD-0001602,2020-08-19,Kandri,Maharashtra,Nagpur,21.4125,79.266667,170.9,139.72,2.75,0,11.78,OFFICIAL_ANNUAL_PLAN,OFFICIAL_SAME_PERIOD,SYNTHETIC_DAILY_CALIBRATED_TO_PUBLIC_ANNUAL_REFERENCE
PROD-0001603,2020-08-20,Kandri,Maharashtra,Nagpur,21.4125,79.266667,185.51,157.59,0.11,0,7.33,OFFICIAL_ANNUAL_PLAN,OFFICIAL_SAME_PERIOD,SYNTHETIC_DAILY_CALIBRATED_TO_PUBLIC_ANNUAL_REFERENCE
PROD-0001604,2020-08-21,Kandri,Maharashtra,Nagpur,21.4125,79.266667,167.16,134.57,3.34,71,11.34,OFFICIAL_ANNUAL_PLAN,OFFICIAL_SAME_PERIOD,SYNTHETIC_DAILY_CALIBRATED_TO_PUBLIC_ANNUAL_REFERENCE
PROD-0001605,2020-08-22,Kandri,Maharashtra,Nagpur,21.4125,79.266667,186.47,153.13,2.48,0,41.04,OFFICIAL_ANNUAL_PLAN,OFFICIAL_SAME_PERIOD,SYNTHETIC_DAILY_CALIBRATED_TO_PUBLIC_ANNUAL_REFERENCE
PROD-0001606,2020-08-23,Kandri,Maharashtra,Nagpur,21.4125,79.266667,185.14,158.17,1.27,0,9.02,OFFICIAL_ANNUAL_PLAN,OFFICIAL_SAME_PERIOD,SYNTHETIC_DAILY_CALIBRATED_TO_PUBLIC_ANNUAL_REFERENCE
PROD-0001607,2020-08-24,Kandri,Maharashtra,Nagpur,21.4125,79.266667,184.16,152.09,1.65,0,3.17,OFFICIAL_ANNUAL_PLAN,OFFICIAL_SAME_PERIOD,SYNTHETIC_DAILY_CALIBRATED_TO_PUBLIC_ANNUAL_REFERENCE
PROD-0001608,2020-08-25,Kandri,Maharashtra,Nagpur,21.4125,79.266667,154.18,113.18,12.0,0,9.49,OFFICIAL_ANNUAL_PLAN,OFFICIAL_SAME_PERIOD,SYNTHETIC_DAILY_CALIBRATED_TO_PUBLIC_ANNUAL_REFERENCE
PROD-0001609,2020-08-26,Kandri,Maharashtra,Nagpur,21.4125,79.266667,171.55,137.88,2.71,0,14.32,OFFICIAL_ANNUAL_PLAN,OFFICIAL_SAME_PERIOD,SYNTHETIC_DAILY_CALIBRATED_TO_PUBLIC_ANNUAL_REFERENCE
PROD-0001610,2020-08-27,Kandri,Maharashtra,Nagpur,21.4125,79.266667,165.71,132.37,2.42,42,15.52,OFFICIAL_ANNUAL_PLAN,OFFICIAL_SAME_PERIOD,SYNTHETIC_DAILY_CALIBRATED_TO_PUBLIC_ANNUAL_REFERENCE
PROD-0001611,2020-08-28,Kandri,Maharashtra,Nagpur,21.4125,79.266667,159.24,132.64,3.41,31,0.0,OFFICIAL_ANNUAL_PLAN,OFFICIAL_SAME_PERIOD,SYNTHETIC_DAILY_CALIBRATED_TO_PUBLIC_ANNUAL_REFERENCE
PROD-0001612,2020-08-29,Kandri,Maharashtra,Nagpur,21.4125,79.266667,162.21,139.66,0.4,0,26.9,OFFICIAL_ANNUAL_PLAN,OFFICIAL_SAME_PERIOD,SYNTHETIC_DAILY_CALIBRATED_TO_PUBLIC_ANNUAL_REFERENCE
PROD-0001613,2020-08-30,Kandri,Maharashtra,Nagpur,21.4125,79.266667,186.72,152.23,6.1,0,0.0,OFFICIAL_ANNUAL_PLAN,OFFICIAL_SAME_PERIOD,SYNTHETIC_DAILY_CALIBRATED_TO_PUBLIC_ANNUAL_REFERENCE
PROD-0001614,2020-08-31,Kandri,Maharashtra,Nagpur,21.4125,79.266667,180.23,148.77,0.31,43,20.92,OFFICIAL_ANNUAL_PLAN,OFFICIAL_SAME_PERIOD,SYNTHETIC_DAILY_CALIBRATED_TO_PUBLIC_ANNUAL_REFERENCE
PROD-0001615,2020-09-01,Kandri,Maharashtra,Nagpur,21.4125,79.266667,186.43,155.35,0.46,0,30.7,OFFICIAL_ANNUAL_PLAN,OFFICIAL_SAME_PERIOD,SYNTHETIC_DAILY_CALIBRATED_TO_PUBLIC_ANNUAL_REFERENCE
PROD-0001616,2020-09-02,Kandri,Maharashtra,Nagpur,21.4125,79.266667,186.9,151.27,0.69,18,46.08,OFFICIAL_ANNUAL_PLAN,OFFICIAL_SAME_PERIOD,SYNTHETIC_DAILY_CALIBRATED_TO_PUBLIC_ANNUAL_REFERENCE
PROD-0001617,2020-09-03,Kandri,Maharashtra,Nagpur,21.4125,79.266667,182.82,154.92,0.27,0,18.29,OFFICIAL_ANNUAL_PLAN,OFFICIAL_SAME_PERIOD,SYNTHETIC_DAILY_CALIBRATED_TO_PUBLIC_ANNUAL_REFERENCE
PROD-0001618,2020-09-04,Kandri,Maharashtra,Nagpur,21.4125,79.266667,172.83,143.85,1.31,0,0.0,OFFICIAL_ANNUAL_PLAN,OFFICIAL_SAME_PERIOD,SYNTHETIC_DAILY_CALIBRATED_TO_PUBLIC_ANNUAL_REFERENCE
PROD-0001619,2020-09-05,Kandri,Maharashtra,Nagpur,21.4125,79.266667,165.4,133.92,0.35,77,23.22,OFFICIAL_ANNUAL_PLAN,OFFICIAL_SAME_PERIOD,SYNTHETIC_DAILY_CALIBRATED_TO_PUBLIC_ANNUAL_REFERENCE
PROD-0001620,2020-09-06,Kandri,Maharashtra,Nagpur,21.4125,79.266667,172.24,143.31,0.99,0,10.7,OFFICIAL_ANNUAL_PLAN,OFFICIAL_SAME_PERIOD,SYNTHETIC_DAILY_CALIBRATED_TO_PUBLIC_ANNUAL_REFERENCE
PROD-0001621,2020-09-07,Kandri,Maharashtra,Nagpur,21.4125,79.266667,152.26,132.55,0.0,0,0.0,OFFICIAL_ANNUAL_PLAN,OFFICIAL_SAME_PERIOD,SYNTHETIC_DAILY_CALIBRATED_TO_PUBLIC_ANNUAL_REFERENCE
PROD-0001622,2020-09-08,Kandri,Maharashtra,Nagpur,21.4125,79.266667,158.26,130.79,0.0,0,0.0,OFFICIAL_ANNUAL_PLAN,OFFICIAL_SAME_PERIOD,SYNTHETIC_DAILY_CALIBRATED_TO_PUBLIC_ANNUAL_REFERENCE
PROD-0001623,2020-09-09,Kandri,Maharashtra,Nagpur,21.4125,79.266667,178.26,141.48,6.25,0,0.0,OFFICIAL_ANNUAL_PLAN,OFFICIAL_SAME_PERIOD,SYNTHETIC_DAILY_CALIBRATED_TO_PUBLIC_ANNUAL_REFERENCE
PROD-0001624,2020-09-10,Kandri,Maharashtra,Nagpur,21.4125,79.266667,153.22,124.18,3.73,0,0.0,OFFICIAL_ANNUAL_PLAN,OFFICIAL_SAME_PERIOD,SYNTHETIC_DAILY_CALIBRATED_TO_PUBLIC_ANNUAL_REFERENCE
PROD-0001625,2020-09-11,Kandri,Maharashtra,Nagpur,21.4125,79.266667,160.27,133.66,1.07,0,13.05,OFFICIAL_ANNUAL_PLAN,OFFICIAL_SAME_PERIOD,SYNTHETIC_DAILY_CALIBRATED_TO_PUBLIC_ANNUAL_REFERENCE
PROD-0001626,2020-09-12,Kandri,Maharashtra,Nagpur,21.4125,79.266667,180.13,145.76,1.62,68,32.94,OFFICIAL_ANNUAL_PLAN,OFFICIAL_SAME_PERIOD,SYNTHETIC_DAILY_CALIBRATED_TO_PUBLIC_ANNUAL_REFERENCE
PROD-0001627,2020-09-13,Kandri,Maharashtra,Nagpur,21.4125,79.266667,201.5,171.5,2.55,0,0.0,OFFICIAL_ANNUAL_PLAN,OFFICIAL_SAME_PERIOD,SYNTHETIC_DAILY_CALIBRATED_TO_PUBLIC_ANNUAL_REFERENCE
PROD-0001628,2020-09-14,Kandri,Maharashtra,Nagpur,21.4125,79.266667,187.73,153.56,1.95,41,17.9,OFFICIAL_ANNUAL_PLAN,OFFICIAL_SAME_PERIOD,SYNTHETIC_DAILY_CALIBRATED_TO_PUBLIC_ANNUAL_REFERENCE
PROD-0001629,2020-09-15,Kandri,Maharashtra,Nagpur,21.4125,79.266667,177.05,146.72,0.0,0,0.0,OFFICIAL_ANNUAL_PLAN,OFFICIAL_SAME_PERIOD,SYNTHETIC_DAILY_CALIBRATED_TO_PUBLIC_ANNUAL_REFERENCE
PROD-0001630,2020-09-16,Kandri,Maharashtra,Nagpur,21.4125,79.266667,183.55,156.52,0.55,0,36.34,OFFICIAL_ANNUAL_PLAN,OFFICIAL_SAME_PERIOD,SYNTHETIC_DAILY_CALIBRATED_TO_PUBLIC_ANNUAL_REFERENCE
PROD-0001631,2020-09-17,Kandri,Maharashtra,Nagpur,21.4125,79.266667,158.18,135.4,0.63,0,0.0,OFFICIAL_ANNUAL_PLAN,OFFICIAL_SAME_PERIOD,SYNTHETIC_DAILY_CALIBRATED_TO_PUBLIC_ANNUAL_REFERENCE
PROD-0001632,2020-09-18,Kandri,Maharashtra,Nagpur,21.4125,79.266667,174.26,145.82,1.27,0,0.0,OFFICIAL_ANNUAL_PLAN,OFFICIAL_SAME_PERIOD,SYNTHETIC_DAILY_CALIBRATED_TO_PUBLIC_ANNUAL_REFERENCE
PROD-0001633,2020-09-19,Kandri,Maharashtra,Nagpur,21.4125,79.266667,165.56,141.63,0.13,0,8.91,OFFICIAL_ANNUAL_PLAN,OFFICIAL_SAME_PERIOD,SYNTHETIC_DAILY_CALIBRATED_TO_PUBLIC_ANNUAL_REFERENCE
PROD-0001634,2020-09-20,Kandri,Maharashtra,Nagpur,21.4125,79.266667,178.01,149.08,0.2,0,13.61,OFFICIAL_ANNUAL_PLAN,OFFICIAL_SAME_PERIOD,SYNTHETIC_DAILY_CALIBRATED_TO_PUBLIC_ANNUAL_REFERENCE
PROD-0001635,2020-09-21,Kandri,Maharashtra,Nagpur,21.4125,79.266667,173.02,154.18,0.0,0,0.0,OFFICIAL_ANNUAL_PLAN,OFFICIAL_SAME_PERIOD,SYNTHETIC_DAILY_CALIBRATED_TO_PUBLIC_ANNUAL_REFERENCE
PROD-0001636,2020-09-22,Kandri,Maharashtra,Nagpur,21.4125,79.266667,172.4,148.49,0.0,0,0.0,OFFICIAL_ANNUAL_PLAN,OFFICIAL_SAME_PERIOD,SYNTHETIC_DAILY_CALIBRATED_TO_PUBLIC_ANNUAL_REFERENCE
PROD-0001637,2020-09-23,Kandri,Maharashtra,Nagpur,21.4125,79.266667,172.38,143.98,1.66,0,54.07,OFFICIAL_ANNUAL_PLAN,OFFICIAL_SAME_PERIOD,SYNTHETIC_DAILY_CALIBRATED_TO_PUBLIC_ANNUAL_REFERENCE
PROD-0001638,2020-09-24,Kandri,Maharashtra,Nagpur,21.4125,79.266667,169.12,138.67,1.62,0,23.07,OFFICIAL_ANNUAL_PLAN,OFFICIAL_SAME_PERIOD,SYNTHETIC_DAILY_CALIBRATED_TO_PUBLIC_ANNUAL_REFERENCE
PROD-0001639,2020-09-25,Kandri,Maharashtra,Nagpur,21.4125,79.266667,180.5,140.3,5.85,0,23.4,OFFICIAL_ANNUAL_PLAN,OFFICIAL_SAME_PERIOD,SYNTHETIC_DAILY_CALIBRATED_TO_PUBLIC_ANNUAL_REFERENCE
PROD-0001640,2020-09-26,Kandri,Maharashtra,Nagpur,21.4125,79.266667,177.22,146.54,2.18,0,10.46,OFFICIAL_ANNUAL_PLAN,OFFICIAL_SAME_PERIOD,SYNTHETIC_DAILY_CALIBRATED_TO_PUBLIC_ANNUAL_REFERENCE
PROD-0001641,2020-09-27,Kandri,Maharashtra,Nagpur,21.4125,79.266667,172.73,151.13,0.0,0,0.0,OFFICIAL_ANNUAL_PLAN,OFFICIAL_SAME_PERIOD,SYNTHETIC_DAILY_CALIBRATED_TO_PUBLIC_ANNUAL_REFERENCE
PROD-0001642,2020-09-28,Kandri,Maharashtra,Nagpur,21.4125,79.266667,192.15,163.54,0.0,0,0.0,OFFICIAL_ANNUAL_PLAN,OFFICIAL_SAME_PERIOD,SYNTHETIC_DAILY_CALIBRATED_TO_PUBLIC_ANNUAL_REFERENCE
PROD-0001643,2020-09-29,Kandri,Maharashtra,Nagpur,21.4125,79.266667,165.77,141.7,1.77,0,0.0,OFFICIAL_ANNUAL_PLAN,OFFICIAL_SAME_PERIOD,SYNTHETIC_DAILY_CALIBRATED_TO_PUBLIC_ANNUAL_REFERENCE
PROD-0001644,2020-09-30,Kandri,Maharashtra,Nagpur,21.4125,79.266667,177.67,146.29,1.52,0,7.85,OFFICIAL_ANNUAL_PLAN,OFFICIAL_SAME_PERIOD,SYNTHETIC_DAILY_CALIBRATED_TO_PUBLIC_ANNUAL_REFERENCE
PROD-0001645,2020-10-01,Kandri,Maharashtra,Nagpur,21.4125,79.266667,163.72,135.27,0.0,0,0.0,OFFICIAL_ANNUAL_PLAN,OFFICIAL_SAME_PERIOD,SYNTHETIC_DAILY_CALIBRATED_TO_PUBLIC_ANNUAL_REFERENCE
PROD-0001646,2020-10-02,Kandri,Maharashtra,Nagpur,21.4125,79.266667,176.97,142.02,4.34,0,9.04,OFFICIAL_ANNUAL_PLAN,OFFICIAL_SAME_PERIOD,SYNTHETIC_DAILY_CALIBRATED_TO_PUBLIC_ANNUAL_REFERENCE
PROD-0001647,2020-10-03,Kandri,Maharashtra,Nagpur,21.4125,79.266667,186.21,160.01,0.0,39,0.0,OFFICIAL_ANNUAL_PLAN,OFFICIAL_SAME_PERIOD,SYNTHETIC_DAILY_CALIBRATED_TO_PUBLIC_ANNUAL_REFERENCE
PROD-0001648,2020-10-04,Kandri,Maharashtra,Nagpur,21.4125,79.266667,179.95,151.37,2.58,0,4.59,OFFICIAL_ANNUAL_PLAN,OFFICIAL_SAME_PERIOD,SYNTHETIC_DAILY_CALIBRATED_TO_PUBLIC_ANNUAL_REFERENCE
PROD-0001649,2020-10-05,Kandri,Maharashtra,Nagpur,21.4125,79.266667,171.82,151.4,2.1,0,8.91,OFFICIAL_ANNUAL_PLAN,OFFICIAL_SAME_PERIOD,SYNTHETIC_DAILY_CALIBRATED_TO_PUBLIC_ANNUAL_REFERENCE
PROD-0001650,2020-10-06,Kandri,Maharashtra,Nagpur,21.4125,79.266667,159.73,142.37,0.0,0,0.0,OFFICIAL_ANNUAL_PLAN,OFFICIAL_SAME_PERIOD,SYNTHETIC_DAILY_CALIBRATED_TO_PUBLIC_ANNUAL_REFERENCE
PROD-0001651,2020-10-07,Kandri,Maharashtra,Nagpur,21.4125,79.266667,182.35,147.03,1.72,33,0.0,OFFICIAL_ANNUAL_PLAN,OFFICIAL_SAME_PERIOD,SYNTHETIC_DAILY_CALIBRATED_TO_PUBLIC_ANNUAL_REFERENCE
PROD-0001652,2020-10-08,Kandri,Maharashtra,Nagpur,21.4125,79.266667,182.83,152.2,2.77,0,7.12,OFFICIAL_ANNUAL_PLAN,OFFICIAL_SAME_PERIOD,SYNTHETIC_DAILY_CALIBRATED_TO_PUBLIC_ANNUAL_REFERENCE
PROD-0001653,2020-10-09,Kandri,Maharashtra,Nagpur,21.4125,79.266667,178.91,145.14,3.09,49,0.0,OFFICIAL_ANNUAL_PLAN,OFFICIAL_SAME_PERIOD,SYNTHETIC_DAILY_CALIBRATED_TO_PUBLIC_ANNUAL_REFERENCE
PROD-0001654,2020-10-10,Kandri,Maharashtra,Nagpur,21.4125,79.266667,146.49,119.46,1.84,0,6.45,OFFICIAL_ANNUAL_PLAN,OFFICIAL_SAME_PERIOD,SYNTHETIC_DAILY_CALIBRATED_TO_PUBLIC_ANNUAL_REFERENCE
PROD-0001655,2020-10-11,Kandri,Maharashtra,Nagpur,21.4125,79.266667,163.29,137.91,1.31,0,0.0,OFFICIAL_ANNUAL_PLAN,OFFICIAL_SAME_PERIOD,SYNTHETIC_DAILY_CALIBRATED_TO_PUBLIC_ANNUAL_REFERENCE
PROD-0001656,2020-10-12,Kandri,Maharashtra,Nagpur,21.4125,79.266667,181.5,158.74,2.36,7,0.0,OFFICIAL_ANNUAL_PLAN,OFFICIAL_SAME_PERIOD,SYNTHETIC_DAILY_CALIBRATED_TO_PUBLIC_ANNUAL_REFERENCE
PROD-0001657,2020-10-13,Kandri,Maharashtra,Nagpur,21.4125,79.266667,173.44,147.16,0.0,0,0.0,OFFICIAL_ANNUAL_PLAN,OFFICIAL_SAME_PERIOD,SYNTHETIC_DAILY_CALIBRATED_TO_PUBLIC_ANNUAL_REFERENCE
PROD-0001658,2020-10-14,Kandri,Maharashtra,Nagpur,21.4125,79.266667,160.7,136.0,2.72,0,0.0,OFFICIAL_ANNUAL_PLAN,OFFICIAL_SAME_PERIOD,SYNTHETIC_DAILY_CALIBRATED_TO_PUBLIC_ANNUAL_REFERENCE
PROD-0001659,2020-10-15,Kandri,Maharashtra,Nagpur,21.4125,79.266667,153.48,131.3,0.0,0,0.0,OFFICIAL_ANNUAL_PLAN,OFFICIAL_SAME_PERIOD,SYNTHETIC_DAILY_CALIBRATED_TO_PUBLIC_ANNUAL_REFERENCE
PROD-0001660,2020-10-16,Kandri,Maharashtra,Nagpur,21.4125,79.266667,176.69,145.76,0.0,0,0.0,OFFICIAL_ANNUAL_PLAN,OFFICIAL_SAME_PERIOD,SYNTHETIC_DAILY_CALIBRATED_TO_PUBLIC_ANNUAL_REFERENCE
PROD-0001661,2020-10-17,Kandri,Maharashtra,Nagpur,21.4125,79.266667,198.21,167.4,0.43,0,0.0,OFFICIAL_ANNUAL_PLAN,OFFICIAL_SAME_PERIOD,SYNTHETIC_DAILY_CALIBRATED_TO_PUBLIC_ANNUAL_REFERENCE
PROD-0001662,2020-10-18,Kandri,Maharashtra,Nagpur,21.4125,79.266667,174.71,150.05,0.0,0,0.0,OFFICIAL_ANNUAL_PLAN,OFFICIAL_SAME_PERIOD,SYNTHETIC_DAILY_CALIBRATED_TO_PUBLIC_ANNUAL_REFERENCE
PROD-0001663,2020-10-19,Kandri,Maharashtra,Nagpur,21.4125,79.266667,160.13,134.26,1.89,0,0.0,OFFICIAL_ANNUAL_PLAN,OFFICIAL_SAME_PERIOD,SYNTHETIC_DAILY_CALIBRATED_TO_PUBLIC_ANNUAL_REFERENCE
PROD-0001664,2020-10-20,Kandri,Maharashtra,Nagpur,21.4125,79.266667,145.95,125.57,0.96,0,0.0,OFFICIAL_ANNUAL_PLAN,OFFICIAL_SAME_PERIOD,SYNTHETIC_DAILY_CALIBRATED_TO_PUBLIC_ANNUAL_REFERENCE
PROD-0001665,2020-10-21,Kandri,Maharashtra,Nagpur,21.4125,79.266667,167.57,130.35,5.01,70,0.0,OFFICIAL_ANNUAL_PLAN,OFFICIAL_SAME_PERIOD,SYNTHETIC_DAILY_CALIBRATED_TO_PUBLIC_ANNUAL_REFERENCE
PROD-0001666,2020-10-22,Kandri,Maharashtra,Nagpur,21.4125,79.266667,165.32,141.8,0.0,0,0.0,OFFICIAL_ANNUAL_PLAN,OFFICIAL_SAME_PERIOD,SYNTHETIC_DAILY_CALIBRATED_TO_PUBLIC_ANNUAL_REFERENCE
PROD-0001667,2020-10-23,Kandri,Maharashtra,Nagpur,21.4125,79.266667,166.12,146.2,0.0,0,0.0,OFFICIAL_ANNUAL_PLAN,OFFICIAL_SAME_PERIOD,SYNTHETIC_DAILY_CALIBRATED_TO_PUBLIC_ANNUAL_REFERENCE
PROD-0001668,2020-10-24,Kandri,Maharashtra,Nagpur,21.4125,79.266667,186.22,157.01,0.03,0,2.13,OFFICIAL_ANNUAL_PLAN,OFFICIAL_SAME_PERIOD,SYNTHETIC_DAILY_CALIBRATED_TO_PUBLIC_ANNUAL_REFERENCE
PROD-0001669,2020-10-25,Kandri,Maharashtra,Nagpur,21.4125,79.266667,166.49,137.59,2.38,0,22.23,OFFICIAL_ANNUAL_PLAN,OFFICIAL_SAME_PERIOD,SYNTHETIC_DAILY_CALIBRATED_TO_PUBLIC_ANNUAL_REFERENCE
PROD-0001670,2020-10-26,Kandri,Maharashtra,Nagpur,21.4125,79.266667,171.96,138.88,1.28,30,14.82,OFFICIAL_ANNUAL_PLAN,OFFICIAL_SAME_PERIOD,SYNTHETIC_DAILY_CALIBRATED_TO_PUBLIC_ANNUAL_REFERENCE
PROD-0001671,2020-10-27,Kandri,Maharashtra,Nagpur,21.4125,79.266667,174.72,145.12,1.43,0,0.0,OFFICIAL_ANNUAL_PLAN,OFFICIAL_SAME_PERIOD,SYNTHETIC_DAILY_CALIBRATED_TO_PUBLIC_ANNUAL_REFERENCE
PROD-0001672,2020-10-28,Kandri,Maharashtra,Nagpur,21.4125,79.266667,160.42,129.12,0.0,0,0.0,OFFICIAL_ANNUAL_PLAN,OFFICIAL_SAME_PERIOD,SYNTHETIC_DAILY_CALIBRATED_TO_PUBLIC_ANNUAL_REFERENCE
PROD-0001673,2020-10-29,Kandri,Maharashtra,Nagpur,21.4125,79.266667,178.09,153.71,0.34,0,0.0,OFFICIAL_ANNUAL_PLAN,OFFICIAL_SAME_PERIOD,SYNTHETIC_DAILY_CALIBRATED_TO_PUBLIC_ANNUAL_REFERENCE
PROD-0001674,2020-10-30,Kandri,Maharashtra,Nagpur,21.4125,79.266667,189.81,159.55,0.0,0,0.0,OFFICIAL_ANNUAL_PLAN,OFFICIAL_SAME_PERIOD,SYNTHETIC_DAILY_CALIBRATED_TO_PUBLIC_ANNUAL_REFERENCE
PROD-0001675,2020-10-31,Kandri,Maharashtra,Nagpur,21.4125,79.266667,171.7,145.23,0.0,0,0.0,OFFICIAL_ANNUAL_PLAN,OFFICIAL_SAME_PERIOD,SYNTHETIC_DAILY_CALIBRATED_TO_PUBLIC_ANNUAL_REFERENCE
PROD-0001676,2020-11-01,Kandri,Maharashtra,Nagpur,21.4125,79.266667,195.35,167.6,1.42,0,0.0,OFFICIAL_ANNUAL_PLAN,OFFICIAL_SAME_PERIOD,SYNTHETIC_DAILY_CALIBRATED_TO_PUBLIC_ANNUAL_REFERENCE
PROD-0001677,2020-11-02,Kandri,Maharashtra,Nagpur,21.4125,79.266667,186.65,159.52,0.0,12,0.0,OFFICIAL_ANNUAL_PLAN,OFFICIAL_SAME_PERIOD,SYNTHETIC_DAILY_CALIBRATED_TO_PUBLIC_ANNUAL_REFERENCE
PROD-0001678,2020-11-03,Kandri,Maharashtra,Nagpur,21.4125,79.266667,177.22,146.28,3.95,0,0.0,OFFICIAL_ANNUAL_PLAN,OFFICIAL_SAME_PERIOD,SYNTHETIC_DAILY_CALIBRATED_TO_PUBLIC_ANNUAL_REFERENCE
PROD-0001679,2020-11-04,Kandri,Maharashtra,Nagpur,21.4125,79.266667,171.95,145.66,1.48,0,0.0,OFFICIAL_ANNUAL_PLAN,OFFICIAL_SAME_PERIOD,SYNTHETIC_DAILY_CALIBRATED_TO_PUBLIC_ANNUAL_REFERENCE
PROD-0001680,2020-11-05,Kandri,Maharashtra,Nagpur,21.4125,79.266667,190.7,146.85,3.48,89,0.0,OFFICIAL_ANNUAL_PLAN,OFFICIAL_SAME_PERIOD,SYNTHETIC_DAILY_CALIBRATED_TO_PUBLIC_ANNUAL_REFERENCE
PROD-0001681,2020-11-06,Kandri,Maharashtra,Nagpur,21.4125,79.266667,138.62,112.23,1.99,0,0.0,OFFICIAL_ANNUAL_PLAN,OFFICIAL_SAME_PERIOD,SYNTHETIC_DAILY_CALIBRATED_TO_PUBLIC_ANNUAL_REFERENCE
PROD-0001682,2020-11-07,Kandri,Maharashtra,Nagpur,21.4125,79.266667,169.21,139.09,2.12,0,0.0,OFFICIAL_ANNUAL_PLAN,OFFICIAL_SAME_PERIOD,SYNTHETIC_DAILY_CALIBRATED_TO_PUBLIC_ANNUAL_REFERENCE
PROD-0001683,2020-11-08,Kandri,Maharashtra,Nagpur,21.4125,79.266667,168.36,146.38,0.63,0,0.0,OFFICIAL_ANNUAL_PLAN,OFFICIAL_SAME_PERIOD,SYNTHETIC_DAILY_CALIBRATED_TO_PUBLIC_ANNUAL_REFERENCE
PROD-0001684,2020-11-09,Kandri,Maharashtra,Nagpur,21.4125,79.266667,171.75,154.49,1.19,0,0.0,OFFICIAL_ANNUAL_PLAN,OFFICIAL_SAME_PERIOD,SYNTHETIC_DAILY_CALIBRATED_TO_PUBLIC_ANNUAL_REFERENCE
PROD-0001685,2020-11-10,Kandri,Maharashtra,Nagpur,21.4125,79.266667,180.47,155.27,0.16,26,10.94,OFFICIAL_ANNUAL_PLAN,OFFICIAL_SAME_PERIOD,SYNTHETIC_DAILY_CALIBRATED_TO_PUBLIC_ANNUAL_REFERENCE
PROD-0001686,2020-11-11,Kandri,Maharashtra,Nagpur,21.4125,79.266667,186.01,151.38,1.25,30,0.0,OFFICIAL_ANNUAL_PLAN,OFFICIAL_SAME_PERIOD,SYNTHETIC_DAILY_CALIBRATED_TO_PUBLIC_ANNUAL_REFERENCE
PROD-0001687,2020-11-12,Kandri,Maharashtra,Nagpur,21.4125,79.266667,171.52,139.73,1.33,0,0.0,OFFICIAL_ANNUAL_PLAN,OFFICIAL_SAME_PERIOD,SYNTHETIC_DAILY_CALIBRATED_TO_PUBLIC_ANNUAL_REFERENCE
PROD-0001688,2020-11-13,Kandri,Maharashtra,Nagpur,21.4125,79.266667,189.16,153.29,2.91,0,6.4,OFFICIAL_ANNUAL_PLAN,OFFICIAL_SAME_PERIOD,SYNTHETIC_DAILY_CALIBRATED_TO_PUBLIC_ANNUAL_REFERENCE
PROD-0001689,2020-11-14,Kandri,Maharashtra,Nagpur,21.4125,79.266667,187.31,161.03,0.0,0,0.0,OFFICIAL_ANNUAL_PLAN,OFFICIAL_SAME_PERIOD,SYNTHETIC_DAILY_CALIBRATED_TO_PUBLIC_ANNUAL_REFERENCE
PROD-0001690,2020-11-15,Kandri,Maharashtra,Nagpur,21.4125,79.266667,178.9,146.36,0.4,13,0.0,OFFICIAL_ANNUAL_PLAN,OFFICIAL_SAME_PERIOD,SYNTHETIC_DAILY_CALIBRATED_TO_PUBLIC_ANNUAL_REFERENCE
PROD-0001691,2020-11-16,Kandri,Maharashtra,Nagpur,21.4125,79.266667,182.06,154.37,4.5,0,0.0,OFFICIAL_ANNUAL_PLAN,OFFICIAL_SAME_PERIOD,SYNTHETIC_DAILY_CALIBRATED_TO_PUBLIC_ANNUAL_REFERENCE
PROD-0001692,2020-11-17,Kandri,Maharashtra,Nagpur,21.4125,79.266667,171.56,145.77,0.0,0,0.0,OFFICIAL_ANNUAL_PLAN,OFFICIAL_SAME_PERIOD,SYNTHETIC_DAILY_CALIBRATED_TO_PUBLIC_ANNUAL_REFERENCE
PROD-0001693,2020-11-18,Kandri,Maharashtra,Nagpur,21.4125,79.266667,179.13,141.98,5.6,0,26.37,OFFICIAL_ANNUAL_PLAN,OFFICIAL_SAME_PERIOD,SYNTHETIC_DAILY_CALIBRATED_TO_PUBLIC_ANNUAL_REFERENCE
PROD-0001694,2020-11-19,Kandri,Maharashtra,Nagpur,21.4125,79.266667,172.8,138.31,3.32,0,0.0,OFFICIAL_ANNUAL_PLAN,OFFICIAL_SAME_PERIOD,SYNTHETIC_DAILY_CALIBRATED_TO_PUBLIC_ANNUAL_REFERENCE
PROD-0001695,2020-11-20,Kandri,Maharashtra,Nagpur,21.4125,79.266667,189.53,164.93,0.0,0,0.0,OFFICIAL_ANNUAL_PLAN,OFFICIAL_SAME_PERIOD,SYNTHETIC_DAILY_CALIBRATED_TO_PUBLIC_ANNUAL_REFERENCE
PROD-0001696,2020-11-21,Kandri,Maharashtra,Nagpur,21.4125,79.266667,175.41,140.36,2.47,0,0.0,OFFICIAL_ANNUAL_PLAN,OFFICIAL_SAME_PERIOD,SYNTHETIC_DAILY_CALIBRATED_TO_PUBLIC_ANNUAL_REFERENCE
PROD-0001697,2020-11-22,Kandri,Maharashtra,Nagpur,21.4125,79.266667,172.41,153.93,0.66,0,0.0,OFFICIAL_ANNUAL_PLAN,OFFICIAL_SAME_PERIOD,SYNTHETIC_DAILY_CALIBRATED_TO_PUBLIC_ANNUAL_REFERENCE
PROD-0001698,2020-11-23,Kandri,Maharashtra,Nagpur,21.4125,79.266667,160.6,137.92,1.52,0,0.0,OFFICIAL_ANNUAL_PLAN,OFFICIAL_SAME_PERIOD,SYNTHETIC_DAILY_CALIBRATED_TO_PUBLIC_ANNUAL_REFERENCE
PROD-0001699,2020-11-24,Kandri,Maharashtra,Nagpur,21.4125,79.266667,182.21,156.75,0.0,0,0.0,OFFICIAL_ANNUAL_PLAN,OFFICIAL_SAME_PERIOD,SYNTHETIC_DAILY_CALIBRATED_TO_PUBLIC_ANNUAL_REFERENCE
PROD-0001700,2020-11-25,Kandri,Maharashtra,Nagpur,21.4125,79.266667,164.2,145.39,0.0,0,0.0,OFFICIAL_ANNUAL_PLAN,OFFICIAL_SAME_PERIOD,SYNTHETIC_DAILY_CALIBRATED_TO_PUBLIC_ANNUAL_REFERENCE
PROD-0001701,2020-11-26,Kandri,Maharashtra,Nagpur,21.4125,79.266667,163.91,136.62,3.58,0,0.0,OFFICIAL_ANNUAL_PLAN,OFFICIAL_SAME_PERIOD,SYNTHETIC_DAILY_CALIBRATED_TO_PUBLIC_ANNUAL_REFERENCE
PROD-0001702,2020-11-27,Kandri,Maharashtra,Nagpur,21.4125,79.266667,164.61,126.65,2.69,86,0.0,OFFICIAL_ANNUAL_PLAN,OFFICIAL_SAME_PERIOD,SYNTHETIC_DAILY_CALIBRATED_TO_PUBLIC_ANNUAL_REFERENCE
PROD-0001703,2020-11-28,Kandri,Maharashtra,Nagpur,21.4125,79.266667,152.97,131.04,0.0,0,0.0,OFFICIAL_ANNUAL_PLAN,OFFICIAL_SAME_PERIOD,SYNTHETIC_DAILY_CALIBRATED_TO_PUBLIC_ANNUAL_REFERENCE
PROD-0001704,2020-11-29,Kandri,Maharashtra,Nagpur,21.4125,79.266667,170.78,139.85,3.08,0,5.93,OFFICIAL_ANNUAL_PLAN,OFFICIAL_SAME_PERIOD,SYNTHETIC_DAILY_CALIBRATED_TO_PUBLIC_ANNUAL_REFERENCE
PROD-0001705,2020-11-30,Kandri,Maharashtra,Nagpur,21.4125,79.266667,176.73,151.66,0.73,0,0.0,OFFICIAL_ANNUAL_PLAN,OFFICIAL_SAME_PERIOD,SYNTHETIC_DAILY_CALIBRATED_TO_PUBLIC_ANNUAL_REFERENCE
PROD-0001706,2020-12-01,Kandri,Maharashtra,Nagpur,21.4125,79.266667,175.45,146.83,0.81,0,0.0,OFFICIAL_ANNUAL_PLAN,OFFICIAL_SAME_PERIOD,SYNTHETIC_DAILY_CALIBRATED_TO_PUBLIC_ANNUAL_REFERENCE
PROD-0001707,2020-12-02,Kandri,Maharashtra,Nagpur,21.4125,79.266667,181.77,153.9,1.41,0,0.0,OFFICIAL_ANNUAL_PLAN,OFFICIAL_SAME_PERIOD,SYNTHETIC_DAILY_CALIBRATED_TO_PUBLIC_ANNUAL_REFERENCE
PROD-0001708,2020-12-03,Kandri,Maharashtra,Nagpur,21.4125,79.266667,167.01,143.03,0.46,22,0.0,OFFICIAL_ANNUAL_PLAN,OFFICIAL_SAME_PERIOD,SYNTHETIC_DAILY_CALIBRATED_TO_PUBLIC_ANNUAL_REFERENCE
PROD-0001709,2020-12-04,Kandri,Maharashtra,Nagpur,21.4125,79.266667,169.59,141.29,0.6,0,2.08,OFFICIAL_ANNUAL_PLAN,OFFICIAL_SAME_PERIOD,SYNTHETIC_DAILY_CALIBRATED_TO_PUBLIC_ANNUAL_REFERENCE
PROD-0001710,2020-12-05,Kandri,Maharashtra,Nagpur,21.4125,79.266667,162.0,122.43,12.0,0,0.0,OFFICIAL_ANNUAL_PLAN,OFFICIAL_SAME_PERIOD,SYNTHETIC_DAILY_CALIBRATED_TO_PUBLIC_ANNUAL_REFERENCE
PROD-0001711,2020-12-06,Kandri,Maharashtra,Nagpur,21.4125,79.266667,181.07,161.21,0.05,0,3.14,OFFICIAL_ANNUAL_PLAN,OFFICIAL_SAME_PERIOD,SYNTHETIC_DAILY_CALIBRATED_TO_PUBLIC_ANNUAL_REFERENCE
PROD-0001712,2020-12-07,Kandri,Maharashtra,Nagpur,21.4125,79.266667,170.41,144.87,0.0,0,0.0,OFFICIAL_ANNUAL_PLAN,OFFICIAL_SAME_PERIOD,SYNTHETIC_DAILY_CALIBRATED_TO_PUBLIC_ANNUAL_REFERENCE
PROD-0001713,2020-12-08,Kandri,Maharashtra,Nagpur,21.4125,79.266667,183.93,151.64,1.82,0,0.0,OFFICIAL_ANNUAL_PLAN,OFFICIAL_SAME_PERIOD,SYNTHETIC_DAILY_CALIBRATED_TO_PUBLIC_ANNUAL_REFERENCE
PROD-0001714,2020-12-09,Kandri,Maharashtra,Nagpur,21.4125,79.266667,180.39,154.19,0.0,0,0.0,OFFICIAL_ANNUAL_PLAN,OFFICIAL_SAME_PERIOD,SYNTHETIC_DAILY_CALIBRATED_TO_PUBLIC_ANNUAL_REFERENCE
PROD-0001715,2020-12-10,Kandri,Maharashtra,Nagpur,21.4125,79.266667,199.36,165.92,0.0,41,0.0,OFFICIAL_ANNUAL_PLAN,OFFICIAL_SAME_PERIOD,SYNTHETIC_DAILY_CALIBRATED_TO_PUBLIC_ANNUAL_REFERENCE
PROD-0001716,2020-12-11,Kandri,Maharashtra,Nagpur,21.4125,79.266667,165.18,136.65,3.18,35,0.0,OFFICIAL_ANNUAL_PLAN,OFFICIAL_SAME_PERIOD,SYNTHETIC_DAILY_CALIBRATED_TO_PUBLIC_ANNUAL_REFERENCE
PROD-0001717,2020-12-12,Kandri,Maharashtra,Nagpur,21.4125,79.266667,190.48,159.41,2.58,0,0.0,OFFICIAL_ANNUAL_PLAN,OFFICIAL_SAME_PERIOD,SYNTHETIC_DAILY_CALIBRATED_TO_PUBLIC_ANNUAL_REFERENCE
PROD-0001718,2020-12-13,Kandri,Maharashtra,Nagpur,21.4125,79.266667,148.92,130.38,0.0,0,0.0,OFFICIAL_ANNUAL_PLAN,OFFICIAL_SAME_PERIOD,SYNTHETIC_DAILY_CALIBRATED_TO_PUBLIC_ANNUAL_REFERENCE
PROD-0001719,2020-12-14,Kandri,Maharashtra,Nagpur,21.4125,79.266667,170.19,142.87,0.0,0,0.0,OFFICIAL_ANNUAL_PLAN,OFFICIAL_SAME_PERIOD,SYNTHETIC_DAILY_CALIBRATED_TO_PUBLIC_ANNUAL_REFERENCE
PROD-0001720,2020-12-15,Kandri,Maharashtra,Nagpur,21.4125,79.266667,166.06,141.43,0.0,0,0.0,OFFICIAL_ANNUAL_PLAN,OFFICIAL_SAME_PERIOD,SYNTHETIC_DAILY_CALIBRATED_TO_PUBLIC_ANNUAL_REFERENCE
PROD-0001721,2020-12-16,Kandri,Maharashtra,Nagpur,21.4125,79.266667,138.62,119.04,0.08,0,5.05,OFFICIAL_ANNUAL_PLAN,OFFICIAL_SAME_PERIOD,SYNTHETIC_DAILY_CALIBRATED_TO_PUBLIC_ANNUAL_REFERENCE
PROD-0001722,2020-12-17,Kandri,Maharashtra,Nagpur,21.4125,79.266667,169.77,141.18,2.8,124,0.0,OFFICIAL_ANNUAL_PLAN,OFFICIAL_SAME_PERIOD,SYNTHETIC_DAILY_CALIBRATED_TO_PUBLIC_ANNUAL_REFERENCE
PROD-0001723,2020-12-18,Kandri,Maharashtra,Nagpur,21.4125,79.266667,170.74,143.99,1.14,0,0.0,OFFICIAL_ANNUAL_PLAN,OFFICIAL_SAME_PERIOD,SYNTHETIC_DAILY_CALIBRATED_TO_PUBLIC_ANNUAL_REFERENCE
PROD-0001724,2020-12-19,Kandri,Maharashtra,Nagpur,21.4125,79.266667,187.95,159.58,0.0,0,0.0,OFFICIAL_ANNUAL_PLAN,OFFICIAL_SAME_PERIOD,SYNTHETIC_DAILY_CALIBRATED_TO_PUBLIC_ANNUAL_REFERENCE
PROD-0001725,2020-12-20,Kandri,Maharashtra,Nagpur,21.4125,79.266667,167.29,143.52,1.42,0,0.0,OFFICIAL_ANNUAL_PLAN,OFFICIAL_SAME_PERIOD,SYNTHETIC_DAILY_CALIBRATED_TO_PUBLIC_ANNUAL_REFERENCE
PROD-0001726,2020-12-21,Kandri,Maharashtra,Nagpur,21.4125,79.266667,161.68,137.96,0.0,0,0.0,OFFICIAL_ANNUAL_PLAN,OFFICIAL_SAME_PERIOD,SYNTHETIC_DAILY_CALIBRATED_TO_PUBLIC_ANNUAL_REFERENCE
PROD-0001727,2020-12-22,Kandri,Maharashtra,Nagpur,21.4125,79.266667,149.83,118.92,1.43,26,0.0,OFFICIAL_ANNUAL_PLAN,OFFICIAL_SAME_PERIOD,SYNTHETIC_DAILY_CALIBRATED_TO_PUBLIC_ANNUAL_REFERENCE
PROD-0001728,2020-12-23,Kandri,Maharashtra,Nagpur,21.4125,79.266667,178.03,148.76,0.0,0,0.0,OFFICIAL_ANNUAL_PLAN,OFFICIAL_SAME_PERIOD,SYNTHETIC_DAILY_CALIBRATED_TO_PUBLIC_ANNUAL_REFERENCE
PROD-0001729,2020-12-24,Kandri,Maharashtra,Nagpur,21.4125,79.266667,183.11,162.08,0.0,0,0.0,OFFICIAL_ANNUAL_PLAN,OFFICIAL_SAME_PERIOD,SYNTHETIC_DAILY_CALIBRATED_TO_PUBLIC_ANNUAL_REFERENCE
PROD-0001730,2020-12-25,Kandri,Maharashtra,Nagpur,21.4125,79.266667,180.22,152.62,0.42,0,0.0,OFFICIAL_ANNUAL_PLAN,OFFICIAL_SAME_PERIOD,SYNTHETIC_DAILY_CALIBRATED_TO_PUBLIC_ANNUAL_REFERENCE
PROD-0001731,2020-12-26,Kandri,Maharashtra,Nagpur,21.4125,79.266667,159.75,123.3,3.4,0,0.0,OFFICIAL_ANNUAL_PLAN,OFFICIAL_SAME_PERIOD,SYNTHETIC_DAILY_CALIBRATED_TO_PUBLIC_ANNUAL_REFERENCE
PROD-0001732,2020-12-27,Kandri,Maharashtra,Nagpur,21.4125,79.266667,138.62,108.07,4.01,5,0.0,OFFICIAL_ANNUAL_PLAN,OFFICIAL_SAME_PERIOD,SYNTHETIC_DAILY_CALIBRATED_TO_PUBLIC_ANNUAL_REFERENCE
PROD-0001733,2020-12-28,Kandri,Maharashtra,Nagpur,21.4125,79.266667,171.4,146.88,0.54,0,0.0,OFFICIAL_ANNUAL_PLAN,OFFICIAL_SAME_PERIOD,SYNTHETIC_DAILY_CALIBRATED_TO_PUBLIC_ANNUAL_REFERENCE
PROD-0001734,2020-12-29,Kandri,Maharashtra,Nagpur,21.4125,79.266667,173.53,143.68,2.81,0,0.0,OFFICIAL_ANNUAL_PLAN,OFFICIAL_SAME_PERIOD,SYNTHETIC_DAILY_CALIBRATED_TO_PUBLIC_ANNUAL_REFERENCE
PROD-0001735,2020-12-30,Kandri,Maharashtra,Nagpur,21.4125,79.266667,163.14,137.81,0.0,0,0.0,OFFICIAL_ANNUAL_PLAN,OFFICIAL_SAME_PERIOD,SYNTHETIC_DAILY_CALIBRATED_TO_PUBLIC_ANNUAL_REFERENCE
PROD-0001736,2020-12-31,Kandri,Maharashtra,Nagpur,21.4125,79.266667,160.28,134.41,2.56,0,0.0,OFFICIAL_ANNUAL_PLAN,OFFICIAL_SAME_PERIOD,SYNTHETIC_DAILY_CALIBRATED_TO_PUBLIC_ANNUAL_REFERENCE
PROD-0001737,2021-01-01,Kandri,Maharashtra,Nagpur,21.4125,79.266667,192.13,167.04,0.35,0,0.0,OFFICIAL_ANNUAL_PLAN,OFFICIAL_SAME_PERIOD,SYNTHETIC_DAILY_CALIBRATED_TO_PUBLIC_ANNUAL_REFERENCE
PROD-0001738,2021-01-02,Kandri,Maharashtra,Nagpur,21.4125,79.266667,164.48,138.39,4.78,0,0.0,OFFICIAL_ANNUAL_PLAN,OFFICIAL_SAME_PERIOD,SYNTHETIC_DAILY_CALIBRATED_TO_PUBLIC_ANNUAL_REFERENCE
PROD-0001739,2021-01-03,Kandri,Maharashtra,Nagpur,21.4125,79.266667,178.45,151.23,2.28,0,0.0,OFFICIAL_ANNUAL_PLAN,OFFICIAL_SAME_PERIOD,SYNTHETIC_DAILY_CALIBRATED_TO_PUBLIC_ANNUAL_REFERENCE
PROD-0001740,2021-01-04,Kandri,Maharashtra,Nagpur,21.4125,79.266667,170.78,135.26,4.56,0,0.0,OFFICIAL_ANNUAL_PLAN,OFFICIAL_SAME_PERIOD,SYNTHETIC_DAILY_CALIBRATED_TO_PUBLIC_ANNUAL_REFERENCE
PROD-0001741,2021-01-05,Kandri,Maharashtra,Nagpur,21.4125,79.266667,170.9,142.06,0.34,0,0.0,OFFICIAL_ANNUAL_PLAN,OFFICIAL_SAME_PERIOD,SYNTHETIC_DAILY_CALIBRATED_TO_PUBLIC_ANNUAL_REFERENCE
PROD-0001742,2021-01-06,Kandri,Maharashtra,Nagpur,21.4125,79.266667,153.58,126.49,0.0,37,0.0,OFFICIAL_ANNUAL_PLAN,OFFICIAL_SAME_PERIOD,SYNTHETIC_DAILY_CALIBRATED_TO_PUBLIC_ANNUAL_REFERENCE
PROD-0001743,2021-01-07,Kandri,Maharashtra,Nagpur,21.4125,79.266667,176.43,151.14,0.6,22,0.22,OFFICIAL_ANNUAL_PLAN,OFFICIAL_SAME_PERIOD,SYNTHETIC_DAILY_CALIBRATED_TO_PUBLIC_ANNUAL_REFERENCE
PROD-0001744,2021-01-08,Kandri,Maharashtra,Nagpur,21.4125,79.266667,192.9,171.89,0.0,0,0.0,OFFICIAL_ANNUAL_PLAN,OFFICIAL_SAME_PERIOD,SYNTHETIC_DAILY_CALIBRATED_TO_PUBLIC_ANNUAL_REFERENCE
PROD-0001745,2021-01-09,Kandri,Maharashtra,Nagpur,21.4125,79.266667,168.71,143.29,0.0,0,0.0,OFFICIAL_ANNUAL_PLAN,OFFICIAL_SAME_PERIOD,SYNTHETIC_DAILY_CALIBRATED_TO_PUBLIC_ANNUAL_REFERENCE
PROD-0001746,2021-01-10,Kandri,Maharashtra,Nagpur,21.4125,79.266667,161.29,143.48,0.0,0,0.0,OFFICIAL_ANNUAL_PLAN,OFFICIAL_SAME_PERIOD,SYNTHETIC_DAILY_CALIBRATED_TO_PUBLIC_ANNUAL_REFERENCE
PROD-0001747,2021-01-11,Kandri,Maharashtra,Nagpur,21.4125,79.266667,174.23,145.56,0.29,0,0.0,OFFICIAL_ANNUAL_PLAN,OFFICIAL_SAME_PERIOD,SYNTHETIC_DAILY_CALIBRATED_TO_PUBLIC_ANNUAL_REFERENCE
PROD-0001748,2021-01-12,Kandri,Maharashtra,Nagpur,21.4125,79.266667,193.58,169.93,1.02,0,0.0,OFFICIAL_ANNUAL_PLAN,OFFICIAL_SAME_PERIOD,SYNTHETIC_DAILY_CALIBRATED_TO_PUBLIC_ANNUAL_REFERENCE
PROD-0001749,2021-01-13,Kandri,Maharashtra,Nagpur,21.4125,79.266667,182.65,148.24,6.38,0,0.0,OFFICIAL_ANNUAL_PLAN,OFFICIAL_SAME_PERIOD,SYNTHETIC_DAILY_CALIBRATED_TO_PUBLIC_ANNUAL_REFERENCE
PROD-0001750,2021-01-14,Kandri,Maharashtra,Nagpur,21.4125,79.266667,178.57,148.59,1.45,0,0.0,OFFICIAL_ANNUAL_PLAN,OFFICIAL_SAME_PERIOD,SYNTHETIC_DAILY_CALIBRATED_TO_PUBLIC_ANNUAL_REFERENCE
PROD-0001751,2021-01-15,Kandri,Maharashtra,Nagpur,21.4125,79.266667,170.66,149.56,0.0,0,0.0,OFFICIAL_ANNUAL_PLAN,OFFICIAL_SAME_PERIOD,SYNTHETIC_DAILY_CALIBRATED_TO_PUBLIC_ANNUAL_REFERENCE
PROD-0001752,2021-01-16,Kandri,Maharashtra,Nagpur,21.4125,79.266667,168.84,142.91,1.63,0,0.0,OFFICIAL_ANNUAL_PLAN,OFFICIAL_SAME_PERIOD,SYNTHETIC_DAILY_CALIBRATED_TO_PUBLIC_ANNUAL_REFERENCE
PROD-0001753,2021-01-17,Kandri,Maharashtra,Nagpur,21.4125,79.266667,183.22,151.75,2.02,0,0.0,OFFICIAL_ANNUAL_PLAN,OFFICIAL_SAME_PERIOD,SYNTHETIC_DAILY_CALIBRATED_TO_PUBLIC_ANNUAL_REFERENCE
PROD-0001754,2021-01-18,Kandri,Maharashtra,Nagpur,21.4125,79.266667,174.81,142.32,4.55,0,0.0,OFFICIAL_ANNUAL_PLAN,OFFICIAL_SAME_PERIOD,SYNTHETIC_DAILY_CALIBRATED_TO_PUBLIC_ANNUAL_REFERENCE
PROD-0001755,2021-01-19,Kandri,Maharashtra,Nagpur,21.4125,79.266667,168.47,141.36,0.0,0,0.0,OFFICIAL_ANNUAL_PLAN,OFFICIAL_SAME_PERIOD,SYNTHETIC_DAILY_CALIBRATED_TO_PUBLIC_ANNUAL_REFERENCE
PROD-0001756,2021-01-20,Kandri,Maharashtra,Nagpur,21.4125,79.266667,197.26,173.96,0.14,0,0.0,OFFICIAL_ANNUAL_PLAN,OFFICIAL_SAME_PERIOD,SYNTHETIC_DAILY_CALIBRATED_TO_PUBLIC_ANNUAL_REFERENCE
PROD-0001757,2021-01-21,Kandri,Maharashtra,Nagpur,21.4125,79.266667,201.24,172.14,0.0,0,0.0,OFFICIAL_ANNUAL_PLAN,OFFICIAL_SAME_PERIOD,SYNTHETIC_DAILY_CALIBRATED_TO_PUBLIC_ANNUAL_REFERENCE
PROD-0001758,2021-01-22,Kandri,Maharashtra,Nagpur,21.4125,79.266667,187.0,155.83,1.16,69,0.0,OFFICIAL_ANNUAL_PLAN,OFFICIAL_SAME_PERIOD,SYNTHETIC_DAILY_CALIBRATED_TO_PUBLIC_ANNUAL_REFERENCE
PROD-0001759,2021-01-23,Kandri,Maharashtra,Nagpur,21.4125,79.266667,166.64,140.78,1.26,26,0.0,OFFICIAL_ANNUAL_PLAN,OFFICIAL_SAME_PERIOD,SYNTHETIC_DAILY_CALIBRATED_TO_PUBLIC_ANNUAL_REFERENCE
PROD-0001760,2021-01-24,Kandri,Maharashtra,Nagpur,21.4125,79.266667,154.6,134.72,0.32,0,0.0,OFFICIAL_ANNUAL_PLAN,OFFICIAL_SAME_PERIOD,SYNTHETIC_DAILY_CALIBRATED_TO_PUBLIC_ANNUAL_REFERENCE
PROD-0001761,2021-01-25,Kandri,Maharashtra,Nagpur,21.4125,79.266667,179.01,146.03,4.53,0,0.0,OFFICIAL_ANNUAL_PLAN,OFFICIAL_SAME_PERIOD,SYNTHETIC_DAILY_CALIBRATED_TO_PUBLIC_ANNUAL_REFERENCE
PROD-0001762,2021-01-26,Kandri,Maharashtra,Nagpur,21.4125,79.266667,168.39,143.52,0.74,0,0.0,OFFICIAL_ANNUAL_PLAN,OFFICIAL_SAME_PERIOD,SYNTHETIC_DAILY_CALIBRATED_TO_PUBLIC_ANNUAL_REFERENCE
PROD-0001763,2021-01-27,Kandri,Maharashtra,Nagpur,21.4125,79.266667,191.35,160.72,3.39,0,0.0,OFFICIAL_ANNUAL_PLAN,OFFICIAL_SAME_PERIOD,SYNTHETIC_DAILY_CALIBRATED_TO_PUBLIC_ANNUAL_REFERENCE
PROD-0001764,2021-01-28,Kandri,Maharashtra,Nagpur,21.4125,79.266667,170.95,139.49,2.19,0,0.0,OFFICIAL_ANNUAL_PLAN,OFFICIAL_SAME_PERIOD,SYNTHETIC_DAILY_CALIBRATED_TO_PUBLIC_ANNUAL_REFERENCE
PROD-0001765,2021-01-29,Kandri,Maharashtra,Nagpur,21.4125,79.266667,194.12,164.11,0.0,0,0.0,OFFICIAL_ANNUAL_PLAN,OFFICIAL_SAME_PERIOD,SYNTHETIC_DAILY_CALIBRATED_TO_PUBLIC_ANNUAL_REFERENCE
PROD-0001766,2021-01-30,Kandri,Maharashtra,Nagpur,21.4125,79.266667,146.18,119.74,0.0,0,0.0,OFFICIAL_ANNUAL_PLAN,OFFICIAL_SAME_PERIOD,SYNTHETIC_DAILY_CALIBRATED_TO_PUBLIC_ANNUAL_REFERENCE
PROD-0001767,2021-01-31,Kandri,Maharashtra,Nagpur,21.4125,79.266667,179.01,150.25,0.51,0,0.0,OFFICIAL_ANNUAL_PLAN,OFFICIAL_SAME_PERIOD,SYNTHETIC_DAILY_CALIBRATED_TO_PUBLIC_ANNUAL_REFERENCE
PROD-0001768,2021-02-01,Kandri,Maharashtra,Nagpur,21.4125,79.266667,178.89,153.61,1.68,0,0.0,OFFICIAL_ANNUAL_PLAN,OFFICIAL_SAME_PERIOD,SYNTHETIC_DAILY_CALIBRATED_TO_PUBLIC_ANNUAL_REFERENCE
PROD-0001769,2021-02-02,Kandri,Maharashtra,Nagpur,21.4125,79.266667,161.63,138.03,0.61,0,0.0,OFFICIAL_ANNUAL_PLAN,OFFICIAL_SAME_PERIOD,SYNTHETIC_DAILY_CALIBRATED_TO_PUBLIC_ANNUAL_REFERENCE
PROD-0001770,2021-02-03,Kandri,Maharashtra,Nagpur,21.4125,79.266667,158.47,128.14,7.82,0,0.0,OFFICIAL_ANNUAL_PLAN,OFFICIAL_SAME_PERIOD,SYNTHETIC_DAILY_CALIBRATED_TO_PUBLIC_ANNUAL_REFERENCE
PROD-0001771,2021-02-04,Kandri,Maharashtra,Nagpur,21.4125,79.266667,191.22,148.58,1.03,0,0.0,OFFICIAL_ANNUAL_PLAN,OFFICIAL_SAME_PERIOD,SYNTHETIC_DAILY_CALIBRATED_TO_PUBLIC_ANNUAL_REFERENCE
PROD-0001772,2021-02-05,Kandri,Maharashtra,Nagpur,21.4125,79.266667,178.84,151.78,1.82,0,0.0,OFFICIAL_ANNUAL_PLAN,OFFICIAL_SAME_PERIOD,SYNTHETIC_DAILY_CALIBRATED_TO_PUBLIC_ANNUAL_REFERENCE
PROD-0001773,2021-02-06,Kandri,Maharashtra,Nagpur,21.4125,79.266667,186.49,152.29,1.55,0,0.0,OFFICIAL_ANNUAL_PLAN,OFFICIAL_SAME_PERIOD,SYNTHETIC_DAILY_CALIBRATED_TO_PUBLIC_ANNUAL_REFERENCE
PROD-0001774,2021-02-07,Kandri,Maharashtra,Nagpur,21.4125,79.266667,183.81,150.57,2.23,21,0.0,OFFICIAL_ANNUAL_PLAN,OFFICIAL_SAME_PERIOD,SYNTHETIC_DAILY_CALIBRATED_TO_PUBLIC_ANNUAL_REFERENCE
PROD-0001775,2021-02-08,Kandri,Maharashtra,Nagpur,21.4125,79.266667,175.89,151.38,1.37,0,0.0,OFFICIAL_ANNUAL_PLAN,OFFICIAL_SAME_PERIOD,SYNTHETIC_DAILY_CALIBRATED_TO_PUBLIC_ANNUAL_REFERENCE
PROD-0001776,2021-02-09,Kandri,Maharashtra,Nagpur,21.4125,79.266667,195.33,154.2,4.3,74,0.0,OFFICIAL_ANNUAL_PLAN,OFFICIAL_SAME_PERIOD,SYNTHETIC_DAILY_CALIBRATED_TO_PUBLIC_ANNUAL_REFERENCE
PROD-0001777,2021-02-10,Kandri,Maharashtra,Nagpur,21.4125,79.266667,155.54,131.16,1.15,0,0.0,OFFICIAL_ANNUAL_PLAN,OFFICIAL_SAME_PERIOD,SYNTHETIC_DAILY_CALIBRATED_TO_PUBLIC_ANNUAL_REFERENCE
PROD-0001778,2021-02-11,Kandri,Maharashtra,Nagpur,21.4125,79.266667,174.75,150.6,1.95,0,0.0,OFFICIAL_ANNUAL_PLAN,OFFICIAL_SAME_PERIOD,SYNTHETIC_DAILY_CALIBRATED_TO_PUBLIC_ANNUAL_REFERENCE
PROD-0001779,2021-02-12,Kandri,Maharashtra,Nagpur,21.4125,79.266667,170.85,135.61,3.47,0,0.0,OFFICIAL_ANNUAL_PLAN,OFFICIAL_SAME_PERIOD,SYNTHETIC_DAILY_CALIBRATED_TO_PUBLIC_ANNUAL_REFERENCE
PROD-0001780,2021-02-13,Kandri,Maharashtra,Nagpur,21.4125,79.266667,165.21,140.57,0.0,0,0.0,OFFICIAL_ANNUAL_PLAN,OFFICIAL_SAME_PERIOD,SYNTHETIC_DAILY_CALIBRATED_TO_PUBLIC_ANNUAL_REFERENCE
PROD-0001781,2021-02-14,Kandri,Maharashtra,Nagpur,21.4125,79.266667,163.47,138.11,2.33,0,0.0,OFFICIAL_ANNUAL_PLAN,OFFICIAL_SAME_PERIOD,SYNTHETIC_DAILY_CALIBRATED_TO_PUBLIC_ANNUAL_REFERENCE
PROD-0001782,2021-02-15,Kandri,Maharashtra,Nagpur,21.4125,79.266667,169.6,142.21,0.54,0,0.0,OFFICIAL_ANNUAL_PLAN,OFFICIAL_SAME_PERIOD,SYNTHETIC_DAILY_CALIBRATED_TO_PUBLIC_ANNUAL_REFERENCE
PROD-0001783,2021-02-16,Kandri,Maharashtra,Nagpur,21.4125,79.266667,191.91,151.08,3.85,0,0.0,OFFICIAL_ANNUAL_PLAN,OFFICIAL_SAME_PERIOD,SYNTHETIC_DAILY_CALIBRATED_TO_PUBLIC_ANNUAL_REFERENCE
PROD-0001784,2021-02-17,Kandri,Maharashtra,Nagpur,21.4125,79.266667,166.48,138.37,2.1,0,0.0,OFFICIAL_ANNUAL_PLAN,OFFICIAL_SAME_PERIOD,SYNTHETIC_DAILY_CALIBRATED_TO_PUBLIC_ANNUAL_REFERENCE
PROD-0001785,2021-02-18,Kandri,Maharashtra,Nagpur,21.4125,79.266667,177.89,148.43,0.0,0,0.0,OFFICIAL_ANNUAL_PLAN,OFFICIAL_SAME_PERIOD,SYNTHETIC_DAILY_CALIBRATED_TO_PUBLIC_ANNUAL_REFERENCE
PROD-0001786,2021-02-19,Kandri,Maharashtra,Nagpur,21.4125,79.266667,186.17,151.33,3.57,20,0.0,OFFICIAL_ANNUAL_PLAN,OFFICIAL_SAME_PERIOD,SYNTHETIC_DAILY_CALIBRATED_TO_PUBLIC_ANNUAL_REFERENCE
PROD-0001787,2021-02-20,Kandri,Maharashtra,Nagpur,21.4125,79.266667,173.3,148.73,0.38,0,0.0,OFFICIAL_ANNUAL_PLAN,OFFICIAL_SAME_PERIOD,SYNTHETIC_DAILY_CALIBRATED_TO_PUBLIC_ANNUAL_REFERENCE
PROD-0001788,2021-02-21,Kandri,Maharashtra,Nagpur,21.4125,79.266667,169.31,140.35,4.68,0,4.56,OFFICIAL_ANNUAL_PLAN,OFFICIAL_SAME_PERIOD,SYNTHETIC_DAILY_CALIBRATED_TO_PUBLIC_ANNUAL_REFERENCE
PROD-0001789,2021-02-22,Kandri,Maharashtra,Nagpur,21.4125,79.266667,165.98,136.91,1.39,0,0.0,OFFICIAL_ANNUAL_PLAN,OFFICIAL_SAME_PERIOD,SYNTHETIC_DAILY_CALIBRATED_TO_PUBLIC_ANNUAL_REFERENCE
PROD-0001790,2021-02-23,Kandri,Maharashtra,Nagpur,21.4125,79.266667,189.06,153.29,0.96,70,0.0,OFFICIAL_ANNUAL_PLAN,OFFICIAL_SAME_PERIOD,SYNTHETIC_DAILY_CALIBRATED_TO_PUBLIC_ANNUAL_REFERENCE
PROD-0001791,2021-02-24,Kandri,Maharashtra,Nagpur,21.4125,79.266667,173.02,150.76,0.55,0,0.0,OFFICIAL_ANNUAL_PLAN,OFFICIAL_SAME_PERIOD,SYNTHETIC_DAILY_CALIBRATED_TO_PUBLIC_ANNUAL_REFERENCE
PROD-0001792,2021-02-25,Kandri,Maharashtra,Nagpur,21.4125,79.266667,176.65,157.5,0.0,0,0.0,OFFICIAL_ANNUAL_PLAN,OFFICIAL_SAME_PERIOD,SYNTHETIC_DAILY_CALIBRATED_TO_PUBLIC_ANNUAL_REFERENCE
PROD-0001793,2021-02-26,Kandri,Maharashtra,Nagpur,21.4125,79.266667,180.28,149.8,1.28,0,0.0,OFFICIAL_ANNUAL_PLAN,OFFICIAL_SAME_PERIOD,SYNTHETIC_DAILY_CALIBRATED_TO_PUBLIC_ANNUAL_REFERENCE
PROD-0001794,2021-02-27,Kandri,Maharashtra,Nagpur,21.4125,79.266667,149.56,123.15,1.63,0,0.0,OFFICIAL_ANNUAL_PLAN,OFFICIAL_SAME_PERIOD,SYNTHETIC_DAILY_CALIBRATED_TO_PUBLIC_ANNUAL_REFERENCE
PROD-0001795,2021-02-28,Kandri,Maharashtra,Nagpur,21.4125,79.266667,157.45,124.72,3.36,0,0.0,OFFICIAL_ANNUAL_PLAN,OFFICIAL_SAME_PERIOD,SYNTHETIC_DAILY_CALIBRATED_TO_PUBLIC_ANNUAL_REFERENCE
PROD-0001796,2021-03-01,Kandri,Maharashtra,Nagpur,21.4125,79.266667,181.0,155.21,0.0,0,0.0,OFFICIAL_ANNUAL_PLAN,OFFICIAL_SAME_PERIOD,SYNTHETIC_DAILY_CALIBRATED_TO_PUBLIC_ANNUAL_REFERENCE
PROD-0001797,2021-03-02,Kandri,Maharashtra,Nagpur,21.4125,79.266667,178.42,153.75,0.0,0,0.0,OFFICIAL_ANNUAL_PLAN,OFFICIAL_SAME_PERIOD,SYNTHETIC_DAILY_CALIBRATED_TO_PUBLIC_ANNUAL_REFERENCE
PROD-0001798,2021-03-03,Kandri,Maharashtra,Nagpur,21.4125,79.266667,153.87,133.61,0.0,0,0.0,OFFICIAL_ANNUAL_PLAN,OFFICIAL_SAME_PERIOD,SYNTHETIC_DAILY_CALIBRATED_TO_PUBLIC_ANNUAL_REFERENCE
PROD-0001799,2021-03-04,Kandri,Maharashtra,Nagpur,21.4125,79.266667,167.27,139.95,0.0,31,0.0,OFFICIAL_ANNUAL_PLAN,OFFICIAL_SAME_PERIOD,SYNTHETIC_DAILY_CALIBRATED_TO_PUBLIC_ANNUAL_REFERENCE
PROD-0001800,2021-03-05,Kandri,Maharashtra,Nagpur,21.4125,79.266667,180.77,152.99,1.8,37,4.05,OFFICIAL_ANNUAL_PLAN,OFFICIAL_SAME_PERIOD,SYNTHETIC_DAILY_CALIBRATED_TO_PUBLIC_ANNUAL_REFERENCE
PROD-0001801,2021-03-06,Kandri,Maharashtra,Nagpur,21.4125,79.266667,165.65,140.72,0.0,0,0.0,OFFICIAL_ANNUAL_PLAN,OFFICIAL_SAME_PERIOD,SYNTHETIC_DAILY_CALIBRATED_TO_PUBLIC_ANNUAL_REFERENCE
PROD-0001802,2021-03-07,Kandri,Maharashtra,Nagpur,21.4125,79.266667,149.59,128.43,1.95,0,0.0,OFFICIAL_ANNUAL_PLAN,OFFICIAL_SAME_PERIOD,SYNTHETIC_DAILY_CALIBRATED_TO_PUBLIC_ANNUAL_REFERENCE
PROD-0001803,2021-03-08,Kandri,Maharashtra,Nagpur,21.4125,79.266667,167.25,142.81,2.03,51,0.0,OFFICIAL_ANNUAL_PLAN,OFFICIAL_SAME_PERIOD,SYNTHETIC_DAILY_CALIBRATED_TO_PUBLIC_ANNUAL_REFERENCE
PROD-0001804,2021-03-09,Kandri,Maharashtra,Nagpur,21.4125,79.266667,157.25,132.25,0.0,0,0.0,OFFICIAL_ANNUAL_PLAN,OFFICIAL_SAME_PERIOD,SYNTHETIC_DAILY_CALIBRATED_TO_PUBLIC_ANNUAL_REFERENCE
PROD-0001805,2021-03-10,Kandri,Maharashtra,Nagpur,21.4125,79.266667,180.86,148.65,0.99,0,0.0,OFFICIAL_ANNUAL_PLAN,OFFICIAL_SAME_PERIOD,SYNTHETIC_DAILY_CALIBRATED_TO_PUBLIC_ANNUAL_REFERENCE
PROD-0001806,2021-03-11,Kandri,Maharashtra,Nagpur,21.4125,79.266667,193.01,164.22,0.33,34,0.0,OFFICIAL_ANNUAL_PLAN,OFFICIAL_SAME_PERIOD,SYNTHETIC_DAILY_CALIBRATED_TO_PUBLIC_ANNUAL_REFERENCE
PROD-0001807,2021-03-12,Kandri,Maharashtra,Nagpur,21.4125,79.266667,149.37,130.68,0.1,0,6.63,OFFICIAL_ANNUAL_PLAN,OFFICIAL_SAME_PERIOD,SYNTHETIC_DAILY_CALIBRATED_TO_PUBLIC_ANNUAL_REFERENCE
PROD-0001808,2021-03-13,Kandri,Maharashtra,Nagpur,21.4125,79.266667,151.51,129.3,0.0,0,0.0,OFFICIAL_ANNUAL_PLAN,OFFICIAL_SAME_PERIOD,SYNTHETIC_DAILY_CALIBRATED_TO_PUBLIC_ANNUAL_REFERENCE
PROD-0001809,2021-03-14,Kandri,Maharashtra,Nagpur,21.4125,79.266667,173.01,149.83,0.0,30,0.0,OFFICIAL_ANNUAL_PLAN,OFFICIAL_SAME_PERIOD,SYNTHETIC_DAILY_CALIBRATED_TO_PUBLIC_ANNUAL_REFERENCE
PROD-0001810,2021-03-15,Kandri,Maharashtra,Nagpur,21.4125,79.266667,176.76,151.16,0.21,59,0.0,OFFICIAL_ANNUAL_PLAN,OFFICIAL_SAME_PERIOD,SYNTHETIC_DAILY_CALIBRATED_TO_PUBLIC_ANNUAL_REFERENCE
PROD-0001811,2021-03-16,Kandri,Maharashtra,Nagpur,21.4125,79.266667,174.17,143.54,0.0,16,0.0,OFFICIAL_ANNUAL_PLAN,OFFICIAL_SAME_PERIOD,SYNTHETIC_DAILY_CALIBRATED_TO_PUBLIC_ANNUAL_REFERENCE
PROD-0001812,2021-03-17,Kandri,Maharashtra,Nagpur,21.4125,79.266667,152.06,120.55,2.22,33,3.25,OFFICIAL_ANNUAL_PLAN,OFFICIAL_SAME_PERIOD,SYNTHETIC_DAILY_CALIBRATED_TO_PUBLIC_ANNUAL_REFERENCE
PROD-0001813,2021-03-18,Kandri,Maharashtra,Nagpur,21.4125,79.266667,162.56,139.31,2.35,0,0.0,OFFICIAL_ANNUAL_PLAN,OFFICIAL_SAME_PERIOD,SYNTHETIC_DAILY_CALIBRATED_TO_PUBLIC_ANNUAL_REFERENCE
PROD-0001814,2021-03-19,Kandri,Maharashtra,Nagpur,21.4125,79.266667,164.97,139.39,3.52,0,0.0,OFFICIAL_ANNUAL_PLAN,OFFICIAL_SAME_PERIOD,SYNTHETIC_DAILY_CALIBRATED_TO_PUBLIC_ANNUAL_REFERENCE
PROD-0001815,2021-03-20,Kandri,Maharashtra,Nagpur,21.4125,79.266667,184.99,150.92,0.0,0,0.0,OFFICIAL_ANNUAL_PLAN,OFFICIAL_SAME_PERIOD,SYNTHETIC_DAILY_CALIBRATED_TO_PUBLIC_ANNUAL_REFERENCE
PROD-0001816,2021-03-21,Kandri,Maharashtra,Nagpur,21.4125,79.266667,180.29,151.2,2.47,16,8.22,OFFICIAL_ANNUAL_PLAN,OFFICIAL_SAME_PERIOD,SYNTHETIC_DAILY_CALIBRATED_TO_PUBLIC_ANNUAL_REFERENCE
PROD-0001817,2021-03-22,Kandri,Maharashtra,Nagpur,21.4125,79.266667,161.32,131.9,2.09,0,0.0,OFFICIAL_ANNUAL_PLAN,OFFICIAL_SAME_PERIOD,SYNTHETIC_DAILY_CALIBRATED_TO_PUBLIC_ANNUAL_REFERENCE
PROD-0001818,2021-03-23,Kandri,Maharashtra,Nagpur,21.4125,79.266667,161.31,129.16,3.62,0,0.0,OFFICIAL_ANNUAL_PLAN,OFFICIAL_SAME_PERIOD,SYNTHETIC_DAILY_CALIBRATED_TO_PUBLIC_ANNUAL_REFERENCE
PROD-0001819,2021-03-24,Kandri,Maharashtra,Nagpur,21.4125,79.266667,181.14,153.62,1.08,0,0.0,OFFICIAL_ANNUAL_PLAN,OFFICIAL_SAME_PERIOD,SYNTHETIC_DAILY_CALIBRATED_TO_PUBLIC_ANNUAL_REFERENCE
PROD-0001820,2021-03-25,Kandri,Maharashtra,Nagpur,21.4125,79.266667,170.88,145.65,0.0,0,0.0,OFFICIAL_ANNUAL_PLAN,OFFICIAL_SAME_PERIOD,SYNTHETIC_DAILY_CALIBRATED_TO_PUBLIC_ANNUAL_REFERENCE
PROD-0001821,2021-03-26,Kandri,Maharashtra,Nagpur,21.4125,79.266667,203.83,168.6,0.0,0,0.0,OFFICIAL_ANNUAL_PLAN,OFFICIAL_SAME_PERIOD,SYNTHETIC_DAILY_CALIBRATED_TO_PUBLIC_ANNUAL_REFERENCE
PROD-0001822,2021-03-27,Kandri,Maharashtra,Nagpur,21.4125,79.266667,165.88,145.9,0.0,0,0.0,OFFICIAL_ANNUAL_PLAN,OFFICIAL_SAME_PERIOD,SYNTHETIC_DAILY_CALIBRATED_TO_PUBLIC_ANNUAL_REFERENCE
PROD-0001823,2021-03-28,Kandri,Maharashtra,Nagpur,21.4125,79.266667,176.42,148.64,3.17,0,0.0,OFFICIAL_ANNUAL_PLAN,OFFICIAL_SAME_PERIOD,SYNTHETIC_DAILY_CALIBRATED_TO_PUBLIC_ANNUAL_REFERENCE
PROD-0001824,2021-03-29,Kandri,Maharashtra,Nagpur,21.4125,79.266667,161.28,132.99,0.0,0,0.0,OFFICIAL_ANNUAL_PLAN,OFFICIAL_SAME_PERIOD,SYNTHETIC_DAILY_CALIBRATED_TO_PUBLIC_ANNUAL_REFERENCE
PROD-0001825,2021-03-30,Kandri,Maharashtra,Nagpur,21.4125,79.266667,175.77,154.77,1.99,0,0.0,OFFICIAL_ANNUAL_PLAN,OFFICIAL_SAME_PERIOD,SYNTHETIC_DAILY_CALIBRATED_TO_PUBLIC_ANNUAL_REFERENCE
PROD-0001826,2021-03-31,Kandri,Maharashtra,Nagpur,21.4125,79.266667,157.07,132.6,0.0,0,0.0,OFFICIAL_ANNUAL_PLAN,OFFICIAL_SAME_PERIOD,SYNTHETIC_DAILY_CALIBRATED_TO_PUBLIC_ANNUAL_REFERENCE
PROD-0001827,2022-04-01,Chikla,Maharashtra,Bhandara,21.54169,79.75545,533.63,482.63,0.0,0,0.0,OFFICIAL_ANNUAL_PLAN,OFFICIAL_SAME_PERIOD,SYNTHETIC_DAILY_CALIBRATED_TO_PUBLIC_ANNUAL_REFERENCE
PROD-0001828,2022-04-02,Chikla,Maharashtra,Bhandara,21.54169,79.75545,500.85,453.32,2.08,0,0.0,OFFICIAL_ANNUAL_PLAN,OFFICIAL_SAME_PERIOD,SYNTHETIC_DAILY_CALIBRATED_TO_PUBLIC_ANNUAL_REFERENCE
PROD-0001829,2022-04-03,Chikla,Maharashtra,Bhandara,21.54169,79.75545,618.92,533.4,0.0,93,0.0,OFFICIAL_ANNUAL_PLAN,OFFICIAL_SAME_PERIOD,SYNTHETIC_DAILY_CALIBRATED_TO_PUBLIC_ANNUAL_REFERENCE
PROD-0001830,2022-04-04,Chikla,Maharashtra,Bhandara,21.54169,79.75545,525.84,472.55,1.23,0,0.0,OFFICIAL_ANNUAL_PLAN,OFFICIAL_SAME_PERIOD,SYNTHETIC_DAILY_CALIBRATED_TO_PUBLIC_ANNUAL_REFERENCE
PROD-0001831,2022-04-05,Chikla,Maharashtra,Bhandara,21.54169,79.75545,517.04,460.56,3.52,0,0.0,OFFICIAL_ANNUAL_PLAN,OFFICIAL_SAME_PERIOD,SYNTHETIC_DAILY_CALIBRATED_TO_PUBLIC_ANNUAL_REFERENCE
PROD-0001832,2022-04-06,Chikla,Maharashtra,Bhandara,21.54169,79.75545,565.97,532.82,0.0,0,0.0,OFFICIAL_ANNUAL_PLAN,OFFICIAL_SAME_PERIOD,SYNTHETIC_DAILY_CALIBRATED_TO_PUBLIC_ANNUAL_REFERENCE
PROD-0001833,2022-04-07,Chikla,Maharashtra,Bhandara,21.54169,79.75545,488.35,438.49,0.0,60,0.0,OFFICIAL_ANNUAL_PLAN,OFFICIAL_SAME_PERIOD,SYNTHETIC_DAILY_CALIBRATED_TO_PUBLIC_ANNUAL_REFERENCE
PROD-0001834,2022-04-08,Chikla,Maharashtra,Bhandara,21.54169,79.75545,514.46,455.8,0.66,76,0.0,OFFICIAL_ANNUAL_PLAN,OFFICIAL_SAME_PERIOD,SYNTHETIC_DAILY_CALIBRATED_TO_PUBLIC_ANNUAL_REFERENCE
PROD-0001835,2022-04-09,Chikla,Maharashtra,Bhandara,21.54169,79.75545,551.77,498.42,0.02,0,1.38,OFFICIAL_ANNUAL_PLAN,OFFICIAL_SAME_PERIOD,SYNTHETIC_DAILY_CALIBRATED_TO_PUBLIC_ANNUAL_REFERENCE
PROD-0001836,2022-04-10,Chikla,Maharashtra,Bhandara,21.54169,79.75545,511.19,439.4,8.5,0,0.0,OFFICIAL_ANNUAL_PLAN,OFFICIAL_SAME_PERIOD,SYNTHETIC_DAILY_CALIBRATED_TO_PUBLIC_ANNUAL_REFERENCE
PROD-0001837,2022-04-11,Chikla,Maharashtra,Bhandara,21.54169,79.75545,497.2,460.46,0.0,0,0.0,OFFICIAL_ANNUAL_PLAN,OFFICIAL_SAME_PERIOD,SYNTHETIC_DAILY_CALIBRATED_TO_PUBLIC_ANNUAL_REFERENCE
PROD-0001838,2022-04-12,Chikla,Maharashtra,Bhandara,21.54169,79.75545,530.57,468.81,0.6,0,0.0,OFFICIAL_ANNUAL_PLAN,OFFICIAL_SAME_PERIOD,SYNTHETIC_DAILY_CALIBRATED_TO_PUBLIC_ANNUAL_REFERENCE
PROD-0001839,2022-04-13,Chikla,Maharashtra,Bhandara,21.54169,79.75545,561.82,515.95,1.84,0,0.0,OFFICIAL_ANNUAL_PLAN,OFFICIAL_SAME_PERIOD,SYNTHETIC_DAILY_CALIBRATED_TO_PUBLIC_ANNUAL_REFERENCE
PROD-0001840,2022-04-14,Chikla,Maharashtra,Bhandara,21.54169,79.75545,537.24,475.55,0.61,0,0.0,OFFICIAL_ANNUAL_PLAN,OFFICIAL_SAME_PERIOD,SYNTHETIC_DAILY_CALIBRATED_TO_PUBLIC_ANNUAL_REFERENCE
PROD-0001841,2022-04-15,Chikla,Maharashtra,Bhandara,21.54169,79.75545,569.35,499.06,0.81,0,0.0,OFFICIAL_ANNUAL_PLAN,OFFICIAL_SAME_PERIOD,SYNTHETIC_DAILY_CALIBRATED_TO_PUBLIC_ANNUAL_REFERENCE
PROD-0001842,2022-04-16,Chikla,Maharashtra,Bhandara,21.54169,79.75545,494.77,435.93,3.71,0,0.0,OFFICIAL_ANNUAL_PLAN,OFFICIAL_SAME_PERIOD,SYNTHETIC_DAILY_CALIBRATED_TO_PUBLIC_ANNUAL_REFERENCE
PROD-0001843,2022-04-17,Chikla,Maharashtra,Bhandara,21.54169,79.75545,556.13,489.46,0.14,0,9.6,OFFICIAL_ANNUAL_PLAN,OFFICIAL_SAME_PERIOD,SYNTHETIC_DAILY_CALIBRATED_TO_PUBLIC_ANNUAL_REFERENCE
PROD-0001844,2022-04-18,Chikla,Maharashtra,Bhandara,21.54169,79.75545,571.5,488.61,3.17,0,0.0,OFFICIAL_ANNUAL_PLAN,OFFICIAL_SAME_PERIOD,SYNTHETIC_DAILY_CALIBRATED_TO_PUBLIC_ANNUAL_REFERENCE
PROD-0001845,2022-04-19,Chikla,Maharashtra,Bhandara,21.54169,79.75545,557.43,504.27,1.15,0,0.0,OFFICIAL_ANNUAL_PLAN,OFFICIAL_SAME_PERIOD,SYNTHETIC_DAILY_CALIBRATED_TO_PUBLIC_ANNUAL_REFERENCE
PROD-0001846,2022-04-20,Chikla,Maharashtra,Bhandara,21.54169,79.75545,590.54,563.29,0.0,0,0.0,OFFICIAL_ANNUAL_PLAN,OFFICIAL_SAME_PERIOD,SYNTHETIC_DAILY_CALIBRATED_TO_PUBLIC_ANNUAL_REFERENCE
PROD-0001847,2022-04-21,Chikla,Maharashtra,Bhandara,21.54169,79.75545,534.74,473.47,2.3,0,0.0,OFFICIAL_ANNUAL_PLAN,OFFICIAL_SAME_PERIOD,SYNTHETIC_DAILY_CALIBRATED_TO_PUBLIC_ANNUAL_REFERENCE
PROD-0001848,2022-04-22,Chikla,Maharashtra,Bhandara,21.54169,79.75545,533.71,481.95,1.13,0,0.0,OFFICIAL_ANNUAL_PLAN,OFFICIAL_SAME_PERIOD,SYNTHETIC_DAILY_CALIBRATED_TO_PUBLIC_ANNUAL_REFERENCE
PROD-0001849,2022-04-23,Chikla,Maharashtra,Bhandara,21.54169,79.75545,540.24,469.61,2.27,17,0.0,OFFICIAL_ANNUAL_PLAN,OFFICIAL_SAME_PERIOD,SYNTHETIC_DAILY_CALIBRATED_TO_PUBLIC_ANNUAL_REFERENCE
PROD-0001850,2022-04-24,Chikla,Maharashtra,Bhandara,21.54169,79.75545,610.31,558.57,0.0,0,0.0,OFFICIAL_ANNUAL_PLAN,OFFICIAL_SAME_PERIOD,SYNTHETIC_DAILY_CALIBRATED_TO_PUBLIC_ANNUAL_REFERENCE
PROD-0001851,2022-04-25,Chikla,Maharashtra,Bhandara,21.54169,79.75545,501.03,442.09,3.83,0,0.0,OFFICIAL_ANNUAL_PLAN,OFFICIAL_SAME_PERIOD,SYNTHETIC_DAILY_CALIBRATED_TO_PUBLIC_ANNUAL_REFERENCE
PROD-0001852,2022-04-26,Chikla,Maharashtra,Bhandara,21.54169,79.75545,525.23,466.74,2.48,0,3.88,OFFICIAL_ANNUAL_PLAN,OFFICIAL_SAME_PERIOD,SYNTHETIC_DAILY_CALIBRATED_TO_PUBLIC_ANNUAL_REFERENCE
PROD-0001853,2022-04-27,Chikla,Maharashtra,Bhandara,21.54169,79.75545,522.51,460.09,2.25,0,0.0,OFFICIAL_ANNUAL_PLAN,OFFICIAL_SAME_PERIOD,SYNTHETIC_DAILY_CALIBRATED_TO_PUBLIC_ANNUAL_REFERENCE
PROD-0001854,2022-04-28,Chikla,Maharashtra,Bhandara,21.54169,79.75545,602.77,540.28,0.08,0,5.47,OFFICIAL_ANNUAL_PLAN,OFFICIAL_SAME_PERIOD,SYNTHETIC_DAILY_CALIBRATED_TO_PUBLIC_ANNUAL_REFERENCE
PROD-0001855,2022-04-29,Chikla,Maharashtra,Bhandara,21.54169,79.75545,582.52,533.09,0.0,0,0.0,OFFICIAL_ANNUAL_PLAN,OFFICIAL_SAME_PERIOD,SYNTHETIC_DAILY_CALIBRATED_TO_PUBLIC_ANNUAL_REFERENCE
PROD-0001856,2022-04-30,Chikla,Maharashtra,Bhandara,21.54169,79.75545,499.82,447.11,0.0,0,0.0,OFFICIAL_ANNUAL_PLAN,OFFICIAL_SAME_PERIOD,SYNTHETIC_DAILY_CALIBRATED_TO_PUBLIC_ANNUAL_REFERENCE
PROD-0001857,2022-05-01,Chikla,Maharashtra,Bhandara,21.54169,79.75545,541.85,495.03,0.01,0,0.9,OFFICIAL_ANNUAL_PLAN,OFFICIAL_SAME_PERIOD,SYNTHETIC_DAILY_CALIBRATED_TO_PUBLIC_ANNUAL_REFERENCE
PROD-0001858,2022-05-02,Chikla,Maharashtra,Bhandara,21.54169,79.75545,570.24,510.45,0.0,0,0.0,OFFICIAL_ANNUAL_PLAN,OFFICIAL_SAME_PERIOD,SYNTHETIC_DAILY_CALIBRATED_TO_PUBLIC_ANNUAL_REFERENCE
PROD-0001859,2022-05-03,Chikla,Maharashtra,Bhandara,21.54169,79.75545,575.24,524.56,0.0,16,0.0,OFFICIAL_ANNUAL_PLAN,OFFICIAL_SAME_PERIOD,SYNTHETIC_DAILY_CALIBRATED_TO_PUBLIC_ANNUAL_REFERENCE
PROD-0001860,2022-05-04,Chikla,Maharashtra,Bhandara,21.54169,79.75545,536.1,472.81,0.62,0,0.0,OFFICIAL_ANNUAL_PLAN,OFFICIAL_SAME_PERIOD,SYNTHETIC_DAILY_CALIBRATED_TO_PUBLIC_ANNUAL_REFERENCE
PROD-0001861,2022-05-05,Chikla,Maharashtra,Bhandara,21.54169,79.75545,595.61,528.29,2.69,0,0.0,OFFICIAL_ANNUAL_PLAN,OFFICIAL_SAME_PERIOD,SYNTHETIC_DAILY_CALIBRATED_TO_PUBLIC_ANNUAL_REFERENCE
PROD-0001862,2022-05-06,Chikla,Maharashtra,Bhandara,21.54169,79.75545,613.52,550.72,1.3,0,0.0,OFFICIAL_ANNUAL_PLAN,OFFICIAL_SAME_PERIOD,SYNTHETIC_DAILY_CALIBRATED_TO_PUBLIC_ANNUAL_REFERENCE
PROD-0001863,2022-05-07,Chikla,Maharashtra,Bhandara,21.54169,79.75545,532.59,469.33,1.6,0,0.0,OFFICIAL_ANNUAL_PLAN,OFFICIAL_SAME_PERIOD,SYNTHETIC_DAILY_CALIBRATED_TO_PUBLIC_ANNUAL_REFERENCE
PROD-0001864,2022-05-08,Chikla,Maharashtra,Bhandara,21.54169,79.75545,548.27,504.89,0.0,0,0.0,OFFICIAL_ANNUAL_PLAN,OFFICIAL_SAME_PERIOD,SYNTHETIC_DAILY_CALIBRATED_TO_PUBLIC_ANNUAL_REFERENCE
PROD-0001865,2022-05-09,Chikla,Maharashtra,Bhandara,21.54169,79.75545,552.88,497.46,0.0,0,0.0,OFFICIAL_ANNUAL_PLAN,OFFICIAL_SAME_PERIOD,SYNTHETIC_DAILY_CALIBRATED_TO_PUBLIC_ANNUAL_REFERENCE
PROD-0001866,2022-05-10,Chikla,Maharashtra,Bhandara,21.54169,79.75545,545.24,489.91,1.35,0,0.0,OFFICIAL_ANNUAL_PLAN,OFFICIAL_SAME_PERIOD,SYNTHETIC_DAILY_CALIBRATED_TO_PUBLIC_ANNUAL_REFERENCE
PROD-0001867,2022-05-11,Chikla,Maharashtra,Bhandara,21.54169,79.75545,563.89,484.02,3.72,0,0.0,OFFICIAL_ANNUAL_PLAN,OFFICIAL_SAME_PERIOD,SYNTHETIC_DAILY_CALIBRATED_TO_PUBLIC_ANNUAL_REFERENCE
PROD-0001868,2022-05-12,Chikla,Maharashtra,Bhandara,21.54169,79.75545,521.95,470.92,0.71,0,0.0,OFFICIAL_ANNUAL_PLAN,OFFICIAL_SAME_PERIOD,SYNTHETIC_DAILY_CALIBRATED_TO_PUBLIC_ANNUAL_REFERENCE
PROD-0001869,2022-05-13,Chikla,Maharashtra,Bhandara,21.54169,79.75545,590.32,501.16,1.65,0,0.0,OFFICIAL_ANNUAL_PLAN,OFFICIAL_SAME_PERIOD,SYNTHETIC_DAILY_CALIBRATED_TO_PUBLIC_ANNUAL_REFERENCE
PROD-0001870,2022-05-14,Chikla,Maharashtra,Bhandara,21.54169,79.75545,534.53,485.54,0.0,48,0.0,OFFICIAL_ANNUAL_PLAN,OFFICIAL_SAME_PERIOD,SYNTHETIC_DAILY_CALIBRATED_TO_PUBLIC_ANNUAL_REFERENCE
PROD-0001871,2022-05-15,Chikla,Maharashtra,Bhandara,21.54169,79.75545,540.31,493.77,0.0,0,0.0,OFFICIAL_ANNUAL_PLAN,OFFICIAL_SAME_PERIOD,SYNTHETIC_DAILY_CALIBRATED_TO_PUBLIC_ANNUAL_REFERENCE
PROD-0001872,2022-05-16,Chikla,Maharashtra,Bhandara,21.54169,79.75545,540.27,469.89,2.87,95,3.46,OFFICIAL_ANNUAL_PLAN,OFFICIAL_SAME_PERIOD,SYNTHETIC_DAILY_CALIBRATED_TO_PUBLIC_ANNUAL_REFERENCE
PROD-0001873,2022-05-17,Chikla,Maharashtra,Bhandara,21.54169,79.75545,507.29,460.83,1.52,0,0.0,OFFICIAL_ANNUAL_PLAN,OFFICIAL_SAME_PERIOD,SYNTHETIC_DAILY_CALIBRATED_TO_PUBLIC_ANNUAL_REFERENCE
PROD-0001874,2022-05-18,Chikla,Maharashtra,Bhandara,21.54169,79.75545,582.05,536.63,0.0,0,0.0,OFFICIAL_ANNUAL_PLAN,OFFICIAL_SAME_PERIOD,SYNTHETIC_DAILY_CALIBRATED_TO_PUBLIC_ANNUAL_REFERENCE
PROD-0001875,2022-05-19,Chikla,Maharashtra,Bhandara,21.54169,79.75545,499.21,447.0,1.46,73,0.0,OFFICIAL_ANNUAL_PLAN,OFFICIAL_SAME_PERIOD,SYNTHETIC_DAILY_CALIBRATED_TO_PUBLIC_ANNUAL_REFERENCE
PROD-0001876,2022-05-20,Chikla,Maharashtra,Bhandara,21.54169,79.75545,561.59,506.11,0.0,0,0.0,OFFICIAL_ANNUAL_PLAN,OFFICIAL_SAME_PERIOD,SYNTHETIC_DAILY_CALIBRATED_TO_PUBLIC_ANNUAL_REFERENCE
PROD-0001877,2022-05-21,Chikla,Maharashtra,Bhandara,21.54169,79.75545,517.49,482.01,1.01,54,0.0,OFFICIAL_ANNUAL_PLAN,OFFICIAL_SAME_PERIOD,SYNTHETIC_DAILY_CALIBRATED_TO_PUBLIC_ANNUAL_REFERENCE
PROD-0001878,2022-05-22,Chikla,Maharashtra,Bhandara,21.54169,79.75545,511.2,465.67,3.97,0,0.0,OFFICIAL_ANNUAL_PLAN,OFFICIAL_SAME_PERIOD,SYNTHETIC_DAILY_CALIBRATED_TO_PUBLIC_ANNUAL_REFERENCE
PROD-0001879,2022-05-23,Chikla,Maharashtra,Bhandara,21.54169,79.75545,547.16,504.11,1.69,0,0.0,OFFICIAL_ANNUAL_PLAN,OFFICIAL_SAME_PERIOD,SYNTHETIC_DAILY_CALIBRATED_TO_PUBLIC_ANNUAL_REFERENCE
PROD-0001880,2022-05-24,Chikla,Maharashtra,Bhandara,21.54169,79.75545,576.61,514.3,2.52,0,0.0,OFFICIAL_ANNUAL_PLAN,OFFICIAL_SAME_PERIOD,SYNTHETIC_DAILY_CALIBRATED_TO_PUBLIC_ANNUAL_REFERENCE
PROD-0001881,2022-05-25,Chikla,Maharashtra,Bhandara,21.54169,79.75545,562.29,494.53,1.39,0,0.0,OFFICIAL_ANNUAL_PLAN,OFFICIAL_SAME_PERIOD,SYNTHETIC_DAILY_CALIBRATED_TO_PUBLIC_ANNUAL_REFERENCE
PROD-0001882,2022-05-26,Chikla,Maharashtra,Bhandara,21.54169,79.75545,530.48,486.07,0.06,0,4.09,OFFICIAL_ANNUAL_PLAN,OFFICIAL_SAME_PERIOD,SYNTHETIC_DAILY_CALIBRATED_TO_PUBLIC_ANNUAL_REFERENCE
PROD-0001883,2022-05-27,Chikla,Maharashtra,Bhandara,21.54169,79.75545,603.05,528.44,4.66,0,0.0,OFFICIAL_ANNUAL_PLAN,OFFICIAL_SAME_PERIOD,SYNTHETIC_DAILY_CALIBRATED_TO_PUBLIC_ANNUAL_REFERENCE
PROD-0001884,2022-05-28,Chikla,Maharashtra,Bhandara,21.54169,79.75545,656.49,599.54,1.89,0,0.0,OFFICIAL_ANNUAL_PLAN,OFFICIAL_SAME_PERIOD,SYNTHETIC_DAILY_CALIBRATED_TO_PUBLIC_ANNUAL_REFERENCE
PROD-0001885,2022-05-29,Chikla,Maharashtra,Bhandara,21.54169,79.75545,562.29,532.76,0.0,0,0.0,OFFICIAL_ANNUAL_PLAN,OFFICIAL_SAME_PERIOD,SYNTHETIC_DAILY_CALIBRATED_TO_PUBLIC_ANNUAL_REFERENCE
PROD-0001886,2022-05-30,Chikla,Maharashtra,Bhandara,21.54169,79.75545,507.33,440.05,4.07,0,0.0,OFFICIAL_ANNUAL_PLAN,OFFICIAL_SAME_PERIOD,SYNTHETIC_DAILY_CALIBRATED_TO_PUBLIC_ANNUAL_REFERENCE
PROD-0001887,2022-05-31,Chikla,Maharashtra,Bhandara,21.54169,79.75545,595.28,528.7,0.86,0,0.0,OFFICIAL_ANNUAL_PLAN,OFFICIAL_SAME_PERIOD,SYNTHETIC_DAILY_CALIBRATED_TO_PUBLIC_ANNUAL_REFERENCE
PROD-0001888,2022-06-01,Chikla,Maharashtra,Bhandara,21.54169,79.75545,507.32,459.96,0.0,0,0.0,OFFICIAL_ANNUAL_PLAN,OFFICIAL_SAME_PERIOD,SYNTHETIC_DAILY_CALIBRATED_TO_PUBLIC_ANNUAL_REFERENCE
PROD-0001889,2022-06-02,Chikla,Maharashtra,Bhandara,21.54169,79.75545,537.84,474.53,2.77,0,0.0,OFFICIAL_ANNUAL_PLAN,OFFICIAL_SAME_PERIOD,SYNTHETIC_DAILY_CALIBRATED_TO_PUBLIC_ANNUAL_REFERENCE
PROD-0001890,2022-06-03,Chikla,Maharashtra,Bhandara,21.54169,79.75545,509.99,460.54,2.0,0,42.93,OFFICIAL_ANNUAL_PLAN,OFFICIAL_SAME_PERIOD,SYNTHETIC_DAILY_CALIBRATED_TO_PUBLIC_ANNUAL_REFERENCE
PROD-0001891,2022-06-04,Chikla,Maharashtra,Bhandara,21.54169,79.75545,572.43,503.82,0.65,0,0.0,OFFICIAL_ANNUAL_PLAN,OFFICIAL_SAME_PERIOD,SYNTHETIC_DAILY_CALIBRATED_TO_PUBLIC_ANNUAL_REFERENCE
PROD-0001892,2022-06-05,Chikla,Maharashtra,Bhandara,21.54169,79.75545,535.42,472.83,0.08,0,5.06,OFFICIAL_ANNUAL_PLAN,OFFICIAL_SAME_PERIOD,SYNTHETIC_DAILY_CALIBRATED_TO_PUBLIC_ANNUAL_REFERENCE
PROD-0001893,2022-06-06,Chikla,Maharashtra,Bhandara,21.54169,79.75545,535.38,459.9,2.37,0,83.31,OFFICIAL_ANNUAL_PLAN,OFFICIAL_SAME_PERIOD,SYNTHETIC_DAILY_CALIBRATED_TO_PUBLIC_ANNUAL_REFERENCE
PROD-0001894,2022-06-07,Chikla,Maharashtra,Bhandara,21.54169,79.75545,524.45,451.98,1.52,130,0.0,OFFICIAL_ANNUAL_PLAN,OFFICIAL_SAME_PERIOD,SYNTHETIC_DAILY_CALIBRATED_TO_PUBLIC_ANNUAL_REFERENCE
PROD-0001895,2022-06-08,Chikla,Maharashtra,Bhandara,21.54169,79.75545,486.18,458.28,2.26,0,6.94,OFFICIAL_ANNUAL_PLAN,OFFICIAL_SAME_PERIOD,SYNTHETIC_DAILY_CALIBRATED_TO_PUBLIC_ANNUAL_REFERENCE
PROD-0001896,2022-06-09,Chikla,Maharashtra,Bhandara,21.54169,79.75545,481.03,454.81,0.85,0,0.0,OFFICIAL_ANNUAL_PLAN,OFFICIAL_SAME_PERIOD,SYNTHETIC_DAILY_CALIBRATED_TO_PUBLIC_ANNUAL_REFERENCE
PROD-0001897,2022-06-10,Chikla,Maharashtra,Bhandara,21.54169,79.75545,564.21,498.14,1.1,0,6.76,OFFICIAL_ANNUAL_PLAN,OFFICIAL_SAME_PERIOD,SYNTHETIC_DAILY_CALIBRATED_TO_PUBLIC_ANNUAL_REFERENCE
PROD-0001898,2022-06-11,Chikla,Maharashtra,Bhandara,21.54169,79.75545,577.21,530.85,0.0,0,0.0,OFFICIAL_ANNUAL_PLAN,OFFICIAL_SAME_PERIOD,SYNTHETIC_DAILY_CALIBRATED_TO_PUBLIC_ANNUAL_REFERENCE
PROD-0001899,2022-06-12,Chikla,Maharashtra,Bhandara,21.54169,79.75545,522.54,484.28,1.21,55,0.0,OFFICIAL_ANNUAL_PLAN,OFFICIAL_SAME_PERIOD,SYNTHETIC_DAILY_CALIBRATED_TO_PUBLIC_ANNUAL_REFERENCE
PROD-0001900,2022-06-13,Chikla,Maharashtra,Bhandara,21.54169,79.75545,583.64,515.93,3.85,0,0.0,OFFICIAL_ANNUAL_PLAN,OFFICIAL_SAME_PERIOD,SYNTHETIC_DAILY_CALIBRATED_TO_PUBLIC_ANNUAL_REFERENCE
PROD-0001901,2022-06-14,Chikla,Maharashtra,Bhandara,21.54169,79.75545,569.28,521.66,0.0,0,0.0,OFFICIAL_ANNUAL_PLAN,OFFICIAL_SAME_PERIOD,SYNTHETIC_DAILY_CALIBRATED_TO_PUBLIC_ANNUAL_REFERENCE
PROD-0001902,2022-06-15,Chikla,Maharashtra,Bhandara,21.54169,79.75545,648.33,559.95,1.86,0,40.63,OFFICIAL_ANNUAL_PLAN,OFFICIAL_SAME_PERIOD,SYNTHETIC_DAILY_CALIBRATED_TO_PUBLIC_ANNUAL_REFERENCE
PROD-0001903,2022-06-16,Chikla,Maharashtra,Bhandara,21.54169,79.75545,494.33,412.55,2.48,0,53.28,OFFICIAL_ANNUAL_PLAN,OFFICIAL_SAME_PERIOD,SYNTHETIC_DAILY_CALIBRATED_TO_PUBLIC_ANNUAL_REFERENCE
PROD-0001904,2022-06-17,Chikla,Maharashtra,Bhandara,21.54169,79.75545,564.2,489.1,4.27,70,5.31,OFFICIAL_ANNUAL_PLAN,OFFICIAL_SAME_PERIOD,SYNTHETIC_DAILY_CALIBRATED_TO_PUBLIC_ANNUAL_REFERENCE
PROD-0001905,2022-06-18,Chikla,Maharashtra,Bhandara,21.54169,79.75545,536.25,470.68,4.3,0,7.79,OFFICIAL_ANNUAL_PLAN,OFFICIAL_SAME_PERIOD,SYNTHETIC_DAILY_CALIBRATED_TO_PUBLIC_ANNUAL_REFERENCE
PROD-0001906,2022-06-19,Chikla,Maharashtra,Bhandara,21.54169,79.75545,524.57,465.87,0.15,0,9.83,OFFICIAL_ANNUAL_PLAN,OFFICIAL_SAME_PERIOD,SYNTHETIC_DAILY_CALIBRATED_TO_PUBLIC_ANNUAL_REFERENCE
PROD-0001907,2022-06-20,Chikla,Maharashtra,Bhandara,21.54169,79.75545,481.3,434.44,1.04,0,0.0,OFFICIAL_ANNUAL_PLAN,OFFICIAL_SAME_PERIOD,SYNTHETIC_DAILY_CALIBRATED_TO_PUBLIC_ANNUAL_REFERENCE
PROD-0001908,2022-06-21,Chikla,Maharashtra,Bhandara,21.54169,79.75545,572.41,513.57,0.71,0,18.74,OFFICIAL_ANNUAL_PLAN,OFFICIAL_SAME_PERIOD,SYNTHETIC_DAILY_CALIBRATED_TO_PUBLIC_ANNUAL_REFERENCE
PROD-0001909,2022-06-22,Chikla,Maharashtra,Bhandara,21.54169,79.75545,517.82,456.61,1.68,0,36.71,OFFICIAL_ANNUAL_PLAN,OFFICIAL_SAME_PERIOD,SYNTHETIC_DAILY_CALIBRATED_TO_PUBLIC_ANNUAL_REFERENCE
PROD-0001910,2022-06-23,Chikla,Maharashtra,Bhandara,21.54169,79.75545,522.31,486.52,0.32,0,21.26,OFFICIAL_ANNUAL_PLAN,OFFICIAL_SAME_PERIOD,SYNTHETIC_DAILY_CALIBRATED_TO_PUBLIC_ANNUAL_REFERENCE
PROD-0001911,2022-06-24,Chikla,Maharashtra,Bhandara,21.54169,79.75545,488.62,423.78,2.48,0,0.0,OFFICIAL_ANNUAL_PLAN,OFFICIAL_SAME_PERIOD,SYNTHETIC_DAILY_CALIBRATED_TO_PUBLIC_ANNUAL_REFERENCE
PROD-0001912,2022-06-25,Chikla,Maharashtra,Bhandara,21.54169,79.75545,503.1,455.42,0.87,0,5.31,OFFICIAL_ANNUAL_PLAN,OFFICIAL_SAME_PERIOD,SYNTHETIC_DAILY_CALIBRATED_TO_PUBLIC_ANNUAL_REFERENCE
PROD-0001913,2022-06-26,Chikla,Maharashtra,Bhandara,21.54169,79.75545,611.98,539.24,0.43,14,18.48,OFFICIAL_ANNUAL_PLAN,OFFICIAL_SAME_PERIOD,SYNTHETIC_DAILY_CALIBRATED_TO_PUBLIC_ANNUAL_REFERENCE
PROD-0001914,2022-06-27,Chikla,Maharashtra,Bhandara,21.54169,79.75545,529.71,462.21,4.76,0,0.0,OFFICIAL_ANNUAL_PLAN,OFFICIAL_SAME_PERIOD,SYNTHETIC_DAILY_CALIBRATED_TO_PUBLIC_ANNUAL_REFERENCE
PROD-0001915,2022-06-28,Chikla,Maharashtra,Bhandara,21.54169,79.75545,574.19,528.18,1.32,0,0.0,OFFICIAL_ANNUAL_PLAN,OFFICIAL_SAME_PERIOD,SYNTHETIC_DAILY_CALIBRATED_TO_PUBLIC_ANNUAL_REFERENCE
PROD-0001916,2022-06-29,Chikla,Maharashtra,Bhandara,21.54169,79.75545,543.36,501.27,0.37,0,24.63,OFFICIAL_ANNUAL_PLAN,OFFICIAL_SAME_PERIOD,SYNTHETIC_DAILY_CALIBRATED_TO_PUBLIC_ANNUAL_REFERENCE
PROD-0001917,2022-06-30,Chikla,Maharashtra,Bhandara,21.54169,79.75545,533.28,484.82,0.24,0,15.88,OFFICIAL_ANNUAL_PLAN,OFFICIAL_SAME_PERIOD,SYNTHETIC_DAILY_CALIBRATED_TO_PUBLIC_ANNUAL_REFERENCE
PROD-0001918,2022-07-01,Chikla,Maharashtra,Bhandara,21.54169,79.75545,550.13,454.61,3.85,0,20.79,OFFICIAL_ANNUAL_PLAN,OFFICIAL_SAME_PERIOD,SYNTHETIC_DAILY_CALIBRATED_TO_PUBLIC_ANNUAL_REFERENCE
PROD-0001919,2022-07-02,Chikla,Maharashtra,Bhandara,21.54169,79.75545,559.56,488.39,0.08,0,5.21,OFFICIAL_ANNUAL_PLAN,OFFICIAL_SAME_PERIOD,SYNTHETIC_DAILY_CALIBRATED_TO_PUBLIC_ANNUAL_REFERENCE
PROD-0001920,2022-07-03,Chikla,Maharashtra,Bhandara,21.54169,79.75545,511.16,470.42,3.0,0,5.42,OFFICIAL_ANNUAL_PLAN,OFFICIAL_SAME_PERIOD,SYNTHETIC_DAILY_CALIBRATED_TO_PUBLIC_ANNUAL_REFERENCE
PROD-0001921,2022-07-04,Chikla,Maharashtra,Bhandara,21.54169,79.75545,513.66,437.3,3.1,0,12.9,OFFICIAL_ANNUAL_PLAN,OFFICIAL_SAME_PERIOD,SYNTHETIC_DAILY_CALIBRATED_TO_PUBLIC_ANNUAL_REFERENCE
PROD-0001922,2022-07-05,Chikla,Maharashtra,Bhandara,21.54169,79.75545,535.55,447.83,6.77,0,10.78,OFFICIAL_ANNUAL_PLAN,OFFICIAL_SAME_PERIOD,SYNTHETIC_DAILY_CALIBRATED_TO_PUBLIC_ANNUAL_REFERENCE
PROD-0001923,2022-07-06,Chikla,Maharashtra,Bhandara,21.54169,79.75545,556.62,511.87,0.0,0,0.0,OFFICIAL_ANNUAL_PLAN,OFFICIAL_SAME_PERIOD,SYNTHETIC_DAILY_CALIBRATED_TO_PUBLIC_ANNUAL_REFERENCE
PROD-0001924,2022-07-07,Chikla,Maharashtra,Bhandara,21.54169,79.75545,579.54,532.65,1.87,0,0.0,OFFICIAL_ANNUAL_PLAN,OFFICIAL_SAME_PERIOD,SYNTHETIC_DAILY_CALIBRATED_TO_PUBLIC_ANNUAL_REFERENCE
PROD-0001925,2022-07-08,Chikla,Maharashtra,Bhandara,21.54169,79.75545,547.51,501.87,2.01,14,3.38,OFFICIAL_ANNUAL_PLAN,OFFICIAL_SAME_PERIOD,SYNTHETIC_DAILY_CALIBRATED_TO_PUBLIC_ANNUAL_REFERENCE
PROD-0001926,2022-07-09,Chikla,Maharashtra,Bhandara,21.54169,79.75545,521.24,484.38,0.55,0,36.53,OFFICIAL_ANNUAL_PLAN,OFFICIAL_SAME_PERIOD,SYNTHETIC_DAILY_CALIBRATED_TO_PUBLIC_ANNUAL_REFERENCE
PROD-0001927,2022-07-10,Chikla,Maharashtra,Bhandara,21.54169,79.75545,509.64,482.78,0.0,0,0.0,OFFICIAL_ANNUAL_PLAN,OFFICIAL_SAME_PERIOD,SYNTHETIC_DAILY_CALIBRATED_TO_PUBLIC_ANNUAL_REFERENCE
PROD-0001928,2022-07-11,Chikla,Maharashtra,Bhandara,21.54169,79.75545,563.49,512.82,0.04,18,2.71,OFFICIAL_ANNUAL_PLAN,OFFICIAL_SAME_PERIOD,SYNTHETIC_DAILY_CALIBRATED_TO_PUBLIC_ANNUAL_REFERENCE
PROD-0001929,2022-07-12,Chikla,Maharashtra,Bhandara,21.54169,79.75545,560.82,514.87,1.0,0,3.33,OFFICIAL_ANNUAL_PLAN,OFFICIAL_SAME_PERIOD,SYNTHETIC_DAILY_CALIBRATED_TO_PUBLIC_ANNUAL_REFERENCE
PROD-0001930,2022-07-13,Chikla,Maharashtra,Bhandara,21.54169,79.75545,592.8,527.6,1.95,0,0.0,OFFICIAL_ANNUAL_PLAN,OFFICIAL_SAME_PERIOD,SYNTHETIC_DAILY_CALIBRATED_TO_PUBLIC_ANNUAL_REFERENCE
PROD-0001931,2022-07-14,Chikla,Maharashtra,Bhandara,21.54169,79.75545,504.08,448.77,3.32,0,14.99,OFFICIAL_ANNUAL_PLAN,OFFICIAL_SAME_PERIOD,SYNTHETIC_DAILY_CALIBRATED_TO_PUBLIC_ANNUAL_REFERENCE
PROD-0001932,2022-07-15,Chikla,Maharashtra,Bhandara,21.54169,79.75545,537.71,440.9,1.65,123,0.0,OFFICIAL_ANNUAL_PLAN,OFFICIAL_SAME_PERIOD,SYNTHETIC_DAILY_CALIBRATED_TO_PUBLIC_ANNUAL_REFERENCE
PROD-0001933,2022-07-16,Chikla,Maharashtra,Bhandara,21.54169,79.75545,521.09,454.75,1.07,68,71.34,OFFICIAL_ANNUAL_PLAN,OFFICIAL_SAME_PERIOD,SYNTHETIC_DAILY_CALIBRATED_TO_PUBLIC_ANNUAL_REFERENCE
PROD-0001934,2022-07-17,Chikla,Maharashtra,Bhandara,21.54169,79.75545,550.08,503.99,3.48,7,0.0,OFFICIAL_ANNUAL_PLAN,OFFICIAL_SAME_PERIOD,SYNTHETIC_DAILY_CALIBRATED_TO_PUBLIC_ANNUAL_REFERENCE
PROD-0001935,2022-07-18,Chikla,Maharashtra,Bhandara,21.54169,79.75545,494.13,415.32,6.15,0,36.86,OFFICIAL_ANNUAL_PLAN,OFFICIAL_SAME_PERIOD,SYNTHETIC_DAILY_CALIBRATED_TO_PUBLIC_ANNUAL_REFERENCE
PROD-0001936,2022-07-19,Chikla,Maharashtra,Bhandara,21.54169,79.75545,587.12,548.81,2.8,0,20.12,OFFICIAL_ANNUAL_PLAN,OFFICIAL_SAME_PERIOD,SYNTHETIC_DAILY_CALIBRATED_TO_PUBLIC_ANNUAL_REFERENCE
PROD-0001937,2022-07-20,Chikla,Maharashtra,Bhandara,21.54169,79.75545,607.54,555.75,1.71,0,0.0,OFFICIAL_ANNUAL_PLAN,OFFICIAL_SAME_PERIOD,SYNTHETIC_DAILY_CALIBRATED_TO_PUBLIC_ANNUAL_REFERENCE
PROD-0001938,2022-07-21,Chikla,Maharashtra,Bhandara,21.54169,79.75545,588.14,527.05,1.81,0,39.61,OFFICIAL_ANNUAL_PLAN,OFFICIAL_SAME_PERIOD,SYNTHETIC_DAILY_CALIBRATED_TO_PUBLIC_ANNUAL_REFERENCE
PROD-0001939,2022-07-22,Chikla,Maharashtra,Bhandara,21.54169,79.75545,537.21,479.02,1.32,0,14.26,OFFICIAL_ANNUAL_PLAN,OFFICIAL_SAME_PERIOD,SYNTHETIC_DAILY_CALIBRATED_TO_PUBLIC_ANNUAL_REFERENCE
PROD-0001940,2022-07-23,Chikla,Maharashtra,Bhandara,21.54169,79.75545,526.98,480.07,1.06,0,70.57,OFFICIAL_ANNUAL_PLAN,OFFICIAL_SAME_PERIOD,SYNTHETIC_DAILY_CALIBRATED_TO_PUBLIC_ANNUAL_REFERENCE
PROD-0001941,2022-07-24,Chikla,Maharashtra,Bhandara,21.54169,79.75545,563.22,527.78,0.0,32,0.0,OFFICIAL_ANNUAL_PLAN,OFFICIAL_SAME_PERIOD,SYNTHETIC_DAILY_CALIBRATED_TO_PUBLIC_ANNUAL_REFERENCE
PROD-0001942,2022-07-25,Chikla,Maharashtra,Bhandara,21.54169,79.75545,511.08,454.53,3.94,0,29.18,OFFICIAL_ANNUAL_PLAN,OFFICIAL_SAME_PERIOD,SYNTHETIC_DAILY_CALIBRATED_TO_PUBLIC_ANNUAL_REFERENCE
PROD-0001943,2022-07-26,Chikla,Maharashtra,Bhandara,21.54169,79.75545,531.81,487.83,0.61,35,0.0,OFFICIAL_ANNUAL_PLAN,OFFICIAL_SAME_PERIOD,SYNTHETIC_DAILY_CALIBRATED_TO_PUBLIC_ANNUAL_REFERENCE
PROD-0001944,2022-07-27,Chikla,Maharashtra,Bhandara,21.54169,79.75545,553.47,487.17,1.72,0,0.0,OFFICIAL_ANNUAL_PLAN,OFFICIAL_SAME_PERIOD,SYNTHETIC_DAILY_CALIBRATED_TO_PUBLIC_ANNUAL_REFERENCE
PROD-0001945,2022-07-28,Chikla,Maharashtra,Bhandara,21.54169,79.75545,540.78,494.66,0.52,0,0.0,OFFICIAL_ANNUAL_PLAN,OFFICIAL_SAME_PERIOD,SYNTHETIC_DAILY_CALIBRATED_TO_PUBLIC_ANNUAL_REFERENCE
PROD-0001946,2022-07-29,Chikla,Maharashtra,Bhandara,21.54169,79.75545,557.88,482.76,7.43,0,0.0,OFFICIAL_ANNUAL_PLAN,OFFICIAL_SAME_PERIOD,SYNTHETIC_DAILY_CALIBRATED_TO_PUBLIC_ANNUAL_REFERENCE
PROD-0001947,2022-07-30,Chikla,Maharashtra,Bhandara,21.54169,79.75545,512.64,477.67,0.36,0,24.27,OFFICIAL_ANNUAL_PLAN,OFFICIAL_SAME_PERIOD,SYNTHETIC_DAILY_CALIBRATED_TO_PUBLIC_ANNUAL_REFERENCE
PROD-0001948,2022-07-31,Chikla,Maharashtra,Bhandara,21.54169,79.75545,564.49,512.69,0.17,0,11.49,OFFICIAL_ANNUAL_PLAN,OFFICIAL_SAME_PERIOD,SYNTHETIC_DAILY_CALIBRATED_TO_PUBLIC_ANNUAL_REFERENCE
PROD-0001949,2022-08-01,Chikla,Maharashtra,Bhandara,21.54169,79.75545,616.1,540.32,1.24,0,24.41,OFFICIAL_ANNUAL_PLAN,OFFICIAL_SAME_PERIOD,SYNTHETIC_DAILY_CALIBRATED_TO_PUBLIC_ANNUAL_REFERENCE
PROD-0001950,2022-08-02,Chikla,Maharashtra,Bhandara,21.54169,79.75545,548.56,506.35,0.13,0,8.93,OFFICIAL_ANNUAL_PLAN,OFFICIAL_SAME_PERIOD,SYNTHETIC_DAILY_CALIBRATED_TO_PUBLIC_ANNUAL_REFERENCE
PROD-0001951,2022-08-03,Chikla,Maharashtra,Bhandara,21.54169,79.75545,550.2,504.99,0.0,0,0.0,OFFICIAL_ANNUAL_PLAN,OFFICIAL_SAME_PERIOD,SYNTHETIC_DAILY_CALIBRATED_TO_PUBLIC_ANNUAL_REFERENCE
PROD-0001952,2022-08-04,Chikla,Maharashtra,Bhandara,21.54169,79.75545,516.63,454.0,0.22,58,14.77,OFFICIAL_ANNUAL_PLAN,OFFICIAL_SAME_PERIOD,SYNTHETIC_DAILY_CALIBRATED_TO_PUBLIC_ANNUAL_REFERENCE
PROD-0001953,2022-08-05,Chikla,Maharashtra,Bhandara,21.54169,79.75545,471.14,428.43,0.75,36,39.59,OFFICIAL_ANNUAL_PLAN,OFFICIAL_SAME_PERIOD,SYNTHETIC_DAILY_CALIBRATED_TO_PUBLIC_ANNUAL_REFERENCE
PROD-0001954,2022-08-06,Chikla,Maharashtra,Bhandara,21.54169,79.75545,538.11,468.22,1.6,34,50.86,OFFICIAL_ANNUAL_PLAN,OFFICIAL_SAME_PERIOD,SYNTHETIC_DAILY_CALIBRATED_TO_PUBLIC_ANNUAL_REFERENCE
PROD-0001955,2022-08-07,Chikla,Maharashtra,Bhandara,21.54169,79.75545,530.82,495.48,0.99,0,0.0,OFFICIAL_ANNUAL_PLAN,OFFICIAL_SAME_PERIOD,SYNTHETIC_DAILY_CALIBRATED_TO_PUBLIC_ANNUAL_REFERENCE
PROD-0001956,2022-08-08,Chikla,Maharashtra,Bhandara,21.54169,79.75545,565.06,481.24,0.26,0,17.2,OFFICIAL_ANNUAL_PLAN,OFFICIAL_SAME_PERIOD,SYNTHETIC_DAILY_CALIBRATED_TO_PUBLIC_ANNUAL_REFERENCE
PROD-0001957,2022-08-09,Chikla,Maharashtra,Bhandara,21.54169,79.75545,481.52,424.46,0.74,0,0.0,OFFICIAL_ANNUAL_PLAN,OFFICIAL_SAME_PERIOD,SYNTHETIC_DAILY_CALIBRATED_TO_PUBLIC_ANNUAL_REFERENCE
PROD-0001958,2022-08-10,Chikla,Maharashtra,Bhandara,21.54169,79.75545,494.35,455.75,0.16,0,10.94,OFFICIAL_ANNUAL_PLAN,OFFICIAL_SAME_PERIOD,SYNTHETIC_DAILY_CALIBRATED_TO_PUBLIC_ANNUAL_REFERENCE
PROD-0001959,2022-08-11,Chikla,Maharashtra,Bhandara,21.54169,79.75545,471.07,433.83,3.64,0,0.0,OFFICIAL_ANNUAL_PLAN,OFFICIAL_SAME_PERIOD,SYNTHETIC_DAILY_CALIBRATED_TO_PUBLIC_ANNUAL_REFERENCE
PROD-0001960,2022-08-12,Chikla,Maharashtra,Bhandara,21.54169,79.75545,586.03,519.77,1.12,0,0.0,OFFICIAL_ANNUAL_PLAN,OFFICIAL_SAME_PERIOD,SYNTHETIC_DAILY_CALIBRATED_TO_PUBLIC_ANNUAL_REFERENCE
PROD-0001961,2022-08-13,Chikla,Maharashtra,Bhandara,21.54169,79.75545,579.41,548.79,1.88,0,0.0,OFFICIAL_ANNUAL_PLAN,OFFICIAL_SAME_PERIOD,SYNTHETIC_DAILY_CALIBRATED_TO_PUBLIC_ANNUAL_REFERENCE
PROD-0001962,2022-08-14,Chikla,Maharashtra,Bhandara,21.54169,79.75545,541.28,476.9,2.7,0,12.92,OFFICIAL_ANNUAL_PLAN,OFFICIAL_SAME_PERIOD,SYNTHETIC_DAILY_CALIBRATED_TO_PUBLIC_ANNUAL_REFERENCE
PROD-0001963,2022-08-15,Chikla,Maharashtra,Bhandara,21.54169,79.75545,531.63,481.11,0.39,34,25.67,OFFICIAL_ANNUAL_PLAN,OFFICIAL_SAME_PERIOD,SYNTHETIC_DAILY_CALIBRATED_TO_PUBLIC_ANNUAL_REFERENCE
PROD-0001964,2022-08-16,Chikla,Maharashtra,Bhandara,21.54169,79.75545,457.13,414.08,0.29,0,19.13,OFFICIAL_ANNUAL_PLAN,OFFICIAL_SAME_PERIOD,SYNTHETIC_DAILY_CALIBRATED_TO_PUBLIC_ANNUAL_REFERENCE
PROD-0001965,2022-08-17,Chikla,Maharashtra,Bhandara,21.54169,79.75545,560.74,485.95,2.16,0,20.98,OFFICIAL_ANNUAL_PLAN,OFFICIAL_SAME_PERIOD,SYNTHETIC_DAILY_CALIBRATED_TO_PUBLIC_ANNUAL_REFERENCE
PROD-0001966,2022-08-18,Chikla,Maharashtra,Bhandara,21.54169,79.75545,532.02,473.31,1.4,0,4.83,OFFICIAL_ANNUAL_PLAN,OFFICIAL_SAME_PERIOD,SYNTHETIC_DAILY_CALIBRATED_TO_PUBLIC_ANNUAL_REFERENCE
PROD-0001967,2022-08-19,Chikla,Maharashtra,Bhandara,21.54169,79.75545,511.13,451.38,0.17,0,11.4,OFFICIAL_ANNUAL_PLAN,OFFICIAL_SAME_PERIOD,SYNTHETIC_DAILY_CALIBRATED_TO_PUBLIC_ANNUAL_REFERENCE
PROD-0001968,2022-08-20,Chikla,Maharashtra,Bhandara,21.54169,79.75545,491.23,413.1,5.98,0,11.17,OFFICIAL_ANNUAL_PLAN,OFFICIAL_SAME_PERIOD,SYNTHETIC_DAILY_CALIBRATED_TO_PUBLIC_ANNUAL_REFERENCE
PROD-0001969,2022-08-21,Chikla,Maharashtra,Bhandara,21.54169,79.75545,575.84,534.85,0.0,0,0.0,OFFICIAL_ANNUAL_PLAN,OFFICIAL_SAME_PERIOD,SYNTHETIC_DAILY_CALIBRATED_TO_PUBLIC_ANNUAL_REFERENCE
PROD-0001970,2022-08-22,Chikla,Maharashtra,Bhandara,21.54169,79.75545,573.52,501.67,0.92,64,0.0,OFFICIAL_ANNUAL_PLAN,OFFICIAL_SAME_PERIOD,SYNTHETIC_DAILY_CALIBRATED_TO_PUBLIC_ANNUAL_REFERENCE
PROD-0001971,2022-08-23,Chikla,Maharashtra,Bhandara,21.54169,79.75545,559.02,467.73,7.0,0,0.0,OFFICIAL_ANNUAL_PLAN,OFFICIAL_SAME_PERIOD,SYNTHETIC_DAILY_CALIBRATED_TO_PUBLIC_ANNUAL_REFERENCE
PROD-0001972,2022-08-24,Chikla,Maharashtra,Bhandara,21.54169,79.75545,637.3,566.4,1.62,36,11.18,OFFICIAL_ANNUAL_PLAN,OFFICIAL_SAME_PERIOD,SYNTHETIC_DAILY_CALIBRATED_TO_PUBLIC_ANNUAL_REFERENCE
PROD-0001973,2022-08-25,Chikla,Maharashtra,Bhandara,21.54169,79.75545,564.35,507.75,0.24,0,15.92,OFFICIAL_ANNUAL_PLAN,OFFICIAL_SAME_PERIOD,SYNTHETIC_DAILY_CALIBRATED_TO_PUBLIC_ANNUAL_REFERENCE
PROD-0001974,2022-08-26,Chikla,Maharashtra,Bhandara,21.54169,79.75545,582.38,499.08,1.66,0,3.19,OFFICIAL_ANNUAL_PLAN,OFFICIAL_SAME_PERIOD,SYNTHETIC_DAILY_CALIBRATED_TO_PUBLIC_ANNUAL_REFERENCE
PROD-0001975,2022-08-27,Chikla,Maharashtra,Bhandara,21.54169,79.75545,572.72,524.81,0.5,65,33.54,OFFICIAL_ANNUAL_PLAN,OFFICIAL_SAME_PERIOD,SYNTHETIC_DAILY_CALIBRATED_TO_PUBLIC_ANNUAL_REFERENCE
PROD-0001976,2022-08-28,Chikla,Maharashtra,Bhandara,21.54169,79.75545,592.23,555.78,0.0,0,0.0,OFFICIAL_ANNUAL_PLAN,OFFICIAL_SAME_PERIOD,SYNTHETIC_DAILY_CALIBRATED_TO_PUBLIC_ANNUAL_REFERENCE
PROD-0001977,2022-08-29,Chikla,Maharashtra,Bhandara,21.54169,79.75545,549.66,504.53,0.33,0,22.18,OFFICIAL_ANNUAL_PLAN,OFFICIAL_SAME_PERIOD,SYNTHETIC_DAILY_CALIBRATED_TO_PUBLIC_ANNUAL_REFERENCE
PROD-0001978,2022-08-30,Chikla,Maharashtra,Bhandara,21.54169,79.75545,501.48,454.28,0.08,0,5.04,OFFICIAL_ANNUAL_PLAN,OFFICIAL_SAME_PERIOD,SYNTHETIC_DAILY_CALIBRATED_TO_PUBLIC_ANNUAL_REFERENCE
PROD-0001979,2022-08-31,Chikla,Maharashtra,Bhandara,21.54169,79.75545,535.73,488.19,0.06,0,3.96,OFFICIAL_ANNUAL_PLAN,OFFICIAL_SAME_PERIOD,SYNTHETIC_DAILY_CALIBRATED_TO_PUBLIC_ANNUAL_REFERENCE
PROD-0001980,2022-09-01,Chikla,Maharashtra,Bhandara,21.54169,79.75545,560.42,504.42,0.3,0,19.9,OFFICIAL_ANNUAL_PLAN,OFFICIAL_SAME_PERIOD,SYNTHETIC_DAILY_CALIBRATED_TO_PUBLIC_ANNUAL_REFERENCE
PROD-0001981,2022-09-02,Chikla,Maharashtra,Bhandara,21.54169,79.75545,575.58,523.67,0.98,87,11.5,OFFICIAL_ANNUAL_PLAN,OFFICIAL_SAME_PERIOD,SYNTHETIC_DAILY_CALIBRATED_TO_PUBLIC_ANNUAL_REFERENCE
PROD-0001982,2022-09-03,Chikla,Maharashtra,Bhandara,21.54169,79.75545,590.56,516.49,0.18,0,12.05,OFFICIAL_ANNUAL_PLAN,OFFICIAL_SAME_PERIOD,SYNTHETIC_DAILY_CALIBRATED_TO_PUBLIC_ANNUAL_REFERENCE
PROD-0001983,2022-09-04,Chikla,Maharashtra,Bhandara,21.54169,79.75545,545.43,506.5,0.31,0,20.36,OFFICIAL_ANNUAL_PLAN,OFFICIAL_SAME_PERIOD,SYNTHETIC_DAILY_CALIBRATED_TO_PUBLIC_ANNUAL_REFERENCE
PROD-0001984,2022-09-05,Chikla,Maharashtra,Bhandara,21.54169,79.75545,537.45,474.92,1.66,0,36.77,OFFICIAL_ANNUAL_PLAN,OFFICIAL_SAME_PERIOD,SYNTHETIC_DAILY_CALIBRATED_TO_PUBLIC_ANNUAL_REFERENCE
PROD-0001985,2022-09-06,Chikla,Maharashtra,Bhandara,21.54169,79.75545,534.43,500.77,0.0,0,0.0,OFFICIAL_ANNUAL_PLAN,OFFICIAL_SAME_PERIOD,SYNTHETIC_DAILY_CALIBRATED_TO_PUBLIC_ANNUAL_REFERENCE
PROD-0001986,2022-09-07,Chikla,Maharashtra,Bhandara,21.54169,79.75545,591.03,529.52,0.99,0,11.94,OFFICIAL_ANNUAL_PLAN,OFFICIAL_SAME_PERIOD,SYNTHETIC_DAILY_CALIBRATED_TO_PUBLIC_ANNUAL_REFERENCE
PROD-0001987,2022-09-08,Chikla,Maharashtra,Bhandara,21.54169,79.75545,592.92,508.33,3.37,0,37.3,OFFICIAL_ANNUAL_PLAN,OFFICIAL_SAME_PERIOD,SYNTHETIC_DAILY_CALIBRATED_TO_PUBLIC_ANNUAL_REFERENCE
PROD-0001988,2022-09-09,Chikla,Maharashtra,Bhandara,21.54169,79.75545,475.28,424.4,0.23,39,15.64,OFFICIAL_ANNUAL_PLAN,OFFICIAL_SAME_PERIOD,SYNTHETIC_DAILY_CALIBRATED_TO_PUBLIC_ANNUAL_REFERENCE
PROD-0001989,2022-09-10,Chikla,Maharashtra,Bhandara,21.54169,79.75545,477.5,435.02,1.21,22,17.4,OFFICIAL_ANNUAL_PLAN,OFFICIAL_SAME_PERIOD,SYNTHETIC_DAILY_CALIBRATED_TO_PUBLIC_ANNUAL_REFERENCE
PROD-0001990,2022-09-11,Chikla,Maharashtra,Bhandara,21.54169,79.75545,656.49,623.13,0.0,21,0.0,OFFICIAL_ANNUAL_PLAN,OFFICIAL_SAME_PERIOD,SYNTHETIC_DAILY_CALIBRATED_TO_PUBLIC_ANNUAL_REFERENCE
PROD-0001991,2022-09-12,Chikla,Maharashtra,Bhandara,21.54169,79.75545,528.02,442.47,1.4,0,22.17,OFFICIAL_ANNUAL_PLAN,OFFICIAL_SAME_PERIOD,SYNTHETIC_DAILY_CALIBRATED_TO_PUBLIC_ANNUAL_REFERENCE
PROD-0001992,2022-09-13,Chikla,Maharashtra,Bhandara,21.54169,79.75545,583.26,522.06,2.13,0,0.0,OFFICIAL_ANNUAL_PLAN,OFFICIAL_SAME_PERIOD,SYNTHETIC_DAILY_CALIBRATED_TO_PUBLIC_ANNUAL_REFERENCE
PROD-0001993,2022-09-14,Chikla,Maharashtra,Bhandara,21.54169,79.75545,528.74,490.95,0.75,0,0.0,OFFICIAL_ANNUAL_PLAN,OFFICIAL_SAME_PERIOD,SYNTHETIC_DAILY_CALIBRATED_TO_PUBLIC_ANNUAL_REFERENCE
PROD-0001994,2022-09-15,Chikla,Maharashtra,Bhandara,21.54169,79.75545,551.0,516.13,0.0,0,0.0,OFFICIAL_ANNUAL_PLAN,OFFICIAL_SAME_PERIOD,SYNTHETIC_DAILY_CALIBRATED_TO_PUBLIC_ANNUAL_REFERENCE
PROD-0001995,2022-09-16,Chikla,Maharashtra,Bhandara,21.54169,79.75545,575.7,451.49,7.77,82,44.23,OFFICIAL_ANNUAL_PLAN,OFFICIAL_SAME_PERIOD,SYNTHETIC_DAILY_CALIBRATED_TO_PUBLIC_ANNUAL_REFERENCE
PROD-0001996,2022-09-17,Chikla,Maharashtra,Bhandara,21.54169,79.75545,550.21,499.93,1.86,55,0.0,OFFICIAL_ANNUAL_PLAN,OFFICIAL_SAME_PERIOD,SYNTHETIC_DAILY_CALIBRATED_TO_PUBLIC_ANNUAL_REFERENCE
PROD-0001997,2022-09-18,Chikla,Maharashtra,Bhandara,21.54169,79.75545,591.92,532.03,1.43,33,0.0,OFFICIAL_ANNUAL_PLAN,OFFICIAL_SAME_PERIOD,SYNTHETIC_DAILY_CALIBRATED_TO_PUBLIC_ANNUAL_REFERENCE
PROD-0001998,2022-09-19,Chikla,Maharashtra,Bhandara,21.54169,79.75545,518.18,477.84,0.19,0,12.9,OFFICIAL_ANNUAL_PLAN,OFFICIAL_SAME_PERIOD,SYNTHETIC_DAILY_CALIBRATED_TO_PUBLIC_ANNUAL_REFERENCE
PROD-0001999,2022-09-20,Chikla,Maharashtra,Bhandara,21.54169,79.75545,591.59,528.87,1.9,0,0.0,OFFICIAL_ANNUAL_PLAN,OFFICIAL_SAME_PERIOD,SYNTHETIC_DAILY_CALIBRATED_TO_PUBLIC_ANNUAL_REFERENCE
PROD-0002000,2022-09-21,Chikla,Maharashtra,Bhandara,21.54169,79.75545,571.34,523.23,1.94,0,0.0,OFFICIAL_ANNUAL_PLAN,OFFICIAL_SAME_PERIOD,SYNTHETIC_DAILY_CALIBRATED_TO_PUBLIC_ANNUAL_REFERENCE
PROD-0002001,2022-09-22,Chikla,Maharashtra,Bhandara,21.54169,79.75545,511.16,452.55,4.37,11,2.9,OFFICIAL_ANNUAL_PLAN,OFFICIAL_SAME_PERIOD,SYNTHETIC_DAILY_CALIBRATED_TO_PUBLIC_ANNUAL_REFERENCE
PROD-0002002,2022-09-23,Chikla,Maharashtra,Bhandara,21.54169,79.75545,495.85,440.71,3.34,0,0.0,OFFICIAL_ANNUAL_PLAN,OFFICIAL_SAME_PERIOD,SYNTHETIC_DAILY_CALIBRATED_TO_PUBLIC_ANNUAL_REFERENCE
PROD-0002003,2022-09-24,Chikla,Maharashtra,Bhandara,21.54169,79.75545,573.51,505.18,1.58,30,29.24,OFFICIAL_ANNUAL_PLAN,OFFICIAL_SAME_PERIOD,SYNTHETIC_DAILY_CALIBRATED_TO_PUBLIC_ANNUAL_REFERENCE
PROD-0002004,2022-09-25,Chikla,Maharashtra,Bhandara,21.54169,79.75545,537.6,467.06,6.13,0,15.66,OFFICIAL_ANNUAL_PLAN,OFFICIAL_SAME_PERIOD,SYNTHETIC_DAILY_CALIBRATED_TO_PUBLIC_ANNUAL_REFERENCE
PROD-0002005,2022-09-26,Chikla,Maharashtra,Bhandara,21.54169,79.75545,542.64,484.2,0.24,0,15.75,OFFICIAL_ANNUAL_PLAN,OFFICIAL_SAME_PERIOD,SYNTHETIC_DAILY_CALIBRATED_TO_PUBLIC_ANNUAL_REFERENCE
PROD-0002006,2022-09-27,Chikla,Maharashtra,Bhandara,21.54169,79.75545,540.73,490.83,0.24,0,0.0,OFFICIAL_ANNUAL_PLAN,OFFICIAL_SAME_PERIOD,SYNTHETIC_DAILY_CALIBRATED_TO_PUBLIC_ANNUAL_REFERENCE
PROD-0002007,2022-09-28,Chikla,Maharashtra,Bhandara,21.54169,79.75545,519.4,460.13,2.2,0,0.0,OFFICIAL_ANNUAL_PLAN,OFFICIAL_SAME_PERIOD,SYNTHETIC_DAILY_CALIBRATED_TO_PUBLIC_ANNUAL_REFERENCE
PROD-0002008,2022-09-29,Chikla,Maharashtra,Bhandara,21.54169,79.75545,506.66,484.21,1.02,0,0.0,OFFICIAL_ANNUAL_PLAN,OFFICIAL_SAME_PERIOD,SYNTHETIC_DAILY_CALIBRATED_TO_PUBLIC_ANNUAL_REFERENCE
PROD-0002009,2022-09-30,Chikla,Maharashtra,Bhandara,21.54169,79.75545,495.98,447.37,0.31,0,20.56,OFFICIAL_ANNUAL_PLAN,OFFICIAL_SAME_PERIOD,SYNTHETIC_DAILY_CALIBRATED_TO_PUBLIC_ANNUAL_REFERENCE
PROD-0002010,2022-10-01,Chikla,Maharashtra,Bhandara,21.54169,79.75545,591.81,511.96,3.86,0,0.0,OFFICIAL_ANNUAL_PLAN,OFFICIAL_SAME_PERIOD,SYNTHETIC_DAILY_CALIBRATED_TO_PUBLIC_ANNUAL_REFERENCE
PROD-0002011,2022-10-02,Chikla,Maharashtra,Bhandara,21.54169,79.75545,537.07,513.5,0.0,0,0.0,OFFICIAL_ANNUAL_PLAN,OFFICIAL_SAME_PERIOD,SYNTHETIC_DAILY_CALIBRATED_TO_PUBLIC_ANNUAL_REFERENCE
PROD-0002012,2022-10-03,Chikla,Maharashtra,Bhandara,21.54169,79.75545,475.74,456.76,0.54,0,0.0,OFFICIAL_ANNUAL_PLAN,OFFICIAL_SAME_PERIOD,SYNTHETIC_DAILY_CALIBRATED_TO_PUBLIC_ANNUAL_REFERENCE
PROD-0002013,2022-10-04,Chikla,Maharashtra,Bhandara,21.54169,79.75545,562.97,503.23,2.28,0,0.0,OFFICIAL_ANNUAL_PLAN,OFFICIAL_SAME_PERIOD,SYNTHETIC_DAILY_CALIBRATED_TO_PUBLIC_ANNUAL_REFERENCE
PROD-0002014,2022-10-05,Chikla,Maharashtra,Bhandara,21.54169,79.75545,520.56,461.31,3.01,0,0.0,OFFICIAL_ANNUAL_PLAN,OFFICIAL_SAME_PERIOD,SYNTHETIC_DAILY_CALIBRATED_TO_PUBLIC_ANNUAL_REFERENCE
PROD-0002015,2022-10-06,Chikla,Maharashtra,Bhandara,21.54169,79.75545,558.19,533.04,1.62,0,0.0,OFFICIAL_ANNUAL_PLAN,OFFICIAL_SAME_PERIOD,SYNTHETIC_DAILY_CALIBRATED_TO_PUBLIC_ANNUAL_REFERENCE
PROD-0002016,2022-10-07,Chikla,Maharashtra,Bhandara,21.54169,79.75545,555.19,485.93,2.29,0,0.0,OFFICIAL_ANNUAL_PLAN,OFFICIAL_SAME_PERIOD,SYNTHETIC_DAILY_CALIBRATED_TO_PUBLIC_ANNUAL_REFERENCE
PROD-0002017,2022-10-08,Chikla,Maharashtra,Bhandara,21.54169,79.75545,578.89,555.43,0.0,0,0.0,OFFICIAL_ANNUAL_PLAN,OFFICIAL_SAME_PERIOD,SYNTHETIC_DAILY_CALIBRATED_TO_PUBLIC_ANNUAL_REFERENCE
PROD-0002018,2022-10-09,Chikla,Maharashtra,Bhandara,21.54169,79.75545,594.52,568.14,0.29,37,0.0,OFFICIAL_ANNUAL_PLAN,OFFICIAL_SAME_PERIOD,SYNTHETIC_DAILY_CALIBRATED_TO_PUBLIC_ANNUAL_REFERENCE
PROD-0002019,2022-10-10,Chikla,Maharashtra,Bhandara,21.54169,79.75545,547.78,491.44,2.78,0,0.0,OFFICIAL_ANNUAL_PLAN,OFFICIAL_SAME_PERIOD,SYNTHETIC_DAILY_CALIBRATED_TO_PUBLIC_ANNUAL_REFERENCE
PROD-0002020,2022-10-11,Chikla,Maharashtra,Bhandara,21.54169,79.75545,540.88,505.89,0.0,0,0.0,OFFICIAL_ANNUAL_PLAN,OFFICIAL_SAME_PERIOD,SYNTHETIC_DAILY_CALIBRATED_TO_PUBLIC_ANNUAL_REFERENCE
PROD-0002021,2022-10-12,Chikla,Maharashtra,Bhandara,21.54169,79.75545,519.07,472.92,3.4,42,0.0,OFFICIAL_ANNUAL_PLAN,OFFICIAL_SAME_PERIOD,SYNTHETIC_DAILY_CALIBRATED_TO_PUBLIC_ANNUAL_REFERENCE
PROD-0002022,2022-10-13,Chikla,Maharashtra,Bhandara,21.54169,79.75545,581.04,509.1,0.0,0,0.0,OFFICIAL_ANNUAL_PLAN,OFFICIAL_SAME_PERIOD,SYNTHETIC_DAILY_CALIBRATED_TO_PUBLIC_ANNUAL_REFERENCE
PROD-0002023,2022-10-14,Chikla,Maharashtra,Bhandara,21.54169,79.75545,602.21,555.95,1.76,0,0.0,OFFICIAL_ANNUAL_PLAN,OFFICIAL_SAME_PERIOD,SYNTHETIC_DAILY_CALIBRATED_TO_PUBLIC_ANNUAL_REFERENCE
PROD-0002024,2022-10-15,Chikla,Maharashtra,Bhandara,21.54169,79.75545,606.41,555.51,1.08,0,0.0,OFFICIAL_ANNUAL_PLAN,OFFICIAL_SAME_PERIOD,SYNTHETIC_DAILY_CALIBRATED_TO_PUBLIC_ANNUAL_REFERENCE
PROD-0002025,2022-10-16,Chikla,Maharashtra,Bhandara,21.54169,79.75545,557.48,505.87,0.0,0,0.0,OFFICIAL_ANNUAL_PLAN,OFFICIAL_SAME_PERIOD,SYNTHETIC_DAILY_CALIBRATED_TO_PUBLIC_ANNUAL_REFERENCE
PROD-0002026,2022-10-17,Chikla,Maharashtra,Bhandara,21.54169,79.75545,607.05,551.79,0.25,34,16.99,OFFICIAL_ANNUAL_PLAN,OFFICIAL_SAME_PERIOD,SYNTHETIC_DAILY_CALIBRATED_TO_PUBLIC_ANNUAL_REFERENCE
PROD-0002027,2022-10-18,Chikla,Maharashtra,Bhandara,21.54169,79.75545,552.13,516.95,0.0,0,0.0,OFFICIAL_ANNUAL_PLAN,OFFICIAL_SAME_PERIOD,SYNTHETIC_DAILY_CALIBRATED_TO_PUBLIC_ANNUAL_REFERENCE
PROD-0002028,2022-10-19,Chikla,Maharashtra,Bhandara,21.54169,79.75545,573.57,531.13,1.59,0,0.0,OFFICIAL_ANNUAL_PLAN,OFFICIAL_SAME_PERIOD,SYNTHETIC_DAILY_CALIBRATED_TO_PUBLIC_ANNUAL_REFERENCE
PROD-0002029,2022-10-20,Chikla,Maharashtra,Bhandara,21.54169,79.75545,585.97,535.17,2.36,0,0.0,OFFICIAL_ANNUAL_PLAN,OFFICIAL_SAME_PERIOD,SYNTHETIC_DAILY_CALIBRATED_TO_PUBLIC_ANNUAL_REFERENCE
PROD-0002030,2022-10-21,Chikla,Maharashtra,Bhandara,21.54169,79.75545,626.48,597.81,0.0,0,0.0,OFFICIAL_ANNUAL_PLAN,OFFICIAL_SAME_PERIOD,SYNTHETIC_DAILY_CALIBRATED_TO_PUBLIC_ANNUAL_REFERENCE
PROD-0002031,2022-10-22,Chikla,Maharashtra,Bhandara,21.54169,79.75545,580.47,476.66,6.78,0,0.0,OFFICIAL_ANNUAL_PLAN,OFFICIAL_SAME_PERIOD,SYNTHETIC_DAILY_CALIBRATED_TO_PUBLIC_ANNUAL_REFERENCE
PROD-0002032,2022-10-23,Chikla,Maharashtra,Bhandara,21.54169,79.75545,538.7,491.61,0.0,0,0.0,OFFICIAL_ANNUAL_PLAN,OFFICIAL_SAME_PERIOD,SYNTHETIC_DAILY_CALIBRATED_TO_PUBLIC_ANNUAL_REFERENCE
PROD-0002033,2022-10-24,Chikla,Maharashtra,Bhandara,21.54169,79.75545,539.92,512.81,0.0,0,0.0,OFFICIAL_ANNUAL_PLAN,OFFICIAL_SAME_PERIOD,SYNTHETIC_DAILY_CALIBRATED_TO_PUBLIC_ANNUAL_REFERENCE
PROD-0002034,2022-10-25,Chikla,Maharashtra,Bhandara,21.54169,79.75545,532.57,479.98,0.0,0,0.0,OFFICIAL_ANNUAL_PLAN,OFFICIAL_SAME_PERIOD,SYNTHETIC_DAILY_CALIBRATED_TO_PUBLIC_ANNUAL_REFERENCE
PROD-0002035,2022-10-26,Chikla,Maharashtra,Bhandara,21.54169,79.75545,589.84,506.07,2.77,63,0.0,OFFICIAL_ANNUAL_PLAN,OFFICIAL_SAME_PERIOD,SYNTHETIC_DAILY_CALIBRATED_TO_PUBLIC_ANNUAL_REFERENCE
PROD-0002036,2022-10-27,Chikla,Maharashtra,Bhandara,21.54169,79.75545,594.27,537.06,0.0,0,0.0,OFFICIAL_ANNUAL_PLAN,OFFICIAL_SAME_PERIOD,SYNTHETIC_DAILY_CALIBRATED_TO_PUBLIC_ANNUAL_REFERENCE
PROD-0002037,2022-10-28,Chikla,Maharashtra,Bhandara,21.54169,79.75545,562.25,505.22,0.05,52,3.46,OFFICIAL_ANNUAL_PLAN,OFFICIAL_SAME_PERIOD,SYNTHETIC_DAILY_CALIBRATED_TO_PUBLIC_ANNUAL_REFERENCE
PROD-0002038,2022-10-29,Chikla,Maharashtra,Bhandara,21.54169,79.75545,493.98,431.27,2.36,0,0.0,OFFICIAL_ANNUAL_PLAN,OFFICIAL_SAME_PERIOD,SYNTHETIC_DAILY_CALIBRATED_TO_PUBLIC_ANNUAL_REFERENCE
PROD-0002039,2022-10-30,Chikla,Maharashtra,Bhandara,21.54169,79.75545,562.21,505.65,0.23,0,15.13,OFFICIAL_ANNUAL_PLAN,OFFICIAL_SAME_PERIOD,SYNTHETIC_DAILY_CALIBRATED_TO_PUBLIC_ANNUAL_REFERENCE
PROD-0002040,2022-10-31,Chikla,Maharashtra,Bhandara,21.54169,79.75545,537.33,465.34,4.35,15,12.62,OFFICIAL_ANNUAL_PLAN,OFFICIAL_SAME_PERIOD,SYNTHETIC_DAILY_CALIBRATED_TO_PUBLIC_ANNUAL_REFERENCE
PROD-0002041,2022-11-01,Chikla,Maharashtra,Bhandara,21.54169,79.75545,477.0,433.82,0.0,0,0.0,OFFICIAL_ANNUAL_PLAN,OFFICIAL_SAME_PERIOD,SYNTHETIC_DAILY_CALIBRATED_TO_PUBLIC_ANNUAL_REFERENCE
PROD-0002042,2022-11-02,Chikla,Maharashtra,Bhandara,21.54169,79.75545,576.78,498.05,2.22,0,6.5,OFFICIAL_ANNUAL_PLAN,OFFICIAL_SAME_PERIOD,SYNTHETIC_DAILY_CALIBRATED_TO_PUBLIC_ANNUAL_REFERENCE
PROD-0002043,2022-11-03,Chikla,Maharashtra,Bhandara,21.54169,79.75545,542.93,507.26,0.0,0,0.0,OFFICIAL_ANNUAL_PLAN,OFFICIAL_SAME_PERIOD,SYNTHETIC_DAILY_CALIBRATED_TO_PUBLIC_ANNUAL_REFERENCE
PROD-0002044,2022-11-04,Chikla,Maharashtra,Bhandara,21.54169,79.75545,601.37,550.88,1.96,0,0.0,OFFICIAL_ANNUAL_PLAN,OFFICIAL_SAME_PERIOD,SYNTHETIC_DAILY_CALIBRATED_TO_PUBLIC_ANNUAL_REFERENCE
PROD-0002045,2022-11-05,Chikla,Maharashtra,Bhandara,21.54169,79.75545,512.21,475.29,1.0,0,0.0,OFFICIAL_ANNUAL_PLAN,OFFICIAL_SAME_PERIOD,SYNTHETIC_DAILY_CALIBRATED_TO_PUBLIC_ANNUAL_REFERENCE
PROD-0002046,2022-11-06,Chikla,Maharashtra,Bhandara,21.54169,79.75545,542.15,497.4,0.0,0,0.0,OFFICIAL_ANNUAL_PLAN,OFFICIAL_SAME_PERIOD,SYNTHETIC_DAILY_CALIBRATED_TO_PUBLIC_ANNUAL_REFERENCE
PROD-0002047,2022-11-07,Chikla,Maharashtra,Bhandara,21.54169,79.75545,562.29,503.08,0.0,0,0.0,OFFICIAL_ANNUAL_PLAN,OFFICIAL_SAME_PERIOD,SYNTHETIC_DAILY_CALIBRATED_TO_PUBLIC_ANNUAL_REFERENCE
PROD-0002048,2022-11-08,Chikla,Maharashtra,Bhandara,21.54169,79.75545,569.62,521.01,0.46,0,0.0,OFFICIAL_ANNUAL_PLAN,OFFICIAL_SAME_PERIOD,SYNTHETIC_DAILY_CALIBRATED_TO_PUBLIC_ANNUAL_REFERENCE
PROD-0002049,2022-11-09,Chikla,Maharashtra,Bhandara,21.54169,79.75545,567.19,524.94,0.44,0,12.71,OFFICIAL_ANNUAL_PLAN,OFFICIAL_SAME_PERIOD,SYNTHETIC_DAILY_CALIBRATED_TO_PUBLIC_ANNUAL_REFERENCE
PROD-0002050,2022-11-10,Chikla,Maharashtra,Bhandara,21.54169,79.75545,554.32,466.94,2.21,0,0.0,OFFICIAL_ANNUAL_PLAN,OFFICIAL_SAME_PERIOD,SYNTHETIC_DAILY_CALIBRATED_TO_PUBLIC_ANNUAL_REFERENCE
PROD-0002051,2022-11-11,Chikla,Maharashtra,Bhandara,21.54169,79.75545,595.45,527.4,0.94,0,5.31,OFFICIAL_ANNUAL_PLAN,OFFICIAL_SAME_PERIOD,SYNTHETIC_DAILY_CALIBRATED_TO_PUBLIC_ANNUAL_REFERENCE
PROD-0002052,2022-11-12,Chikla,Maharashtra,Bhandara,21.54169,79.75545,615.06,545.47,0.95,13,0.0,OFFICIAL_ANNUAL_PLAN,OFFICIAL_SAME_PERIOD,SYNTHETIC_DAILY_CALIBRATED_TO_PUBLIC_ANNUAL_REFERENCE
PROD-0002053,2022-11-13,Chikla,Maharashtra,Bhandara,21.54169,79.75545,558.17,481.71,3.63,0,0.0,OFFICIAL_ANNUAL_PLAN,OFFICIAL_SAME_PERIOD,SYNTHETIC_DAILY_CALIBRATED_TO_PUBLIC_ANNUAL_REFERENCE
PROD-0002054,2022-11-14,Chikla,Maharashtra,Bhandara,21.54169,79.75545,621.17,574.15,0.0,0,0.0,OFFICIAL_ANNUAL_PLAN,OFFICIAL_SAME_PERIOD,SYNTHETIC_DAILY_CALIBRATED_TO_PUBLIC_ANNUAL_REFERENCE
PROD-0002055,2022-11-15,Chikla,Maharashtra,Bhandara,21.54169,79.75545,505.65,468.18,1.63,0,0.0,OFFICIAL_ANNUAL_PLAN,OFFICIAL_SAME_PERIOD,SYNTHETIC_DAILY_CALIBRATED_TO_PUBLIC_ANNUAL_REFERENCE
PROD-0002056,2022-11-16,Chikla,Maharashtra,Bhandara,21.54169,79.75545,524.97,437.47,3.88,23,0.0,OFFICIAL_ANNUAL_PLAN,OFFICIAL_SAME_PERIOD,SYNTHETIC_DAILY_CALIBRATED_TO_PUBLIC_ANNUAL_REFERENCE
PROD-0002057,2022-11-17,Chikla,Maharashtra,Bhandara,21.54169,79.75545,547.83,483.63,2.36,0,14.33,OFFICIAL_ANNUAL_PLAN,OFFICIAL_SAME_PERIOD,SYNTHETIC_DAILY_CALIBRATED_TO_PUBLIC_ANNUAL_REFERENCE
PROD-0002058,2022-11-18,Chikla,Maharashtra,Bhandara,21.54169,79.75545,512.33,459.09,0.47,27,31.03,OFFICIAL_ANNUAL_PLAN,OFFICIAL_SAME_PERIOD,SYNTHETIC_DAILY_CALIBRATED_TO_PUBLIC_ANNUAL_REFERENCE
PROD-0002059,2022-11-19,Chikla,Maharashtra,Bhandara,21.54169,79.75545,448.2,431.79,1.85,0,0.0,OFFICIAL_ANNUAL_PLAN,OFFICIAL_SAME_PERIOD,SYNTHETIC_DAILY_CALIBRATED_TO_PUBLIC_ANNUAL_REFERENCE
PROD-0002060,2022-11-20,Chikla,Maharashtra,Bhandara,21.54169,79.75545,616.57,535.92,0.07,0,4.4,OFFICIAL_ANNUAL_PLAN,OFFICIAL_SAME_PERIOD,SYNTHETIC_DAILY_CALIBRATED_TO_PUBLIC_ANNUAL_REFERENCE
PROD-0002061,2022-11-21,Chikla,Maharashtra,Bhandara,21.54169,79.75545,582.2,524.68,0.0,8,0.0,OFFICIAL_ANNUAL_PLAN,OFFICIAL_SAME_PERIOD,SYNTHETIC_DAILY_CALIBRATED_TO_PUBLIC_ANNUAL_REFERENCE
PROD-0002062,2022-11-22,Chikla,Maharashtra,Bhandara,21.54169,79.75545,559.63,499.06,2.69,0,0.0,OFFICIAL_ANNUAL_PLAN,OFFICIAL_SAME_PERIOD,SYNTHETIC_DAILY_CALIBRATED_TO_PUBLIC_ANNUAL_REFERENCE
PROD-0002063,2022-11-23,Chikla,Maharashtra,Bhandara,21.54169,79.75545,505.83,474.33,0.15,15,10.23,OFFICIAL_ANNUAL_PLAN,OFFICIAL_SAME_PERIOD,SYNTHETIC_DAILY_CALIBRATED_TO_PUBLIC_ANNUAL_REFERENCE
PROD-0002064,2022-11-24,Chikla,Maharashtra,Bhandara,21.54169,79.75545,517.15,464.37,2.67,0,3.94,OFFICIAL_ANNUAL_PLAN,OFFICIAL_SAME_PERIOD,SYNTHETIC_DAILY_CALIBRATED_TO_PUBLIC_ANNUAL_REFERENCE
PROD-0002065,2022-11-25,Chikla,Maharashtra,Bhandara,21.54169,79.75545,579.41,524.75,2.89,0,0.0,OFFICIAL_ANNUAL_PLAN,OFFICIAL_SAME_PERIOD,SYNTHETIC_DAILY_CALIBRATED_TO_PUBLIC_ANNUAL_REFERENCE
PROD-0002066,2022-11-26,Chikla,Maharashtra,Bhandara,21.54169,79.75545,518.44,482.06,0.15,0,9.81,OFFICIAL_ANNUAL_PLAN,OFFICIAL_SAME_PERIOD,SYNTHETIC_DAILY_CALIBRATED_TO_PUBLIC_ANNUAL_REFERENCE
PROD-0002067,2022-11-27,Chikla,Maharashtra,Bhandara,21.54169,79.75545,587.41,550.64,0.1,0,6.99,OFFICIAL_ANNUAL_PLAN,OFFICIAL_SAME_PERIOD,SYNTHETIC_DAILY_CALIBRATED_TO_PUBLIC_ANNUAL_REFERENCE
PROD-0002068,2022-11-28,Chikla,Maharashtra,Bhandara,21.54169,79.75545,523.1,492.37,0.99,0,0.0,OFFICIAL_ANNUAL_PLAN,OFFICIAL_SAME_PERIOD,SYNTHETIC_DAILY_CALIBRATED_TO_PUBLIC_ANNUAL_REFERENCE
PROD-0002069,2022-11-29,Chikla,Maharashtra,Bhandara,21.54169,79.75545,541.82,480.77,2.7,0,0.0,OFFICIAL_ANNUAL_PLAN,OFFICIAL_SAME_PERIOD,SYNTHETIC_DAILY_CALIBRATED_TO_PUBLIC_ANNUAL_REFERENCE
PROD-0002070,2022-11-30,Chikla,Maharashtra,Bhandara,21.54169,79.75545,574.64,497.66,2.08,73,0.0,OFFICIAL_ANNUAL_PLAN,OFFICIAL_SAME_PERIOD,SYNTHETIC_DAILY_CALIBRATED_TO_PUBLIC_ANNUAL_REFERENCE
PROD-0002071,2022-12-01,Chikla,Maharashtra,Bhandara,21.54169,79.75545,589.89,523.85,1.72,0,0.0,OFFICIAL_ANNUAL_PLAN,OFFICIAL_SAME_PERIOD,SYNTHETIC_DAILY_CALIBRATED_TO_PUBLIC_ANNUAL_REFERENCE
PROD-0002072,2022-12-02,Chikla,Maharashtra,Bhandara,21.54169,79.75545,529.69,482.85,0.0,0,0.0,OFFICIAL_ANNUAL_PLAN,OFFICIAL_SAME_PERIOD,SYNTHETIC_DAILY_CALIBRATED_TO_PUBLIC_ANNUAL_REFERENCE
PROD-0002073,2022-12-03,Chikla,Maharashtra,Bhandara,21.54169,79.75545,557.94,501.96,1.53,0,0.0,OFFICIAL_ANNUAL_PLAN,OFFICIAL_SAME_PERIOD,SYNTHETIC_DAILY_CALIBRATED_TO_PUBLIC_ANNUAL_REFERENCE
PROD-0002074,2022-12-04,Chikla,Maharashtra,Bhandara,21.54169,79.75545,485.88,436.49,0.0,0,0.0,OFFICIAL_ANNUAL_PLAN,OFFICIAL_SAME_PERIOD,SYNTHETIC_DAILY_CALIBRATED_TO_PUBLIC_ANNUAL_REFERENCE
PROD-0002075,2022-12-05,Chikla,Maharashtra,Bhandara,21.54169,79.75545,530.15,485.53,0.0,0,0.0,OFFICIAL_ANNUAL_PLAN,OFFICIAL_SAME_PERIOD,SYNTHETIC_DAILY_CALIBRATED_TO_PUBLIC_ANNUAL_REFERENCE
PROD-0002076,2022-12-06,Chikla,Maharashtra,Bhandara,21.54169,79.75545,522.08,480.68,0.0,0,0.0,OFFICIAL_ANNUAL_PLAN,OFFICIAL_SAME_PERIOD,SYNTHETIC_DAILY_CALIBRATED_TO_PUBLIC_ANNUAL_REFERENCE
PROD-0002077,2022-12-07,Chikla,Maharashtra,Bhandara,21.54169,79.75545,499.96,445.83,1.49,0,0.0,OFFICIAL_ANNUAL_PLAN,OFFICIAL_SAME_PERIOD,SYNTHETIC_DAILY_CALIBRATED_TO_PUBLIC_ANNUAL_REFERENCE
PROD-0002078,2022-12-08,Chikla,Maharashtra,Bhandara,21.54169,79.75545,513.73,458.08,3.09,0,0.0,OFFICIAL_ANNUAL_PLAN,OFFICIAL_SAME_PERIOD,SYNTHETIC_DAILY_CALIBRATED_TO_PUBLIC_ANNUAL_REFERENCE
PROD-0002079,2022-12-09,Chikla,Maharashtra,Bhandara,21.54169,79.75545,609.29,570.64,0.95,0,0.0,OFFICIAL_ANNUAL_PLAN,OFFICIAL_SAME_PERIOD,SYNTHETIC_DAILY_CALIBRATED_TO_PUBLIC_ANNUAL_REFERENCE
PROD-0002080,2022-12-10,Chikla,Maharashtra,Bhandara,21.54169,79.75545,577.15,535.23,1.04,0,0.0,OFFICIAL_ANNUAL_PLAN,OFFICIAL_SAME_PERIOD,SYNTHETIC_DAILY_CALIBRATED_TO_PUBLIC_ANNUAL_REFERENCE
PROD-0002081,2022-12-11,Chikla,Maharashtra,Bhandara,21.54169,79.75545,594.8,514.87,4.69,0,0.0,OFFICIAL_ANNUAL_PLAN,OFFICIAL_SAME_PERIOD,SYNTHETIC_DAILY_CALIBRATED_TO_PUBLIC_ANNUAL_REFERENCE
PROD-0002082,2022-12-12,Chikla,Maharashtra,Bhandara,21.54169,79.75545,551.23,494.48,0.4,0,0.0,OFFICIAL_ANNUAL_PLAN,OFFICIAL_SAME_PERIOD,SYNTHETIC_DAILY_CALIBRATED_TO_PUBLIC_ANNUAL_REFERENCE
PROD-0002083,2022-12-13,Chikla,Maharashtra,Bhandara,21.54169,79.75545,629.59,601.69,0.0,0,0.0,OFFICIAL_ANNUAL_PLAN,OFFICIAL_SAME_PERIOD,SYNTHETIC_DAILY_CALIBRATED_TO_PUBLIC_ANNUAL_REFERENCE
PROD-0002084,2022-12-14,Chikla,Maharashtra,Bhandara,21.54169,79.75545,494.38,421.31,1.45,0,0.0,OFFICIAL_ANNUAL_PLAN,OFFICIAL_SAME_PERIOD,SYNTHETIC_DAILY_CALIBRATED_TO_PUBLIC_ANNUAL_REFERENCE
PROD-0002085,2022-12-15,Chikla,Maharashtra,Bhandara,21.54169,79.75545,561.79,528.42,0.0,0,0.0,OFFICIAL_ANNUAL_PLAN,OFFICIAL_SAME_PERIOD,SYNTHETIC_DAILY_CALIBRATED_TO_PUBLIC_ANNUAL_REFERENCE
PROD-0002086,2022-12-16,Chikla,Maharashtra,Bhandara,21.54169,79.75545,527.9,479.4,0.0,0,0.0,OFFICIAL_ANNUAL_PLAN,OFFICIAL_SAME_PERIOD,SYNTHETIC_DAILY_CALIBRATED_TO_PUBLIC_ANNUAL_REFERENCE
PROD-0002087,2022-12-17,Chikla,Maharashtra,Bhandara,21.54169,79.75545,596.68,524.55,1.86,0,0.0,OFFICIAL_ANNUAL_PLAN,OFFICIAL_SAME_PERIOD,SYNTHETIC_DAILY_CALIBRATED_TO_PUBLIC_ANNUAL_REFERENCE
PROD-0002088,2022-12-18,Chikla,Maharashtra,Bhandara,21.54169,79.75545,523.27,493.69,1.02,0,0.0,OFFICIAL_ANNUAL_PLAN,OFFICIAL_SAME_PERIOD,SYNTHETIC_DAILY_CALIBRATED_TO_PUBLIC_ANNUAL_REFERENCE
PROD-0002089,2022-12-19,Chikla,Maharashtra,Bhandara,21.54169,79.75545,561.69,513.76,1.12,6,0.0,OFFICIAL_ANNUAL_PLAN,OFFICIAL_SAME_PERIOD,SYNTHETIC_DAILY_CALIBRATED_TO_PUBLIC_ANNUAL_REFERENCE
PROD-0002090,2022-12-20,Chikla,Maharashtra,Bhandara,21.54169,79.75545,557.62,527.04,0.0,0,0.0,OFFICIAL_ANNUAL_PLAN,OFFICIAL_SAME_PERIOD,SYNTHETIC_DAILY_CALIBRATED_TO_PUBLIC_ANNUAL_REFERENCE
PROD-0002091,2022-12-21,Chikla,Maharashtra,Bhandara,21.54169,79.75545,526.31,484.51,0.35,0,0.0,OFFICIAL_ANNUAL_PLAN,OFFICIAL_SAME_PERIOD,SYNTHETIC_DAILY_CALIBRATED_TO_PUBLIC_ANNUAL_REFERENCE
PROD-0002092,2022-12-22,Chikla,Maharashtra,Bhandara,21.54169,79.75545,530.07,478.68,2.34,0,0.0,OFFICIAL_ANNUAL_PLAN,OFFICIAL_SAME_PERIOD,SYNTHETIC_DAILY_CALIBRATED_TO_PUBLIC_ANNUAL_REFERENCE
PROD-0002093,2022-12-23,Chikla,Maharashtra,Bhandara,21.54169,79.75545,599.58,547.98,0.0,0,0.0,OFFICIAL_ANNUAL_PLAN,OFFICIAL_SAME_PERIOD,SYNTHETIC_DAILY_CALIBRATED_TO_PUBLIC_ANNUAL_REFERENCE
PROD-0002094,2022-12-24,Chikla,Maharashtra,Bhandara,21.54169,79.75545,529.92,459.47,0.51,0,0.0,OFFICIAL_ANNUAL_PLAN,OFFICIAL_SAME_PERIOD,SYNTHETIC_DAILY_CALIBRATED_TO_PUBLIC_ANNUAL_REFERENCE
PROD-0002095,2022-12-25,Chikla,Maharashtra,Bhandara,21.54169,79.75545,547.39,462.19,4.39,91,5.75,OFFICIAL_ANNUAL_PLAN,OFFICIAL_SAME_PERIOD,SYNTHETIC_DAILY_CALIBRATED_TO_PUBLIC_ANNUAL_REFERENCE
PROD-0002096,2022-12-26,Chikla,Maharashtra,Bhandara,21.54169,79.75545,492.21,427.76,0.0,63,0.0,OFFICIAL_ANNUAL_PLAN,OFFICIAL_SAME_PERIOD,SYNTHETIC_DAILY_CALIBRATED_TO_PUBLIC_ANNUAL_REFERENCE
PROD-0002097,2022-12-27,Chikla,Maharashtra,Bhandara,21.54169,79.75545,494.63,466.44,1.28,72,6.78,OFFICIAL_ANNUAL_PLAN,OFFICIAL_SAME_PERIOD,SYNTHETIC_DAILY_CALIBRATED_TO_PUBLIC_ANNUAL_REFERENCE
PROD-0002098,2022-12-28,Chikla,Maharashtra,Bhandara,21.54169,79.75545,516.29,461.37,0.0,72,0.0,OFFICIAL_ANNUAL_PLAN,OFFICIAL_SAME_PERIOD,SYNTHETIC_DAILY_CALIBRATED_TO_PUBLIC_ANNUAL_REFERENCE
PROD-0002099,2022-12-29,Chikla,Maharashtra,Bhandara,21.54169,79.75545,544.05,482.43,2.12,0,2.38,OFFICIAL_ANNUAL_PLAN,OFFICIAL_SAME_PERIOD,SYNTHETIC_DAILY_CALIBRATED_TO_PUBLIC_ANNUAL_REFERENCE
PROD-0002100,2022-12-30,Chikla,Maharashtra,Bhandara,21.54169,79.75545,515.58,476.12,0.0,0,0.0,OFFICIAL_ANNUAL_PLAN,OFFICIAL_SAME_PERIOD,SYNTHETIC_DAILY_CALIBRATED_TO_PUBLIC_ANNUAL_REFERENCE
PROD-0002101,2022-12-31,Chikla,Maharashtra,Bhandara,21.54169,79.75545,504.65,467.24,1.46,0,0.0,OFFICIAL_ANNUAL_PLAN,OFFICIAL_SAME_PERIOD,SYNTHETIC_DAILY_CALIBRATED_TO_PUBLIC_ANNUAL_REFERENCE
PROD-0002102,2023-01-01,Chikla,Maharashtra,Bhandara,21.54169,79.75545,537.23,460.75,3.05,0,0.0,OFFICIAL_ANNUAL_PLAN,OFFICIAL_SAME_PERIOD,SYNTHETIC_DAILY_CALIBRATED_TO_PUBLIC_ANNUAL_REFERENCE
PROD-0002103,2023-01-02,Chikla,Maharashtra,Bhandara,21.54169,79.75545,503.6,466.96,0.0,0,0.0,OFFICIAL_ANNUAL_PLAN,OFFICIAL_SAME_PERIOD,SYNTHETIC_DAILY_CALIBRATED_TO_PUBLIC_ANNUAL_REFERENCE
PROD-0002104,2023-01-03,Chikla,Maharashtra,Bhandara,21.54169,79.75545,577.82,489.24,1.3,106,0.0,OFFICIAL_ANNUAL_PLAN,OFFICIAL_SAME_PERIOD,SYNTHETIC_DAILY_CALIBRATED_TO_PUBLIC_ANNUAL_REFERENCE
PROD-0002105,2023-01-04,Chikla,Maharashtra,Bhandara,21.54169,79.75545,482.83,423.97,3.74,0,0.0,OFFICIAL_ANNUAL_PLAN,OFFICIAL_SAME_PERIOD,SYNTHETIC_DAILY_CALIBRATED_TO_PUBLIC_ANNUAL_REFERENCE
PROD-0002106,2023-01-05,Chikla,Maharashtra,Bhandara,21.54169,79.75545,554.24,493.68,1.49,0,0.0,OFFICIAL_ANNUAL_PLAN,OFFICIAL_SAME_PERIOD,SYNTHETIC_DAILY_CALIBRATED_TO_PUBLIC_ANNUAL_REFERENCE
PROD-0002107,2023-01-06,Chikla,Maharashtra,Bhandara,21.54169,79.75545,594.77,508.65,2.99,0,2.45,OFFICIAL_ANNUAL_PLAN,OFFICIAL_SAME_PERIOD,SYNTHETIC_DAILY_CALIBRATED_TO_PUBLIC_ANNUAL_REFERENCE
PROD-0002108,2023-01-07,Chikla,Maharashtra,Bhandara,21.54169,79.75545,534.08,489.19,0.0,0,0.0,OFFICIAL_ANNUAL_PLAN,OFFICIAL_SAME_PERIOD,SYNTHETIC_DAILY_CALIBRATED_TO_PUBLIC_ANNUAL_REFERENCE
PROD-0002109,2023-01-08,Chikla,Maharashtra,Bhandara,21.54169,79.75545,519.16,449.28,2.05,0,0.0,OFFICIAL_ANNUAL_PLAN,OFFICIAL_SAME_PERIOD,SYNTHETIC_DAILY_CALIBRATED_TO_PUBLIC_ANNUAL_REFERENCE
PROD-0002110,2023-01-09,Chikla,Maharashtra,Bhandara,21.54169,79.75545,570.01,526.22,0.0,0,0.0,OFFICIAL_ANNUAL_PLAN,OFFICIAL_SAME_PERIOD,SYNTHETIC_DAILY_CALIBRATED_TO_PUBLIC_ANNUAL_REFERENCE
PROD-0002111,2023-01-10,Chikla,Maharashtra,Bhandara,21.54169,79.75545,530.64,476.37,1.15,0,0.0,OFFICIAL_ANNUAL_PLAN,OFFICIAL_SAME_PERIOD,SYNTHETIC_DAILY_CALIBRATED_TO_PUBLIC_ANNUAL_REFERENCE
PROD-0002112,2023-01-11,Chikla,Maharashtra,Bhandara,21.54169,79.75545,563.31,543.25,0.0,0,0.0,OFFICIAL_ANNUAL_PLAN,OFFICIAL_SAME_PERIOD,SYNTHETIC_DAILY_CALIBRATED_TO_PUBLIC_ANNUAL_REFERENCE
PROD-0002113,2023-01-12,Chikla,Maharashtra,Bhandara,21.54169,79.75545,605.64,559.96,0.0,0,0.0,OFFICIAL_ANNUAL_PLAN,OFFICIAL_SAME_PERIOD,SYNTHETIC_DAILY_CALIBRATED_TO_PUBLIC_ANNUAL_REFERENCE
PROD-0002114,2023-01-13,Chikla,Maharashtra,Bhandara,21.54169,79.75545,595.76,472.59,2.91,77,0.0,OFFICIAL_ANNUAL_PLAN,OFFICIAL_SAME_PERIOD,SYNTHETIC_DAILY_CALIBRATED_TO_PUBLIC_ANNUAL_REFERENCE
PROD-0002115,2023-01-14,Chikla,Maharashtra,Bhandara,21.54169,79.75545,521.25,478.12,0.0,0,0.0,OFFICIAL_ANNUAL_PLAN,OFFICIAL_SAME_PERIOD,SYNTHETIC_DAILY_CALIBRATED_TO_PUBLIC_ANNUAL_REFERENCE
PROD-0002116,2023-01-15,Chikla,Maharashtra,Bhandara,21.54169,79.75545,576.92,540.68,0.0,0,0.0,OFFICIAL_ANNUAL_PLAN,OFFICIAL_SAME_PERIOD,SYNTHETIC_DAILY_CALIBRATED_TO_PUBLIC_ANNUAL_REFERENCE
PROD-0002117,2023-01-16,Chikla,Maharashtra,Bhandara,21.54169,79.75545,546.67,499.43,1.2,0,0.0,OFFICIAL_ANNUAL_PLAN,OFFICIAL_SAME_PERIOD,SYNTHETIC_DAILY_CALIBRATED_TO_PUBLIC_ANNUAL_REFERENCE
PROD-0002118,2023-01-17,Chikla,Maharashtra,Bhandara,21.54169,79.75545,518.6,453.13,3.59,23,1.15,OFFICIAL_ANNUAL_PLAN,OFFICIAL_SAME_PERIOD,SYNTHETIC_DAILY_CALIBRATED_TO_PUBLIC_ANNUAL_REFERENCE
PROD-0002119,2023-01-18,Chikla,Maharashtra,Bhandara,21.54169,79.75545,548.78,498.33,1.93,0,0.0,OFFICIAL_ANNUAL_PLAN,OFFICIAL_SAME_PERIOD,SYNTHETIC_DAILY_CALIBRATED_TO_PUBLIC_ANNUAL_REFERENCE
PROD-0002120,2023-01-19,Chikla,Maharashtra,Bhandara,21.54169,79.75545,562.08,514.84,0.92,0,0.0,OFFICIAL_ANNUAL_PLAN,OFFICIAL_SAME_PERIOD,SYNTHETIC_DAILY_CALIBRATED_TO_PUBLIC_ANNUAL_REFERENCE
PROD-0002121,2023-01-20,Chikla,Maharashtra,Bhandara,21.54169,79.75545,437.66,417.93,0.15,0,0.0,OFFICIAL_ANNUAL_PLAN,OFFICIAL_SAME_PERIOD,SYNTHETIC_DAILY_CALIBRATED_TO_PUBLIC_ANNUAL_REFERENCE
PROD-0002122,2023-01-21,Chikla,Maharashtra,Bhandara,21.54169,79.75545,585.83,514.04,4.36,0,0.0,OFFICIAL_ANNUAL_PLAN,OFFICIAL_SAME_PERIOD,SYNTHETIC_DAILY_CALIBRATED_TO_PUBLIC_ANNUAL_REFERENCE
PROD-0002123,2023-01-22,Chikla,Maharashtra,Bhandara,21.54169,79.75545,528.6,474.94,2.07,0,0.0,OFFICIAL_ANNUAL_PLAN,OFFICIAL_SAME_PERIOD,SYNTHETIC_DAILY_CALIBRATED_TO_PUBLIC_ANNUAL_REFERENCE
PROD-0002124,2023-01-23,Chikla,Maharashtra,Bhandara,21.54169,79.75545,478.92,401.96,4.86,0,0.0,OFFICIAL_ANNUAL_PLAN,OFFICIAL_SAME_PERIOD,SYNTHETIC_DAILY_CALIBRATED_TO_PUBLIC_ANNUAL_REFERENCE
PROD-0002125,2023-01-24,Chikla,Maharashtra,Bhandara,21.54169,79.75545,561.48,514.95,3.91,0,0.0,OFFICIAL_ANNUAL_PLAN,OFFICIAL_SAME_PERIOD,SYNTHETIC_DAILY_CALIBRATED_TO_PUBLIC_ANNUAL_REFERENCE
PROD-0002126,2023-01-25,Chikla,Maharashtra,Bhandara,21.54169,79.75545,527.76,457.31,1.95,0,0.0,OFFICIAL_ANNUAL_PLAN,OFFICIAL_SAME_PERIOD,SYNTHETIC_DAILY_CALIBRATED_TO_PUBLIC_ANNUAL_REFERENCE
PROD-0002127,2023-01-26,Chikla,Maharashtra,Bhandara,21.54169,79.75545,570.67,525.87,0.0,0,0.0,OFFICIAL_ANNUAL_PLAN,OFFICIAL_SAME_PERIOD,SYNTHETIC_DAILY_CALIBRATED_TO_PUBLIC_ANNUAL_REFERENCE
PROD-0002128,2023-01-27,Chikla,Maharashtra,Bhandara,21.54169,79.75545,593.03,562.63,0.53,0,0.0,OFFICIAL_ANNUAL_PLAN,OFFICIAL_SAME_PERIOD,SYNTHETIC_DAILY_CALIBRATED_TO_PUBLIC_ANNUAL_REFERENCE
PROD-0002129,2023-01-28,Chikla,Maharashtra,Bhandara,21.54169,79.75545,569.17,508.15,3.05,0,2.24,OFFICIAL_ANNUAL_PLAN,OFFICIAL_SAME_PERIOD,SYNTHETIC_DAILY_CALIBRATED_TO_PUBLIC_ANNUAL_REFERENCE
PROD-0002130,2023-01-29,Chikla,Maharashtra,Bhandara,21.54169,79.75545,515.45,481.68,0.0,0,0.0,OFFICIAL_ANNUAL_PLAN,OFFICIAL_SAME_PERIOD,SYNTHETIC_DAILY_CALIBRATED_TO_PUBLIC_ANNUAL_REFERENCE
PROD-0002131,2023-01-30,Chikla,Maharashtra,Bhandara,21.54169,79.75545,590.97,535.39,1.77,0,0.0,OFFICIAL_ANNUAL_PLAN,OFFICIAL_SAME_PERIOD,SYNTHETIC_DAILY_CALIBRATED_TO_PUBLIC_ANNUAL_REFERENCE
PROD-0002132,2023-01-31,Chikla,Maharashtra,Bhandara,21.54169,79.75545,530.36,463.23,2.29,14,0.0,OFFICIAL_ANNUAL_PLAN,OFFICIAL_SAME_PERIOD,SYNTHETIC_DAILY_CALIBRATED_TO_PUBLIC_ANNUAL_REFERENCE
PROD-0002133,2023-02-01,Chikla,Maharashtra,Bhandara,21.54169,79.75545,495.73,462.23,0.0,26,0.0,OFFICIAL_ANNUAL_PLAN,OFFICIAL_SAME_PERIOD,SYNTHETIC_DAILY_CALIBRATED_TO_PUBLIC_ANNUAL_REFERENCE
PROD-0002134,2023-02-02,Chikla,Maharashtra,Bhandara,21.54169,79.75545,578.25,507.29,1.85,0,0.0,OFFICIAL_ANNUAL_PLAN,OFFICIAL_SAME_PERIOD,SYNTHETIC_DAILY_CALIBRATED_TO_PUBLIC_ANNUAL_REFERENCE
PROD-0002135,2023-02-03,Chikla,Maharashtra,Bhandara,21.54169,79.75545,551.37,519.1,0.0,0,0.0,OFFICIAL_ANNUAL_PLAN,OFFICIAL_SAME_PERIOD,SYNTHETIC_DAILY_CALIBRATED_TO_PUBLIC_ANNUAL_REFERENCE
PROD-0002136,2023-02-04,Chikla,Maharashtra,Bhandara,21.54169,79.75545,524.73,484.77,0.41,0,0.0,OFFICIAL_ANNUAL_PLAN,OFFICIAL_SAME_PERIOD,SYNTHETIC_DAILY_CALIBRATED_TO_PUBLIC_ANNUAL_REFERENCE
PROD-0002137,2023-02-05,Chikla,Maharashtra,Bhandara,21.54169,79.75545,553.83,498.58,0.31,0,0.0,OFFICIAL_ANNUAL_PLAN,OFFICIAL_SAME_PERIOD,SYNTHETIC_DAILY_CALIBRATED_TO_PUBLIC_ANNUAL_REFERENCE
PROD-0002138,2023-02-06,Chikla,Maharashtra,Bhandara,21.54169,79.75545,482.44,438.87,0.0,0,0.0,OFFICIAL_ANNUAL_PLAN,OFFICIAL_SAME_PERIOD,SYNTHETIC_DAILY_CALIBRATED_TO_PUBLIC_ANNUAL_REFERENCE
PROD-0002139,2023-02-07,Chikla,Maharashtra,Bhandara,21.54169,79.75545,566.26,525.51,0.0,0,0.0,OFFICIAL_ANNUAL_PLAN,OFFICIAL_SAME_PERIOD,SYNTHETIC_DAILY_CALIBRATED_TO_PUBLIC_ANNUAL_REFERENCE
PROD-0002140,2023-02-08,Chikla,Maharashtra,Bhandara,21.54169,79.75545,517.44,443.49,4.22,0,0.0,OFFICIAL_ANNUAL_PLAN,OFFICIAL_SAME_PERIOD,SYNTHETIC_DAILY_CALIBRATED_TO_PUBLIC_ANNUAL_REFERENCE
PROD-0002141,2023-02-09,Chikla,Maharashtra,Bhandara,21.54169,79.75545,512.11,468.47,1.06,0,0.0,OFFICIAL_ANNUAL_PLAN,OFFICIAL_SAME_PERIOD,SYNTHETIC_DAILY_CALIBRATED_TO_PUBLIC_ANNUAL_REFERENCE
PROD-0002142,2023-02-10,Chikla,Maharashtra,Bhandara,21.54169,79.75545,481.4,433.78,0.0,0,0.0,OFFICIAL_ANNUAL_PLAN,OFFICIAL_SAME_PERIOD,SYNTHETIC_DAILY_CALIBRATED_TO_PUBLIC_ANNUAL_REFERENCE
PROD-0002143,2023-02-11,Chikla,Maharashtra,Bhandara,21.54169,79.75545,566.94,523.37,0.45,36,0.0,OFFICIAL_ANNUAL_PLAN,OFFICIAL_SAME_PERIOD,SYNTHETIC_DAILY_CALIBRATED_TO_PUBLIC_ANNUAL_REFERENCE
PROD-0002144,2023-02-12,Chikla,Maharashtra,Bhandara,21.54169,79.75545,511.98,444.77,0.54,0,0.0,OFFICIAL_ANNUAL_PLAN,OFFICIAL_SAME_PERIOD,SYNTHETIC_DAILY_CALIBRATED_TO_PUBLIC_ANNUAL_REFERENCE
PROD-0002145,2023-02-13,Chikla,Maharashtra,Bhandara,21.54169,79.75545,562.75,512.67,0.72,0,0.0,OFFICIAL_ANNUAL_PLAN,OFFICIAL_SAME_PERIOD,SYNTHETIC_DAILY_CALIBRATED_TO_PUBLIC_ANNUAL_REFERENCE
PROD-0002146,2023-02-14,Chikla,Maharashtra,Bhandara,21.54169,79.75545,567.97,488.21,0.0,0,0.0,OFFICIAL_ANNUAL_PLAN,OFFICIAL_SAME_PERIOD,SYNTHETIC_DAILY_CALIBRATED_TO_PUBLIC_ANNUAL_REFERENCE
PROD-0002147,2023-02-15,Chikla,Maharashtra,Bhandara,21.54169,79.75545,591.66,551.3,0.11,31,7.59,OFFICIAL_ANNUAL_PLAN,OFFICIAL_SAME_PERIOD,SYNTHETIC_DAILY_CALIBRATED_TO_PUBLIC_ANNUAL_REFERENCE
PROD-0002148,2023-02-16,Chikla,Maharashtra,Bhandara,21.54169,79.75545,541.91,494.56,1.95,0,0.0,OFFICIAL_ANNUAL_PLAN,OFFICIAL_SAME_PERIOD,SYNTHETIC_DAILY_CALIBRATED_TO_PUBLIC_ANNUAL_REFERENCE
PROD-0002149,2023-02-17,Chikla,Maharashtra,Bhandara,21.54169,79.75545,565.99,543.4,0.0,0,0.0,OFFICIAL_ANNUAL_PLAN,OFFICIAL_SAME_PERIOD,SYNTHETIC_DAILY_CALIBRATED_TO_PUBLIC_ANNUAL_REFERENCE
PROD-0002150,2023-02-18,Chikla,Maharashtra,Bhandara,21.54169,79.75545,652.05,544.65,7.34,0,0.0,OFFICIAL_ANNUAL_PLAN,OFFICIAL_SAME_PERIOD,SYNTHETIC_DAILY_CALIBRATED_TO_PUBLIC_ANNUAL_REFERENCE
PROD-0002151,2023-02-19,Chikla,Maharashtra,Bhandara,21.54169,79.75545,522.12,464.11,0.0,0,0.0,OFFICIAL_ANNUAL_PLAN,OFFICIAL_SAME_PERIOD,SYNTHETIC_DAILY_CALIBRATED_TO_PUBLIC_ANNUAL_REFERENCE
PROD-0002152,2023-02-20,Chikla,Maharashtra,Bhandara,21.54169,79.75545,508.25,467.52,0.0,0,0.0,OFFICIAL_ANNUAL_PLAN,OFFICIAL_SAME_PERIOD,SYNTHETIC_DAILY_CALIBRATED_TO_PUBLIC_ANNUAL_REFERENCE
PROD-0002153,2023-02-21,Chikla,Maharashtra,Bhandara,21.54169,79.75545,546.61,486.27,3.29,0,0.0,OFFICIAL_ANNUAL_PLAN,OFFICIAL_SAME_PERIOD,SYNTHETIC_DAILY_CALIBRATED_TO_PUBLIC_ANNUAL_REFERENCE
PROD-0002154,2023-02-22,Chikla,Maharashtra,Bhandara,21.54169,79.75545,574.51,520.51,0.0,0,0.0,OFFICIAL_ANNUAL_PLAN,OFFICIAL_SAME_PERIOD,SYNTHETIC_DAILY_CALIBRATED_TO_PUBLIC_ANNUAL_REFERENCE
PROD-0002155,2023-02-23,Chikla,Maharashtra,Bhandara,21.54169,79.75545,593.74,531.79,2.76,0,0.0,OFFICIAL_ANNUAL_PLAN,OFFICIAL_SAME_PERIOD,SYNTHETIC_DAILY_CALIBRATED_TO_PUBLIC_ANNUAL_REFERENCE
PROD-0002156,2023-02-24,Chikla,Maharashtra,Bhandara,21.54169,79.75545,516.08,478.5,2.14,0,0.0,OFFICIAL_ANNUAL_PLAN,OFFICIAL_SAME_PERIOD,SYNTHETIC_DAILY_CALIBRATED_TO_PUBLIC_ANNUAL_REFERENCE
PROD-0002157,2023-02-25,Chikla,Maharashtra,Bhandara,21.54169,79.75545,579.4,517.83,2.06,0,0.0,OFFICIAL_ANNUAL_PLAN,OFFICIAL_SAME_PERIOD,SYNTHETIC_DAILY_CALIBRATED_TO_PUBLIC_ANNUAL_REFERENCE
PROD-0002158,2023-02-26,Chikla,Maharashtra,Bhandara,21.54169,79.75545,505.03,469.55,1.05,0,0.0,OFFICIAL_ANNUAL_PLAN,OFFICIAL_SAME_PERIOD,SYNTHETIC_DAILY_CALIBRATED_TO_PUBLIC_ANNUAL_REFERENCE
PROD-0002159,2023-02-27,Chikla,Maharashtra,Bhandara,21.54169,79.75545,656.49,582.75,1.25,0,0.0,OFFICIAL_ANNUAL_PLAN,OFFICIAL_SAME_PERIOD,SYNTHETIC_DAILY_CALIBRATED_TO_PUBLIC_ANNUAL_REFERENCE
PROD-0002160,2023-02-28,Chikla,Maharashtra,Bhandara,21.54169,79.75545,532.73,480.13,0.39,0,0.0,OFFICIAL_ANNUAL_PLAN,OFFICIAL_SAME_PERIOD,SYNTHETIC_DAILY_CALIBRATED_TO_PUBLIC_ANNUAL_REFERENCE
PROD-0002161,2023-03-01,Chikla,Maharashtra,Bhandara,21.54169,79.75545,592.83,551.05,0.0,0,0.0,OFFICIAL_ANNUAL_PLAN,OFFICIAL_SAME_PERIOD,SYNTHETIC_DAILY_CALIBRATED_TO_PUBLIC_ANNUAL_REFERENCE
PROD-0002162,2023-03-02,Chikla,Maharashtra,Bhandara,21.54169,79.75545,566.85,513.37,3.35,0,0.0,OFFICIAL_ANNUAL_PLAN,OFFICIAL_SAME_PERIOD,SYNTHETIC_DAILY_CALIBRATED_TO_PUBLIC_ANNUAL_REFERENCE
PROD-0002163,2023-03-03,Chikla,Maharashtra,Bhandara,21.54169,79.75545,491.57,421.34,2.25,0,0.0,OFFICIAL_ANNUAL_PLAN,OFFICIAL_SAME_PERIOD,SYNTHETIC_DAILY_CALIBRATED_TO_PUBLIC_ANNUAL_REFERENCE
PROD-0002164,2023-03-04,Chikla,Maharashtra,Bhandara,21.54169,79.75545,593.49,553.69,0.0,0,0.0,OFFICIAL_ANNUAL_PLAN,OFFICIAL_SAME_PERIOD,SYNTHETIC_DAILY_CALIBRATED_TO_PUBLIC_ANNUAL_REFERENCE
PROD-0002165,2023-03-05,Chikla,Maharashtra,Bhandara,21.54169,79.75545,534.11,492.28,1.25,30,0.0,OFFICIAL_ANNUAL_PLAN,OFFICIAL_SAME_PERIOD,SYNTHETIC_DAILY_CALIBRATED_TO_PUBLIC_ANNUAL_REFERENCE
PROD-0002166,2023-03-06,Chikla,Maharashtra,Bhandara,21.54169,79.75545,556.37,514.34,0.0,0,0.0,OFFICIAL_ANNUAL_PLAN,OFFICIAL_SAME_PERIOD,SYNTHETIC_DAILY_CALIBRATED_TO_PUBLIC_ANNUAL_REFERENCE
PROD-0002167,2023-03-07,Chikla,Maharashtra,Bhandara,21.54169,79.75545,598.97,535.42,0.19,0,12.57,OFFICIAL_ANNUAL_PLAN,OFFICIAL_SAME_PERIOD,SYNTHETIC_DAILY_CALIBRATED_TO_PUBLIC_ANNUAL_REFERENCE
PROD-0002168,2023-03-08,Chikla,Maharashtra,Bhandara,21.54169,79.75545,566.99,477.32,6.03,0,0.0,OFFICIAL_ANNUAL_PLAN,OFFICIAL_SAME_PERIOD,SYNTHETIC_DAILY_CALIBRATED_TO_PUBLIC_ANNUAL_REFERENCE
PROD-0002169,2023-03-09,Chikla,Maharashtra,Bhandara,21.54169,79.75545,513.51,448.04,0.0,0,0.0,OFFICIAL_ANNUAL_PLAN,OFFICIAL_SAME_PERIOD,SYNTHETIC_DAILY_CALIBRATED_TO_PUBLIC_ANNUAL_REFERENCE
PROD-0002170,2023-03-10,Chikla,Maharashtra,Bhandara,21.54169,79.75545,619.9,545.44,2.11,0,0.0,OFFICIAL_ANNUAL_PLAN,OFFICIAL_SAME_PERIOD,SYNTHETIC_DAILY_CALIBRATED_TO_PUBLIC_ANNUAL_REFERENCE
PROD-0002171,2023-03-11,Chikla,Maharashtra,Bhandara,21.54169,79.75545,544.59,497.4,0.0,0,0.0,OFFICIAL_ANNUAL_PLAN,OFFICIAL_SAME_PERIOD,SYNTHETIC_DAILY_CALIBRATED_TO_PUBLIC_ANNUAL_REFERENCE
PROD-0002172,2023-03-12,Chikla,Maharashtra,Bhandara,21.54169,79.75545,531.41,468.36,0.69,0,0.0,OFFICIAL_ANNUAL_PLAN,OFFICIAL_SAME_PERIOD,SYNTHETIC_DAILY_CALIBRATED_TO_PUBLIC_ANNUAL_REFERENCE
PROD-0002173,2023-03-13,Chikla,Maharashtra,Bhandara,21.54169,79.75545,570.1,483.47,1.28,0,3.74,OFFICIAL_ANNUAL_PLAN,OFFICIAL_SAME_PERIOD,SYNTHETIC_DAILY_CALIBRATED_TO_PUBLIC_ANNUAL_REFERENCE
PROD-0002174,2023-03-14,Chikla,Maharashtra,Bhandara,21.54169,79.75545,556.33,506.07,0.0,0,0.0,OFFICIAL_ANNUAL_PLAN,OFFICIAL_SAME_PERIOD,SYNTHETIC_DAILY_CALIBRATED_TO_PUBLIC_ANNUAL_REFERENCE
PROD-0002175,2023-03-15,Chikla,Maharashtra,Bhandara,21.54169,79.75545,513.05,460.79,0.0,0,0.0,OFFICIAL_ANNUAL_PLAN,OFFICIAL_SAME_PERIOD,SYNTHETIC_DAILY_CALIBRATED_TO_PUBLIC_ANNUAL_REFERENCE
PROD-0002176,2023-03-16,Chikla,Maharashtra,Bhandara,21.54169,79.75545,548.41,516.21,0.0,0,0.0,OFFICIAL_ANNUAL_PLAN,OFFICIAL_SAME_PERIOD,SYNTHETIC_DAILY_CALIBRATED_TO_PUBLIC_ANNUAL_REFERENCE
PROD-0002177,2023-03-17,Chikla,Maharashtra,Bhandara,21.54169,79.75545,473.73,445.71,0.0,0,0.0,OFFICIAL_ANNUAL_PLAN,OFFICIAL_SAME_PERIOD,SYNTHETIC_DAILY_CALIBRATED_TO_PUBLIC_ANNUAL_REFERENCE
PROD-0002178,2023-03-18,Chikla,Maharashtra,Bhandara,21.54169,79.75545,586.99,522.86,1.62,0,0.0,OFFICIAL_ANNUAL_PLAN,OFFICIAL_SAME_PERIOD,SYNTHETIC_DAILY_CALIBRATED_TO_PUBLIC_ANNUAL_REFERENCE
PROD-0002179,2023-03-19,Chikla,Maharashtra,Bhandara,21.54169,79.75545,540.4,506.43,1.17,0,0.0,OFFICIAL_ANNUAL_PLAN,OFFICIAL_SAME_PERIOD,SYNTHETIC_DAILY_CALIBRATED_TO_PUBLIC_ANNUAL_REFERENCE
PROD-0002180,2023-03-20,Chikla,Maharashtra,Bhandara,21.54169,79.75545,593.51,514.23,2.9,0,0.0,OFFICIAL_ANNUAL_PLAN,OFFICIAL_SAME_PERIOD,SYNTHETIC_DAILY_CALIBRATED_TO_PUBLIC_ANNUAL_REFERENCE
PROD-0002181,2023-03-21,Chikla,Maharashtra,Bhandara,21.54169,79.75545,537.56,490.36,2.11,0,0.0,OFFICIAL_ANNUAL_PLAN,OFFICIAL_SAME_PERIOD,SYNTHETIC_DAILY_CALIBRATED_TO_PUBLIC_ANNUAL_REFERENCE
PROD-0002182,2023-03-22,Chikla,Maharashtra,Bhandara,21.54169,79.75545,553.18,471.78,6.5,0,0.0,OFFICIAL_ANNUAL_PLAN,OFFICIAL_SAME_PERIOD,SYNTHETIC_DAILY_CALIBRATED_TO_PUBLIC_ANNUAL_REFERENCE
PROD-0002183,2023-03-23,Chikla,Maharashtra,Bhandara,21.54169,79.75545,564.84,507.6,0.0,0,0.0,OFFICIAL_ANNUAL_PLAN,OFFICIAL_SAME_PERIOD,SYNTHETIC_DAILY_CALIBRATED_TO_PUBLIC_ANNUAL_REFERENCE
PROD-0002184,2023-03-24,Chikla,Maharashtra,Bhandara,21.54169,79.75545,548.46,525.38,0.0,0,0.0,OFFICIAL_ANNUAL_PLAN,OFFICIAL_SAME_PERIOD,SYNTHETIC_DAILY_CALIBRATED_TO_PUBLIC_ANNUAL_REFERENCE
PROD-0002185,2023-03-25,Chikla,Maharashtra,Bhandara,21.54169,79.75545,591.36,550.0,0.06,0,3.68,OFFICIAL_ANNUAL_PLAN,OFFICIAL_SAME_PERIOD,SYNTHETIC_DAILY_CALIBRATED_TO_PUBLIC_ANNUAL_REFERENCE
PROD-0002186,2023-03-26,Chikla,Maharashtra,Bhandara,21.54169,79.75545,539.67,509.46,0.0,0,0.0,OFFICIAL_ANNUAL_PLAN,OFFICIAL_SAME_PERIOD,SYNTHETIC_DAILY_CALIBRATED_TO_PUBLIC_ANNUAL_REFERENCE
PROD-0002187,2023-03-27,Chikla,Maharashtra,Bhandara,21.54169,79.75545,509.55,458.78,0.0,0,0.0,OFFICIAL_ANNUAL_PLAN,OFFICIAL_SAME_PERIOD,SYNTHETIC_DAILY_CALIBRATED_TO_PUBLIC_ANNUAL_REFERENCE
PROD-0002188,2023-03-28,Chikla,Maharashtra,Bhandara,21.54169,79.75545,544.84,492.08,0.0,0,0.0,OFFICIAL_ANNUAL_PLAN,OFFICIAL_SAME_PERIOD,SYNTHETIC_DAILY_CALIBRATED_TO_PUBLIC_ANNUAL_REFERENCE
PROD-0002189,2023-03-29,Chikla,Maharashtra,Bhandara,21.54169,79.75545,531.22,487.21,0.0,0,0.0,OFFICIAL_ANNUAL_PLAN,OFFICIAL_SAME_PERIOD,SYNTHETIC_DAILY_CALIBRATED_TO_PUBLIC_ANNUAL_REFERENCE
PROD-0002190,2023-03-30,Chikla,Maharashtra,Bhandara,21.54169,79.75545,572.52,533.86,1.9,0,0.0,OFFICIAL_ANNUAL_PLAN,OFFICIAL_SAME_PERIOD,SYNTHETIC_DAILY_CALIBRATED_TO_PUBLIC_ANNUAL_REFERENCE
PROD-0002191,2023-03-31,Chikla,Maharashtra,Bhandara,21.54169,79.75545,574.9100000000001,501.91,0.0,0,0.0,OFFICIAL_ANNUAL_PLAN,OFFICIAL_SAME_PERIOD,SYNTHETIC_DAILY_CALIBRATED_TO_PUBLIC_ANNUAL_REFERENCE
PROD-0002192,2009-04-01,Dongri Buzurg,Maharashtra,Bhandara,21.546128,79.686722,881.16,695.98,1.24,0,0.0,HISTORICAL_ROM_CAPACITY_PROXY,PROXY_NOT_SAME_PERIOD_PLAN,SYNTHETIC_DAILY_CALIBRATED_TO_PUBLIC_ANNUAL_REFERENCE
PROD-0002193,2009-04-02,Dongri Buzurg,Maharashtra,Bhandara,21.546128,79.686722,847.97,682.87,1.63,0,0.0,HISTORICAL_ROM_CAPACITY_PROXY,PROXY_NOT_SAME_PERIOD_PLAN,SYNTHETIC_DAILY_CALIBRATED_TO_PUBLIC_ANNUAL_REFERENCE
PROD-0002194,2009-04-03,Dongri Buzurg,Maharashtra,Bhandara,21.546128,79.686722,1015.63,807.76,1.94,0,0.0,HISTORICAL_ROM_CAPACITY_PROXY,PROXY_NOT_SAME_PERIOD_PLAN,SYNTHETIC_DAILY_CALIBRATED_TO_PUBLIC_ANNUAL_REFERENCE
PROD-0002195,2009-04-04,Dongri Buzurg,Maharashtra,Bhandara,21.546128,79.686722,988.45,790.61,3.05,0,0.0,HISTORICAL_ROM_CAPACITY_PROXY,PROXY_NOT_SAME_PERIOD_PLAN,SYNTHETIC_DAILY_CALIBRATED_TO_PUBLIC_ANNUAL_REFERENCE
PROD-0002196,2009-04-05,Dongri Buzurg,Maharashtra,Bhandara,21.546128,79.686722,1027.04,870.03,0.0,32,0.0,HISTORICAL_ROM_CAPACITY_PROXY,PROXY_NOT_SAME_PERIOD_PLAN,SYNTHETIC_DAILY_CALIBRATED_TO_PUBLIC_ANNUAL_REFERENCE
PROD-0002197,2009-04-06,Dongri Buzurg,Maharashtra,Bhandara,21.546128,79.686722,1072.06,870.47,1.97,0,0.0,HISTORICAL_ROM_CAPACITY_PROXY,PROXY_NOT_SAME_PERIOD_PLAN,SYNTHETIC_DAILY_CALIBRATED_TO_PUBLIC_ANNUAL_REFERENCE
PROD-0002198,2009-04-07,Dongri Buzurg,Maharashtra,Bhandara,21.546128,79.686722,900.53,705.42,3.1,0,0.0,HISTORICAL_ROM_CAPACITY_PROXY,PROXY_NOT_SAME_PERIOD_PLAN,SYNTHETIC_DAILY_CALIBRATED_TO_PUBLIC_ANNUAL_REFERENCE
PROD-0002199,2009-04-08,Dongri Buzurg,Maharashtra,Bhandara,21.546128,79.686722,1049.04,876.78,0.0,0,0.0,HISTORICAL_ROM_CAPACITY_PROXY,PROXY_NOT_SAME_PERIOD_PLAN,SYNTHETIC_DAILY_CALIBRATED_TO_PUBLIC_ANNUAL_REFERENCE
PROD-0002200,2009-04-09,Dongri Buzurg,Maharashtra,Bhandara,21.546128,79.686722,837.43,658.31,1.54,0,0.0,HISTORICAL_ROM_CAPACITY_PROXY,PROXY_NOT_SAME_PERIOD_PLAN,SYNTHETIC_DAILY_CALIBRATED_TO_PUBLIC_ANNUAL_REFERENCE
PROD-0002201,2009-04-10,Dongri Buzurg,Maharashtra,Bhandara,21.546128,79.686722,925.21,768.39,0.0,68,0.0,HISTORICAL_ROM_CAPACITY_PROXY,PROXY_NOT_SAME_PERIOD_PLAN,SYNTHETIC_DAILY_CALIBRATED_TO_PUBLIC_ANNUAL_REFERENCE
PROD-0002202,2009-04-11,Dongri Buzurg,Maharashtra,Bhandara,21.546128,79.686722,901.11,738.82,1.09,0,0.0,HISTORICAL_ROM_CAPACITY_PROXY,PROXY_NOT_SAME_PERIOD_PLAN,SYNTHETIC_DAILY_CALIBRATED_TO_PUBLIC_ANNUAL_REFERENCE
PROD-0002203,2009-04-12,Dongri Buzurg,Maharashtra,Bhandara,21.546128,79.686722,1151.23,928.48,0.99,34,0.0,HISTORICAL_ROM_CAPACITY_PROXY,PROXY_NOT_SAME_PERIOD_PLAN,SYNTHETIC_DAILY_CALIBRATED_TO_PUBLIC_ANNUAL_REFERENCE
PROD-0002204,2009-04-13,Dongri Buzurg,Maharashtra,Bhandara,21.546128,79.686722,1054.47,859.6,2.0,0,0.0,HISTORICAL_ROM_CAPACITY_PROXY,PROXY_NOT_SAME_PERIOD_PLAN,SYNTHETIC_DAILY_CALIBRATED_TO_PUBLIC_ANNUAL_REFERENCE
PROD-0002205,2009-04-14,Dongri Buzurg,Maharashtra,Bhandara,21.546128,79.686722,906.79,754.52,0.0,0,0.0,HISTORICAL_ROM_CAPACITY_PROXY,PROXY_NOT_SAME_PERIOD_PLAN,SYNTHETIC_DAILY_CALIBRATED_TO_PUBLIC_ANNUAL_REFERENCE
PROD-0002206,2009-04-15,Dongri Buzurg,Maharashtra,Bhandara,21.546128,79.686722,997.13,795.83,1.84,0,0.84,HISTORICAL_ROM_CAPACITY_PROXY,PROXY_NOT_SAME_PERIOD_PLAN,SYNTHETIC_DAILY_CALIBRATED_TO_PUBLIC_ANNUAL_REFERENCE
PROD-0002207,2009-04-16,Dongri Buzurg,Maharashtra,Bhandara,21.546128,79.686722,875.25,698.51,0.0,0,0.0,HISTORICAL_ROM_CAPACITY_PROXY,PROXY_NOT_SAME_PERIOD_PLAN,SYNTHETIC_DAILY_CALIBRATED_TO_PUBLIC_ANNUAL_REFERENCE
PROD-0002208,2009-04-17,Dongri Buzurg,Maharashtra,Bhandara,21.546128,79.686722,993.19,833.69,0.0,0,0.0,HISTORICAL_ROM_CAPACITY_PROXY,PROXY_NOT_SAME_PERIOD_PLAN,SYNTHETIC_DAILY_CALIBRATED_TO_PUBLIC_ANNUAL_REFERENCE
PROD-0002209,2009-04-18,Dongri Buzurg,Maharashtra,Bhandara,21.546128,79.686722,838.02,663.72,2.21,36,0.0,HISTORICAL_ROM_CAPACITY_PROXY,PROXY_NOT_SAME_PERIOD_PLAN,SYNTHETIC_DAILY_CALIBRATED_TO_PUBLIC_ANNUAL_REFERENCE
PROD-0002210,2009-04-19,Dongri Buzurg,Maharashtra,Bhandara,21.546128,79.686722,1097.27,933.5,0.0,27,0.0,HISTORICAL_ROM_CAPACITY_PROXY,PROXY_NOT_SAME_PERIOD_PLAN,SYNTHETIC_DAILY_CALIBRATED_TO_PUBLIC_ANNUAL_REFERENCE
PROD-0002211,2009-04-20,Dongri Buzurg,Maharashtra,Bhandara,21.546128,79.686722,975.57,811.79,0.0,14,0.0,HISTORICAL_ROM_CAPACITY_PROXY,PROXY_NOT_SAME_PERIOD_PLAN,SYNTHETIC_DAILY_CALIBRATED_TO_PUBLIC_ANNUAL_REFERENCE
PROD-0002212,2009-04-21,Dongri Buzurg,Maharashtra,Bhandara,21.546128,79.686722,1058.99,816.0,5.51,0,0.0,HISTORICAL_ROM_CAPACITY_PROXY,PROXY_NOT_SAME_PERIOD_PLAN,SYNTHETIC_DAILY_CALIBRATED_TO_PUBLIC_ANNUAL_REFERENCE
PROD-0002213,2009-04-22,Dongri Buzurg,Maharashtra,Bhandara,21.546128,79.686722,871.49,714.55,0.1,0,6.54,HISTORICAL_ROM_CAPACITY_PROXY,PROXY_NOT_SAME_PERIOD_PLAN,SYNTHETIC_DAILY_CALIBRATED_TO_PUBLIC_ANNUAL_REFERENCE
PROD-0002214,2009-04-23,Dongri Buzurg,Maharashtra,Bhandara,21.546128,79.686722,1017.91,840.87,2.93,0,0.0,HISTORICAL_ROM_CAPACITY_PROXY,PROXY_NOT_SAME_PERIOD_PLAN,SYNTHETIC_DAILY_CALIBRATED_TO_PUBLIC_ANNUAL_REFERENCE
PROD-0002215,2009-04-24,Dongri Buzurg,Maharashtra,Bhandara,21.546128,79.686722,920.16,728.32,2.02,0,0.0,HISTORICAL_ROM_CAPACITY_PROXY,PROXY_NOT_SAME_PERIOD_PLAN,SYNTHETIC_DAILY_CALIBRATED_TO_PUBLIC_ANNUAL_REFERENCE
PROD-0002216,2009-04-25,Dongri Buzurg,Maharashtra,Bhandara,21.546128,79.686722,939.86,780.67,1.71,0,0.0,HISTORICAL_ROM_CAPACITY_PROXY,PROXY_NOT_SAME_PERIOD_PLAN,SYNTHETIC_DAILY_CALIBRATED_TO_PUBLIC_ANNUAL_REFERENCE
PROD-0002217,2009-04-26,Dongri Buzurg,Maharashtra,Bhandara,21.546128,79.686722,1020.49,817.79,1.15,0,0.0,HISTORICAL_ROM_CAPACITY_PROXY,PROXY_NOT_SAME_PERIOD_PLAN,SYNTHETIC_DAILY_CALIBRATED_TO_PUBLIC_ANNUAL_REFERENCE
PROD-0002218,2009-04-27,Dongri Buzurg,Maharashtra,Bhandara,21.546128,79.686722,1034.55,847.29,1.72,0,0.0,HISTORICAL_ROM_CAPACITY_PROXY,PROXY_NOT_SAME_PERIOD_PLAN,SYNTHETIC_DAILY_CALIBRATED_TO_PUBLIC_ANNUAL_REFERENCE
PROD-0002219,2009-04-28,Dongri Buzurg,Maharashtra,Bhandara,21.546128,79.686722,1008.67,785.14,5.98,0,0.0,HISTORICAL_ROM_CAPACITY_PROXY,PROXY_NOT_SAME_PERIOD_PLAN,SYNTHETIC_DAILY_CALIBRATED_TO_PUBLIC_ANNUAL_REFERENCE
PROD-0002220,2009-04-29,Dongri Buzurg,Maharashtra,Bhandara,21.546128,79.686722,991.95,770.82,3.92,0,1.01,HISTORICAL_ROM_CAPACITY_PROXY,PROXY_NOT_SAME_PERIOD_PLAN,SYNTHETIC_DAILY_CALIBRATED_TO_PUBLIC_ANNUAL_REFERENCE
PROD-0002221,2009-04-30,Dongri Buzurg,Maharashtra,Bhandara,21.546128,79.686722,850.23,717.69,0.0,0,0.0,HISTORICAL_ROM_CAPACITY_PROXY,PROXY_NOT_SAME_PERIOD_PLAN,SYNTHETIC_DAILY_CALIBRATED_TO_PUBLIC_ANNUAL_REFERENCE
PROD-0002222,2009-05-01,Dongri Buzurg,Maharashtra,Bhandara,21.546128,79.686722,1074.32,895.76,0.0,0,0.0,HISTORICAL_ROM_CAPACITY_PROXY,PROXY_NOT_SAME_PERIOD_PLAN,SYNTHETIC_DAILY_CALIBRATED_TO_PUBLIC_ANNUAL_REFERENCE
PROD-0002223,2009-05-02,Dongri Buzurg,Maharashtra,Bhandara,21.546128,79.686722,879.1,717.41,1.76,0,0.0,HISTORICAL_ROM_CAPACITY_PROXY,PROXY_NOT_SAME_PERIOD_PLAN,SYNTHETIC_DAILY_CALIBRATED_TO_PUBLIC_ANNUAL_REFERENCE
PROD-0002224,2009-05-03,Dongri Buzurg,Maharashtra,Bhandara,21.546128,79.686722,947.14,768.8,1.28,0,0.0,HISTORICAL_ROM_CAPACITY_PROXY,PROXY_NOT_SAME_PERIOD_PLAN,SYNTHETIC_DAILY_CALIBRATED_TO_PUBLIC_ANNUAL_REFERENCE
PROD-0002225,2009-05-04,Dongri Buzurg,Maharashtra,Bhandara,21.546128,79.686722,867.75,705.07,0.0,49,0.0,HISTORICAL_ROM_CAPACITY_PROXY,PROXY_NOT_SAME_PERIOD_PLAN,SYNTHETIC_DAILY_CALIBRATED_TO_PUBLIC_ANNUAL_REFERENCE
PROD-0002226,2009-05-05,Dongri Buzurg,Maharashtra,Bhandara,21.546128,79.686722,957.76,801.39,0.0,0,0.0,HISTORICAL_ROM_CAPACITY_PROXY,PROXY_NOT_SAME_PERIOD_PLAN,SYNTHETIC_DAILY_CALIBRATED_TO_PUBLIC_ANNUAL_REFERENCE
PROD-0002227,2009-05-06,Dongri Buzurg,Maharashtra,Bhandara,21.546128,79.686722,939.37,745.75,0.39,0,0.0,HISTORICAL_ROM_CAPACITY_PROXY,PROXY_NOT_SAME_PERIOD_PLAN,SYNTHETIC_DAILY_CALIBRATED_TO_PUBLIC_ANNUAL_REFERENCE
PROD-0002228,2009-05-07,Dongri Buzurg,Maharashtra,Bhandara,21.546128,79.686722,914.49,759.23,0.0,0,0.0,HISTORICAL_ROM_CAPACITY_PROXY,PROXY_NOT_SAME_PERIOD_PLAN,SYNTHETIC_DAILY_CALIBRATED_TO_PUBLIC_ANNUAL_REFERENCE
PROD-0002229,2009-05-08,Dongri Buzurg,Maharashtra,Bhandara,21.546128,79.686722,842.04,710.08,0.0,0,0.0,HISTORICAL_ROM_CAPACITY_PROXY,PROXY_NOT_SAME_PERIOD_PLAN,SYNTHETIC_DAILY_CALIBRATED_TO_PUBLIC_ANNUAL_REFERENCE
PROD-0002230,2009-05-09,Dongri Buzurg,Maharashtra,Bhandara,21.546128,79.686722,930.19,751.21,0.0,0,0.0,HISTORICAL_ROM_CAPACITY_PROXY,PROXY_NOT_SAME_PERIOD_PLAN,SYNTHETIC_DAILY_CALIBRATED_TO_PUBLIC_ANNUAL_REFERENCE
PROD-0002231,2009-05-10,Dongri Buzurg,Maharashtra,Bhandara,21.546128,79.686722,924.47,749.22,0.0,0,0.0,HISTORICAL_ROM_CAPACITY_PROXY,PROXY_NOT_SAME_PERIOD_PLAN,SYNTHETIC_DAILY_CALIBRATED_TO_PUBLIC_ANNUAL_REFERENCE
PROD-0002232,2009-05-11,Dongri Buzurg,Maharashtra,Bhandara,21.546128,79.686722,923.48,764.01,0.0,0,0.0,HISTORICAL_ROM_CAPACITY_PROXY,PROXY_NOT_SAME_PERIOD_PLAN,SYNTHETIC_DAILY_CALIBRATED_TO_PUBLIC_ANNUAL_REFERENCE
PROD-0002233,2009-05-12,Dongri Buzurg,Maharashtra,Bhandara,21.546128,79.686722,957.73,840.63,0.04,0,0.0,HISTORICAL_ROM_CAPACITY_PROXY,PROXY_NOT_SAME_PERIOD_PLAN,SYNTHETIC_DAILY_CALIBRATED_TO_PUBLIC_ANNUAL_REFERENCE
PROD-0002234,2009-05-13,Dongri Buzurg,Maharashtra,Bhandara,21.546128,79.686722,940.73,805.27,3.31,0,0.0,HISTORICAL_ROM_CAPACITY_PROXY,PROXY_NOT_SAME_PERIOD_PLAN,SYNTHETIC_DAILY_CALIBRATED_TO_PUBLIC_ANNUAL_REFERENCE
PROD-0002235,2009-05-14,Dongri Buzurg,Maharashtra,Bhandara,21.546128,79.686722,1039.11,826.66,2.16,0,5.24,HISTORICAL_ROM_CAPACITY_PROXY,PROXY_NOT_SAME_PERIOD_PLAN,SYNTHETIC_DAILY_CALIBRATED_TO_PUBLIC_ANNUAL_REFERENCE
PROD-0002236,2009-05-15,Dongri Buzurg,Maharashtra,Bhandara,21.546128,79.686722,1101.93,860.66,1.92,0,0.0,HISTORICAL_ROM_CAPACITY_PROXY,PROXY_NOT_SAME_PERIOD_PLAN,SYNTHETIC_DAILY_CALIBRATED_TO_PUBLIC_ANNUAL_REFERENCE
PROD-0002237,2009-05-16,Dongri Buzurg,Maharashtra,Bhandara,21.546128,79.686722,952.2,779.87,0.87,0,0.0,HISTORICAL_ROM_CAPACITY_PROXY,PROXY_NOT_SAME_PERIOD_PLAN,SYNTHETIC_DAILY_CALIBRATED_TO_PUBLIC_ANNUAL_REFERENCE
PROD-0002238,2009-05-17,Dongri Buzurg,Maharashtra,Bhandara,21.546128,79.686722,988.48,839.48,0.63,0,5.23,HISTORICAL_ROM_CAPACITY_PROXY,PROXY_NOT_SAME_PERIOD_PLAN,SYNTHETIC_DAILY_CALIBRATED_TO_PUBLIC_ANNUAL_REFERENCE
PROD-0002239,2009-05-18,Dongri Buzurg,Maharashtra,Bhandara,21.546128,79.686722,1030.52,857.51,0.0,0,0.0,HISTORICAL_ROM_CAPACITY_PROXY,PROXY_NOT_SAME_PERIOD_PLAN,SYNTHETIC_DAILY_CALIBRATED_TO_PUBLIC_ANNUAL_REFERENCE
PROD-0002240,2009-05-19,Dongri Buzurg,Maharashtra,Bhandara,21.546128,79.686722,940.75,781.5,0.0,0,0.0,HISTORICAL_ROM_CAPACITY_PROXY,PROXY_NOT_SAME_PERIOD_PLAN,SYNTHETIC_DAILY_CALIBRATED_TO_PUBLIC_ANNUAL_REFERENCE
PROD-0002241,2009-05-20,Dongri Buzurg,Maharashtra,Bhandara,21.546128,79.686722,954.07,791.63,0.0,0,0.0,HISTORICAL_ROM_CAPACITY_PROXY,PROXY_NOT_SAME_PERIOD_PLAN,SYNTHETIC_DAILY_CALIBRATED_TO_PUBLIC_ANNUAL_REFERENCE
PROD-0002242,2009-05-21,Dongri Buzurg,Maharashtra,Bhandara,21.546128,79.686722,940.82,771.82,0.66,0,0.0,HISTORICAL_ROM_CAPACITY_PROXY,PROXY_NOT_SAME_PERIOD_PLAN,SYNTHETIC_DAILY_CALIBRATED_TO_PUBLIC_ANNUAL_REFERENCE
PROD-0002243,2009-05-22,Dongri Buzurg,Maharashtra,Bhandara,21.546128,79.686722,1083.47,895.71,1.41,0,0.0,HISTORICAL_ROM_CAPACITY_PROXY,PROXY_NOT_SAME_PERIOD_PLAN,SYNTHETIC_DAILY_CALIBRATED_TO_PUBLIC_ANNUAL_REFERENCE
PROD-0002244,2009-05-23,Dongri Buzurg,Maharashtra,Bhandara,21.546128,79.686722,1029.69,852.35,1.32,18,11.26,HISTORICAL_ROM_CAPACITY_PROXY,PROXY_NOT_SAME_PERIOD_PLAN,SYNTHETIC_DAILY_CALIBRATED_TO_PUBLIC_ANNUAL_REFERENCE
PROD-0002245,2009-05-24,Dongri Buzurg,Maharashtra,Bhandara,21.546128,79.686722,905.4,744.47,0.0,0,0.0,HISTORICAL_ROM_CAPACITY_PROXY,PROXY_NOT_SAME_PERIOD_PLAN,SYNTHETIC_DAILY_CALIBRATED_TO_PUBLIC_ANNUAL_REFERENCE
PROD-0002246,2009-05-25,Dongri Buzurg,Maharashtra,Bhandara,21.546128,79.686722,931.32,698.02,2.32,36,0.0,HISTORICAL_ROM_CAPACITY_PROXY,PROXY_NOT_SAME_PERIOD_PLAN,SYNTHETIC_DAILY_CALIBRATED_TO_PUBLIC_ANNUAL_REFERENCE
PROD-0002247,2009-05-26,Dongri Buzurg,Maharashtra,Bhandara,21.546128,79.686722,883.7,725.14,0.0,0,0.0,HISTORICAL_ROM_CAPACITY_PROXY,PROXY_NOT_SAME_PERIOD_PLAN,SYNTHETIC_DAILY_CALIBRATED_TO_PUBLIC_ANNUAL_REFERENCE
PROD-0002248,2009-05-27,Dongri Buzurg,Maharashtra,Bhandara,21.546128,79.686722,1141.4,909.95,0.66,0,0.0,HISTORICAL_ROM_CAPACITY_PROXY,PROXY_NOT_SAME_PERIOD_PLAN,SYNTHETIC_DAILY_CALIBRATED_TO_PUBLIC_ANNUAL_REFERENCE
PROD-0002249,2009-05-28,Dongri Buzurg,Maharashtra,Bhandara,21.546128,79.686722,887.83,698.33,1.37,0,0.0,HISTORICAL_ROM_CAPACITY_PROXY,PROXY_NOT_SAME_PERIOD_PLAN,SYNTHETIC_DAILY_CALIBRATED_TO_PUBLIC_ANNUAL_REFERENCE
PROD-0002250,2009-05-29,Dongri Buzurg,Maharashtra,Bhandara,21.546128,79.686722,925.05,724.0,0.03,0,2.13,HISTORICAL_ROM_CAPACITY_PROXY,PROXY_NOT_SAME_PERIOD_PLAN,SYNTHETIC_DAILY_CALIBRATED_TO_PUBLIC_ANNUAL_REFERENCE
PROD-0002251,2009-05-30,Dongri Buzurg,Maharashtra,Bhandara,21.546128,79.686722,1020.28,840.79,1.1,0,0.0,HISTORICAL_ROM_CAPACITY_PROXY,PROXY_NOT_SAME_PERIOD_PLAN,SYNTHETIC_DAILY_CALIBRATED_TO_PUBLIC_ANNUAL_REFERENCE
PROD-0002252,2009-05-31,Dongri Buzurg,Maharashtra,Bhandara,21.546128,79.686722,993.57,799.91,1.91,0,0.0,HISTORICAL_ROM_CAPACITY_PROXY,PROXY_NOT_SAME_PERIOD_PLAN,SYNTHETIC_DAILY_CALIBRATED_TO_PUBLIC_ANNUAL_REFERENCE
PROD-0002253,2009-06-01,Dongri Buzurg,Maharashtra,Bhandara,21.546128,79.686722,1013.51,851.48,0.31,0,7.61,HISTORICAL_ROM_CAPACITY_PROXY,PROXY_NOT_SAME_PERIOD_PLAN,SYNTHETIC_DAILY_CALIBRATED_TO_PUBLIC_ANNUAL_REFERENCE
PROD-0002254,2009-06-02,Dongri Buzurg,Maharashtra,Bhandara,21.546128,79.686722,1005.56,847.32,0.0,5,0.0,HISTORICAL_ROM_CAPACITY_PROXY,PROXY_NOT_SAME_PERIOD_PLAN,SYNTHETIC_DAILY_CALIBRATED_TO_PUBLIC_ANNUAL_REFERENCE
PROD-0002255,2009-06-03,Dongri Buzurg,Maharashtra,Bhandara,21.546128,79.686722,907.81,649.78,2.05,38,50.87,HISTORICAL_ROM_CAPACITY_PROXY,PROXY_NOT_SAME_PERIOD_PLAN,SYNTHETIC_DAILY_CALIBRATED_TO_PUBLIC_ANNUAL_REFERENCE
PROD-0002256,2009-06-04,Dongri Buzurg,Maharashtra,Bhandara,21.546128,79.686722,1038.25,848.3,2.05,16,0.0,HISTORICAL_ROM_CAPACITY_PROXY,PROXY_NOT_SAME_PERIOD_PLAN,SYNTHETIC_DAILY_CALIBRATED_TO_PUBLIC_ANNUAL_REFERENCE
PROD-0002257,2009-06-05,Dongri Buzurg,Maharashtra,Bhandara,21.546128,79.686722,953.52,695.32,7.04,39,49.65,HISTORICAL_ROM_CAPACITY_PROXY,PROXY_NOT_SAME_PERIOD_PLAN,SYNTHETIC_DAILY_CALIBRATED_TO_PUBLIC_ANNUAL_REFERENCE
PROD-0002258,2009-06-06,Dongri Buzurg,Maharashtra,Bhandara,21.546128,79.686722,879.68,758.6,0.16,0,10.44,HISTORICAL_ROM_CAPACITY_PROXY,PROXY_NOT_SAME_PERIOD_PLAN,SYNTHETIC_DAILY_CALIBRATED_TO_PUBLIC_ANNUAL_REFERENCE
PROD-0002259,2009-06-07,Dongri Buzurg,Maharashtra,Bhandara,21.546128,79.686722,922.13,732.33,2.0,0,12.33,HISTORICAL_ROM_CAPACITY_PROXY,PROXY_NOT_SAME_PERIOD_PLAN,SYNTHETIC_DAILY_CALIBRATED_TO_PUBLIC_ANNUAL_REFERENCE
PROD-0002260,2009-06-08,Dongri Buzurg,Maharashtra,Bhandara,21.546128,79.686722,996.95,819.1,0.39,0,26.23,HISTORICAL_ROM_CAPACITY_PROXY,PROXY_NOT_SAME_PERIOD_PLAN,SYNTHETIC_DAILY_CALIBRATED_TO_PUBLIC_ANNUAL_REFERENCE
PROD-0002261,2009-06-09,Dongri Buzurg,Maharashtra,Bhandara,21.546128,79.686722,960.59,810.98,0.0,0,0.0,HISTORICAL_ROM_CAPACITY_PROXY,PROXY_NOT_SAME_PERIOD_PLAN,SYNTHETIC_DAILY_CALIBRATED_TO_PUBLIC_ANNUAL_REFERENCE
PROD-0002262,2009-06-10,Dongri Buzurg,Maharashtra,Bhandara,21.546128,79.686722,912.82,769.89,0.27,0,17.92,HISTORICAL_ROM_CAPACITY_PROXY,PROXY_NOT_SAME_PERIOD_PLAN,SYNTHETIC_DAILY_CALIBRATED_TO_PUBLIC_ANNUAL_REFERENCE
PROD-0002263,2009-06-11,Dongri Buzurg,Maharashtra,Bhandara,21.546128,79.686722,864.12,680.71,1.94,0,0.0,HISTORICAL_ROM_CAPACITY_PROXY,PROXY_NOT_SAME_PERIOD_PLAN,SYNTHETIC_DAILY_CALIBRATED_TO_PUBLIC_ANNUAL_REFERENCE
PROD-0002264,2009-06-12,Dongri Buzurg,Maharashtra,Bhandara,21.546128,79.686722,959.96,794.68,1.14,18,7.95,HISTORICAL_ROM_CAPACITY_PROXY,PROXY_NOT_SAME_PERIOD_PLAN,SYNTHETIC_DAILY_CALIBRATED_TO_PUBLIC_ANNUAL_REFERENCE
PROD-0002265,2009-06-13,Dongri Buzurg,Maharashtra,Bhandara,21.546128,79.686722,838.18,669.5,0.12,10,8.05,HISTORICAL_ROM_CAPACITY_PROXY,PROXY_NOT_SAME_PERIOD_PLAN,SYNTHETIC_DAILY_CALIBRATED_TO_PUBLIC_ANNUAL_REFERENCE
PROD-0002266,2009-06-14,Dongri Buzurg,Maharashtra,Bhandara,21.546128,79.686722,967.22,768.94,3.91,0,0.0,HISTORICAL_ROM_CAPACITY_PROXY,PROXY_NOT_SAME_PERIOD_PLAN,SYNTHETIC_DAILY_CALIBRATED_TO_PUBLIC_ANNUAL_REFERENCE
PROD-0002267,2009-06-15,Dongri Buzurg,Maharashtra,Bhandara,21.546128,79.686722,952.09,762.24,1.17,0,11.01,HISTORICAL_ROM_CAPACITY_PROXY,PROXY_NOT_SAME_PERIOD_PLAN,SYNTHETIC_DAILY_CALIBRATED_TO_PUBLIC_ANNUAL_REFERENCE
PROD-0002268,2009-06-16,Dongri Buzurg,Maharashtra,Bhandara,21.546128,79.686722,992.44,820.29,0.32,0,21.6,HISTORICAL_ROM_CAPACITY_PROXY,PROXY_NOT_SAME_PERIOD_PLAN,SYNTHETIC_DAILY_CALIBRATED_TO_PUBLIC_ANNUAL_REFERENCE
PROD-0002269,2009-06-17,Dongri Buzurg,Maharashtra,Bhandara,21.546128,79.686722,966.22,813.9,0.0,0,0.0,HISTORICAL_ROM_CAPACITY_PROXY,PROXY_NOT_SAME_PERIOD_PLAN,SYNTHETIC_DAILY_CALIBRATED_TO_PUBLIC_ANNUAL_REFERENCE
PROD-0002270,2009-06-18,Dongri Buzurg,Maharashtra,Bhandara,21.546128,79.686722,967.38,741.56,3.06,0,34.94,HISTORICAL_ROM_CAPACITY_PROXY,PROXY_NOT_SAME_PERIOD_PLAN,SYNTHETIC_DAILY_CALIBRATED_TO_PUBLIC_ANNUAL_REFERENCE
PROD-0002271,2009-06-19,Dongri Buzurg,Maharashtra,Bhandara,21.546128,79.686722,1006.71,798.61,0.09,0,6.24,HISTORICAL_ROM_CAPACITY_PROXY,PROXY_NOT_SAME_PERIOD_PLAN,SYNTHETIC_DAILY_CALIBRATED_TO_PUBLIC_ANNUAL_REFERENCE
PROD-0002272,2009-06-20,Dongri Buzurg,Maharashtra,Bhandara,21.546128,79.686722,847.15,710.11,2.73,0,0.0,HISTORICAL_ROM_CAPACITY_PROXY,PROXY_NOT_SAME_PERIOD_PLAN,SYNTHETIC_DAILY_CALIBRATED_TO_PUBLIC_ANNUAL_REFERENCE
PROD-0002273,2009-06-21,Dongri Buzurg,Maharashtra,Bhandara,21.546128,79.686722,1060.95,852.85,0.0,0,0.0,HISTORICAL_ROM_CAPACITY_PROXY,PROXY_NOT_SAME_PERIOD_PLAN,SYNTHETIC_DAILY_CALIBRATED_TO_PUBLIC_ANNUAL_REFERENCE
PROD-0002274,2009-06-22,Dongri Buzurg,Maharashtra,Bhandara,21.546128,79.686722,936.58,762.46,0.3,0,19.96,HISTORICAL_ROM_CAPACITY_PROXY,PROXY_NOT_SAME_PERIOD_PLAN,SYNTHETIC_DAILY_CALIBRATED_TO_PUBLIC_ANNUAL_REFERENCE
PROD-0002275,2009-06-23,Dongri Buzurg,Maharashtra,Bhandara,21.546128,79.686722,1064.1,865.1,0.45,15,30.25,HISTORICAL_ROM_CAPACITY_PROXY,PROXY_NOT_SAME_PERIOD_PLAN,SYNTHETIC_DAILY_CALIBRATED_TO_PUBLIC_ANNUAL_REFERENCE
PROD-0002276,2009-06-24,Dongri Buzurg,Maharashtra,Bhandara,21.546128,79.686722,861.92,718.93,2.23,0,0.0,HISTORICAL_ROM_CAPACITY_PROXY,PROXY_NOT_SAME_PERIOD_PLAN,SYNTHETIC_DAILY_CALIBRATED_TO_PUBLIC_ANNUAL_REFERENCE
PROD-0002277,2009-06-25,Dongri Buzurg,Maharashtra,Bhandara,21.546128,79.686722,856.04,697.77,0.14,0,9.6,HISTORICAL_ROM_CAPACITY_PROXY,PROXY_NOT_SAME_PERIOD_PLAN,SYNTHETIC_DAILY_CALIBRATED_TO_PUBLIC_ANNUAL_REFERENCE
PROD-0002278,2009-06-26,Dongri Buzurg,Maharashtra,Bhandara,21.546128,79.686722,902.15,733.09,2.69,0,0.0,HISTORICAL_ROM_CAPACITY_PROXY,PROXY_NOT_SAME_PERIOD_PLAN,SYNTHETIC_DAILY_CALIBRATED_TO_PUBLIC_ANNUAL_REFERENCE
PROD-0002279,2009-06-27,Dongri Buzurg,Maharashtra,Bhandara,21.546128,79.686722,852.46,696.81,2.03,0,35.34,HISTORICAL_ROM_CAPACITY_PROXY,PROXY_NOT_SAME_PERIOD_PLAN,SYNTHETIC_DAILY_CALIBRATED_TO_PUBLIC_ANNUAL_REFERENCE
PROD-0002280,2009-06-28,Dongri Buzurg,Maharashtra,Bhandara,21.546128,79.686722,913.37,764.12,0.31,76,20.64,HISTORICAL_ROM_CAPACITY_PROXY,PROXY_NOT_SAME_PERIOD_PLAN,SYNTHETIC_DAILY_CALIBRATED_TO_PUBLIC_ANNUAL_REFERENCE
PROD-0002281,2009-06-29,Dongri Buzurg,Maharashtra,Bhandara,21.546128,79.686722,1030.13,838.87,0.81,0,1.72,HISTORICAL_ROM_CAPACITY_PROXY,PROXY_NOT_SAME_PERIOD_PLAN,SYNTHETIC_DAILY_CALIBRATED_TO_PUBLIC_ANNUAL_REFERENCE
PROD-0002282,2009-06-30,Dongri Buzurg,Maharashtra,Bhandara,21.546128,79.686722,979.11,817.63,0.91,0,0.0,HISTORICAL_ROM_CAPACITY_PROXY,PROXY_NOT_SAME_PERIOD_PLAN,SYNTHETIC_DAILY_CALIBRATED_TO_PUBLIC_ANNUAL_REFERENCE
PROD-0002283,2009-07-01,Dongri Buzurg,Maharashtra,Bhandara,21.546128,79.686722,974.75,777.03,0.0,0,0.0,HISTORICAL_ROM_CAPACITY_PROXY,PROXY_NOT_SAME_PERIOD_PLAN,SYNTHETIC_DAILY_CALIBRATED_TO_PUBLIC_ANNUAL_REFERENCE
PROD-0002284,2009-07-02,Dongri Buzurg,Maharashtra,Bhandara,21.546128,79.686722,1024.47,780.17,3.9,0,25.66,HISTORICAL_ROM_CAPACITY_PROXY,PROXY_NOT_SAME_PERIOD_PLAN,SYNTHETIC_DAILY_CALIBRATED_TO_PUBLIC_ANNUAL_REFERENCE
PROD-0002285,2009-07-03,Dongri Buzurg,Maharashtra,Bhandara,21.546128,79.686722,975.14,781.58,0.79,0,0.0,HISTORICAL_ROM_CAPACITY_PROXY,PROXY_NOT_SAME_PERIOD_PLAN,SYNTHETIC_DAILY_CALIBRATED_TO_PUBLIC_ANNUAL_REFERENCE
PROD-0002286,2009-07-04,Dongri Buzurg,Maharashtra,Bhandara,21.546128,79.686722,997.76,749.85,4.88,0,0.0,HISTORICAL_ROM_CAPACITY_PROXY,PROXY_NOT_SAME_PERIOD_PLAN,SYNTHETIC_DAILY_CALIBRATED_TO_PUBLIC_ANNUAL_REFERENCE
PROD-0002287,2009-07-05,Dongri Buzurg,Maharashtra,Bhandara,21.546128,79.686722,838.98,723.6,0.25,0,16.72,HISTORICAL_ROM_CAPACITY_PROXY,PROXY_NOT_SAME_PERIOD_PLAN,SYNTHETIC_DAILY_CALIBRATED_TO_PUBLIC_ANNUAL_REFERENCE
PROD-0002288,2009-07-06,Dongri Buzurg,Maharashtra,Bhandara,21.546128,79.686722,1065.37,868.73,0.95,22,63.43,HISTORICAL_ROM_CAPACITY_PROXY,PROXY_NOT_SAME_PERIOD_PLAN,SYNTHETIC_DAILY_CALIBRATED_TO_PUBLIC_ANNUAL_REFERENCE
PROD-0002289,2009-07-07,Dongri Buzurg,Maharashtra,Bhandara,21.546128,79.686722,1000.41,819.2,0.54,67,36.2,HISTORICAL_ROM_CAPACITY_PROXY,PROXY_NOT_SAME_PERIOD_PLAN,SYNTHETIC_DAILY_CALIBRATED_TO_PUBLIC_ANNUAL_REFERENCE
PROD-0002290,2009-07-08,Dongri Buzurg,Maharashtra,Bhandara,21.546128,79.686722,952.15,730.31,1.45,101,0.0,HISTORICAL_ROM_CAPACITY_PROXY,PROXY_NOT_SAME_PERIOD_PLAN,SYNTHETIC_DAILY_CALIBRATED_TO_PUBLIC_ANNUAL_REFERENCE
PROD-0002291,2009-07-09,Dongri Buzurg,Maharashtra,Bhandara,21.546128,79.686722,836.23,667.51,0.0,0,0.0,HISTORICAL_ROM_CAPACITY_PROXY,PROXY_NOT_SAME_PERIOD_PLAN,SYNTHETIC_DAILY_CALIBRATED_TO_PUBLIC_ANNUAL_REFERENCE
PROD-0002292,2009-07-10,Dongri Buzurg,Maharashtra,Bhandara,21.546128,79.686722,1016.2,814.52,0.79,59,52.7,HISTORICAL_ROM_CAPACITY_PROXY,PROXY_NOT_SAME_PERIOD_PLAN,SYNTHETIC_DAILY_CALIBRATED_TO_PUBLIC_ANNUAL_REFERENCE
PROD-0002293,2009-07-11,Dongri Buzurg,Maharashtra,Bhandara,21.546128,79.686722,970.23,788.84,0.09,0,0.0,HISTORICAL_ROM_CAPACITY_PROXY,PROXY_NOT_SAME_PERIOD_PLAN,SYNTHETIC_DAILY_CALIBRATED_TO_PUBLIC_ANNUAL_REFERENCE
PROD-0002294,2009-07-12,Dongri Buzurg,Maharashtra,Bhandara,21.546128,79.686722,894.48,735.92,0.0,164,0.0,HISTORICAL_ROM_CAPACITY_PROXY,PROXY_NOT_SAME_PERIOD_PLAN,SYNTHETIC_DAILY_CALIBRATED_TO_PUBLIC_ANNUAL_REFERENCE
PROD-0002295,2009-07-13,Dongri Buzurg,Maharashtra,Bhandara,21.546128,79.686722,983.89,786.78,1.71,0,29.51,HISTORICAL_ROM_CAPACITY_PROXY,PROXY_NOT_SAME_PERIOD_PLAN,SYNTHETIC_DAILY_CALIBRATED_TO_PUBLIC_ANNUAL_REFERENCE
PROD-0002296,2009-07-14,Dongri Buzurg,Maharashtra,Bhandara,21.546128,79.686722,900.91,737.76,0.12,0,7.86,HISTORICAL_ROM_CAPACITY_PROXY,PROXY_NOT_SAME_PERIOD_PLAN,SYNTHETIC_DAILY_CALIBRATED_TO_PUBLIC_ANNUAL_REFERENCE
PROD-0002297,2009-07-15,Dongri Buzurg,Maharashtra,Bhandara,21.546128,79.686722,875.32,694.85,0.58,11,0.0,HISTORICAL_ROM_CAPACITY_PROXY,PROXY_NOT_SAME_PERIOD_PLAN,SYNTHETIC_DAILY_CALIBRATED_TO_PUBLIC_ANNUAL_REFERENCE
PROD-0002298,2009-07-16,Dongri Buzurg,Maharashtra,Bhandara,21.546128,79.686722,916.05,713.42,3.06,0,1.23,HISTORICAL_ROM_CAPACITY_PROXY,PROXY_NOT_SAME_PERIOD_PLAN,SYNTHETIC_DAILY_CALIBRATED_TO_PUBLIC_ANNUAL_REFERENCE
PROD-0002299,2009-07-17,Dongri Buzurg,Maharashtra,Bhandara,21.546128,79.686722,1104.49,902.45,1.27,0,10.23,HISTORICAL_ROM_CAPACITY_PROXY,PROXY_NOT_SAME_PERIOD_PLAN,SYNTHETIC_DAILY_CALIBRATED_TO_PUBLIC_ANNUAL_REFERENCE
PROD-0002300,2009-07-18,Dongri Buzurg,Maharashtra,Bhandara,21.546128,79.686722,873.52,705.14,0.0,0,0.0,HISTORICAL_ROM_CAPACITY_PROXY,PROXY_NOT_SAME_PERIOD_PLAN,SYNTHETIC_DAILY_CALIBRATED_TO_PUBLIC_ANNUAL_REFERENCE
PROD-0002301,2009-07-19,Dongri Buzurg,Maharashtra,Bhandara,21.546128,79.686722,1018.85,848.35,1.61,15,0.0,HISTORICAL_ROM_CAPACITY_PROXY,PROXY_NOT_SAME_PERIOD_PLAN,SYNTHETIC_DAILY_CALIBRATED_TO_PUBLIC_ANNUAL_REFERENCE
PROD-0002302,2009-07-20,Dongri Buzurg,Maharashtra,Bhandara,21.546128,79.686722,1149.94,943.16,0.0,0,0.0,HISTORICAL_ROM_CAPACITY_PROXY,PROXY_NOT_SAME_PERIOD_PLAN,SYNTHETIC_DAILY_CALIBRATED_TO_PUBLIC_ANNUAL_REFERENCE
PROD-0002303,2009-07-21,Dongri Buzurg,Maharashtra,Bhandara,21.546128,79.686722,1000.27,779.43,0.48,0,31.76,HISTORICAL_ROM_CAPACITY_PROXY,PROXY_NOT_SAME_PERIOD_PLAN,SYNTHETIC_DAILY_CALIBRATED_TO_PUBLIC_ANNUAL_REFERENCE
PROD-0002304,2009-07-22,Dongri Buzurg,Maharashtra,Bhandara,21.546128,79.686722,1040.26,811.09,2.22,0,8.51,HISTORICAL_ROM_CAPACITY_PROXY,PROXY_NOT_SAME_PERIOD_PLAN,SYNTHETIC_DAILY_CALIBRATED_TO_PUBLIC_ANNUAL_REFERENCE
PROD-0002305,2009-07-23,Dongri Buzurg,Maharashtra,Bhandara,21.546128,79.686722,1053.77,829.45,1.15,0,0.0,HISTORICAL_ROM_CAPACITY_PROXY,PROXY_NOT_SAME_PERIOD_PLAN,SYNTHETIC_DAILY_CALIBRATED_TO_PUBLIC_ANNUAL_REFERENCE
PROD-0002306,2009-07-24,Dongri Buzurg,Maharashtra,Bhandara,21.546128,79.686722,791.25,634.57,0.0,0,0.0,HISTORICAL_ROM_CAPACITY_PROXY,PROXY_NOT_SAME_PERIOD_PLAN,SYNTHETIC_DAILY_CALIBRATED_TO_PUBLIC_ANNUAL_REFERENCE
PROD-0002307,2009-07-25,Dongri Buzurg,Maharashtra,Bhandara,21.546128,79.686722,995.48,784.62,1.54,0,29.75,HISTORICAL_ROM_CAPACITY_PROXY,PROXY_NOT_SAME_PERIOD_PLAN,SYNTHETIC_DAILY_CALIBRATED_TO_PUBLIC_ANNUAL_REFERENCE
PROD-0002308,2009-07-26,Dongri Buzurg,Maharashtra,Bhandara,21.546128,79.686722,943.5,791.9,2.06,0,0.0,HISTORICAL_ROM_CAPACITY_PROXY,PROXY_NOT_SAME_PERIOD_PLAN,SYNTHETIC_DAILY_CALIBRATED_TO_PUBLIC_ANNUAL_REFERENCE
PROD-0002309,2009-07-27,Dongri Buzurg,Maharashtra,Bhandara,21.546128,79.686722,981.13,772.97,3.33,0,13.97,HISTORICAL_ROM_CAPACITY_PROXY,PROXY_NOT_SAME_PERIOD_PLAN,SYNTHETIC_DAILY_CALIBRATED_TO_PUBLIC_ANNUAL_REFERENCE
PROD-0002310,2009-07-28,Dongri Buzurg,Maharashtra,Bhandara,21.546128,79.686722,923.1,732.76,0.0,0,0.0,HISTORICAL_ROM_CAPACITY_PROXY,PROXY_NOT_SAME_PERIOD_PLAN,SYNTHETIC_DAILY_CALIBRATED_TO_PUBLIC_ANNUAL_REFERENCE
PROD-0002311,2009-07-29,Dongri Buzurg,Maharashtra,Bhandara,21.546128,79.686722,982.82,810.49,0.71,0,47.08,HISTORICAL_ROM_CAPACITY_PROXY,PROXY_NOT_SAME_PERIOD_PLAN,SYNTHETIC_DAILY_CALIBRATED_TO_PUBLIC_ANNUAL_REFERENCE
PROD-0002312,2009-07-30,Dongri Buzurg,Maharashtra,Bhandara,21.546128,79.686722,999.94,771.51,3.24,0,8.21,HISTORICAL_ROM_CAPACITY_PROXY,PROXY_NOT_SAME_PERIOD_PLAN,SYNTHETIC_DAILY_CALIBRATED_TO_PUBLIC_ANNUAL_REFERENCE
PROD-0002313,2009-07-31,Dongri Buzurg,Maharashtra,Bhandara,21.546128,79.686722,1015.26,832.65,0.0,33,0.0,HISTORICAL_ROM_CAPACITY_PROXY,PROXY_NOT_SAME_PERIOD_PLAN,SYNTHETIC_DAILY_CALIBRATED_TO_PUBLIC_ANNUAL_REFERENCE
PROD-0002314,2009-08-01,Dongri Buzurg,Maharashtra,Bhandara,21.546128,79.686722,1008.36,862.02,0.0,0,0.0,HISTORICAL_ROM_CAPACITY_PROXY,PROXY_NOT_SAME_PERIOD_PLAN,SYNTHETIC_DAILY_CALIBRATED_TO_PUBLIC_ANNUAL_REFERENCE
PROD-0002315,2009-08-02,Dongri Buzurg,Maharashtra,Bhandara,21.546128,79.686722,886.85,680.56,3.14,0,10.54,HISTORICAL_ROM_CAPACITY_PROXY,PROXY_NOT_SAME_PERIOD_PLAN,SYNTHETIC_DAILY_CALIBRATED_TO_PUBLIC_ANNUAL_REFERENCE
PROD-0002316,2009-08-03,Dongri Buzurg,Maharashtra,Bhandara,21.546128,79.686722,1025.32,852.79,0.0,0,0.0,HISTORICAL_ROM_CAPACITY_PROXY,PROXY_NOT_SAME_PERIOD_PLAN,SYNTHETIC_DAILY_CALIBRATED_TO_PUBLIC_ANNUAL_REFERENCE
PROD-0002317,2009-08-04,Dongri Buzurg,Maharashtra,Bhandara,21.546128,79.686722,932.84,767.98,2.31,0,0.0,HISTORICAL_ROM_CAPACITY_PROXY,PROXY_NOT_SAME_PERIOD_PLAN,SYNTHETIC_DAILY_CALIBRATED_TO_PUBLIC_ANNUAL_REFERENCE
PROD-0002318,2009-08-05,Dongri Buzurg,Maharashtra,Bhandara,21.546128,79.686722,946.81,772.23,1.24,0,6.28,HISTORICAL_ROM_CAPACITY_PROXY,PROXY_NOT_SAME_PERIOD_PLAN,SYNTHETIC_DAILY_CALIBRATED_TO_PUBLIC_ANNUAL_REFERENCE
PROD-0002319,2009-08-06,Dongri Buzurg,Maharashtra,Bhandara,21.546128,79.686722,980.8,815.85,2.95,0,0.0,HISTORICAL_ROM_CAPACITY_PROXY,PROXY_NOT_SAME_PERIOD_PLAN,SYNTHETIC_DAILY_CALIBRATED_TO_PUBLIC_ANNUAL_REFERENCE
PROD-0002320,2009-08-07,Dongri Buzurg,Maharashtra,Bhandara,21.546128,79.686722,999.39,807.38,0.5,0,33.36,HISTORICAL_ROM_CAPACITY_PROXY,PROXY_NOT_SAME_PERIOD_PLAN,SYNTHETIC_DAILY_CALIBRATED_TO_PUBLIC_ANNUAL_REFERENCE
PROD-0002321,2009-08-08,Dongri Buzurg,Maharashtra,Bhandara,21.546128,79.686722,988.68,769.24,3.41,0,0.0,HISTORICAL_ROM_CAPACITY_PROXY,PROXY_NOT_SAME_PERIOD_PLAN,SYNTHETIC_DAILY_CALIBRATED_TO_PUBLIC_ANNUAL_REFERENCE
PROD-0002322,2009-08-09,Dongri Buzurg,Maharashtra,Bhandara,21.546128,79.686722,1102.72,903.4,0.38,0,10.29,HISTORICAL_ROM_CAPACITY_PROXY,PROXY_NOT_SAME_PERIOD_PLAN,SYNTHETIC_DAILY_CALIBRATED_TO_PUBLIC_ANNUAL_REFERENCE
PROD-0002323,2009-08-10,Dongri Buzurg,Maharashtra,Bhandara,21.546128,79.686722,896.27,727.64,1.67,0,32.8,HISTORICAL_ROM_CAPACITY_PROXY,PROXY_NOT_SAME_PERIOD_PLAN,SYNTHETIC_DAILY_CALIBRATED_TO_PUBLIC_ANNUAL_REFERENCE
PROD-0002324,2009-08-11,Dongri Buzurg,Maharashtra,Bhandara,21.546128,79.686722,881.4,696.79,3.34,29,20.98,HISTORICAL_ROM_CAPACITY_PROXY,PROXY_NOT_SAME_PERIOD_PLAN,SYNTHETIC_DAILY_CALIBRATED_TO_PUBLIC_ANNUAL_REFERENCE
PROD-0002325,2009-08-12,Dongri Buzurg,Maharashtra,Bhandara,21.546128,79.686722,936.77,756.51,1.26,0,13.84,HISTORICAL_ROM_CAPACITY_PROXY,PROXY_NOT_SAME_PERIOD_PLAN,SYNTHETIC_DAILY_CALIBRATED_TO_PUBLIC_ANNUAL_REFERENCE
PROD-0002326,2009-08-13,Dongri Buzurg,Maharashtra,Bhandara,21.546128,79.686722,1060.15,860.92,0.56,34,19.29,HISTORICAL_ROM_CAPACITY_PROXY,PROXY_NOT_SAME_PERIOD_PLAN,SYNTHETIC_DAILY_CALIBRATED_TO_PUBLIC_ANNUAL_REFERENCE
PROD-0002327,2009-08-14,Dongri Buzurg,Maharashtra,Bhandara,21.546128,79.686722,917.27,719.99,1.07,0,39.05,HISTORICAL_ROM_CAPACITY_PROXY,PROXY_NOT_SAME_PERIOD_PLAN,SYNTHETIC_DAILY_CALIBRATED_TO_PUBLIC_ANNUAL_REFERENCE
PROD-0002328,2009-08-15,Dongri Buzurg,Maharashtra,Bhandara,21.546128,79.686722,884.25,708.46,0.05,0,3.56,HISTORICAL_ROM_CAPACITY_PROXY,PROXY_NOT_SAME_PERIOD_PLAN,SYNTHETIC_DAILY_CALIBRATED_TO_PUBLIC_ANNUAL_REFERENCE
PROD-0002329,2009-08-16,Dongri Buzurg,Maharashtra,Bhandara,21.546128,79.686722,889.49,723.86,0.01,0,0.95,HISTORICAL_ROM_CAPACITY_PROXY,PROXY_NOT_SAME_PERIOD_PLAN,SYNTHETIC_DAILY_CALIBRATED_TO_PUBLIC_ANNUAL_REFERENCE
PROD-0002330,2009-08-17,Dongri Buzurg,Maharashtra,Bhandara,21.546128,79.686722,844.86,686.91,0.53,55,35.52,HISTORICAL_ROM_CAPACITY_PROXY,PROXY_NOT_SAME_PERIOD_PLAN,SYNTHETIC_DAILY_CALIBRATED_TO_PUBLIC_ANNUAL_REFERENCE
PROD-0002331,2009-08-18,Dongri Buzurg,Maharashtra,Bhandara,21.546128,79.686722,931.33,725.72,3.98,0,10.94,HISTORICAL_ROM_CAPACITY_PROXY,PROXY_NOT_SAME_PERIOD_PLAN,SYNTHETIC_DAILY_CALIBRATED_TO_PUBLIC_ANNUAL_REFERENCE
PROD-0002332,2009-08-19,Dongri Buzurg,Maharashtra,Bhandara,21.546128,79.686722,971.55,765.7,1.16,0,14.75,HISTORICAL_ROM_CAPACITY_PROXY,PROXY_NOT_SAME_PERIOD_PLAN,SYNTHETIC_DAILY_CALIBRATED_TO_PUBLIC_ANNUAL_REFERENCE
PROD-0002333,2009-08-20,Dongri Buzurg,Maharashtra,Bhandara,21.546128,79.686722,1015.01,797.69,2.26,0,14.43,HISTORICAL_ROM_CAPACITY_PROXY,PROXY_NOT_SAME_PERIOD_PLAN,SYNTHETIC_DAILY_CALIBRATED_TO_PUBLIC_ANNUAL_REFERENCE
PROD-0002334,2009-08-21,Dongri Buzurg,Maharashtra,Bhandara,21.546128,79.686722,918.52,725.71,2.76,0,34.92,HISTORICAL_ROM_CAPACITY_PROXY,PROXY_NOT_SAME_PERIOD_PLAN,SYNTHETIC_DAILY_CALIBRATED_TO_PUBLIC_ANNUAL_REFERENCE
PROD-0002335,2009-08-22,Dongri Buzurg,Maharashtra,Bhandara,21.546128,79.686722,913.83,730.22,2.24,0,14.92,HISTORICAL_ROM_CAPACITY_PROXY,PROXY_NOT_SAME_PERIOD_PLAN,SYNTHETIC_DAILY_CALIBRATED_TO_PUBLIC_ANNUAL_REFERENCE
PROD-0002336,2009-08-23,Dongri Buzurg,Maharashtra,Bhandara,21.546128,79.686722,838.2,617.23,5.1,0,0.0,HISTORICAL_ROM_CAPACITY_PROXY,PROXY_NOT_SAME_PERIOD_PLAN,SYNTHETIC_DAILY_CALIBRATED_TO_PUBLIC_ANNUAL_REFERENCE
PROD-0002337,2009-08-24,Dongri Buzurg,Maharashtra,Bhandara,21.546128,79.686722,1005.33,821.36,1.98,0,0.0,HISTORICAL_ROM_CAPACITY_PROXY,PROXY_NOT_SAME_PERIOD_PLAN,SYNTHETIC_DAILY_CALIBRATED_TO_PUBLIC_ANNUAL_REFERENCE
PROD-0002338,2009-08-25,Dongri Buzurg,Maharashtra,Bhandara,21.546128,79.686722,1028.52,815.44,1.92,0,30.84,HISTORICAL_ROM_CAPACITY_PROXY,PROXY_NOT_SAME_PERIOD_PLAN,SYNTHETIC_DAILY_CALIBRATED_TO_PUBLIC_ANNUAL_REFERENCE
PROD-0002339,2009-08-26,Dongri Buzurg,Maharashtra,Bhandara,21.546128,79.686722,1027.25,842.95,0.0,0,0.0,HISTORICAL_ROM_CAPACITY_PROXY,PROXY_NOT_SAME_PERIOD_PLAN,SYNTHETIC_DAILY_CALIBRATED_TO_PUBLIC_ANNUAL_REFERENCE
PROD-0002340,2009-08-27,Dongri Buzurg,Maharashtra,Bhandara,21.546128,79.686722,917.57,674.37,5.05,96,0.0,HISTORICAL_ROM_CAPACITY_PROXY,PROXY_NOT_SAME_PERIOD_PLAN,SYNTHETIC_DAILY_CALIBRATED_TO_PUBLIC_ANNUAL_REFERENCE
PROD-0002341,2009-08-28,Dongri Buzurg,Maharashtra,Bhandara,21.546128,79.686722,1002.54,783.97,1.05,0,49.55,HISTORICAL_ROM_CAPACITY_PROXY,PROXY_NOT_SAME_PERIOD_PLAN,SYNTHETIC_DAILY_CALIBRATED_TO_PUBLIC_ANNUAL_REFERENCE
PROD-0002342,2009-08-29,Dongri Buzurg,Maharashtra,Bhandara,21.546128,79.686722,1044.14,791.76,1.45,143,0.0,HISTORICAL_ROM_CAPACITY_PROXY,PROXY_NOT_SAME_PERIOD_PLAN,SYNTHETIC_DAILY_CALIBRATED_TO_PUBLIC_ANNUAL_REFERENCE
PROD-0002343,2009-08-30,Dongri Buzurg,Maharashtra,Bhandara,21.546128,79.686722,932.17,737.15,1.51,0,18.25,HISTORICAL_ROM_CAPACITY_PROXY,PROXY_NOT_SAME_PERIOD_PLAN,SYNTHETIC_DAILY_CALIBRATED_TO_PUBLIC_ANNUAL_REFERENCE
PROD-0002344,2009-08-31,Dongri Buzurg,Maharashtra,Bhandara,21.546128,79.686722,1005.89,790.65,3.5,0,68.86,HISTORICAL_ROM_CAPACITY_PROXY,PROXY_NOT_SAME_PERIOD_PLAN,SYNTHETIC_DAILY_CALIBRATED_TO_PUBLIC_ANNUAL_REFERENCE
PROD-0002345,2009-09-01,Dongri Buzurg,Maharashtra,Bhandara,21.546128,79.686722,1073.99,895.25,1.28,0,0.0,HISTORICAL_ROM_CAPACITY_PROXY,PROXY_NOT_SAME_PERIOD_PLAN,SYNTHETIC_DAILY_CALIBRATED_TO_PUBLIC_ANNUAL_REFERENCE
PROD-0002346,2009-09-02,Dongri Buzurg,Maharashtra,Bhandara,21.546128,79.686722,927.32,689.73,5.4,0,21.02,HISTORICAL_ROM_CAPACITY_PROXY,PROXY_NOT_SAME_PERIOD_PLAN,SYNTHETIC_DAILY_CALIBRATED_TO_PUBLIC_ANNUAL_REFERENCE
PROD-0002347,2009-09-03,Dongri Buzurg,Maharashtra,Bhandara,21.546128,79.686722,978.04,792.93,1.08,0,23.35,HISTORICAL_ROM_CAPACITY_PROXY,PROXY_NOT_SAME_PERIOD_PLAN,SYNTHETIC_DAILY_CALIBRATED_TO_PUBLIC_ANNUAL_REFERENCE
PROD-0002348,2009-09-04,Dongri Buzurg,Maharashtra,Bhandara,21.546128,79.686722,895.75,673.24,1.34,0,0.0,HISTORICAL_ROM_CAPACITY_PROXY,PROXY_NOT_SAME_PERIOD_PLAN,SYNTHETIC_DAILY_CALIBRATED_TO_PUBLIC_ANNUAL_REFERENCE
PROD-0002349,2009-09-05,Dongri Buzurg,Maharashtra,Bhandara,21.546128,79.686722,901.07,741.96,1.32,0,4.13,HISTORICAL_ROM_CAPACITY_PROXY,PROXY_NOT_SAME_PERIOD_PLAN,SYNTHETIC_DAILY_CALIBRATED_TO_PUBLIC_ANNUAL_REFERENCE
PROD-0002350,2009-09-06,Dongri Buzurg,Maharashtra,Bhandara,21.546128,79.686722,906.27,727.86,0.43,37,28.36,HISTORICAL_ROM_CAPACITY_PROXY,PROXY_NOT_SAME_PERIOD_PLAN,SYNTHETIC_DAILY_CALIBRATED_TO_PUBLIC_ANNUAL_REFERENCE
PROD-0002351,2009-09-07,Dongri Buzurg,Maharashtra,Bhandara,21.546128,79.686722,1054.01,881.37,0.0,0,0.0,HISTORICAL_ROM_CAPACITY_PROXY,PROXY_NOT_SAME_PERIOD_PLAN,SYNTHETIC_DAILY_CALIBRATED_TO_PUBLIC_ANNUAL_REFERENCE
PROD-0002352,2009-09-08,Dongri Buzurg,Maharashtra,Bhandara,21.546128,79.686722,933.77,741.35,3.25,0,0.0,HISTORICAL_ROM_CAPACITY_PROXY,PROXY_NOT_SAME_PERIOD_PLAN,SYNTHETIC_DAILY_CALIBRATED_TO_PUBLIC_ANNUAL_REFERENCE
PROD-0002353,2009-09-09,Dongri Buzurg,Maharashtra,Bhandara,21.546128,79.686722,888.42,717.03,1.14,0,51.91,HISTORICAL_ROM_CAPACITY_PROXY,PROXY_NOT_SAME_PERIOD_PLAN,SYNTHETIC_DAILY_CALIBRATED_TO_PUBLIC_ANNUAL_REFERENCE
PROD-0002354,2009-09-10,Dongri Buzurg,Maharashtra,Bhandara,21.546128,79.686722,923.12,735.96,0.0,0,0.0,HISTORICAL_ROM_CAPACITY_PROXY,PROXY_NOT_SAME_PERIOD_PLAN,SYNTHETIC_DAILY_CALIBRATED_TO_PUBLIC_ANNUAL_REFERENCE
PROD-0002355,2009-09-11,Dongri Buzurg,Maharashtra,Bhandara,21.546128,79.686722,957.77,789.09,0.0,0,0.0,HISTORICAL_ROM_CAPACITY_PROXY,PROXY_NOT_SAME_PERIOD_PLAN,SYNTHETIC_DAILY_CALIBRATED_TO_PUBLIC_ANNUAL_REFERENCE
PROD-0002356,2009-09-12,Dongri Buzurg,Maharashtra,Bhandara,21.546128,79.686722,925.83,762.69,1.26,0,0.0,HISTORICAL_ROM_CAPACITY_PROXY,PROXY_NOT_SAME_PERIOD_PLAN,SYNTHETIC_DAILY_CALIBRATED_TO_PUBLIC_ANNUAL_REFERENCE
PROD-0002357,2009-09-13,Dongri Buzurg,Maharashtra,Bhandara,21.546128,79.686722,962.49,785.52,0.22,0,14.81,HISTORICAL_ROM_CAPACITY_PROXY,PROXY_NOT_SAME_PERIOD_PLAN,SYNTHETIC_DAILY_CALIBRATED_TO_PUBLIC_ANNUAL_REFERENCE
PROD-0002358,2009-09-14,Dongri Buzurg,Maharashtra,Bhandara,21.546128,79.686722,959.18,749.63,0.15,0,9.87,HISTORICAL_ROM_CAPACITY_PROXY,PROXY_NOT_SAME_PERIOD_PLAN,SYNTHETIC_DAILY_CALIBRATED_TO_PUBLIC_ANNUAL_REFERENCE
PROD-0002359,2009-09-15,Dongri Buzurg,Maharashtra,Bhandara,21.546128,79.686722,820.16,650.37,0.0,0,0.0,HISTORICAL_ROM_CAPACITY_PROXY,PROXY_NOT_SAME_PERIOD_PLAN,SYNTHETIC_DAILY_CALIBRATED_TO_PUBLIC_ANNUAL_REFERENCE
PROD-0002360,2009-09-16,Dongri Buzurg,Maharashtra,Bhandara,21.546128,79.686722,1065.8,859.09,1.44,38,25.45,HISTORICAL_ROM_CAPACITY_PROXY,PROXY_NOT_SAME_PERIOD_PLAN,SYNTHETIC_DAILY_CALIBRATED_TO_PUBLIC_ANNUAL_REFERENCE
PROD-0002361,2009-09-17,Dongri Buzurg,Maharashtra,Bhandara,21.546128,79.686722,960.8,783.39,0.92,12,0.0,HISTORICAL_ROM_CAPACITY_PROXY,PROXY_NOT_SAME_PERIOD_PLAN,SYNTHETIC_DAILY_CALIBRATED_TO_PUBLIC_ANNUAL_REFERENCE
PROD-0002362,2009-09-18,Dongri Buzurg,Maharashtra,Bhandara,21.546128,79.686722,933.57,744.19,2.95,4,0.0,HISTORICAL_ROM_CAPACITY_PROXY,PROXY_NOT_SAME_PERIOD_PLAN,SYNTHETIC_DAILY_CALIBRATED_TO_PUBLIC_ANNUAL_REFERENCE
PROD-0002363,2009-09-19,Dongri Buzurg,Maharashtra,Bhandara,21.546128,79.686722,999.28,825.92,0.0,0,0.0,HISTORICAL_ROM_CAPACITY_PROXY,PROXY_NOT_SAME_PERIOD_PLAN,SYNTHETIC_DAILY_CALIBRATED_TO_PUBLIC_ANNUAL_REFERENCE
PROD-0002364,2009-09-20,Dongri Buzurg,Maharashtra,Bhandara,21.546128,79.686722,1104.01,887.82,0.88,0,6.79,HISTORICAL_ROM_CAPACITY_PROXY,PROXY_NOT_SAME_PERIOD_PLAN,SYNTHETIC_DAILY_CALIBRATED_TO_PUBLIC_ANNUAL_REFERENCE
PROD-0002365,2009-09-21,Dongri Buzurg,Maharashtra,Bhandara,21.546128,79.686722,825.46,676.62,0.0,0,0.0,HISTORICAL_ROM_CAPACITY_PROXY,PROXY_NOT_SAME_PERIOD_PLAN,SYNTHETIC_DAILY_CALIBRATED_TO_PUBLIC_ANNUAL_REFERENCE
PROD-0002366,2009-09-22,Dongri Buzurg,Maharashtra,Bhandara,21.546128,79.686722,910.28,719.85,2.26,20,22.4,HISTORICAL_ROM_CAPACITY_PROXY,PROXY_NOT_SAME_PERIOD_PLAN,SYNTHETIC_DAILY_CALIBRATED_TO_PUBLIC_ANNUAL_REFERENCE
PROD-0002367,2009-09-23,Dongri Buzurg,Maharashtra,Bhandara,21.546128,79.686722,938.28,757.97,0.65,47,43.56,HISTORICAL_ROM_CAPACITY_PROXY,PROXY_NOT_SAME_PERIOD_PLAN,SYNTHETIC_DAILY_CALIBRATED_TO_PUBLIC_ANNUAL_REFERENCE
PROD-0002368,2009-09-24,Dongri Buzurg,Maharashtra,Bhandara,21.546128,79.686722,922.19,763.8,1.25,0,10.6,HISTORICAL_ROM_CAPACITY_PROXY,PROXY_NOT_SAME_PERIOD_PLAN,SYNTHETIC_DAILY_CALIBRATED_TO_PUBLIC_ANNUAL_REFERENCE
PROD-0002369,2009-09-25,Dongri Buzurg,Maharashtra,Bhandara,21.546128,79.686722,923.49,771.62,0.0,39,0.0,HISTORICAL_ROM_CAPACITY_PROXY,PROXY_NOT_SAME_PERIOD_PLAN,SYNTHETIC_DAILY_CALIBRATED_TO_PUBLIC_ANNUAL_REFERENCE
PROD-0002370,2009-09-26,Dongri Buzurg,Maharashtra,Bhandara,21.546128,79.686722,914.59,670.59,3.2,0,32.81,HISTORICAL_ROM_CAPACITY_PROXY,PROXY_NOT_SAME_PERIOD_PLAN,SYNTHETIC_DAILY_CALIBRATED_TO_PUBLIC_ANNUAL_REFERENCE
PROD-0002371,2009-09-27,Dongri Buzurg,Maharashtra,Bhandara,21.546128,79.686722,1033.96,807.93,3.64,16,0.0,HISTORICAL_ROM_CAPACITY_PROXY,PROXY_NOT_SAME_PERIOD_PLAN,SYNTHETIC_DAILY_CALIBRATED_TO_PUBLIC_ANNUAL_REFERENCE
PROD-0002372,2009-09-28,Dongri Buzurg,Maharashtra,Bhandara,21.546128,79.686722,912.92,729.71,0.55,0,36.97,HISTORICAL_ROM_CAPACITY_PROXY,PROXY_NOT_SAME_PERIOD_PLAN,SYNTHETIC_DAILY_CALIBRATED_TO_PUBLIC_ANNUAL_REFERENCE
PROD-0002373,2009-09-29,Dongri Buzurg,Maharashtra,Bhandara,21.546128,79.686722,936.79,766.11,2.18,0,39.9,HISTORICAL_ROM_CAPACITY_PROXY,PROXY_NOT_SAME_PERIOD_PLAN,SYNTHETIC_DAILY_CALIBRATED_TO_PUBLIC_ANNUAL_REFERENCE
PROD-0002374,2009-09-30,Dongri Buzurg,Maharashtra,Bhandara,21.546128,79.686722,872.39,701.01,1.19,0,0.0,HISTORICAL_ROM_CAPACITY_PROXY,PROXY_NOT_SAME_PERIOD_PLAN,SYNTHETIC_DAILY_CALIBRATED_TO_PUBLIC_ANNUAL_REFERENCE
PROD-0002375,2009-10-01,Dongri Buzurg,Maharashtra,Bhandara,21.546128,79.686722,881.4,707.85,1.35,20,0.0,HISTORICAL_ROM_CAPACITY_PROXY,PROXY_NOT_SAME_PERIOD_PLAN,SYNTHETIC_DAILY_CALIBRATED_TO_PUBLIC_ANNUAL_REFERENCE
PROD-0002376,2009-10-02,Dongri Buzurg,Maharashtra,Bhandara,21.546128,79.686722,930.12,734.93,0.86,71,0.0,HISTORICAL_ROM_CAPACITY_PROXY,PROXY_NOT_SAME_PERIOD_PLAN,SYNTHETIC_DAILY_CALIBRATED_TO_PUBLIC_ANNUAL_REFERENCE
PROD-0002377,2009-10-03,Dongri Buzurg,Maharashtra,Bhandara,21.546128,79.686722,962.15,763.06,0.0,0,0.0,HISTORICAL_ROM_CAPACITY_PROXY,PROXY_NOT_SAME_PERIOD_PLAN,SYNTHETIC_DAILY_CALIBRATED_TO_PUBLIC_ANNUAL_REFERENCE
PROD-0002378,2009-10-04,Dongri Buzurg,Maharashtra,Bhandara,21.546128,79.686722,1090.3,868.02,0.9,0,0.0,HISTORICAL_ROM_CAPACITY_PROXY,PROXY_NOT_SAME_PERIOD_PLAN,SYNTHETIC_DAILY_CALIBRATED_TO_PUBLIC_ANNUAL_REFERENCE
PROD-0002379,2009-10-05,Dongri Buzurg,Maharashtra,Bhandara,21.546128,79.686722,975.33,796.95,2.39,0,0.0,HISTORICAL_ROM_CAPACITY_PROXY,PROXY_NOT_SAME_PERIOD_PLAN,SYNTHETIC_DAILY_CALIBRATED_TO_PUBLIC_ANNUAL_REFERENCE
PROD-0002380,2009-10-06,Dongri Buzurg,Maharashtra,Bhandara,21.546128,79.686722,945.84,794.48,0.61,0,0.0,HISTORICAL_ROM_CAPACITY_PROXY,PROXY_NOT_SAME_PERIOD_PLAN,SYNTHETIC_DAILY_CALIBRATED_TO_PUBLIC_ANNUAL_REFERENCE
PROD-0002381,2009-10-07,Dongri Buzurg,Maharashtra,Bhandara,21.546128,79.686722,857.38,689.34,1.89,0,0.0,HISTORICAL_ROM_CAPACITY_PROXY,PROXY_NOT_SAME_PERIOD_PLAN,SYNTHETIC_DAILY_CALIBRATED_TO_PUBLIC_ANNUAL_REFERENCE
PROD-0002382,2009-10-08,Dongri Buzurg,Maharashtra,Bhandara,21.546128,79.686722,956.08,802.7,0.66,0,0.0,HISTORICAL_ROM_CAPACITY_PROXY,PROXY_NOT_SAME_PERIOD_PLAN,SYNTHETIC_DAILY_CALIBRATED_TO_PUBLIC_ANNUAL_REFERENCE
PROD-0002383,2009-10-09,Dongri Buzurg,Maharashtra,Bhandara,21.546128,79.686722,840.54,697.29,0.0,0,0.0,HISTORICAL_ROM_CAPACITY_PROXY,PROXY_NOT_SAME_PERIOD_PLAN,SYNTHETIC_DAILY_CALIBRATED_TO_PUBLIC_ANNUAL_REFERENCE
PROD-0002384,2009-10-10,Dongri Buzurg,Maharashtra,Bhandara,21.546128,79.686722,905.19,716.5,3.94,0,0.0,HISTORICAL_ROM_CAPACITY_PROXY,PROXY_NOT_SAME_PERIOD_PLAN,SYNTHETIC_DAILY_CALIBRATED_TO_PUBLIC_ANNUAL_REFERENCE
PROD-0002385,2009-10-11,Dongri Buzurg,Maharashtra,Bhandara,21.546128,79.686722,916.32,735.74,2.14,0,0.0,HISTORICAL_ROM_CAPACITY_PROXY,PROXY_NOT_SAME_PERIOD_PLAN,SYNTHETIC_DAILY_CALIBRATED_TO_PUBLIC_ANNUAL_REFERENCE
PROD-0002386,2009-10-12,Dongri Buzurg,Maharashtra,Bhandara,21.546128,79.686722,940.8,708.99,4.58,0,0.0,HISTORICAL_ROM_CAPACITY_PROXY,PROXY_NOT_SAME_PERIOD_PLAN,SYNTHETIC_DAILY_CALIBRATED_TO_PUBLIC_ANNUAL_REFERENCE
PROD-0002387,2009-10-13,Dongri Buzurg,Maharashtra,Bhandara,21.546128,79.686722,872.48,726.79,0.0,0,0.0,HISTORICAL_ROM_CAPACITY_PROXY,PROXY_NOT_SAME_PERIOD_PLAN,SYNTHETIC_DAILY_CALIBRATED_TO_PUBLIC_ANNUAL_REFERENCE
PROD-0002388,2009-10-14,Dongri Buzurg,Maharashtra,Bhandara,21.546128,79.686722,956.98,779.95,1.78,0,0.0,HISTORICAL_ROM_CAPACITY_PROXY,PROXY_NOT_SAME_PERIOD_PLAN,SYNTHETIC_DAILY_CALIBRATED_TO_PUBLIC_ANNUAL_REFERENCE
PROD-0002389,2009-10-15,Dongri Buzurg,Maharashtra,Bhandara,21.546128,79.686722,966.16,799.35,1.58,0,0.0,HISTORICAL_ROM_CAPACITY_PROXY,PROXY_NOT_SAME_PERIOD_PLAN,SYNTHETIC_DAILY_CALIBRATED_TO_PUBLIC_ANNUAL_REFERENCE
PROD-0002390,2009-10-16,Dongri Buzurg,Maharashtra,Bhandara,21.546128,79.686722,952.92,768.18,2.06,0,21.5,HISTORICAL_ROM_CAPACITY_PROXY,PROXY_NOT_SAME_PERIOD_PLAN,SYNTHETIC_DAILY_CALIBRATED_TO_PUBLIC_ANNUAL_REFERENCE
PROD-0002391,2009-10-17,Dongri Buzurg,Maharashtra,Bhandara,21.546128,79.686722,1077.71,901.93,0.0,23,0.0,HISTORICAL_ROM_CAPACITY_PROXY,PROXY_NOT_SAME_PERIOD_PLAN,SYNTHETIC_DAILY_CALIBRATED_TO_PUBLIC_ANNUAL_REFERENCE
PROD-0002392,2009-10-18,Dongri Buzurg,Maharashtra,Bhandara,21.546128,79.686722,1064.12,879.93,0.0,0,0.0,HISTORICAL_ROM_CAPACITY_PROXY,PROXY_NOT_SAME_PERIOD_PLAN,SYNTHETIC_DAILY_CALIBRATED_TO_PUBLIC_ANNUAL_REFERENCE
PROD-0002393,2009-10-19,Dongri Buzurg,Maharashtra,Bhandara,21.546128,79.686722,1068.73,842.68,0.17,44,11.39,HISTORICAL_ROM_CAPACITY_PROXY,PROXY_NOT_SAME_PERIOD_PLAN,SYNTHETIC_DAILY_CALIBRATED_TO_PUBLIC_ANNUAL_REFERENCE
PROD-0002394,2009-10-20,Dongri Buzurg,Maharashtra,Bhandara,21.546128,79.686722,1026.05,843.34,0.08,16,5.47,HISTORICAL_ROM_CAPACITY_PROXY,PROXY_NOT_SAME_PERIOD_PLAN,SYNTHETIC_DAILY_CALIBRATED_TO_PUBLIC_ANNUAL_REFERENCE
PROD-0002395,2009-10-21,Dongri Buzurg,Maharashtra,Bhandara,21.546128,79.686722,943.16,819.76,0.0,0,0.0,HISTORICAL_ROM_CAPACITY_PROXY,PROXY_NOT_SAME_PERIOD_PLAN,SYNTHETIC_DAILY_CALIBRATED_TO_PUBLIC_ANNUAL_REFERENCE
PROD-0002396,2009-10-22,Dongri Buzurg,Maharashtra,Bhandara,21.546128,79.686722,898.94,647.03,9.43,0,0.0,HISTORICAL_ROM_CAPACITY_PROXY,PROXY_NOT_SAME_PERIOD_PLAN,SYNTHETIC_DAILY_CALIBRATED_TO_PUBLIC_ANNUAL_REFERENCE
PROD-0002397,2009-10-23,Dongri Buzurg,Maharashtra,Bhandara,21.546128,79.686722,994.65,809.76,1.38,0,13.54,HISTORICAL_ROM_CAPACITY_PROXY,PROXY_NOT_SAME_PERIOD_PLAN,SYNTHETIC_DAILY_CALIBRATED_TO_PUBLIC_ANNUAL_REFERENCE
PROD-0002398,2009-10-24,Dongri Buzurg,Maharashtra,Bhandara,21.546128,79.686722,1024.3,821.86,0.0,0,0.0,HISTORICAL_ROM_CAPACITY_PROXY,PROXY_NOT_SAME_PERIOD_PLAN,SYNTHETIC_DAILY_CALIBRATED_TO_PUBLIC_ANNUAL_REFERENCE
PROD-0002399,2009-10-25,Dongri Buzurg,Maharashtra,Bhandara,21.546128,79.686722,960.14,768.16,4.38,0,0.0,HISTORICAL_ROM_CAPACITY_PROXY,PROXY_NOT_SAME_PERIOD_PLAN,SYNTHETIC_DAILY_CALIBRATED_TO_PUBLIC_ANNUAL_REFERENCE
PROD-0002400,2009-10-26,Dongri Buzurg,Maharashtra,Bhandara,21.546128,79.686722,853.19,685.39,0.1,0,6.85,HISTORICAL_ROM_CAPACITY_PROXY,PROXY_NOT_SAME_PERIOD_PLAN,SYNTHETIC_DAILY_CALIBRATED_TO_PUBLIC_ANNUAL_REFERENCE
PROD-0002401,2009-10-27,Dongri Buzurg,Maharashtra,Bhandara,21.546128,79.686722,971.66,805.83,0.0,0,0.0,HISTORICAL_ROM_CAPACITY_PROXY,PROXY_NOT_SAME_PERIOD_PLAN,SYNTHETIC_DAILY_CALIBRATED_TO_PUBLIC_ANNUAL_REFERENCE
PROD-0002402,2009-10-28,Dongri Buzurg,Maharashtra,Bhandara,21.546128,79.686722,897.3,704.18,0.81,81,0.0,HISTORICAL_ROM_CAPACITY_PROXY,PROXY_NOT_SAME_PERIOD_PLAN,SYNTHETIC_DAILY_CALIBRATED_TO_PUBLIC_ANNUAL_REFERENCE
PROD-0002403,2009-10-29,Dongri Buzurg,Maharashtra,Bhandara,21.546128,79.686722,996.55,825.93,2.84,21,0.0,HISTORICAL_ROM_CAPACITY_PROXY,PROXY_NOT_SAME_PERIOD_PLAN,SYNTHETIC_DAILY_CALIBRATED_TO_PUBLIC_ANNUAL_REFERENCE
PROD-0002404,2009-10-30,Dongri Buzurg,Maharashtra,Bhandara,21.546128,79.686722,952.38,789.42,0.0,0,0.0,HISTORICAL_ROM_CAPACITY_PROXY,PROXY_NOT_SAME_PERIOD_PLAN,SYNTHETIC_DAILY_CALIBRATED_TO_PUBLIC_ANNUAL_REFERENCE
PROD-0002405,2009-10-31,Dongri Buzurg,Maharashtra,Bhandara,21.546128,79.686722,1042.51,843.79,0.93,25,9.56,HISTORICAL_ROM_CAPACITY_PROXY,PROXY_NOT_SAME_PERIOD_PLAN,SYNTHETIC_DAILY_CALIBRATED_TO_PUBLIC_ANNUAL_REFERENCE
PROD-0002406,2009-11-01,Dongri Buzurg,Maharashtra,Bhandara,21.546128,79.686722,901.44,734.95,2.14,0,28.68,HISTORICAL_ROM_CAPACITY_PROXY,PROXY_NOT_SAME_PERIOD_PLAN,SYNTHETIC_DAILY_CALIBRATED_TO_PUBLIC_ANNUAL_REFERENCE
PROD-0002407,2009-11-02,Dongri Buzurg,Maharashtra,Bhandara,21.546128,79.686722,910.0,681.96,6.56,0,0.0,HISTORICAL_ROM_CAPACITY_PROXY,PROXY_NOT_SAME_PERIOD_PLAN,SYNTHETIC_DAILY_CALIBRATED_TO_PUBLIC_ANNUAL_REFERENCE
PROD-0002408,2009-11-03,Dongri Buzurg,Maharashtra,Bhandara,21.546128,79.686722,1047.23,830.56,1.16,0,0.0,HISTORICAL_ROM_CAPACITY_PROXY,PROXY_NOT_SAME_PERIOD_PLAN,SYNTHETIC_DAILY_CALIBRATED_TO_PUBLIC_ANNUAL_REFERENCE
PROD-0002409,2009-11-04,Dongri Buzurg,Maharashtra,Bhandara,21.546128,79.686722,1032.87,874.53,0.0,0,0.0,HISTORICAL_ROM_CAPACITY_PROXY,PROXY_NOT_SAME_PERIOD_PLAN,SYNTHETIC_DAILY_CALIBRATED_TO_PUBLIC_ANNUAL_REFERENCE
PROD-0002410,2009-11-05,Dongri Buzurg,Maharashtra,Bhandara,21.546128,79.686722,899.66,724.25,3.99,0,0.0,HISTORICAL_ROM_CAPACITY_PROXY,PROXY_NOT_SAME_PERIOD_PLAN,SYNTHETIC_DAILY_CALIBRATED_TO_PUBLIC_ANNUAL_REFERENCE
PROD-0002411,2009-11-06,Dongri Buzurg,Maharashtra,Bhandara,21.546128,79.686722,1031.74,810.83,1.36,0,0.0,HISTORICAL_ROM_CAPACITY_PROXY,PROXY_NOT_SAME_PERIOD_PLAN,SYNTHETIC_DAILY_CALIBRATED_TO_PUBLIC_ANNUAL_REFERENCE
PROD-0002412,2009-11-07,Dongri Buzurg,Maharashtra,Bhandara,21.546128,79.686722,1087.44,860.49,0.92,0,0.0,HISTORICAL_ROM_CAPACITY_PROXY,PROXY_NOT_SAME_PERIOD_PLAN,SYNTHETIC_DAILY_CALIBRATED_TO_PUBLIC_ANNUAL_REFERENCE
PROD-0002413,2009-11-08,Dongri Buzurg,Maharashtra,Bhandara,21.546128,79.686722,1019.04,816.93,2.68,0,0.0,HISTORICAL_ROM_CAPACITY_PROXY,PROXY_NOT_SAME_PERIOD_PLAN,SYNTHETIC_DAILY_CALIBRATED_TO_PUBLIC_ANNUAL_REFERENCE
PROD-0002414,2009-11-09,Dongri Buzurg,Maharashtra,Bhandara,21.546128,79.686722,908.8,743.87,2.69,0,10.38,HISTORICAL_ROM_CAPACITY_PROXY,PROXY_NOT_SAME_PERIOD_PLAN,SYNTHETIC_DAILY_CALIBRATED_TO_PUBLIC_ANNUAL_REFERENCE
PROD-0002415,2009-11-10,Dongri Buzurg,Maharashtra,Bhandara,21.546128,79.686722,813.37,683.24,0.0,0,0.0,HISTORICAL_ROM_CAPACITY_PROXY,PROXY_NOT_SAME_PERIOD_PLAN,SYNTHETIC_DAILY_CALIBRATED_TO_PUBLIC_ANNUAL_REFERENCE
PROD-0002416,2009-11-11,Dongri Buzurg,Maharashtra,Bhandara,21.546128,79.686722,904.21,732.32,1.72,0,0.0,HISTORICAL_ROM_CAPACITY_PROXY,PROXY_NOT_SAME_PERIOD_PLAN,SYNTHETIC_DAILY_CALIBRATED_TO_PUBLIC_ANNUAL_REFERENCE
PROD-0002417,2009-11-12,Dongri Buzurg,Maharashtra,Bhandara,21.546128,79.686722,956.35,755.52,1.36,0,16.69,HISTORICAL_ROM_CAPACITY_PROXY,PROXY_NOT_SAME_PERIOD_PLAN,SYNTHETIC_DAILY_CALIBRATED_TO_PUBLIC_ANNUAL_REFERENCE
PROD-0002418,2009-11-13,Dongri Buzurg,Maharashtra,Bhandara,21.546128,79.686722,946.51,791.77,0.0,0,0.0,HISTORICAL_ROM_CAPACITY_PROXY,PROXY_NOT_SAME_PERIOD_PLAN,SYNTHETIC_DAILY_CALIBRATED_TO_PUBLIC_ANNUAL_REFERENCE
PROD-0002419,2009-11-14,Dongri Buzurg,Maharashtra,Bhandara,21.546128,79.686722,1063.31,888.62,0.0,0,0.0,HISTORICAL_ROM_CAPACITY_PROXY,PROXY_NOT_SAME_PERIOD_PLAN,SYNTHETIC_DAILY_CALIBRATED_TO_PUBLIC_ANNUAL_REFERENCE
PROD-0002420,2009-11-15,Dongri Buzurg,Maharashtra,Bhandara,21.546128,79.686722,993.75,798.34,1.37,0,0.0,HISTORICAL_ROM_CAPACITY_PROXY,PROXY_NOT_SAME_PERIOD_PLAN,SYNTHETIC_DAILY_CALIBRATED_TO_PUBLIC_ANNUAL_REFERENCE
PROD-0002421,2009-11-16,Dongri Buzurg,Maharashtra,Bhandara,21.546128,79.686722,1029.89,797.91,3.62,0,10.25,HISTORICAL_ROM_CAPACITY_PROXY,PROXY_NOT_SAME_PERIOD_PLAN,SYNTHETIC_DAILY_CALIBRATED_TO_PUBLIC_ANNUAL_REFERENCE
PROD-0002422,2009-11-17,Dongri Buzurg,Maharashtra,Bhandara,21.546128,79.686722,1084.31,904.57,0.0,0,0.0,HISTORICAL_ROM_CAPACITY_PROXY,PROXY_NOT_SAME_PERIOD_PLAN,SYNTHETIC_DAILY_CALIBRATED_TO_PUBLIC_ANNUAL_REFERENCE
PROD-0002423,2009-11-18,Dongri Buzurg,Maharashtra,Bhandara,21.546128,79.686722,934.84,738.02,4.55,0,18.49,HISTORICAL_ROM_CAPACITY_PROXY,PROXY_NOT_SAME_PERIOD_PLAN,SYNTHETIC_DAILY_CALIBRATED_TO_PUBLIC_ANNUAL_REFERENCE
PROD-0002424,2009-11-19,Dongri Buzurg,Maharashtra,Bhandara,21.546128,79.686722,885.13,717.0,2.38,0,0.0,HISTORICAL_ROM_CAPACITY_PROXY,PROXY_NOT_SAME_PERIOD_PLAN,SYNTHETIC_DAILY_CALIBRATED_TO_PUBLIC_ANNUAL_REFERENCE
PROD-0002425,2009-11-20,Dongri Buzurg,Maharashtra,Bhandara,21.546128,79.686722,968.86,801.54,0.0,0,0.0,HISTORICAL_ROM_CAPACITY_PROXY,PROXY_NOT_SAME_PERIOD_PLAN,SYNTHETIC_DAILY_CALIBRATED_TO_PUBLIC_ANNUAL_REFERENCE
PROD-0002426,2009-11-21,Dongri Buzurg,Maharashtra,Bhandara,21.546128,79.686722,938.89,745.64,3.63,25,0.0,HISTORICAL_ROM_CAPACITY_PROXY,PROXY_NOT_SAME_PERIOD_PLAN,SYNTHETIC_DAILY_CALIBRATED_TO_PUBLIC_ANNUAL_REFERENCE
PROD-0002427,2009-11-22,Dongri Buzurg,Maharashtra,Bhandara,21.546128,79.686722,975.39,754.25,2.5,0,0.0,HISTORICAL_ROM_CAPACITY_PROXY,PROXY_NOT_SAME_PERIOD_PLAN,SYNTHETIC_DAILY_CALIBRATED_TO_PUBLIC_ANNUAL_REFERENCE
PROD-0002428,2009-11-23,Dongri Buzurg,Maharashtra,Bhandara,21.546128,79.686722,880.51,702.89,3.24,0,12.37,HISTORICAL_ROM_CAPACITY_PROXY,PROXY_NOT_SAME_PERIOD_PLAN,SYNTHETIC_DAILY_CALIBRATED_TO_PUBLIC_ANNUAL_REFERENCE
PROD-0002429,2009-11-24,Dongri Buzurg,Maharashtra,Bhandara,21.546128,79.686722,1015.89,822.91,0.0,0,0.0,HISTORICAL_ROM_CAPACITY_PROXY,PROXY_NOT_SAME_PERIOD_PLAN,SYNTHETIC_DAILY_CALIBRATED_TO_PUBLIC_ANNUAL_REFERENCE
PROD-0002430,2009-11-25,Dongri Buzurg,Maharashtra,Bhandara,21.546128,79.686722,903.6,687.71,7.55,0,16.01,HISTORICAL_ROM_CAPACITY_PROXY,PROXY_NOT_SAME_PERIOD_PLAN,SYNTHETIC_DAILY_CALIBRATED_TO_PUBLIC_ANNUAL_REFERENCE
PROD-0002431,2009-11-26,Dongri Buzurg,Maharashtra,Bhandara,21.546128,79.686722,1012.51,820.39,0.0,0,0.0,HISTORICAL_ROM_CAPACITY_PROXY,PROXY_NOT_SAME_PERIOD_PLAN,SYNTHETIC_DAILY_CALIBRATED_TO_PUBLIC_ANNUAL_REFERENCE
PROD-0002432,2009-11-27,Dongri Buzurg,Maharashtra,Bhandara,21.546128,79.686722,928.85,755.94,0.73,0,0.0,HISTORICAL_ROM_CAPACITY_PROXY,PROXY_NOT_SAME_PERIOD_PLAN,SYNTHETIC_DAILY_CALIBRATED_TO_PUBLIC_ANNUAL_REFERENCE
PROD-0002433,2009-11-28,Dongri Buzurg,Maharashtra,Bhandara,21.546128,79.686722,941.37,703.54,2.66,0,0.0,HISTORICAL_ROM_CAPACITY_PROXY,PROXY_NOT_SAME_PERIOD_PLAN,SYNTHETIC_DAILY_CALIBRATED_TO_PUBLIC_ANNUAL_REFERENCE
PROD-0002434,2009-11-29,Dongri Buzurg,Maharashtra,Bhandara,21.546128,79.686722,927.13,777.7,0.0,0,0.0,HISTORICAL_ROM_CAPACITY_PROXY,PROXY_NOT_SAME_PERIOD_PLAN,SYNTHETIC_DAILY_CALIBRATED_TO_PUBLIC_ANNUAL_REFERENCE
PROD-0002435,2009-11-30,Dongri Buzurg,Maharashtra,Bhandara,21.546128,79.686722,993.43,810.51,0.0,22,0.0,HISTORICAL_ROM_CAPACITY_PROXY,PROXY_NOT_SAME_PERIOD_PLAN,SYNTHETIC_DAILY_CALIBRATED_TO_PUBLIC_ANNUAL_REFERENCE
PROD-0002436,2009-12-01,Dongri Buzurg,Maharashtra,Bhandara,21.546128,79.686722,1043.43,841.0,0.14,0,9.0,HISTORICAL_ROM_CAPACITY_PROXY,PROXY_NOT_SAME_PERIOD_PLAN,SYNTHETIC_DAILY_CALIBRATED_TO_PUBLIC_ANNUAL_REFERENCE
PROD-0002437,2009-12-02,Dongri Buzurg,Maharashtra,Bhandara,21.546128,79.686722,1000.77,817.97,0.0,0,0.0,HISTORICAL_ROM_CAPACITY_PROXY,PROXY_NOT_SAME_PERIOD_PLAN,SYNTHETIC_DAILY_CALIBRATED_TO_PUBLIC_ANNUAL_REFERENCE
PROD-0002438,2009-12-03,Dongri Buzurg,Maharashtra,Bhandara,21.546128,79.686722,1003.09,842.17,0.67,0,0.0,HISTORICAL_ROM_CAPACITY_PROXY,PROXY_NOT_SAME_PERIOD_PLAN,SYNTHETIC_DAILY_CALIBRATED_TO_PUBLIC_ANNUAL_REFERENCE
PROD-0002439,2009-12-04,Dongri Buzurg,Maharashtra,Bhandara,21.546128,79.686722,1006.03,835.73,0.65,0,0.0,HISTORICAL_ROM_CAPACITY_PROXY,PROXY_NOT_SAME_PERIOD_PLAN,SYNTHETIC_DAILY_CALIBRATED_TO_PUBLIC_ANNUAL_REFERENCE
PROD-0002440,2009-12-05,Dongri Buzurg,Maharashtra,Bhandara,21.546128,79.686722,964.93,764.16,2.35,67,0.0,HISTORICAL_ROM_CAPACITY_PROXY,PROXY_NOT_SAME_PERIOD_PLAN,SYNTHETIC_DAILY_CALIBRATED_TO_PUBLIC_ANNUAL_REFERENCE
PROD-0002441,2009-12-06,Dongri Buzurg,Maharashtra,Bhandara,21.546128,79.686722,918.42,725.87,1.16,0,0.0,HISTORICAL_ROM_CAPACITY_PROXY,PROXY_NOT_SAME_PERIOD_PLAN,SYNTHETIC_DAILY_CALIBRATED_TO_PUBLIC_ANNUAL_REFERENCE
PROD-0002442,2009-12-07,Dongri Buzurg,Maharashtra,Bhandara,21.546128,79.686722,976.56,835.4,1.43,0,0.0,HISTORICAL_ROM_CAPACITY_PROXY,PROXY_NOT_SAME_PERIOD_PLAN,SYNTHETIC_DAILY_CALIBRATED_TO_PUBLIC_ANNUAL_REFERENCE
PROD-0002443,2009-12-08,Dongri Buzurg,Maharashtra,Bhandara,21.546128,79.686722,861.99,685.07,2.76,0,0.0,HISTORICAL_ROM_CAPACITY_PROXY,PROXY_NOT_SAME_PERIOD_PLAN,SYNTHETIC_DAILY_CALIBRATED_TO_PUBLIC_ANNUAL_REFERENCE
PROD-0002444,2009-12-09,Dongri Buzurg,Maharashtra,Bhandara,21.546128,79.686722,973.92,785.08,0.72,0,0.0,HISTORICAL_ROM_CAPACITY_PROXY,PROXY_NOT_SAME_PERIOD_PLAN,SYNTHETIC_DAILY_CALIBRATED_TO_PUBLIC_ANNUAL_REFERENCE
PROD-0002445,2009-12-10,Dongri Buzurg,Maharashtra,Bhandara,21.546128,79.686722,772.72,645.8,0.0,0,0.0,HISTORICAL_ROM_CAPACITY_PROXY,PROXY_NOT_SAME_PERIOD_PLAN,SYNTHETIC_DAILY_CALIBRATED_TO_PUBLIC_ANNUAL_REFERENCE
PROD-0002446,2009-12-11,Dongri Buzurg,Maharashtra,Bhandara,21.546128,79.686722,991.99,805.29,4.15,0,0.0,HISTORICAL_ROM_CAPACITY_PROXY,PROXY_NOT_SAME_PERIOD_PLAN,SYNTHETIC_DAILY_CALIBRATED_TO_PUBLIC_ANNUAL_REFERENCE
PROD-0002447,2009-12-12,Dongri Buzurg,Maharashtra,Bhandara,21.546128,79.686722,986.4,762.0,1.3,83,0.0,HISTORICAL_ROM_CAPACITY_PROXY,PROXY_NOT_SAME_PERIOD_PLAN,SYNTHETIC_DAILY_CALIBRATED_TO_PUBLIC_ANNUAL_REFERENCE
PROD-0002448,2009-12-13,Dongri Buzurg,Maharashtra,Bhandara,21.546128,79.686722,887.65,703.82,3.34,0,0.0,HISTORICAL_ROM_CAPACITY_PROXY,PROXY_NOT_SAME_PERIOD_PLAN,SYNTHETIC_DAILY_CALIBRATED_TO_PUBLIC_ANNUAL_REFERENCE
PROD-0002449,2009-12-14,Dongri Buzurg,Maharashtra,Bhandara,21.546128,79.686722,955.45,827.76,0.0,0,0.0,HISTORICAL_ROM_CAPACITY_PROXY,PROXY_NOT_SAME_PERIOD_PLAN,SYNTHETIC_DAILY_CALIBRATED_TO_PUBLIC_ANNUAL_REFERENCE
PROD-0002450,2009-12-15,Dongri Buzurg,Maharashtra,Bhandara,21.546128,79.686722,989.84,789.59,0.02,0,1.64,HISTORICAL_ROM_CAPACITY_PROXY,PROXY_NOT_SAME_PERIOD_PLAN,SYNTHETIC_DAILY_CALIBRATED_TO_PUBLIC_ANNUAL_REFERENCE
PROD-0002451,2009-12-16,Dongri Buzurg,Maharashtra,Bhandara,21.546128,79.686722,853.58,724.19,0.0,0,0.0,HISTORICAL_ROM_CAPACITY_PROXY,PROXY_NOT_SAME_PERIOD_PLAN,SYNTHETIC_DAILY_CALIBRATED_TO_PUBLIC_ANNUAL_REFERENCE
PROD-0002452,2009-12-17,Dongri Buzurg,Maharashtra,Bhandara,21.546128,79.686722,878.13,721.68,1.75,0,0.0,HISTORICAL_ROM_CAPACITY_PROXY,PROXY_NOT_SAME_PERIOD_PLAN,SYNTHETIC_DAILY_CALIBRATED_TO_PUBLIC_ANNUAL_REFERENCE
PROD-0002453,2009-12-18,Dongri Buzurg,Maharashtra,Bhandara,21.546128,79.686722,1016.77,787.09,3.27,0,0.0,HISTORICAL_ROM_CAPACITY_PROXY,PROXY_NOT_SAME_PERIOD_PLAN,SYNTHETIC_DAILY_CALIBRATED_TO_PUBLIC_ANNUAL_REFERENCE
PROD-0002454,2009-12-19,Dongri Buzurg,Maharashtra,Bhandara,21.546128,79.686722,916.73,733.31,2.07,0,0.0,HISTORICAL_ROM_CAPACITY_PROXY,PROXY_NOT_SAME_PERIOD_PLAN,SYNTHETIC_DAILY_CALIBRATED_TO_PUBLIC_ANNUAL_REFERENCE
PROD-0002455,2009-12-20,Dongri Buzurg,Maharashtra,Bhandara,21.546128,79.686722,1046.69,847.87,0.31,0,1.48,HISTORICAL_ROM_CAPACITY_PROXY,PROXY_NOT_SAME_PERIOD_PLAN,SYNTHETIC_DAILY_CALIBRATED_TO_PUBLIC_ANNUAL_REFERENCE
PROD-0002456,2009-12-21,Dongri Buzurg,Maharashtra,Bhandara,21.546128,79.686722,996.23,794.17,2.72,0,0.0,HISTORICAL_ROM_CAPACITY_PROXY,PROXY_NOT_SAME_PERIOD_PLAN,SYNTHETIC_DAILY_CALIBRATED_TO_PUBLIC_ANNUAL_REFERENCE
PROD-0002457,2009-12-22,Dongri Buzurg,Maharashtra,Bhandara,21.546128,79.686722,903.84,762.32,0.0,0,0.0,HISTORICAL_ROM_CAPACITY_PROXY,PROXY_NOT_SAME_PERIOD_PLAN,SYNTHETIC_DAILY_CALIBRATED_TO_PUBLIC_ANNUAL_REFERENCE
PROD-0002458,2009-12-23,Dongri Buzurg,Maharashtra,Bhandara,21.546128,79.686722,1054.53,849.64,0.0,0,0.0,HISTORICAL_ROM_CAPACITY_PROXY,PROXY_NOT_SAME_PERIOD_PLAN,SYNTHETIC_DAILY_CALIBRATED_TO_PUBLIC_ANNUAL_REFERENCE
PROD-0002459,2009-12-24,Dongri Buzurg,Maharashtra,Bhandara,21.546128,79.686722,941.46,703.44,6.37,0,0.0,HISTORICAL_ROM_CAPACITY_PROXY,PROXY_NOT_SAME_PERIOD_PLAN,SYNTHETIC_DAILY_CALIBRATED_TO_PUBLIC_ANNUAL_REFERENCE
PROD-0002460,2009-12-25,Dongri Buzurg,Maharashtra,Bhandara,21.546128,79.686722,1016.43,841.78,0.0,0,0.0,HISTORICAL_ROM_CAPACITY_PROXY,PROXY_NOT_SAME_PERIOD_PLAN,SYNTHETIC_DAILY_CALIBRATED_TO_PUBLIC_ANNUAL_REFERENCE
PROD-0002461,2009-12-26,Dongri Buzurg,Maharashtra,Bhandara,21.546128,79.686722,946.56,783.81,2.75,0,3.2,HISTORICAL_ROM_CAPACITY_PROXY,PROXY_NOT_SAME_PERIOD_PLAN,SYNTHETIC_DAILY_CALIBRATED_TO_PUBLIC_ANNUAL_REFERENCE
PROD-0002462,2009-12-27,Dongri Buzurg,Maharashtra,Bhandara,21.546128,79.686722,895.27,710.06,0.96,0,0.0,HISTORICAL_ROM_CAPACITY_PROXY,PROXY_NOT_SAME_PERIOD_PLAN,SYNTHETIC_DAILY_CALIBRATED_TO_PUBLIC_ANNUAL_REFERENCE
PROD-0002463,2009-12-28,Dongri Buzurg,Maharashtra,Bhandara,21.546128,79.686722,884.13,705.56,1.78,0,0.0,HISTORICAL_ROM_CAPACITY_PROXY,PROXY_NOT_SAME_PERIOD_PLAN,SYNTHETIC_DAILY_CALIBRATED_TO_PUBLIC_ANNUAL_REFERENCE
PROD-0002464,2009-12-29,Dongri Buzurg,Maharashtra,Bhandara,21.546128,79.686722,926.42,741.17,2.4,0,0.0,HISTORICAL_ROM_CAPACITY_PROXY,PROXY_NOT_SAME_PERIOD_PLAN,SYNTHETIC_DAILY_CALIBRATED_TO_PUBLIC_ANNUAL_REFERENCE
PROD-0002465,2009-12-30,Dongri Buzurg,Maharashtra,Bhandara,21.546128,79.686722,941.22,778.07,0.26,0,0.0,HISTORICAL_ROM_CAPACITY_PROXY,PROXY_NOT_SAME_PERIOD_PLAN,SYNTHETIC_DAILY_CALIBRATED_TO_PUBLIC_ANNUAL_REFERENCE
PROD-0002466,2009-12-31,Dongri Buzurg,Maharashtra,Bhandara,21.546128,79.686722,1026.42,814.95,0.0,0,0.0,HISTORICAL_ROM_CAPACITY_PROXY,PROXY_NOT_SAME_PERIOD_PLAN,SYNTHETIC_DAILY_CALIBRATED_TO_PUBLIC_ANNUAL_REFERENCE
PROD-0002467,2010-01-01,Dongri Buzurg,Maharashtra,Bhandara,21.546128,79.686722,1062.57,882.11,0.0,0,0.0,HISTORICAL_ROM_CAPACITY_PROXY,PROXY_NOT_SAME_PERIOD_PLAN,SYNTHETIC_DAILY_CALIBRATED_TO_PUBLIC_ANNUAL_REFERENCE
PROD-0002468,2010-01-02,Dongri Buzurg,Maharashtra,Bhandara,21.546128,79.686722,838.09,668.85,0.0,0,0.0,HISTORICAL_ROM_CAPACITY_PROXY,PROXY_NOT_SAME_PERIOD_PLAN,SYNTHETIC_DAILY_CALIBRATED_TO_PUBLIC_ANNUAL_REFERENCE
PROD-0002469,2010-01-03,Dongri Buzurg,Maharashtra,Bhandara,21.546128,79.686722,888.19,756.15,0.0,0,0.0,HISTORICAL_ROM_CAPACITY_PROXY,PROXY_NOT_SAME_PERIOD_PLAN,SYNTHETIC_DAILY_CALIBRATED_TO_PUBLIC_ANNUAL_REFERENCE
PROD-0002470,2010-01-04,Dongri Buzurg,Maharashtra,Bhandara,21.546128,79.686722,932.34,762.51,0.92,0,0.0,HISTORICAL_ROM_CAPACITY_PROXY,PROXY_NOT_SAME_PERIOD_PLAN,SYNTHETIC_DAILY_CALIBRATED_TO_PUBLIC_ANNUAL_REFERENCE
PROD-0002471,2010-01-05,Dongri Buzurg,Maharashtra,Bhandara,21.546128,79.686722,1046.15,838.21,0.53,0,0.0,HISTORICAL_ROM_CAPACITY_PROXY,PROXY_NOT_SAME_PERIOD_PLAN,SYNTHETIC_DAILY_CALIBRATED_TO_PUBLIC_ANNUAL_REFERENCE
PROD-0002472,2010-01-06,Dongri Buzurg,Maharashtra,Bhandara,21.546128,79.686722,956.64,730.96,5.96,0,8.1,HISTORICAL_ROM_CAPACITY_PROXY,PROXY_NOT_SAME_PERIOD_PLAN,SYNTHETIC_DAILY_CALIBRATED_TO_PUBLIC_ANNUAL_REFERENCE
PROD-0002473,2010-01-07,Dongri Buzurg,Maharashtra,Bhandara,21.546128,79.686722,1030.6,877.22,0.0,0,0.0,HISTORICAL_ROM_CAPACITY_PROXY,PROXY_NOT_SAME_PERIOD_PLAN,SYNTHETIC_DAILY_CALIBRATED_TO_PUBLIC_ANNUAL_REFERENCE
PROD-0002474,2010-01-08,Dongri Buzurg,Maharashtra,Bhandara,21.546128,79.686722,916.94,705.5,4.92,0,0.0,HISTORICAL_ROM_CAPACITY_PROXY,PROXY_NOT_SAME_PERIOD_PLAN,SYNTHETIC_DAILY_CALIBRATED_TO_PUBLIC_ANNUAL_REFERENCE
PROD-0002475,2010-01-09,Dongri Buzurg,Maharashtra,Bhandara,21.546128,79.686722,884.76,718.84,2.71,0,2.06,HISTORICAL_ROM_CAPACITY_PROXY,PROXY_NOT_SAME_PERIOD_PLAN,SYNTHETIC_DAILY_CALIBRATED_TO_PUBLIC_ANNUAL_REFERENCE
PROD-0002476,2010-01-10,Dongri Buzurg,Maharashtra,Bhandara,21.546128,79.686722,972.69,805.7,0.0,0,0.0,HISTORICAL_ROM_CAPACITY_PROXY,PROXY_NOT_SAME_PERIOD_PLAN,SYNTHETIC_DAILY_CALIBRATED_TO_PUBLIC_ANNUAL_REFERENCE
PROD-0002477,2010-01-11,Dongri Buzurg,Maharashtra,Bhandara,21.546128,79.686722,969.4,795.22,0.01,0,0.88,HISTORICAL_ROM_CAPACITY_PROXY,PROXY_NOT_SAME_PERIOD_PLAN,SYNTHETIC_DAILY_CALIBRATED_TO_PUBLIC_ANNUAL_REFERENCE
PROD-0002478,2010-01-12,Dongri Buzurg,Maharashtra,Bhandara,21.546128,79.686722,857.06,713.7,0.66,0,0.0,HISTORICAL_ROM_CAPACITY_PROXY,PROXY_NOT_SAME_PERIOD_PLAN,SYNTHETIC_DAILY_CALIBRATED_TO_PUBLIC_ANNUAL_REFERENCE
PROD-0002479,2010-01-13,Dongri Buzurg,Maharashtra,Bhandara,21.546128,79.686722,945.53,769.89,0.02,0,1.07,HISTORICAL_ROM_CAPACITY_PROXY,PROXY_NOT_SAME_PERIOD_PLAN,SYNTHETIC_DAILY_CALIBRATED_TO_PUBLIC_ANNUAL_REFERENCE
PROD-0002480,2010-01-14,Dongri Buzurg,Maharashtra,Bhandara,21.546128,79.686722,939.9,788.28,0.77,0,0.0,HISTORICAL_ROM_CAPACITY_PROXY,PROXY_NOT_SAME_PERIOD_PLAN,SYNTHETIC_DAILY_CALIBRATED_TO_PUBLIC_ANNUAL_REFERENCE
PROD-0002481,2010-01-15,Dongri Buzurg,Maharashtra,Bhandara,21.546128,79.686722,924.56,766.34,0.0,0,0.0,HISTORICAL_ROM_CAPACITY_PROXY,PROXY_NOT_SAME_PERIOD_PLAN,SYNTHETIC_DAILY_CALIBRATED_TO_PUBLIC_ANNUAL_REFERENCE
PROD-0002482,2010-01-16,Dongri Buzurg,Maharashtra,Bhandara,21.546128,79.686722,1068.7,854.55,1.73,0,0.0,HISTORICAL_ROM_CAPACITY_PROXY,PROXY_NOT_SAME_PERIOD_PLAN,SYNTHETIC_DAILY_CALIBRATED_TO_PUBLIC_ANNUAL_REFERENCE
PROD-0002483,2010-01-17,Dongri Buzurg,Maharashtra,Bhandara,21.546128,79.686722,963.26,767.7,3.43,0,0.0,HISTORICAL_ROM_CAPACITY_PROXY,PROXY_NOT_SAME_PERIOD_PLAN,SYNTHETIC_DAILY_CALIBRATED_TO_PUBLIC_ANNUAL_REFERENCE
PROD-0002484,2010-01-18,Dongri Buzurg,Maharashtra,Bhandara,21.546128,79.686722,923.41,695.77,5.08,0,0.0,HISTORICAL_ROM_CAPACITY_PROXY,PROXY_NOT_SAME_PERIOD_PLAN,SYNTHETIC_DAILY_CALIBRATED_TO_PUBLIC_ANNUAL_REFERENCE
PROD-0002485,2010-01-19,Dongri Buzurg,Maharashtra,Bhandara,21.546128,79.686722,958.65,776.93,2.35,0,0.0,HISTORICAL_ROM_CAPACITY_PROXY,PROXY_NOT_SAME_PERIOD_PLAN,SYNTHETIC_DAILY_CALIBRATED_TO_PUBLIC_ANNUAL_REFERENCE
PROD-0002486,2010-01-20,Dongri Buzurg,Maharashtra,Bhandara,21.546128,79.686722,985.68,777.61,0.13,0,8.84,HISTORICAL_ROM_CAPACITY_PROXY,PROXY_NOT_SAME_PERIOD_PLAN,SYNTHETIC_DAILY_CALIBRATED_TO_PUBLIC_ANNUAL_REFERENCE
PROD-0002487,2010-01-21,Dongri Buzurg,Maharashtra,Bhandara,21.546128,79.686722,951.63,747.85,0.0,0,0.0,HISTORICAL_ROM_CAPACITY_PROXY,PROXY_NOT_SAME_PERIOD_PLAN,SYNTHETIC_DAILY_CALIBRATED_TO_PUBLIC_ANNUAL_REFERENCE
PROD-0002488,2010-01-22,Dongri Buzurg,Maharashtra,Bhandara,21.546128,79.686722,930.58,760.11,0.89,18,0.0,HISTORICAL_ROM_CAPACITY_PROXY,PROXY_NOT_SAME_PERIOD_PLAN,SYNTHETIC_DAILY_CALIBRATED_TO_PUBLIC_ANNUAL_REFERENCE
PROD-0002489,2010-01-23,Dongri Buzurg,Maharashtra,Bhandara,21.546128,79.686722,906.58,714.98,3.91,0,0.0,HISTORICAL_ROM_CAPACITY_PROXY,PROXY_NOT_SAME_PERIOD_PLAN,SYNTHETIC_DAILY_CALIBRATED_TO_PUBLIC_ANNUAL_REFERENCE
PROD-0002490,2010-01-24,Dongri Buzurg,Maharashtra,Bhandara,21.546128,79.686722,1019.75,823.62,0.48,0,0.0,HISTORICAL_ROM_CAPACITY_PROXY,PROXY_NOT_SAME_PERIOD_PLAN,SYNTHETIC_DAILY_CALIBRATED_TO_PUBLIC_ANNUAL_REFERENCE
PROD-0002491,2010-01-25,Dongri Buzurg,Maharashtra,Bhandara,21.546128,79.686722,977.79,789.51,1.0,25,10.63,HISTORICAL_ROM_CAPACITY_PROXY,PROXY_NOT_SAME_PERIOD_PLAN,SYNTHETIC_DAILY_CALIBRATED_TO_PUBLIC_ANNUAL_REFERENCE
PROD-0002492,2010-01-26,Dongri Buzurg,Maharashtra,Bhandara,21.546128,79.686722,937.45,779.57,1.99,0,0.0,HISTORICAL_ROM_CAPACITY_PROXY,PROXY_NOT_SAME_PERIOD_PLAN,SYNTHETIC_DAILY_CALIBRATED_TO_PUBLIC_ANNUAL_REFERENCE
PROD-0002493,2010-01-27,Dongri Buzurg,Maharashtra,Bhandara,21.546128,79.686722,1087.56,868.07,0.0,0,0.0,HISTORICAL_ROM_CAPACITY_PROXY,PROXY_NOT_SAME_PERIOD_PLAN,SYNTHETIC_DAILY_CALIBRATED_TO_PUBLIC_ANNUAL_REFERENCE
PROD-0002494,2010-01-28,Dongri Buzurg,Maharashtra,Bhandara,21.546128,79.686722,996.8,764.29,3.96,0,0.0,HISTORICAL_ROM_CAPACITY_PROXY,PROXY_NOT_SAME_PERIOD_PLAN,SYNTHETIC_DAILY_CALIBRATED_TO_PUBLIC_ANNUAL_REFERENCE
PROD-0002495,2010-01-29,Dongri Buzurg,Maharashtra,Bhandara,21.546128,79.686722,915.9,708.38,4.02,0,0.0,HISTORICAL_ROM_CAPACITY_PROXY,PROXY_NOT_SAME_PERIOD_PLAN,SYNTHETIC_DAILY_CALIBRATED_TO_PUBLIC_ANNUAL_REFERENCE
PROD-0002496,2010-01-30,Dongri Buzurg,Maharashtra,Bhandara,21.546128,79.686722,1002.45,820.47,0.52,0,0.0,HISTORICAL_ROM_CAPACITY_PROXY,PROXY_NOT_SAME_PERIOD_PLAN,SYNTHETIC_DAILY_CALIBRATED_TO_PUBLIC_ANNUAL_REFERENCE
PROD-0002497,2010-01-31,Dongri Buzurg,Maharashtra,Bhandara,21.546128,79.686722,997.42,855.77,0.0,40,0.0,HISTORICAL_ROM_CAPACITY_PROXY,PROXY_NOT_SAME_PERIOD_PLAN,SYNTHETIC_DAILY_CALIBRATED_TO_PUBLIC_ANNUAL_REFERENCE
PROD-0002498,2010-02-01,Dongri Buzurg,Maharashtra,Bhandara,21.546128,79.686722,966.59,860.08,0.0,0,0.0,HISTORICAL_ROM_CAPACITY_PROXY,PROXY_NOT_SAME_PERIOD_PLAN,SYNTHETIC_DAILY_CALIBRATED_TO_PUBLIC_ANNUAL_REFERENCE
PROD-0002499,2010-02-02,Dongri Buzurg,Maharashtra,Bhandara,21.546128,79.686722,929.01,759.23,2.59,0,0.0,HISTORICAL_ROM_CAPACITY_PROXY,PROXY_NOT_SAME_PERIOD_PLAN,SYNTHETIC_DAILY_CALIBRATED_TO_PUBLIC_ANNUAL_REFERENCE
PROD-0002500,2010-02-03,Dongri Buzurg,Maharashtra,Bhandara,21.546128,79.686722,980.13,787.1,2.1,0,0.0,HISTORICAL_ROM_CAPACITY_PROXY,PROXY_NOT_SAME_PERIOD_PLAN,SYNTHETIC_DAILY_CALIBRATED_TO_PUBLIC_ANNUAL_REFERENCE
PROD-0002501,2010-02-04,Dongri Buzurg,Maharashtra,Bhandara,21.546128,79.686722,1011.3,806.6,1.77,0,3.13,HISTORICAL_ROM_CAPACITY_PROXY,PROXY_NOT_SAME_PERIOD_PLAN,SYNTHETIC_DAILY_CALIBRATED_TO_PUBLIC_ANNUAL_REFERENCE
PROD-0002502,2010-02-05,Dongri Buzurg,Maharashtra,Bhandara,21.546128,79.686722,927.16,753.18,1.36,0,0.0,HISTORICAL_ROM_CAPACITY_PROXY,PROXY_NOT_SAME_PERIOD_PLAN,SYNTHETIC_DAILY_CALIBRATED_TO_PUBLIC_ANNUAL_REFERENCE
PROD-0002503,2010-02-06,Dongri Buzurg,Maharashtra,Bhandara,21.546128,79.686722,962.3,822.55,0.55,0,0.0,HISTORICAL_ROM_CAPACITY_PROXY,PROXY_NOT_SAME_PERIOD_PLAN,SYNTHETIC_DAILY_CALIBRATED_TO_PUBLIC_ANNUAL_REFERENCE
PROD-0002504,2010-02-07,Dongri Buzurg,Maharashtra,Bhandara,21.546128,79.686722,952.15,796.59,0.0,0,0.0,HISTORICAL_ROM_CAPACITY_PROXY,PROXY_NOT_SAME_PERIOD_PLAN,SYNTHETIC_DAILY_CALIBRATED_TO_PUBLIC_ANNUAL_REFERENCE
PROD-0002505,2010-02-08,Dongri Buzurg,Maharashtra,Bhandara,21.546128,79.686722,891.03,714.84,4.52,0,0.0,HISTORICAL_ROM_CAPACITY_PROXY,PROXY_NOT_SAME_PERIOD_PLAN,SYNTHETIC_DAILY_CALIBRATED_TO_PUBLIC_ANNUAL_REFERENCE
PROD-0002506,2010-02-09,Dongri Buzurg,Maharashtra,Bhandara,21.546128,79.686722,927.26,761.1,1.22,0,0.0,HISTORICAL_ROM_CAPACITY_PROXY,PROXY_NOT_SAME_PERIOD_PLAN,SYNTHETIC_DAILY_CALIBRATED_TO_PUBLIC_ANNUAL_REFERENCE
PROD-0002507,2010-02-10,Dongri Buzurg,Maharashtra,Bhandara,21.546128,79.686722,1036.67,792.07,3.98,0,0.0,HISTORICAL_ROM_CAPACITY_PROXY,PROXY_NOT_SAME_PERIOD_PLAN,SYNTHETIC_DAILY_CALIBRATED_TO_PUBLIC_ANNUAL_REFERENCE
PROD-0002508,2010-02-11,Dongri Buzurg,Maharashtra,Bhandara,21.546128,79.686722,1101.44,889.54,1.73,0,0.0,HISTORICAL_ROM_CAPACITY_PROXY,PROXY_NOT_SAME_PERIOD_PLAN,SYNTHETIC_DAILY_CALIBRATED_TO_PUBLIC_ANNUAL_REFERENCE
PROD-0002509,2010-02-12,Dongri Buzurg,Maharashtra,Bhandara,21.546128,79.686722,979.38,762.7,3.83,0,0.0,HISTORICAL_ROM_CAPACITY_PROXY,PROXY_NOT_SAME_PERIOD_PLAN,SYNTHETIC_DAILY_CALIBRATED_TO_PUBLIC_ANNUAL_REFERENCE
PROD-0002510,2010-02-13,Dongri Buzurg,Maharashtra,Bhandara,21.546128,79.686722,998.53,825.2,0.21,0,0.0,HISTORICAL_ROM_CAPACITY_PROXY,PROXY_NOT_SAME_PERIOD_PLAN,SYNTHETIC_DAILY_CALIBRATED_TO_PUBLIC_ANNUAL_REFERENCE
PROD-0002511,2010-02-14,Dongri Buzurg,Maharashtra,Bhandara,21.546128,79.686722,920.67,743.67,2.67,0,0.0,HISTORICAL_ROM_CAPACITY_PROXY,PROXY_NOT_SAME_PERIOD_PLAN,SYNTHETIC_DAILY_CALIBRATED_TO_PUBLIC_ANNUAL_REFERENCE
PROD-0002512,2010-02-15,Dongri Buzurg,Maharashtra,Bhandara,21.546128,79.686722,1012.12,792.77,0.59,0,2.57,HISTORICAL_ROM_CAPACITY_PROXY,PROXY_NOT_SAME_PERIOD_PLAN,SYNTHETIC_DAILY_CALIBRATED_TO_PUBLIC_ANNUAL_REFERENCE
PROD-0002513,2010-02-16,Dongri Buzurg,Maharashtra,Bhandara,21.546128,79.686722,885.85,732.87,0.0,0,0.0,HISTORICAL_ROM_CAPACITY_PROXY,PROXY_NOT_SAME_PERIOD_PLAN,SYNTHETIC_DAILY_CALIBRATED_TO_PUBLIC_ANNUAL_REFERENCE
PROD-0002514,2010-02-17,Dongri Buzurg,Maharashtra,Bhandara,21.546128,79.686722,961.71,762.62,2.62,0,0.0,HISTORICAL_ROM_CAPACITY_PROXY,PROXY_NOT_SAME_PERIOD_PLAN,SYNTHETIC_DAILY_CALIBRATED_TO_PUBLIC_ANNUAL_REFERENCE
PROD-0002515,2010-02-18,Dongri Buzurg,Maharashtra,Bhandara,21.546128,79.686722,974.07,796.72,2.52,0,0.0,HISTORICAL_ROM_CAPACITY_PROXY,PROXY_NOT_SAME_PERIOD_PLAN,SYNTHETIC_DAILY_CALIBRATED_TO_PUBLIC_ANNUAL_REFERENCE
PROD-0002516,2010-02-19,Dongri Buzurg,Maharashtra,Bhandara,21.546128,79.686722,1026.84,807.29,2.59,0,0.0,HISTORICAL_ROM_CAPACITY_PROXY,PROXY_NOT_SAME_PERIOD_PLAN,SYNTHETIC_DAILY_CALIBRATED_TO_PUBLIC_ANNUAL_REFERENCE
PROD-0002517,2010-02-20,Dongri Buzurg,Maharashtra,Bhandara,21.546128,79.686722,1005.88,856.99,1.11,0,0.0,HISTORICAL_ROM_CAPACITY_PROXY,PROXY_NOT_SAME_PERIOD_PLAN,SYNTHETIC_DAILY_CALIBRATED_TO_PUBLIC_ANNUAL_REFERENCE
PROD-0002518,2010-02-21,Dongri Buzurg,Maharashtra,Bhandara,21.546128,79.686722,1020.26,855.86,0.0,0,0.0,HISTORICAL_ROM_CAPACITY_PROXY,PROXY_NOT_SAME_PERIOD_PLAN,SYNTHETIC_DAILY_CALIBRATED_TO_PUBLIC_ANNUAL_REFERENCE
PROD-0002519,2010-02-22,Dongri Buzurg,Maharashtra,Bhandara,21.546128,79.686722,944.35,772.47,0.0,0,0.0,HISTORICAL_ROM_CAPACITY_PROXY,PROXY_NOT_SAME_PERIOD_PLAN,SYNTHETIC_DAILY_CALIBRATED_TO_PUBLIC_ANNUAL_REFERENCE
PROD-0002520,2010-02-23,Dongri Buzurg,Maharashtra,Bhandara,21.546128,79.686722,955.17,784.01,3.12,0,0.0,HISTORICAL_ROM_CAPACITY_PROXY,PROXY_NOT_SAME_PERIOD_PLAN,SYNTHETIC_DAILY_CALIBRATED_TO_PUBLIC_ANNUAL_REFERENCE
PROD-0002521,2010-02-24,Dongri Buzurg,Maharashtra,Bhandara,21.546128,79.686722,1043.24,841.2,0.62,0,0.0,HISTORICAL_ROM_CAPACITY_PROXY,PROXY_NOT_SAME_PERIOD_PLAN,SYNTHETIC_DAILY_CALIBRATED_TO_PUBLIC_ANNUAL_REFERENCE
PROD-0002522,2010-02-25,Dongri Buzurg,Maharashtra,Bhandara,21.546128,79.686722,834.86,652.88,3.76,0,0.0,HISTORICAL_ROM_CAPACITY_PROXY,PROXY_NOT_SAME_PERIOD_PLAN,SYNTHETIC_DAILY_CALIBRATED_TO_PUBLIC_ANNUAL_REFERENCE
PROD-0002523,2010-02-26,Dongri Buzurg,Maharashtra,Bhandara,21.546128,79.686722,918.7,750.61,1.55,0,0.0,HISTORICAL_ROM_CAPACITY_PROXY,PROXY_NOT_SAME_PERIOD_PLAN,SYNTHETIC_DAILY_CALIBRATED_TO_PUBLIC_ANNUAL_REFERENCE
PROD-0002524,2010-02-27,Dongri Buzurg,Maharashtra,Bhandara,21.546128,79.686722,885.67,710.77,0.0,0,0.0,HISTORICAL_ROM_CAPACITY_PROXY,PROXY_NOT_SAME_PERIOD_PLAN,SYNTHETIC_DAILY_CALIBRATED_TO_PUBLIC_ANNUAL_REFERENCE
PROD-0002525,2010-02-28,Dongri Buzurg,Maharashtra,Bhandara,21.546128,79.686722,967.93,777.75,0.0,0,0.0,HISTORICAL_ROM_CAPACITY_PROXY,PROXY_NOT_SAME_PERIOD_PLAN,SYNTHETIC_DAILY_CALIBRATED_TO_PUBLIC_ANNUAL_REFERENCE
PROD-0002526,2010-03-01,Dongri Buzurg,Maharashtra,Bhandara,21.546128,79.686722,995.71,818.8,2.19,0,0.0,HISTORICAL_ROM_CAPACITY_PROXY,PROXY_NOT_SAME_PERIOD_PLAN,SYNTHETIC_DAILY_CALIBRATED_TO_PUBLIC_ANNUAL_REFERENCE
PROD-0002527,2010-03-02,Dongri Buzurg,Maharashtra,Bhandara,21.546128,79.686722,1076.94,861.13,3.29,28,0.0,HISTORICAL_ROM_CAPACITY_PROXY,PROXY_NOT_SAME_PERIOD_PLAN,SYNTHETIC_DAILY_CALIBRATED_TO_PUBLIC_ANNUAL_REFERENCE
PROD-0002528,2010-03-03,Dongri Buzurg,Maharashtra,Bhandara,21.546128,79.686722,788.88,646.57,1.54,0,0.0,HISTORICAL_ROM_CAPACITY_PROXY,PROXY_NOT_SAME_PERIOD_PLAN,SYNTHETIC_DAILY_CALIBRATED_TO_PUBLIC_ANNUAL_REFERENCE
PROD-0002529,2010-03-04,Dongri Buzurg,Maharashtra,Bhandara,21.546128,79.686722,1045.24,832.29,1.78,0,0.0,HISTORICAL_ROM_CAPACITY_PROXY,PROXY_NOT_SAME_PERIOD_PLAN,SYNTHETIC_DAILY_CALIBRATED_TO_PUBLIC_ANNUAL_REFERENCE
PROD-0002530,2010-03-05,Dongri Buzurg,Maharashtra,Bhandara,21.546128,79.686722,932.84,732.67,1.49,0,0.0,HISTORICAL_ROM_CAPACITY_PROXY,PROXY_NOT_SAME_PERIOD_PLAN,SYNTHETIC_DAILY_CALIBRATED_TO_PUBLIC_ANNUAL_REFERENCE
PROD-0002531,2010-03-06,Dongri Buzurg,Maharashtra,Bhandara,21.546128,79.686722,894.03,695.02,1.45,0,0.0,HISTORICAL_ROM_CAPACITY_PROXY,PROXY_NOT_SAME_PERIOD_PLAN,SYNTHETIC_DAILY_CALIBRATED_TO_PUBLIC_ANNUAL_REFERENCE
PROD-0002532,2010-03-07,Dongri Buzurg,Maharashtra,Bhandara,21.546128,79.686722,1000.46,757.33,5.03,0,0.0,HISTORICAL_ROM_CAPACITY_PROXY,PROXY_NOT_SAME_PERIOD_PLAN,SYNTHETIC_DAILY_CALIBRATED_TO_PUBLIC_ANNUAL_REFERENCE
PROD-0002533,2010-03-08,Dongri Buzurg,Maharashtra,Bhandara,21.546128,79.686722,1061.03,814.77,2.1,0,20.4,HISTORICAL_ROM_CAPACITY_PROXY,PROXY_NOT_SAME_PERIOD_PLAN,SYNTHETIC_DAILY_CALIBRATED_TO_PUBLIC_ANNUAL_REFERENCE
PROD-0002534,2010-03-09,Dongri Buzurg,Maharashtra,Bhandara,21.546128,79.686722,997.45,810.16,4.25,0,0.0,HISTORICAL_ROM_CAPACITY_PROXY,PROXY_NOT_SAME_PERIOD_PLAN,SYNTHETIC_DAILY_CALIBRATED_TO_PUBLIC_ANNUAL_REFERENCE
PROD-0002535,2010-03-10,Dongri Buzurg,Maharashtra,Bhandara,21.546128,79.686722,933.53,705.53,3.8,0,0.0,HISTORICAL_ROM_CAPACITY_PROXY,PROXY_NOT_SAME_PERIOD_PLAN,SYNTHETIC_DAILY_CALIBRATED_TO_PUBLIC_ANNUAL_REFERENCE
PROD-0002536,2010-03-11,Dongri Buzurg,Maharashtra,Bhandara,21.546128,79.686722,847.5,667.95,0.67,13,0.0,HISTORICAL_ROM_CAPACITY_PROXY,PROXY_NOT_SAME_PERIOD_PLAN,SYNTHETIC_DAILY_CALIBRATED_TO_PUBLIC_ANNUAL_REFERENCE
PROD-0002537,2010-03-12,Dongri Buzurg,Maharashtra,Bhandara,21.546128,79.686722,882.12,690.84,2.21,0,0.0,HISTORICAL_ROM_CAPACITY_PROXY,PROXY_NOT_SAME_PERIOD_PLAN,SYNTHETIC_DAILY_CALIBRATED_TO_PUBLIC_ANNUAL_REFERENCE
PROD-0002538,2010-03-13,Dongri Buzurg,Maharashtra,Bhandara,21.546128,79.686722,948.43,763.11,1.17,0,0.0,HISTORICAL_ROM_CAPACITY_PROXY,PROXY_NOT_SAME_PERIOD_PLAN,SYNTHETIC_DAILY_CALIBRATED_TO_PUBLIC_ANNUAL_REFERENCE
PROD-0002539,2010-03-14,Dongri Buzurg,Maharashtra,Bhandara,21.546128,79.686722,932.84,780.67,0.3,0,5.66,HISTORICAL_ROM_CAPACITY_PROXY,PROXY_NOT_SAME_PERIOD_PLAN,SYNTHETIC_DAILY_CALIBRATED_TO_PUBLIC_ANNUAL_REFERENCE
PROD-0002540,2010-03-15,Dongri Buzurg,Maharashtra,Bhandara,21.546128,79.686722,990.28,802.99,0.0,0,0.0,HISTORICAL_ROM_CAPACITY_PROXY,PROXY_NOT_SAME_PERIOD_PLAN,SYNTHETIC_DAILY_CALIBRATED_TO_PUBLIC_ANNUAL_REFERENCE
PROD-0002541,2010-03-16,Dongri Buzurg,Maharashtra,Bhandara,21.546128,79.686722,1041.11,862.27,0.0,0,0.0,HISTORICAL_ROM_CAPACITY_PROXY,PROXY_NOT_SAME_PERIOD_PLAN,SYNTHETIC_DAILY_CALIBRATED_TO_PUBLIC_ANNUAL_REFERENCE
PROD-0002542,2010-03-17,Dongri Buzurg,Maharashtra,Bhandara,21.546128,79.686722,998.29,818.54,0.0,0,0.0,HISTORICAL_ROM_CAPACITY_PROXY,PROXY_NOT_SAME_PERIOD_PLAN,SYNTHETIC_DAILY_CALIBRATED_TO_PUBLIC_ANNUAL_REFERENCE
PROD-0002543,2010-03-18,Dongri Buzurg,Maharashtra,Bhandara,21.546128,79.686722,900.25,739.28,0.0,0,0.0,HISTORICAL_ROM_CAPACITY_PROXY,PROXY_NOT_SAME_PERIOD_PLAN,SYNTHETIC_DAILY_CALIBRATED_TO_PUBLIC_ANNUAL_REFERENCE
PROD-0002544,2010-03-19,Dongri Buzurg,Maharashtra,Bhandara,21.546128,79.686722,881.59,707.3,2.15,50,0.0,HISTORICAL_ROM_CAPACITY_PROXY,PROXY_NOT_SAME_PERIOD_PLAN,SYNTHETIC_DAILY_CALIBRATED_TO_PUBLIC_ANNUAL_REFERENCE
PROD-0002545,2010-03-20,Dongri Buzurg,Maharashtra,Bhandara,21.546128,79.686722,901.17,755.41,0.0,0,0.0,HISTORICAL_ROM_CAPACITY_PROXY,PROXY_NOT_SAME_PERIOD_PLAN,SYNTHETIC_DAILY_CALIBRATED_TO_PUBLIC_ANNUAL_REFERENCE
PROD-0002546,2010-03-21,Dongri Buzurg,Maharashtra,Bhandara,21.546128,79.686722,991.38,762.13,2.36,0,0.0,HISTORICAL_ROM_CAPACITY_PROXY,PROXY_NOT_SAME_PERIOD_PLAN,SYNTHETIC_DAILY_CALIBRATED_TO_PUBLIC_ANNUAL_REFERENCE
PROD-0002547,2010-03-22,Dongri Buzurg,Maharashtra,Bhandara,21.546128,79.686722,915.2,729.4,0.76,0,27.13,HISTORICAL_ROM_CAPACITY_PROXY,PROXY_NOT_SAME_PERIOD_PLAN,SYNTHETIC_DAILY_CALIBRATED_TO_PUBLIC_ANNUAL_REFERENCE
PROD-0002548,2010-03-23,Dongri Buzurg,Maharashtra,Bhandara,21.546128,79.686722,819.21,665.07,0.0,0,0.0,HISTORICAL_ROM_CAPACITY_PROXY,PROXY_NOT_SAME_PERIOD_PLAN,SYNTHETIC_DAILY_CALIBRATED_TO_PUBLIC_ANNUAL_REFERENCE
PROD-0002549,2010-03-24,Dongri Buzurg,Maharashtra,Bhandara,21.546128,79.686722,1085.55,902.12,0.0,0,0.0,HISTORICAL_ROM_CAPACITY_PROXY,PROXY_NOT_SAME_PERIOD_PLAN,SYNTHETIC_DAILY_CALIBRATED_TO_PUBLIC_ANNUAL_REFERENCE
PROD-0002550,2010-03-25,Dongri Buzurg,Maharashtra,Bhandara,21.546128,79.686722,968.65,760.86,1.98,0,0.0,HISTORICAL_ROM_CAPACITY_PROXY,PROXY_NOT_SAME_PERIOD_PLAN,SYNTHETIC_DAILY_CALIBRATED_TO_PUBLIC_ANNUAL_REFERENCE
PROD-0002551,2010-03-26,Dongri Buzurg,Maharashtra,Bhandara,21.546128,79.686722,1025.5,840.35,1.17,0,0.0,HISTORICAL_ROM_CAPACITY_PROXY,PROXY_NOT_SAME_PERIOD_PLAN,SYNTHETIC_DAILY_CALIBRATED_TO_PUBLIC_ANNUAL_REFERENCE
PROD-0002552,2010-03-27,Dongri Buzurg,Maharashtra,Bhandara,21.546128,79.686722,843.04,693.22,0.66,0,0.0,HISTORICAL_ROM_CAPACITY_PROXY,PROXY_NOT_SAME_PERIOD_PLAN,SYNTHETIC_DAILY_CALIBRATED_TO_PUBLIC_ANNUAL_REFERENCE
PROD-0002553,2010-03-28,Dongri Buzurg,Maharashtra,Bhandara,21.546128,79.686722,949.38,791.42,0.0,0,0.0,HISTORICAL_ROM_CAPACITY_PROXY,PROXY_NOT_SAME_PERIOD_PLAN,SYNTHETIC_DAILY_CALIBRATED_TO_PUBLIC_ANNUAL_REFERENCE
PROD-0002554,2010-03-29,Dongri Buzurg,Maharashtra,Bhandara,21.546128,79.686722,1030.31,777.45,4.81,0,0.0,HISTORICAL_ROM_CAPACITY_PROXY,PROXY_NOT_SAME_PERIOD_PLAN,SYNTHETIC_DAILY_CALIBRATED_TO_PUBLIC_ANNUAL_REFERENCE
PROD-0002555,2010-03-30,Dongri Buzurg,Maharashtra,Bhandara,21.546128,79.686722,966.24,798.5,3.39,0,0.0,HISTORICAL_ROM_CAPACITY_PROXY,PROXY_NOT_SAME_PERIOD_PLAN,SYNTHETIC_DAILY_CALIBRATED_TO_PUBLIC_ANNUAL_REFERENCE
PROD-0002556,2010-03-31,Dongri Buzurg,Maharashtra,Bhandara,21.546128,79.686722,814.14,687.52,0.0,0,0.0,HISTORICAL_ROM_CAPACITY_PROXY,PROXY_NOT_SAME_PERIOD_PLAN,SYNTHETIC_DAILY_CALIBRATED_TO_PUBLIC_ANNUAL_REFERENCE
